Godot Engine v4.5.1.stable.official.f62fdbde1 - https://godotengine.org

[   0% ] [90m[1mfirst_scan_filesystem[22m | Started 项目初始化 (5 steps)[39m[0m
[   0% ] [90m[1mfirst_scan_filesystem[22m | 正在扫描文件结构……[39m[0m
[  16% ] [90m[1mfirst_scan_filesystem[22m | 正在加载全局类名……[39m[0m
[  33% ] [90m[1mfirst_scan_filesystem[22m | 正在校验 GDExtension……[39m[0m
[  50% ] [90m[1mfirst_scan_filesystem[22m | 正在创建自动加载脚本……[39m[0m
[  66% ] [90m[1mfirst_scan_filesystem[22m | 正在初始化插件……[39m[0m
[  83% ] [90m[1mfirst_scan_filesystem[22m | 正在启动文件扫描……[39m[0m
[92m[ DONE ][39m [1mfirst_scan_filesystem[22m
[0m
[   0% ] [90m[1msavepack[22m | Started 打包中 (102 steps)[39m[0m
[   1% ] [90m[1msavepack[22m | 保存文件：res://.godot/imported/airship.glb-aa95d3ba35a9c071b8af008dcc2837fa.scn[39m[0m
[   1% ] [90m[1msavepack[22m | 保存文件：res://assets/airship.glb.import[39m[0m
[   1% ] [90m[1msavepack[22m | 保存文件：res://assets/collision/Ground_-1_-1.res[39m[0m
[   1% ] [90m[1msavepack[22m | 保存文件：res://assets/collision/Ground_-1_-10.res[39m[0m
[   1% ] [90m[1msavepack[22m | 保存文件：res://assets/collision/Ground_-1_-2.res[39m[0m
[   1% ] [90m[1msavepack[22m | 保存文件：res://assets/collision/Ground_-1_-3.res[39m[0m
[   1% ] [90m[1msavepack[22m | 保存文件：res://assets/collision/Ground_-1_-4.res[39m[0m
[   1% ] [90m[1msavepack[22m | 保存文件：res://assets/collision/Ground_-1_-5.res[39m[0m
[   1% ] [90m[1msavepack[22m | 保存文件：res://assets/collision/Ground_-1_-6.res[39m[0m
[   1% ] [90m[1msavepack[22m | 保存文件：res://assets/collision/Ground_-1_-7.res[39m[0m
[   1% ] [90m[1msavepack[22m | 保存文件：res://assets/collision/Ground_-1_-8.res[39m[0m
[   1% ] [90m[1msavepack[22m | 保存文件：res://assets/collision/Ground_-1_-9.res[39m[0m
[   1% ] [90m[1msavepack[22m | 保存文件：res://assets/collision/Ground_-1_0.res[39m[0m
[   1% ] [90m[1msavepack[22m | 保存文件：res://assets/collision/Ground_-1_1.res[39m[0m
[   1% ] [90m[1msavepack[22m | 保存文件：res://assets/collision/Ground_-1_2.res[39m[0m
[   1% ] [90m[1msavepack[22m | 保存文件：res://assets/collision/Ground_-1_3.res[39m[0m
[   1% ] [90m[1msavepack[22m | 保存文件：res://assets/collision/Ground_-1_4.res[39m[0m
[   2% ] [90m[1msavepack[22m | 保存文件：res://assets/collision/Ground_-1_5.res[39m[0m
[   2% ] [90m[1msavepack[22m | 保存文件：res://assets/collision/Ground_-2_-1.res[39m[0m
[   2% ] [90m[1msavepack[22m | 保存文件：res://assets/collision/Ground_-2_-10.res[39m[0m
[   2% ] [90m[1msavepack[22m | 保存文件：res://assets/collision/Ground_-2_-2.res[39m[0m
[   2% ] [90m[1msavepack[22m | 保存文件：res://assets/collision/Ground_-2_-3.res[39m[0m
[   2% ] [90m[1msavepack[22m | 保存文件：res://assets/collision/Ground_-2_-4.res[39m[0m
[   2% ] [90m[1msavepack[22m | 保存文件：res://assets/collision/Ground_-2_-5.res[39m[0m
[   2% ] [90m[1msavepack[22m | 保存文件：res://assets/collision/Ground_-2_-6.res[39m[0m
[   2% ] [90m[1msavepack[22m | 保存文件：res://assets/collision/Ground_-2_-7.res[39m[0m
[   2% ] [90m[1msavepack[22m | 保存文件：res://assets/collision/Ground_-2_-8.res[39m[0m
[   2% ] [90m[1msavepack[22m | 保存文件：res://assets/collision/Ground_-2_-9.res[39m[0m
[   2% ] [90m[1msavepack[22m | 保存文件：res://assets/collision/Ground_-2_0.res[39m[0m
[   2% ] [90m[1msavepack[22m | 保存文件：res://assets/collision/Ground_-2_1.res[39m[0m
[   2% ] [90m[1msavepack[22m | 保存文件：res://assets/collision/Ground_-2_2.res[39m[0m
[   2% ] [90m[1msavepack[22m | 保存文件：res://assets/collision/Ground_-2_3.res[39m[0m
[   3% ] [90m[1msavepack[22m | 保存文件：res://assets/collision/Ground_-2_4.res[39m[0m
[   3% ] [90m[1msavepack[22m | 保存文件：res://assets/collision/Ground_-2_5.res[39m[0m
[   3% ] [90m[1msavepack[22m | 保存文件：res://assets/collision/Ground_-3_-1.res[39m[0m
[   3% ] [90m[1msavepack[22m | 保存文件：res://assets/collision/Ground_-3_-10.res[39m[0m
[   3% ] [90m[1msavepack[22m | 保存文件：res://assets/collision/Ground_-3_-2.res[39m[0m
[   3% ] [90m[1msavepack[22m | 保存文件：res://assets/collision/Ground_-3_-3.res[39m[0m
[   3% ] [90m[1msavepack[22m | 保存文件：res://assets/collision/Ground_-3_-4.res[39m[0m
[   3% ] [90m[1msavepack[22m | 保存文件：res://assets/collision/Ground_-3_-5.res[39m[0m
[   3% ] [90m[1msavepack[22m | 保存文件：res://assets/collision/Ground_-3_-6.res[39m[0m
[   3% ] [90m[1msavepack[22m | 保存文件：res://assets/collision/Ground_-3_-7.res[39m[0m
[   3% ] [90m[1msavepack[22m | 保存文件：res://assets/collision/Ground_-3_-8.res[39m[0m
[   3% ] [90m[1msavepack[22m | 保存文件：res://assets/collision/Ground_-3_-9.res[39m[0m
[   3% ] [90m[1msavepack[22m | 保存文件：res://assets/collision/Ground_-3_0.res[39m[0m
[   3% ] [90m[1msavepack[22m | 保存文件：res://assets/collision/Ground_-3_1.res[39m[0m
[   3% ] [90m[1msavepack[22m | 保存文件：res://assets/collision/Ground_-3_2.res[39m[0m
[   3% ] [90m[1msavepack[22m | 保存文件：res://assets/collision/Ground_-3_3.res[39m[0m
[   4% ] [90m[1msavepack[22m | 保存文件：res://assets/collision/Ground_-3_4.res[39m[0m
[   4% ] [90m[1msavepack[22m | 保存文件：res://assets/collision/Ground_-3_5.res[39m[0m
[   4% ] [90m[1msavepack[22m | 保存文件：res://assets/collision/Ground_-4_-1.res[39m[0m
[   4% ] [90m[1msavepack[22m | 保存文件：res://assets/collision/Ground_-4_-10.res[39m[0m
[   4% ] [90m[1msavepack[22m | 保存文件：res://assets/collision/Ground_-4_-2.res[39m[0m
[   4% ] [90m[1msavepack[22m | 保存文件：res://assets/collision/Ground_-4_-3.res[39m[0m
[   4% ] [90m[1msavepack[22m | 保存文件：res://assets/collision/Ground_-4_-4.res[39m[0m
[   4% ] [90m[1msavepack[22m | 保存文件：res://assets/collision/Ground_-4_-5.res[39m[0m
[   4% ] [90m[1msavepack[22m | 保存文件：res://assets/collision/Ground_-4_-6.res[39m[0m
[   4% ] [90m[1msavepack[22m | 保存文件：res://assets/collision/Ground_-4_-7.res[39m[0m
[   4% ] [90m[1msavepack[22m | 保存文件：res://assets/collision/Ground_-4_-8.res[39m[0m
[   4% ] [90m[1msavepack[22m | 保存文件：res://assets/collision/Ground_-4_-9.res[39m[0m
[   4% ] [90m[1msavepack[22m | 保存文件：res://assets/collision/Ground_-4_0.res[39m[0m
[   4% ] [90m[1msavepack[22m | 保存文件：res://assets/collision/Ground_-4_1.res[39m[0m
[   4% ] [90m[1msavepack[22m | 保存文件：res://assets/collision/Ground_-4_2.res[39m[0m
[   5% ] [90m[1msavepack[22m | 保存文件：res://assets/collision/Ground_-4_3.res[39m[0m
[   5% ] [90m[1msavepack[22m | 保存文件：res://assets/collision/Ground_-4_4.res[39m[0m
[   5% ] [90m[1msavepack[22m | 保存文件：res://assets/collision/Ground_-4_5.res[39m[0m
[   5% ] [90m[1msavepack[22m | 保存文件：res://assets/collision/Ground_-5_-1.res[39m[0m
[   5% ] [90m[1msavepack[22m | 保存文件：res://assets/collision/Ground_-5_-10.res[39m[0m
[   5% ] [90m[1msavepack[22m | 保存文件：res://assets/collision/Ground_-5_-2.res[39m[0m
[   5% ] [90m[1msavepack[22m | 保存文件：res://assets/collision/Ground_-5_-3.res[39m[0m
[   5% ] [90m[1msavepack[22m | 保存文件：res://assets/collision/Ground_-5_-4.res[39m[0m
[   5% ] [90m[1msavepack[22m | 保存文件：res://assets/collision/Ground_-5_-5.res[39m[0m
[   5% ] [90m[1msavepack[22m | 保存文件：res://assets/collision/Ground_-5_-6.res[39m[0m
[   5% ] [90m[1msavepack[22m | 保存文件：res://assets/collision/Ground_-5_-7.res[39m[0m
[   5% ] [90m[1msavepack[22m | 保存文件：res://assets/collision/Ground_-5_-8.res[39m[0m
[   5% ] [90m[1msavepack[22m | 保存文件：res://assets/collision/Ground_-5_-9.res[39m[0m
[   5% ] [90m[1msavepack[22m | 保存文件：res://assets/collision/Ground_-5_0.res[39m[0m
[   5% ] [90m[1msavepack[22m | 保存文件：res://assets/collision/Ground_-5_1.res[39m[0m
[   6% ] [90m[1msavepack[22m | 保存文件：res://assets/collision/Ground_-5_2.res[39m[0m
[   6% ] [90m[1msavepack[22m | 保存文件：res://assets/collision/Ground_-5_3.res[39m[0m
[   6% ] [90m[1msavepack[22m | 保存文件：res://assets/collision/Ground_-5_4.res[39m[0m
[   6% ] [90m[1msavepack[22m | 保存文件：res://assets/collision/Ground_-5_5.res[39m[0m
[   6% ] [90m[1msavepack[22m | 保存文件：res://assets/collision/Ground_-6_-1.res[39m[0m
[   6% ] [90m[1msavepack[22m | 保存文件：res://assets/collision/Ground_-6_-10.res[39m[0m
[   6% ] [90m[1msavepack[22m | 保存文件：res://assets/collision/Ground_-6_-2.res[39m[0m
[   6% ] [90m[1msavepack[22m | 保存文件：res://assets/collision/Ground_-6_-3.res[39m[0m
[   6% ] [90m[1msavepack[22m | 保存文件：res://assets/collision/Ground_-6_-4.res[39m[0m
[   6% ] [90m[1msavepack[22m | 保存文件：res://assets/collision/Ground_-6_-5.res[39m[0m
[   6% ] [90m[1msavepack[22m | 保存文件：res://assets/collision/Ground_-6_-6.res[39m[0m
[   6% ] [90m[1msavepack[22m | 保存文件：res://assets/collision/Ground_-6_-7.res[39m[0m
[   6% ] [90m[1msavepack[22m | 保存文件：res://assets/collision/Ground_-6_-8.res[39m[0m
[   6% ] [90m[1msavepack[22m | 保存文件：res://assets/collision/Ground_-6_-9.res[39m[0m
[   6% ] [90m[1msavepack[22m | 保存文件：res://assets/collision/Ground_-6_0.res[39m[0m
[   6% ] [90m[1msavepack[22m | 保存文件：res://assets/collision/Ground_-6_1.res[39m[0m
[   7% ] [90m[1msavepack[22m | 保存文件：res://assets/collision/Ground_-6_2.res[39m[0m
[   7% ] [90m[1msavepack[22m | 保存文件：res://assets/collision/Ground_-6_3.res[39m[0m
[   7% ] [90m[1msavepack[22m | 保存文件：res://assets/collision/Ground_-6_4.res[39m[0m
[   7% ] [90m[1msavepack[22m | 保存文件：res://assets/collision/Ground_-6_5.res[39m[0m
[   7% ] [90m[1msavepack[22m | 保存文件：res://assets/collision/Ground_0_-1.res[39m[0m
[   7% ] [90m[1msavepack[22m | 保存文件：res://assets/collision/Ground_0_-10.res[39m[0m
[   7% ] [90m[1msavepack[22m | 保存文件：res://assets/collision/Ground_0_-2.res[39m[0m
[   7% ] [90m[1msavepack[22m | 保存文件：res://assets/collision/Ground_0_-3.res[39m[0m
[   7% ] [90m[1msavepack[22m | 保存文件：res://assets/collision/Ground_0_-4.res[39m[0m
[   7% ] [90m[1msavepack[22m | 保存文件：res://assets/collision/Ground_0_-5.res[39m[0m
[   7% ] [90m[1msavepack[22m | 保存文件：res://assets/collision/Ground_0_-6.res[39m[0m
[   7% ] [90m[1msavepack[22m | 保存文件：res://assets/collision/Ground_0_-7.res[39m[0m
[   7% ] [90m[1msavepack[22m | 保存文件：res://assets/collision/Ground_0_-8.res[39m[0m
[   7% ] [90m[1msavepack[22m | 保存文件：res://assets/collision/Ground_0_-9.res[39m[0m
[   7% ] [90m[1msavepack[22m | 保存文件：res://assets/collision/Ground_0_0.res[39m[0m
[   8% ] [90m[1msavepack[22m | 保存文件：res://assets/collision/Ground_0_1.res[39m[0m
[   8% ] [90m[1msavepack[22m | 保存文件：res://assets/collision/Ground_0_2.res[39m[0m
[   8% ] [90m[1msavepack[22m | 保存文件：res://assets/collision/Ground_0_3.res[39m[0m
[   8% ] [90m[1msavepack[22m | 保存文件：res://assets/collision/Ground_0_4.res[39m[0m
[   8% ] [90m[1msavepack[22m | 保存文件：res://assets/collision/Ground_0_5.res[39m[0m
[   8% ] [90m[1msavepack[22m | 保存文件：res://assets/collision/Ground_1_-1.res[39m[0m
[   8% ] [90m[1msavepack[22m | 保存文件：res://assets/collision/Ground_1_-10.res[39m[0m
[   8% ] [90m[1msavepack[22m | 保存文件：res://assets/collision/Ground_1_-2.res[39m[0m
[   8% ] [90m[1msavepack[22m | 保存文件：res://assets/collision/Ground_1_-3.res[39m[0m
[   8% ] [90m[1msavepack[22m | 保存文件：res://assets/collision/Ground_1_-4.res[39m[0m
[   8% ] [90m[1msavepack[22m | 保存文件：res://assets/collision/Ground_1_-5.res[39m[0m
[   8% ] [90m[1msavepack[22m | 保存文件：res://assets/collision/Ground_1_-6.res[39m[0m
[   8% ] [90m[1msavepack[22m | 保存文件：res://assets/collision/Ground_1_-7.res[39m[0m
[   8% ] [90m[1msavepack[22m | 保存文件：res://assets/collision/Ground_1_-8.res[39m[0m
[   8% ] [90m[1msavepack[22m | 保存文件：res://assets/collision/Ground_1_-9.res[39m[0m
[   8% ] [90m[1msavepack[22m | 保存文件：res://assets/collision/Ground_1_0.res[39m[0m
[   9% ] [90m[1msavepack[22m | 保存文件：res://assets/collision/Ground_1_1.res[39m[0m
[   9% ] [90m[1msavepack[22m | 保存文件：res://assets/collision/Ground_1_2.res[39m[0m
[   9% ] [90m[1msavepack[22m | 保存文件：res://assets/collision/Ground_1_3.res[39m[0m
[   9% ] [90m[1msavepack[22m | 保存文件：res://assets/collision/Ground_1_4.res[39m[0m
[   9% ] [90m[1msavepack[22m | 保存文件：res://assets/collision/Ground_1_5.res[39m[0m
[   9% ] [90m[1msavepack[22m | 保存文件：res://assets/collision/Ground_2_-1.res[39m[0m
[   9% ] [90m[1msavepack[22m | 保存文件：res://assets/collision/Ground_2_-10.res[39m[0m
[   9% ] [90m[1msavepack[22m | 保存文件：res://assets/collision/Ground_2_-2.res[39m[0m
[   9% ] [90m[1msavepack[22m | 保存文件：res://assets/collision/Ground_2_-3.res[39m[0m
[   9% ] [90m[1msavepack[22m | 保存文件：res://assets/collision/Ground_2_-4.res[39m[0m
[   9% ] [90m[1msavepack[22m | 保存文件：res://assets/collision/Ground_2_-5.res[39m[0m
[   9% ] [90m[1msavepack[22m | 保存文件：res://assets/collision/Ground_2_-6.res[39m[0m
[   9% ] [90m[1msavepack[22m | 保存文件：res://assets/collision/Ground_2_-7.res[39m[0m
[   9% ] [90m[1msavepack[22m | 保存文件：res://assets/collision/Ground_2_-8.res[39m[0m
[   9% ] [90m[1msavepack[22m | 保存文件：res://assets/collision/Ground_2_-9.res[39m[0m
[  10% ] [90m[1msavepack[22m | 保存文件：res://assets/collision/Ground_2_0.res[39m[0m
[  10% ] [90m[1msavepack[22m | 保存文件：res://assets/collision/Ground_2_1.res[39m[0m
[  10% ] [90m[1msavepack[22m | 保存文件：res://assets/collision/Ground_2_2.res[39m[0m
[  10% ] [90m[1msavepack[22m | 保存文件：res://assets/collision/Ground_2_3.res[39m[0m
[  10% ] [90m[1msavepack[22m | 保存文件：res://assets/collision/Ground_2_4.res[39m[0m
[  10% ] [90m[1msavepack[22m | 保存文件：res://assets/collision/Ground_2_5.res[39m[0m
[  10% ] [90m[1msavepack[22m | 保存文件：res://assets/collision/Ground_3_-1.res[39m[0m
[  10% ] [90m[1msavepack[22m | 保存文件：res://assets/collision/Ground_3_-10.res[39m[0m
[  10% ] [90m[1msavepack[22m | 保存文件：res://assets/collision/Ground_3_-2.res[39m[0m
[  10% ] [90m[1msavepack[22m | 保存文件：res://assets/collision/Ground_3_-3.res[39m[0m
[  10% ] [90m[1msavepack[22m | 保存文件：res://assets/collision/Ground_3_-4.res[39m[0m
[  10% ] [90m[1msavepack[22m | 保存文件：res://assets/collision/Ground_3_-5.res[39m[0m
[  10% ] [90m[1msavepack[22m | 保存文件：res://assets/collision/Ground_3_-6.res[39m[0m
[  10% ] [90m[1msavepack[22m | 保存文件：res://assets/collision/Ground_3_-7.res[39m[0m
[  10% ] [90m[1msavepack[22m | 保存文件：res://assets/collision/Ground_3_-8.res[39m[0m
[  11% ] [90m[1msavepack[22m | 保存文件：res://assets/collision/Ground_3_-9.res[39m[0m
[  11% ] [90m[1msavepack[22m | 保存文件：res://assets/collision/Ground_3_0.res[39m[0m
[  11% ] [90m[1msavepack[22m | 保存文件：res://assets/collision/Ground_3_1.res[39m[0m
[  11% ] [90m[1msavepack[22m | 保存文件：res://assets/collision/Ground_3_2.res[39m[0m
[  11% ] [90m[1msavepack[22m | 保存文件：res://assets/collision/Ground_3_3.res[39m[0m
[  11% ] [90m[1msavepack[22m | 保存文件：res://assets/collision/Ground_3_4.res[39m[0m
[  11% ] [90m[1msavepack[22m | 保存文件：res://assets/collision/Ground_3_5.res[39m[0m
[  11% ] [90m[1msavepack[22m | 保存文件：res://assets/collision/Ground_4_-1.res[39m[0m
[  11% ] [90m[1msavepack[22m | 保存文件：res://assets/collision/Ground_4_-10.res[39m[0m
[  11% ] [90m[1msavepack[22m | 保存文件：res://assets/collision/Ground_4_-2.res[39m[0m
[  11% ] [90m[1msavepack[22m | 保存文件：res://assets/collision/Ground_4_-3.res[39m[0m
[  11% ] [90m[1msavepack[22m | 保存文件：res://assets/collision/Ground_4_-4.res[39m[0m
[  11% ] [90m[1msavepack[22m | 保存文件：res://assets/collision/Ground_4_-5.res[39m[0m
[  11% ] [90m[1msavepack[22m | 保存文件：res://assets/collision/Ground_4_-6.res[39m[0m
[  11% ] [90m[1msavepack[22m | 保存文件：res://assets/collision/Ground_4_-7.res[39m[0m
[  11% ] [90m[1msavepack[22m | 保存文件：res://assets/collision/Ground_4_-8.res[39m[0m
[  12% ] [90m[1msavepack[22m | 保存文件：res://assets/collision/Ground_4_-9.res[39m[0m
[  12% ] [90m[1msavepack[22m | 保存文件：res://assets/collision/Ground_4_0.res[39m[0m
[  12% ] [90m[1msavepack[22m | 保存文件：res://assets/collision/Ground_4_1.res[39m[0m
[  12% ] [90m[1msavepack[22m | 保存文件：res://assets/collision/Ground_4_2.res[39m[0m
[  12% ] [90m[1msavepack[22m | 保存文件：res://assets/collision/Ground_4_3.res[39m[0m
[  12% ] [90m[1msavepack[22m | 保存文件：res://assets/collision/Ground_4_4.res[39m[0m
[  12% ] [90m[1msavepack[22m | 保存文件：res://assets/collision/Ground_4_5.res[39m[0m
[  12% ] [90m[1msavepack[22m | 保存文件：res://assets/collision/Ground_5_-1.res[39m[0m
[  12% ] [90m[1msavepack[22m | 保存文件：res://assets/collision/Ground_5_-10.res[39m[0m
[  12% ] [90m[1msavepack[22m | 保存文件：res://assets/collision/Ground_5_-2.res[39m[0m
[  12% ] [90m[1msavepack[22m | 保存文件：res://assets/collision/Ground_5_-3.res[39m[0m
[  12% ] [90m[1msavepack[22m | 保存文件：res://assets/collision/Ground_5_-4.res[39m[0m
[  12% ] [90m[1msavepack[22m | 保存文件：res://assets/collision/Ground_5_-5.res[39m[0m
[  12% ] [90m[1msavepack[22m | 保存文件：res://assets/collision/Ground_5_-6.res[39m[0m
[  12% ] [90m[1msavepack[22m | 保存文件：res://assets/collision/Ground_5_-7.res[39m[0m
[  13% ] [90m[1msavepack[22m | 保存文件：res://assets/collision/Ground_5_-8.res[39m[0m
[  13% ] [90m[1msavepack[22m | 保存文件：res://assets/collision/Ground_5_-9.res[39m[0m
[  13% ] [90m[1msavepack[22m | 保存文件：res://assets/collision/Ground_5_0.res[39m[0m
[  13% ] [90m[1msavepack[22m | 保存文件：res://assets/collision/Ground_5_1.res[39m[0m
[  13% ] [90m[1msavepack[22m | 保存文件：res://assets/collision/Ground_5_2.res[39m[0m
[  13% ] [90m[1msavepack[22m | 保存文件：res://assets/collision/Ground_5_3.res[39m[0m
[  13% ] [90m[1msavepack[22m | 保存文件：res://assets/collision/Ground_5_4.res[39m[0m
[  13% ] [90m[1msavepack[22m | 保存文件：res://assets/collision/Ground_5_5.res[39m[0m
[  13% ] [90m[1msavepack[22m | 保存文件：res://assets/collision/Ground_6_-1.res[39m[0m
[  13% ] [90m[1msavepack[22m | 保存文件：res://assets/collision/Ground_6_-10.res[39m[0m
[  13% ] [90m[1msavepack[22m | 保存文件：res://assets/collision/Ground_6_-2.res[39m[0m
[  13% ] [90m[1msavepack[22m | 保存文件：res://assets/collision/Ground_6_-3.res[39m[0m
[  13% ] [90m[1msavepack[22m | 保存文件：res://assets/collision/Ground_6_-4.res[39m[0m
[  13% ] [90m[1msavepack[22m | 保存文件：res://assets/collision/Ground_6_-5.res[39m[0m
[  13% ] [90m[1msavepack[22m | 保存文件：res://assets/collision/Ground_6_-6.res[39m[0m
[  14% ] [90m[1msavepack[22m | 保存文件：res://assets/collision/Ground_6_-7.res[39m[0m
[  14% ] [90m[1msavepack[22m | 保存文件：res://assets/collision/Ground_6_-8.res[39m[0m
[  14% ] [90m[1msavepack[22m | 保存文件：res://assets/collision/Ground_6_-9.res[39m[0m
[  14% ] [90m[1msavepack[22m | 保存文件：res://assets/collision/Ground_6_0.res[39m[0m
[  14% ] [90m[1msavepack[22m | 保存文件：res://assets/collision/Ground_6_1.res[39m[0m
[  14% ] [90m[1msavepack[22m | 保存文件：res://assets/collision/Ground_6_2.res[39m[0m
[  14% ] [90m[1msavepack[22m | 保存文件：res://assets/collision/Ground_6_3.res[39m[0m
[  14% ] [90m[1msavepack[22m | 保存文件：res://assets/collision/Ground_6_4.res[39m[0m
[  14% ] [90m[1msavepack[22m | 保存文件：res://assets/collision/Ground_6_5.res[39m[0m
[  14% ] [90m[1msavepack[22m | 保存文件：res://assets/collision/castle.res[39m[0m
[  14% ] [90m[1msavepack[22m | 保存文件：res://assets/collision/cliff_central_wall.res[39m[0m
[  14% ] [90m[1msavepack[22m | 保存文件：res://assets/collision/cliff_crown.res[39m[0m
[  14% ] [90m[1msavepack[22m | 保存文件：res://assets/collision/cliff_eastern_plateau.res[39m[0m
[  14% ] [90m[1msavepack[22m | 保存文件：res://assets/collision/cliff_front_columns.res[39m[0m
[  14% ] [90m[1msavepack[22m | 保存文件：res://assets/collision/cliff_shadow_buttress.res[39m[0m
[  14% ] [90m[1msavepack[22m | 保存文件：res://assets/collision/cliff_western_slab.res[39m[0m
[  15% ] [90m[1msavepack[22m | 保存文件：res://assets/collision/cottage.res[39m[0m
[  15% ] [90m[1msavepack[22m | 保存文件：res://assets/collision/crate.res[39m[0m
[  15% ] [90m[1msavepack[22m | 保存文件：res://assets/collision/dock.res[39m[0m
[  15% ] [90m[1msavepack[22m | 保存文件：res://assets/collision/lighthouse.res[39m[0m
[  15% ] [90m[1msavepack[22m | 保存文件：res://assets/collision/massif_blue_buttress.res[39m[0m
[  15% ] [90m[1msavepack[22m | 保存文件：res://assets/collision/massif_cirque_wall.res[39m[0m
[  15% ] [90m[1msavepack[22m | 保存文件：res://assets/collision/massif_east_foothill.res[39m[0m
[  15% ] [90m[1msavepack[22m | 保存文件：res://assets/collision/massif_east_spur.res[39m[0m
[  15% ] [90m[1msavepack[22m | 保存文件：res://assets/collision/massif_east_summit.res[39m[0m
[  15% ] [90m[1msavepack[22m | 保存文件：res://assets/collision/massif_frost_crown.res[39m[0m
[  15% ] [90m[1msavepack[22m | 保存文件：res://assets/collision/massif_needle_ridge.res[39m[0m
[  15% ] [90m[1msavepack[22m | 保存文件：res://assets/collision/massif_valley_guard.res[39m[0m
[  15% ] [90m[1msavepack[22m | 保存文件：res://assets/collision/massif_west_foothill.res[39m[0m
[  15% ] [90m[1msavepack[22m | 保存文件：res://assets/collision/massif_west_spur.res[39m[0m
[  15% ] [90m[1msavepack[22m | 保存文件：res://assets/collision/massif_west_summit.res[39m[0m
[  16% ] [90m[1msavepack[22m | 保存文件：res://assets/collision/mill.res[39m[0m
[  16% ] [90m[1msavepack[22m | 保存文件：res://assets/collision/oak.res[39m[0m
[  16% ] [90m[1msavepack[22m | 保存文件：res://assets/collision/observatory.res[39m[0m
[  16% ] [90m[1msavepack[22m | 保存文件：res://assets/collision/pine.res[39m[0m
[  16% ] [90m[1msavepack[22m | 保存文件：res://assets/collision/poplar.res[39m[0m
[  16% ] [90m[1msavepack[22m | 保存文件：res://assets/collision/rock.res[39m[0m
[  16% ] [90m[1msavepack[22m | 保存文件：res://assets/collision/ruins.res[39m[0m
[  16% ] [90m[1msavepack[22m | 保存文件：res://.godot/imported/Field_0.glb-0142e1b2a122d86c41fcb164753ba101.scn[39m[0m
[  16% ] [90m[1msavepack[22m | 保存文件：res://assets/land_details/Field_0.glb.import[39m[0m
[  16% ] [90m[1msavepack[22m | 保存文件：res://.godot/imported/Field_1.glb-1a48683000a1dd0aff52d66ab4e31780.scn[39m[0m
[  16% ] [90m[1msavepack[22m | 保存文件：res://assets/land_details/Field_1.glb.import[39m[0m
[  16% ] [90m[1msavepack[22m | 保存文件：res://.godot/imported/Field_10.glb-e4dfb90c317132dbfae10baa2d088d70.scn[39m[0m
[  16% ] [90m[1msavepack[22m | 保存文件：res://assets/land_details/Field_10.glb.import[39m[0m
[  16% ] [90m[1msavepack[22m | 保存文件：res://.godot/imported/Field_11.glb-22bde37844d92336b0fd1d1da4bb7277.scn[39m[0m
[  16% ] [90m[1msavepack[22m | 保存文件：res://assets/land_details/Field_11.glb.import[39m[0m
[  16% ] [90m[1msavepack[22m | 保存文件：res://.godot/imported/Field_2.glb-b54d809fe7b8e3e679dce85c3c68e098.scn[39m[0m
[  16% ] [90m[1msavepack[22m | 保存文件：res://assets/land_details/Field_2.glb.import[39m[0m
[  16% ] [90m[1msavepack[22m | 保存文件：res://.godot/imported/Field_3.glb-ca3f3c7c8c70bee83e9044ac32097977.scn[39m[0m
[  16% ] [90m[1msavepack[22m | 保存文件：res://assets/land_details/Field_3.glb.import[39m[0m
[  16% ] [90m[1msavepack[22m | 保存文件：res://.godot/imported/Field_4.glb-fa4c7062c58ccbf95e32690affd2bea5.scn[39m[0m
[  16% ] [90m[1msavepack[22m | 保存文件：res://assets/land_details/Field_4.glb.import[39m[0m
[  16% ] [90m[1msavepack[22m | 保存文件：res://.godot/imported/Field_5.glb-4a7e828bb8b0a838076b2c4974b946e1.scn[39m[0m
[  16% ] [90m[1msavepack[22m | 保存文件：res://assets/land_details/Field_5.glb.import[39m[0m
[  16% ] [90m[1msavepack[22m | 保存文件：res://.godot/imported/Field_6.glb-8be55e0b2d07d903e2728c9b684ab572.scn[39m[0m
[  16% ] [90m[1msavepack[22m | 保存文件：res://assets/land_details/Field_6.glb.import[39m[0m
[  17% ] [90m[1msavepack[22m | 保存文件：res://.godot/imported/Field_7.glb-45ae151f18b3b9ca72e8d249f1bb57b7.scn[39m[0m
[  17% ] [90m[1msavepack[22m | 保存文件：res://assets/land_details/Field_7.glb.import[39m[0m
[  17% ] [90m[1msavepack[22m | 保存文件：res://.godot/imported/Field_8.glb-d6634e9c390b44ef258ef6974c710789.scn[39m[0m
[  17% ] [90m[1msavepack[22m | 保存文件：res://assets/land_details/Field_8.glb.import[39m[0m
[  17% ] [90m[1msavepack[22m | 保存文件：res://.godot/imported/Field_9.glb-a7459cc829b7afa744f97bf65cac9712.scn[39m[0m
[  17% ] [90m[1msavepack[22m | 保存文件：res://assets/land_details/Field_9.glb.import[39m[0m
[  17% ] [90m[1msavepack[22m | 保存文件：res://.godot/imported/Trail_Amberfield.glb-06cceb514304adfd31b9f2c232ab9634.scn[39m[0m
[  17% ] [90m[1msavepack[22m | 保存文件：res://assets/land_details/Trail_Amberfield.glb.import[39m[0m
[  17% ] [90m[1msavepack[22m | 保存文件：res://.godot/imported/Trail_Crownreach.glb-1f9361d5386f936e415b3441c8a10bb7.scn[39m[0m
[  17% ] [90m[1msavepack[22m | 保存文件：res://assets/land_details/Trail_Crownreach.glb.import[39m[0m
[  17% ] [90m[1msavepack[22m | 保存文件：res://.godot/imported/Trail_HillHamlet.glb-d7e32866e19e20c6a91a33935b48bd62.scn[39m[0m
[  17% ] [90m[1msavepack[22m | 保存文件：res://assets/land_details/Trail_HillHamlet.glb.import[39m[0m
[  17% ] [90m[1msavepack[22m | 保存文件：res://.godot/imported/bush.glb-1587d984bb2980c95c9efb865b64ffca.scn[39m[0m
[  17% ] [90m[1msavepack[22m | 保存文件：res://assets/models/bush.glb.import[39m[0m
[  17% ] [90m[1msavepack[22m | 保存文件：res://.godot/imported/castle.glb-9bf00907677421234aff041f354cc14c.scn[39m[0m
[  17% ] [90m[1msavepack[22m | 保存文件：res://assets/models/castle.glb.import[39m[0m
[  17% ] [90m[1msavepack[22m | 保存文件：res://.godot/imported/cliff_central_wall.glb-cef7b3b503b677c516c598d06108afc7.scn[39m[0m
[  17% ] [90m[1msavepack[22m | 保存文件：res://assets/models/cliff_central_wall.glb.import[39m[0m
[  17% ] [90m[1msavepack[22m | 保存文件：res://.godot/imported/cliff_crown.glb-59b2b2d73ce23c3bb1ec9e143948e14d.scn[39m[0m
[  17% ] [90m[1msavepack[22m | 保存文件：res://assets/models/cliff_crown.glb.import[39m[0m
[  17% ] [90m[1msavepack[22m | 保存文件：res://.godot/imported/cliff_eastern_plateau.glb-ad5ae65c43687fe644db53a820b3d0b2.scn[39m[0m
[  17% ] [90m[1msavepack[22m | 保存文件：res://assets/models/cliff_eastern_plateau.glb.import[39m[0m
[  17% ] [90m[1msavepack[22m | 保存文件：res://.godot/imported/cliff_front_columns.glb-9066128b4ad18243e1f72118d1661b84.scn[39m[0m
[  17% ] [90m[1msavepack[22m | 保存文件：res://assets/models/cliff_front_columns.glb.import[39m[0m
[  17% ] [90m[1msavepack[22m | 保存文件：res://.godot/imported/cliff_shadow_buttress.glb-3b94c480b5c78ddd12294616af1e88cc.scn[39m[0m
[  17% ] [90m[1msavepack[22m | 保存文件：res://assets/models/cliff_shadow_buttress.glb.import[39m[0m
[  17% ] [90m[1msavepack[22m | 保存文件：res://.godot/imported/cliff_western_slab.glb-bc43a3a2b64abbae3e947742440c5ca6.scn[39m[0m
[  17% ] [90m[1msavepack[22m | 保存文件：res://assets/models/cliff_western_slab.glb.import[39m[0m
[  17% ] [90m[1msavepack[22m | 保存文件：res://.godot/imported/cloud.glb-03f089e8b2ad35bb2d732b68fc5d5526.scn[39m[0m
[  17% ] [90m[1msavepack[22m | 保存文件：res://assets/models/cloud.glb.import[39m[0m
[  18% ] [90m[1msavepack[22m | 保存文件：res://.godot/imported/cloud_edge.glb-030c2ab248b8cc7a17a4184938d86c6c.scn[39m[0m
[  18% ] [90m[1msavepack[22m | 保存文件：res://assets/models/cloud_edge.glb.import[39m[0m
[  18% ] [90m[1msavepack[22m | 保存文件：res://.godot/imported/cloud_low.glb-c8591b479ae9a1f59db6dbe840037f44.scn[39m[0m
[  18% ] [90m[1msavepack[22m | 保存文件：res://assets/models/cloud_low.glb.import[39m[0m
[  18% ] [90m[1msavepack[22m | 保存文件：res://.godot/imported/cloud_middle.glb-e098136eef254ac0c0cb0f22140a28c3.scn[39m[0m
[  18% ] [90m[1msavepack[22m | 保存文件：res://assets/models/cloud_middle.glb.import[39m[0m
[  18% ] [90m[1msavepack[22m | 保存文件：res://.godot/imported/cloud_primary.glb-f5e54a73596bf1bc1a3c3a5046d28fe9.scn[39m[0m
[  18% ] [90m[1msavepack[22m | 保存文件：res://assets/models/cloud_primary.glb.import[39m[0m
[  18% ] [90m[1msavepack[22m | 保存文件：res://.godot/imported/cloud_wisp.glb-7435e052eb6302facdcfb7d88974d958.scn[39m[0m
[  18% ] [90m[1msavepack[22m | 保存文件：res://assets/models/cloud_wisp.glb.import[39m[0m
[  18% ] [90m[1msavepack[22m | 保存文件：res://.godot/imported/cottage.glb-a4a867597c79f900e871b540cda48cf8.scn[39m[0m
[  18% ] [90m[1msavepack[22m | 保存文件：res://assets/models/cottage.glb.import[39m[0m
[  18% ] [90m[1msavepack[22m | 保存文件：res://.godot/imported/crate.glb-777ae592992aa36d562d41ba67f2641a.scn[39m[0m
[  18% ] [90m[1msavepack[22m | 保存文件：res://assets/models/crate.glb.import[39m[0m
[  18% ] [90m[1msavepack[22m | 保存文件：res://.godot/imported/dock.glb-d4982e743c16c8d5ace3776884bccdf3.scn[39m[0m
[  18% ] [90m[1msavepack[22m | 保存文件：res://assets/models/dock.glb.import[39m[0m
[  18% ] [90m[1msavepack[22m | 保存文件：res://.godot/imported/lighthouse.glb-c702aad87d1a0b3cc0fec262dff905fa.scn[39m[0m
[  18% ] [90m[1msavepack[22m | 保存文件：res://assets/models/lighthouse.glb.import[39m[0m
[  18% ] [90m[1msavepack[22m | 保存文件：res://.godot/imported/massif_blue_buttress.glb-37781c45c3e0cb5a0acc1b0c7f86103a.scn[39m[0m
[  18% ] [90m[1msavepack[22m | 保存文件：res://assets/models/massif_blue_buttress.glb.import[39m[0m
[  18% ] [90m[1msavepack[22m | 保存文件：res://.godot/imported/massif_cirque_wall.glb-82fc63523d001ea63987cc9862c7b180.scn[39m[0m
[  18% ] [90m[1msavepack[22m | 保存文件：res://assets/models/massif_cirque_wall.glb.import[39m[0m
[  18% ] [90m[1msavepack[22m | 保存文件：res://.godot/imported/massif_east_foothill.glb-f64875dfa2873a32bf0cdab50faf63dc.scn[39m[0m
[  18% ] [90m[1msavepack[22m | 保存文件：res://assets/models/massif_east_foothill.glb.import[39m[0m
[  18% ] [90m[1msavepack[22m | 保存文件：res://.godot/imported/massif_east_spur.glb-ff047eb6986b6fbc0ddd84066f784f1b.scn[39m[0m
[  18% ] [90m[1msavepack[22m | 保存文件：res://assets/models/massif_east_spur.glb.import[39m[0m
[  18% ] [90m[1msavepack[22m | 保存文件：res://.godot/imported/massif_east_summit.glb-5cc4c38ab44834b76bd748e0382f125c.scn[39m[0m
[  18% ] [90m[1msavepack[22m | 保存文件：res://assets/models/massif_east_summit.glb.import[39m[0m
[  18% ] [90m[1msavepack[22m | 保存文件：res://.godot/imported/massif_frost_crown.glb-6075e439e0b17eab3e1199576973325d.scn[39m[0m
[  18% ] [90m[1msavepack[22m | 保存文件：res://assets/models/massif_frost_crown.glb.import[39m[0m
[  19% ] [90m[1msavepack[22m | 保存文件：res://.godot/imported/massif_needle_ridge.glb-b602053e0af5b8313005b3b535704300.scn[39m[0m
[  19% ] [90m[1msavepack[22m | 保存文件：res://assets/models/massif_needle_ridge.glb.import[39m[0m
[  19% ] [90m[1msavepack[22m | 保存文件：res://.godot/imported/massif_valley_guard.glb-84deed57a63d066417b700b09b0401d9.scn[39m[0m
[  19% ] [90m[1msavepack[22m | 保存文件：res://assets/models/massif_valley_guard.glb.import[39m[0m
[  19% ] [90m[1msavepack[22m | 保存文件：res://.godot/imported/massif_west_foothill.glb-e3f6b5f70e56f742dddd00b73b7c669d.scn[39m[0m
[  19% ] [90m[1msavepack[22m | 保存文件：res://assets/models/massif_west_foothill.glb.import[39m[0m
[  19% ] [90m[1msavepack[22m | 保存文件：res://.godot/imported/massif_west_spur.glb-6ce713b9512272c5e309ab3a4503cf14.scn[39m[0m
[  19% ] [90m[1msavepack[22m | 保存文件：res://assets/models/massif_west_spur.glb.import[39m[0m
[  19% ] [90m[1msavepack[22m | 保存文件：res://.godot/imported/massif_west_summit.glb-4d761580ad8578950285b4da1f8dfee1.scn[39m[0m
[  19% ] [90m[1msavepack[22m | 保存文件：res://assets/models/massif_west_summit.glb.import[39m[0m
[  19% ] [90m[1msavepack[22m | 保存文件：res://.godot/imported/mill.glb-21f7ef176088e3db9c1669513b6d4ff8.scn[39m[0m
[  19% ] [90m[1msavepack[22m | 保存文件：res://assets/models/mill.glb.import[39m[0m
[  19% ] [90m[1msavepack[22m | 保存文件：res://.godot/imported/mill_rotor.glb-88793a053a88cd5643045475701fbdeb.scn[39m[0m
[  19% ] [90m[1msavepack[22m | 保存文件：res://assets/models/mill_rotor.glb.import[39m[0m
[  19% ] [90m[1msavepack[22m | 保存文件：res://.godot/imported/oak.glb-12865b0f25ca82b0c511a32d161d0671.scn[39m[0m
[  19% ] [90m[1msavepack[22m | 保存文件：res://assets/models/oak.glb.import[39m[0m
[  19% ] [90m[1msavepack[22m | 保存文件：res://.godot/imported/observatory.glb-2382a401bf72294eb184dd95fad9992f.scn[39m[0m
[  19% ] [90m[1msavepack[22m | 保存文件：res://assets/models/observatory.glb.import[39m[0m
[  19% ] [90m[1msavepack[22m | 保存文件：res://.godot/imported/pine.glb-fd733693478dc652a5f570d10c98217e.scn[39m[0m
[  19% ] [90m[1msavepack[22m | 保存文件：res://assets/models/pine.glb.import[39m[0m
[  19% ] [90m[1msavepack[22m | 保存文件：res://.godot/imported/poplar.glb-8386d326e6b0620c1917bf931c4d7aab.scn[39m[0m
[  19% ] [90m[1msavepack[22m | 保存文件：res://assets/models/poplar.glb.import[39m[0m
[  19% ] [90m[1msavepack[22m | 保存文件：res://.godot/imported/rock.glb-9fe9ded640b9e8b845c59e36f0f83d1b.scn[39m[0m
[  19% ] [90m[1msavepack[22m | 保存文件：res://assets/models/rock.glb.import[39m[0m
[  19% ] [90m[1msavepack[22m | 保存文件：res://.godot/imported/ruins.glb-7a1e9276cb5018d6c4f736396a47afd6.scn[39m[0m
[  19% ] [90m[1msavepack[22m | 保存文件：res://assets/models/ruins.glb.import[39m[0m
[  19% ] [90m[1msavepack[22m | 保存文件：res://.godot/imported/sky_ring.glb-e1f86b10bd99d29a4b59522c9c2c2627.scn[39m[0m
[  19% ] [90m[1msavepack[22m | 保存文件：res://assets/models/sky_ring.glb.import[39m[0m
[  19% ] [90m[1msavepack[22m | 保存文件：res://.godot/imported/propeller.glb-5aeda7cecc9fb16355f3011e59aadfeb.scn[39m[0m
[  19% ] [90m[1msavepack[22m | 保存文件：res://assets/propeller.glb.import[39m[0m
[  19% ] [90m[1msavepack[22m | 保存文件：res://assets/scatter/Arranged_oak_-1_-2.res[39m[0m
[  20% ] [90m[1msavepack[22m | 保存文件：res://assets/scatter/Arranged_oak_-1_-3.res[39m[0m
[  20% ] [90m[1msavepack[22m | 保存文件：res://assets/scatter/Arranged_oak_-1_-4.res[39m[0m
[  20% ] [90m[1msavepack[22m | 保存文件：res://assets/scatter/Arranged_oak_-1_-5.res[39m[0m
[  20% ] [90m[1msavepack[22m | 保存文件：res://assets/scatter/Arranged_oak_-2_-1.res[39m[0m
[  20% ] [90m[1msavepack[22m | 保存文件：res://assets/scatter/Arranged_oak_-2_-3.res[39m[0m
[  20% ] [90m[1msavepack[22m | 保存文件：res://assets/scatter/Arranged_oak_-2_-4.res[39m[0m
[  20% ] [90m[1msavepack[22m | 保存文件：res://assets/scatter/Arranged_oak_-3_-4.res[39m[0m
[  20% ] [90m[1msavepack[22m | 保存文件：res://assets/scatter/Arranged_oak_-3_-5.res[39m[0m
[  20% ] [90m[1msavepack[22m | 保存文件：res://assets/scatter/Arranged_oak_-4_-3.res[39m[0m
[  20% ] [90m[1msavepack[22m | 保存文件：res://assets/scatter/Arranged_oak_3_-1.res[39m[0m
[  20% ] [90m[1msavepack[22m | 保存文件：res://assets/scatter/Arranged_oak_3_-2.res[39m[0m
[  20% ] [90m[1msavepack[22m | 保存文件：res://assets/scatter/Arranged_oak_3_-3.res[39m[0m
[  20% ] [90m[1msavepack[22m | 保存文件：res://assets/scatter/Arranged_poplar_-1_-2.res[39m[0m
[  20% ] [90m[1msavepack[22m | 保存文件：res://assets/scatter/Arranged_poplar_-1_-3.res[39m[0m
[  20% ] [90m[1msavepack[22m | 保存文件：res://assets/scatter/Arranged_poplar_-1_-4.res[39m[0m
[  21% ] [90m[1msavepack[22m | 保存文件：res://assets/scatter/Arranged_poplar_-1_-5.res[39m[0m
[  21% ] [90m[1msavepack[22m | 保存文件：res://assets/scatter/Arranged_poplar_-2_-1.res[39m[0m
[  21% ] [90m[1msavepack[22m | 保存文件：res://assets/scatter/Arranged_poplar_-2_-2.res[39m[0m
[  21% ] [90m[1msavepack[22m | 保存文件：res://assets/scatter/Arranged_poplar_-2_-3.res[39m[0m
[  21% ] [90m[1msavepack[22m | 保存文件：res://assets/scatter/Arranged_poplar_-2_-4.res[39m[0m
[  21% ] [90m[1msavepack[22m | 保存文件：res://assets/scatter/Arranged_poplar_-2_-5.res[39m[0m
[  21% ] [90m[1msavepack[22m | 保存文件：res://assets/scatter/Arranged_poplar_-3_-4.res[39m[0m
[  21% ] [90m[1msavepack[22m | 保存文件：res://assets/scatter/Arranged_poplar_-3_-5.res[39m[0m
[  21% ] [90m[1msavepack[22m | 保存文件：res://assets/scatter/Arranged_poplar_-4_-3.res[39m[0m
[  21% ] [90m[1msavepack[22m | 保存文件：res://assets/scatter/Arranged_poplar_3_-1.res[39m[0m
[  21% ] [90m[1msavepack[22m | 保存文件：res://assets/scatter/Arranged_poplar_3_-3.res[39m[0m
[  21% ] [90m[1msavepack[22m | 保存文件：res://assets/scatter/Grounded_bush_-1_-1.res[39m[0m
[  21% ] [90m[1msavepack[22m | 保存文件：res://assets/meshes/bush.res[39m[0m
[  21% ] [90m[1msavepack[22m | 保存文件：res://assets/scatter/Grounded_bush_-1_-10.res[39m[0m
[  21% ] [90m[1msavepack[22m | 保存文件：res://assets/scatter/Grounded_bush_-1_-2.res[39m[0m
[  22% ] [90m[1msavepack[22m | 保存文件：res://assets/scatter/Grounded_bush_-1_-3.res[39m[0m
[  22% ] [90m[1msavepack[22m | 保存文件：res://assets/scatter/Grounded_bush_-1_-4.res[39m[0m
[  22% ] [90m[1msavepack[22m | 保存文件：res://assets/scatter/Grounded_bush_-1_-5.res[39m[0m
[  22% ] [90m[1msavepack[22m | 保存文件：res://assets/scatter/Grounded_bush_-1_-6.res[39m[0m
[  22% ] [90m[1msavepack[22m | 保存文件：res://assets/scatter/Grounded_bush_-1_-7.res[39m[0m
[  22% ] [90m[1msavepack[22m | 保存文件：res://assets/scatter/Grounded_bush_-1_-8.res[39m[0m
[  22% ] [90m[1msavepack[22m | 保存文件：res://assets/scatter/Grounded_bush_-1_-9.res[39m[0m
[  22% ] [90m[1msavepack[22m | 保存文件：res://assets/scatter/Grounded_bush_-1_0.res[39m[0m
[  22% ] [90m[1msavepack[22m | 保存文件：res://assets/scatter/Grounded_bush_-1_1.res[39m[0m
[  22% ] [90m[1msavepack[22m | 保存文件：res://assets/scatter/Grounded_bush_-1_2.res[39m[0m
[  22% ] [90m[1msavepack[22m | 保存文件：res://assets/scatter/Grounded_bush_-1_3.res[39m[0m
[  22% ] [90m[1msavepack[22m | 保存文件：res://assets/scatter/Grounded_bush_-1_4.res[39m[0m
[  22% ] [90m[1msavepack[22m | 保存文件：res://assets/scatter/Grounded_bush_-1_5.res[39m[0m
[  22% ] [90m[1msavepack[22m | 保存文件：res://assets/scatter/Grounded_bush_-2_-1.res[39m[0m
[  22% ] [90m[1msavepack[22m | 保存文件：res://assets/scatter/Grounded_bush_-2_-10.res[39m[0m
[  22% ] [90m[1msavepack[22m | 保存文件：res://assets/scatter/Grounded_bush_-2_-2.res[39m[0m
[  23% ] [90m[1msavepack[22m | 保存文件：res://assets/scatter/Grounded_bush_-2_-3.res[39m[0m
[  23% ] [90m[1msavepack[22m | 保存文件：res://assets/scatter/Grounded_bush_-2_-4.res[39m[0m
[  23% ] [90m[1msavepack[22m | 保存文件：res://assets/scatter/Grounded_bush_-2_-5.res[39m[0m
[  23% ] [90m[1msavepack[22m | 保存文件：res://assets/scatter/Grounded_bush_-2_-6.res[39m[0m
[  23% ] [90m[1msavepack[22m | 保存文件：res://assets/scatter/Grounded_bush_-2_-7.res[39m[0m
[  23% ] [90m[1msavepack[22m | 保存文件：res://assets/scatter/Grounded_bush_-2_-8.res[39m[0m
[  23% ] [90m[1msavepack[22m | 保存文件：res://assets/scatter/Grounded_bush_-2_-9.res[39m[0m
[  23% ] [90m[1msavepack[22m | 保存文件：res://assets/scatter/Grounded_bush_-2_2.res[39m[0m
[  23% ] [90m[1msavepack[22m | 保存文件：res://assets/scatter/Grounded_bush_-2_3.res[39m[0m
[  23% ] [90m[1msavepack[22m | 保存文件：res://assets/scatter/Grounded_bush_-2_4.res[39m[0m
[  23% ] [90m[1msavepack[22m | 保存文件：res://assets/scatter/Grounded_bush_-2_5.res[39m[0m
[  23% ] [90m[1msavepack[22m | 保存文件：res://assets/scatter/Grounded_bush_-3_-10.res[39m[0m
[  23% ] [90m[1msavepack[22m | 保存文件：res://assets/scatter/Grounded_bush_-3_-2.res[39m[0m
[  23% ] [90m[1msavepack[22m | 保存文件：res://assets/scatter/Grounded_bush_-3_-3.res[39m[0m
[  23% ] [90m[1msavepack[22m | 保存文件：res://assets/scatter/Grounded_bush_-3_-4.res[39m[0m
[  24% ] [90m[1msavepack[22m | 保存文件：res://assets/scatter/Grounded_bush_-3_-5.res[39m[0m
[  24% ] [90m[1msavepack[22m | 保存文件：res://assets/scatter/Grounded_bush_-3_-7.res[39m[0m
[  24% ] [90m[1msavepack[22m | 保存文件：res://assets/scatter/Grounded_bush_-3_-8.res[39m[0m
[  24% ] [90m[1msavepack[22m | 保存文件：res://assets/scatter/Grounded_bush_-3_-9.res[39m[0m
[  24% ] [90m[1msavepack[22m | 保存文件：res://assets/scatter/Grounded_bush_-3_1.res[39m[0m
[  24% ] [90m[1msavepack[22m | 保存文件：res://assets/scatter/Grounded_bush_-3_3.res[39m[0m
[  24% ] [90m[1msavepack[22m | 保存文件：res://assets/scatter/Grounded_bush_-3_4.res[39m[0m
[  24% ] [90m[1msavepack[22m | 保存文件：res://assets/scatter/Grounded_bush_-3_5.res[39m[0m
[  24% ] [90m[1msavepack[22m | 保存文件：res://assets/scatter/Grounded_bush_-4_-1.res[39m[0m
[  24% ] [90m[1msavepack[22m | 保存文件：res://assets/scatter/Grounded_bush_-4_-10.res[39m[0m
[  24% ] [90m[1msavepack[22m | 保存文件：res://assets/scatter/Grounded_bush_-4_-3.res[39m[0m
[  24% ] [90m[1msavepack[22m | 保存文件：res://assets/scatter/Grounded_bush_-4_-4.res[39m[0m
[  24% ] [90m[1msavepack[22m | 保存文件：res://assets/scatter/Grounded_bush_-4_-5.res[39m[0m
[  24% ] [90m[1msavepack[22m | 保存文件：res://assets/scatter/Grounded_bush_-4_-6.res[39m[0m
[  24% ] [90m[1msavepack[22m | 保存文件：res://assets/scatter/Grounded_bush_-4_-7.res[39m[0m
[  24% ] [90m[1msavepack[22m | 保存文件：res://assets/scatter/Grounded_bush_-4_-8.res[39m[0m
[  25% ] [90m[1msavepack[22m | 保存文件：res://assets/scatter/Grounded_bush_-4_-9.res[39m[0m
[  25% ] [90m[1msavepack[22m | 保存文件：res://assets/scatter/Grounded_bush_-4_0.res[39m[0m
[  25% ] [90m[1msavepack[22m | 保存文件：res://assets/scatter/Grounded_bush_-5_-10.res[39m[0m
[  25% ] [90m[1msavepack[22m | 保存文件：res://assets/scatter/Grounded_bush_-5_-5.res[39m[0m
[  25% ] [90m[1msavepack[22m | 保存文件：res://assets/scatter/Grounded_bush_-5_-6.res[39m[0m
[  25% ] [90m[1msavepack[22m | 保存文件：res://assets/scatter/Grounded_bush_-5_-7.res[39m[0m
[  25% ] [90m[1msavepack[22m | 保存文件：res://assets/scatter/Grounded_bush_-5_-8.res[39m[0m
[  25% ] [90m[1msavepack[22m | 保存文件：res://assets/scatter/Grounded_bush_-5_-9.res[39m[0m
[  25% ] [90m[1msavepack[22m | 保存文件：res://assets/scatter/Grounded_bush_-5_0.res[39m[0m
[  25% ] [90m[1msavepack[22m | 保存文件：res://assets/scatter/Grounded_bush_-6_-10.res[39m[0m
[  25% ] [90m[1msavepack[22m | 保存文件：res://assets/scatter/Grounded_bush_-6_-6.res[39m[0m
[  25% ] [90m[1msavepack[22m | 保存文件：res://assets/scatter/Grounded_bush_-6_-7.res[39m[0m
[  25% ] [90m[1msavepack[22m | 保存文件：res://assets/scatter/Grounded_bush_-6_-8.res[39m[0m
[  25% ] [90m[1msavepack[22m | 保存文件：res://assets/scatter/Grounded_bush_-6_-9.res[39m[0m
[  25% ] [90m[1msavepack[22m | 保存文件：res://assets/scatter/Grounded_bush_0_-1.res[39m[0m
[  26% ] [90m[1msavepack[22m | 保存文件：res://assets/scatter/Grounded_bush_0_-10.res[39m[0m
[  26% ] [90m[1msavepack[22m | 保存文件：res://assets/scatter/Grounded_bush_0_-2.res[39m[0m
[  26% ] [90m[1msavepack[22m | 保存文件：res://assets/scatter/Grounded_bush_0_-3.res[39m[0m
[  26% ] [90m[1msavepack[22m | 保存文件：res://assets/scatter/Grounded_bush_0_-4.res[39m[0m
[  26% ] [90m[1msavepack[22m | 保存文件：res://assets/scatter/Grounded_bush_0_-5.res[39m[0m
[  26% ] [90m[1msavepack[22m | 保存文件：res://assets/scatter/Grounded_bush_0_-6.res[39m[0m
[  26% ] [90m[1msavepack[22m | 保存文件：res://assets/scatter/Grounded_bush_0_-7.res[39m[0m
[  26% ] [90m[1msavepack[22m | 保存文件：res://assets/scatter/Grounded_bush_0_-8.res[39m[0m
[  26% ] [90m[1msavepack[22m | 保存文件：res://assets/scatter/Grounded_bush_0_-9.res[39m[0m
[  26% ] [90m[1msavepack[22m | 保存文件：res://assets/scatter/Grounded_bush_0_0.res[39m[0m
[  26% ] [90m[1msavepack[22m | 保存文件：res://assets/scatter/Grounded_bush_0_1.res[39m[0m
[  26% ] [90m[1msavepack[22m | 保存文件：res://assets/scatter/Grounded_bush_0_2.res[39m[0m
[  26% ] [90m[1msavepack[22m | 保存文件：res://assets/scatter/Grounded_bush_0_3.res[39m[0m
[  26% ] [90m[1msavepack[22m | 保存文件：res://assets/scatter/Grounded_bush_0_4.res[39m[0m
[  26% ] [90m[1msavepack[22m | 保存文件：res://assets/scatter/Grounded_bush_0_5.res[39m[0m
[  27% ] [90m[1msavepack[22m | 保存文件：res://assets/scatter/Grounded_bush_1_-1.res[39m[0m
[  27% ] [90m[1msavepack[22m | 保存文件：res://assets/scatter/Grounded_bush_1_-10.res[39m[0m
[  27% ] [90m[1msavepack[22m | 保存文件：res://assets/scatter/Grounded_bush_1_-2.res[39m[0m
[  27% ] [90m[1msavepack[22m | 保存文件：res://assets/scatter/Grounded_bush_1_-3.res[39m[0m
[  27% ] [90m[1msavepack[22m | 保存文件：res://assets/scatter/Grounded_bush_1_-4.res[39m[0m
[  27% ] [90m[1msavepack[22m | 保存文件：res://assets/scatter/Grounded_bush_1_-5.res[39m[0m
[  27% ] [90m[1msavepack[22m | 保存文件：res://assets/scatter/Grounded_bush_1_-6.res[39m[0m
[  27% ] [90m[1msavepack[22m | 保存文件：res://assets/scatter/Grounded_bush_1_-7.res[39m[0m
[  27% ] [90m[1msavepack[22m | 保存文件：res://assets/scatter/Grounded_bush_1_-8.res[39m[0m
[  27% ] [90m[1msavepack[22m | 保存文件：res://assets/scatter/Grounded_bush_1_-9.res[39m[0m
[  27% ] [90m[1msavepack[22m | 保存文件：res://assets/scatter/Grounded_bush_1_0.res[39m[0m
[  27% ] [90m[1msavepack[22m | 保存文件：res://assets/scatter/Grounded_bush_1_1.res[39m[0m
[  27% ] [90m[1msavepack[22m | 保存文件：res://assets/scatter/Grounded_bush_1_3.res[39m[0m
[  27% ] [90m[1msavepack[22m | 保存文件：res://assets/scatter/Grounded_bush_1_4.res[39m[0m
[  27% ] [90m[1msavepack[22m | 保存文件：res://assets/scatter/Grounded_bush_1_5.res[39m[0m
[  27% ] [90m[1msavepack[22m | 保存文件：res://assets/scatter/Grounded_bush_2_-1.res[39m[0m
[  28% ] [90m[1msavepack[22m | 保存文件：res://assets/scatter/Grounded_bush_2_-10.res[39m[0m
[  28% ] [90m[1msavepack[22m | 保存文件：res://assets/scatter/Grounded_bush_2_-2.res[39m[0m
[  28% ] [90m[1msavepack[22m | 保存文件：res://assets/scatter/Grounded_bush_2_-3.res[39m[0m
[  28% ] [90m[1msavepack[22m | 保存文件：res://assets/scatter/Grounded_bush_2_-4.res[39m[0m
[  28% ] [90m[1msavepack[22m | 保存文件：res://assets/scatter/Grounded_bush_2_-5.res[39m[0m
[  28% ] [90m[1msavepack[22m | 保存文件：res://assets/scatter/Grounded_bush_2_-6.res[39m[0m
[  28% ] [90m[1msavepack[22m | 保存文件：res://assets/scatter/Grounded_bush_2_-7.res[39m[0m
[  28% ] [90m[1msavepack[22m | 保存文件：res://assets/scatter/Grounded_bush_2_-8.res[39m[0m
[  28% ] [90m[1msavepack[22m | 保存文件：res://assets/scatter/Grounded_bush_2_-9.res[39m[0m
[  28% ] [90m[1msavepack[22m | 保存文件：res://assets/scatter/Grounded_bush_2_0.res[39m[0m
[  28% ] [90m[1msavepack[22m | 保存文件：res://assets/scatter/Grounded_bush_2_1.res[39m[0m
[  28% ] [90m[1msavepack[22m | 保存文件：res://assets/scatter/Grounded_bush_2_2.res[39m[0m
[  28% ] [90m[1msavepack[22m | 保存文件：res://assets/scatter/Grounded_bush_2_3.res[39m[0m
[  28% ] [90m[1msavepack[22m | 保存文件：res://assets/scatter/Grounded_bush_2_4.res[39m[0m
[  28% ] [90m[1msavepack[22m | 保存文件：res://assets/scatter/Grounded_bush_2_5.res[39m[0m
[  29% ] [90m[1msavepack[22m | 保存文件：res://assets/scatter/Grounded_bush_3_-1.res[39m[0m
[  29% ] [90m[1msavepack[22m | 保存文件：res://assets/scatter/Grounded_bush_3_-10.res[39m[0m
[  29% ] [90m[1msavepack[22m | 保存文件：res://assets/scatter/Grounded_bush_3_-2.res[39m[0m
[  29% ] [90m[1msavepack[22m | 保存文件：res://assets/scatter/Grounded_bush_3_-3.res[39m[0m
[  29% ] [90m[1msavepack[22m | 保存文件：res://assets/scatter/Grounded_bush_3_-4.res[39m[0m
[  29% ] [90m[1msavepack[22m | 保存文件：res://assets/scatter/Grounded_bush_3_-5.res[39m[0m
[  29% ] [90m[1msavepack[22m | 保存文件：res://assets/scatter/Grounded_bush_3_-6.res[39m[0m
[  29% ] [90m[1msavepack[22m | 保存文件：res://assets/scatter/Grounded_bush_3_-7.res[39m[0m
[  29% ] [90m[1msavepack[22m | 保存文件：res://assets/scatter/Grounded_bush_3_-8.res[39m[0m
[  29% ] [90m[1msavepack[22m | 保存文件：res://assets/scatter/Grounded_bush_3_-9.res[39m[0m
[  29% ] [90m[1msavepack[22m | 保存文件：res://assets/scatter/Grounded_bush_3_0.res[39m[0m
[  29% ] [90m[1msavepack[22m | 保存文件：res://assets/scatter/Grounded_bush_3_1.res[39m[0m
[  29% ] [90m[1msavepack[22m | 保存文件：res://assets/scatter/Grounded_bush_3_2.res[39m[0m
[  29% ] [90m[1msavepack[22m | 保存文件：res://assets/scatter/Grounded_bush_3_3.res[39m[0m
[  29% ] [90m[1msavepack[22m | 保存文件：res://assets/scatter/Grounded_bush_3_4.res[39m[0m
[  29% ] [90m[1msavepack[22m | 保存文件：res://assets/scatter/Grounded_bush_3_5.res[39m[0m
[  30% ] [90m[1msavepack[22m | 保存文件：res://assets/scatter/Grounded_bush_4_-1.res[39m[0m
[  30% ] [90m[1msavepack[22m | 保存文件：res://assets/scatter/Grounded_bush_4_-10.res[39m[0m
[  30% ] [90m[1msavepack[22m | 保存文件：res://assets/scatter/Grounded_bush_4_-2.res[39m[0m
[  30% ] [90m[1msavepack[22m | 保存文件：res://assets/scatter/Grounded_bush_4_-3.res[39m[0m
[  30% ] [90m[1msavepack[22m | 保存文件：res://assets/scatter/Grounded_bush_4_-4.res[39m[0m
[  30% ] [90m[1msavepack[22m | 保存文件：res://assets/scatter/Grounded_bush_4_-5.res[39m[0m
[  30% ] [90m[1msavepack[22m | 保存文件：res://assets/scatter/Grounded_bush_4_-6.res[39m[0m
[  30% ] [90m[1msavepack[22m | 保存文件：res://assets/scatter/Grounded_bush_4_-7.res[39m[0m
[  30% ] [90m[1msavepack[22m | 保存文件：res://assets/scatter/Grounded_bush_4_-8.res[39m[0m
[  30% ] [90m[1msavepack[22m | 保存文件：res://assets/scatter/Grounded_bush_4_-9.res[39m[0m
[  30% ] [90m[1msavepack[22m | 保存文件：res://assets/scatter/Grounded_bush_4_0.res[39m[0m
[  30% ] [90m[1msavepack[22m | 保存文件：res://assets/scatter/Grounded_bush_4_1.res[39m[0m
[  30% ] [90m[1msavepack[22m | 保存文件：res://assets/scatter/Grounded_bush_4_2.res[39m[0m
[  30% ] [90m[1msavepack[22m | 保存文件：res://assets/scatter/Grounded_bush_4_3.res[39m[0m
[  30% ] [90m[1msavepack[22m | 保存文件：res://assets/scatter/Grounded_bush_4_4.res[39m[0m
[  31% ] [90m[1msavepack[22m | 保存文件：res://assets/scatter/Grounded_bush_4_5.res[39m[0m
[  31% ] [90m[1msavepack[22m | 保存文件：res://assets/scatter/Grounded_bush_5_-2.res[39m[0m
[  31% ] [90m[1msavepack[22m | 保存文件：res://assets/scatter/Grounded_bush_5_-3.res[39m[0m
[  31% ] [90m[1msavepack[22m | 保存文件：res://assets/scatter/Grounded_bush_5_-4.res[39m[0m
[  31% ] [90m[1msavepack[22m | 保存文件：res://assets/scatter/Grounded_bush_5_-5.res[39m[0m
[  31% ] [90m[1msavepack[22m | 保存文件：res://assets/scatter/Grounded_bush_5_-6.res[39m[0m
[  31% ] [90m[1msavepack[22m | 保存文件：res://assets/scatter/Grounded_bush_5_-7.res[39m[0m
[  31% ] [90m[1msavepack[22m | 保存文件：res://assets/scatter/Grounded_bush_5_-8.res[39m[0m
[  31% ] [90m[1msavepack[22m | 保存文件：res://assets/scatter/Grounded_bush_5_-9.res[39m[0m
[  31% ] [90m[1msavepack[22m | 保存文件：res://assets/scatter/Grounded_bush_5_0.res[39m[0m
[  31% ] [90m[1msavepack[22m | 保存文件：res://assets/scatter/Grounded_bush_5_1.res[39m[0m
[  31% ] [90m[1msavepack[22m | 保存文件：res://assets/scatter/Grounded_bush_5_2.res[39m[0m
[  31% ] [90m[1msavepack[22m | 保存文件：res://assets/scatter/Grounded_bush_5_3.res[39m[0m
[  31% ] [90m[1msavepack[22m | 保存文件：res://assets/scatter/Grounded_bush_5_4.res[39m[0m
[  31% ] [90m[1msavepack[22m | 保存文件：res://assets/scatter/Grounded_bush_5_5.res[39m[0m
[  32% ] [90m[1msavepack[22m | 保存文件：res://assets/scatter/Grounded_bush_6_-1.res[39m[0m
[  32% ] [90m[1msavepack[22m | 保存文件：res://assets/scatter/Grounded_bush_6_-10.res[39m[0m
[  32% ] [90m[1msavepack[22m | 保存文件：res://assets/scatter/Grounded_bush_6_-2.res[39m[0m
[  32% ] [90m[1msavepack[22m | 保存文件：res://assets/scatter/Grounded_bush_6_-3.res[39m[0m
[  32% ] [90m[1msavepack[22m | 保存文件：res://assets/scatter/Grounded_bush_6_-4.res[39m[0m
[  32% ] [90m[1msavepack[22m | 保存文件：res://assets/scatter/Grounded_bush_6_-5.res[39m[0m
[  32% ] [90m[1msavepack[22m | 保存文件：res://assets/scatter/Grounded_bush_6_-6.res[39m[0m
[  32% ] [90m[1msavepack[22m | 保存文件：res://assets/scatter/Grounded_bush_6_-7.res[39m[0m
[  32% ] [90m[1msavepack[22m | 保存文件：res://assets/scatter/Grounded_bush_6_-8.res[39m[0m
[  32% ] [90m[1msavepack[22m | 保存文件：res://assets/scatter/Grounded_bush_6_-9.res[39m[0m
[  32% ] [90m[1msavepack[22m | 保存文件：res://assets/scatter/Grounded_bush_6_0.res[39m[0m
[  32% ] [90m[1msavepack[22m | 保存文件：res://assets/scatter/Grounded_bush_6_1.res[39m[0m
[  32% ] [90m[1msavepack[22m | 保存文件：res://assets/scatter/Grounded_bush_6_2.res[39m[0m
[  32% ] [90m[1msavepack[22m | 保存文件：res://assets/scatter/Grounded_bush_6_3.res[39m[0m
[  32% ] [90m[1msavepack[22m | 保存文件：res://assets/scatter/Grounded_bush_6_4.res[39m[0m
[  32% ] [90m[1msavepack[22m | 保存文件：res://assets/scatter/Grounded_bush_6_5.res[39m[0m
[  33% ] [90m[1msavepack[22m | 保存文件：res://assets/scatter/Grounded_oak_-1_-1.res[39m[0m
[  33% ] [90m[1msavepack[22m | 保存文件：res://assets/meshes/oak.res[39m[0m
[  33% ] [90m[1msavepack[22m | 保存文件：res://assets/scatter/Grounded_oak_-1_-10.res[39m[0m
[  33% ] [90m[1msavepack[22m | 保存文件：res://assets/scatter/Grounded_oak_-1_-6.res[39m[0m
[  33% ] [90m[1msavepack[22m | 保存文件：res://assets/scatter/Grounded_oak_-1_-7.res[39m[0m
[  33% ] [90m[1msavepack[22m | 保存文件：res://assets/scatter/Grounded_oak_-1_-8.res[39m[0m
[  33% ] [90m[1msavepack[22m | 保存文件：res://assets/scatter/Grounded_oak_-1_-9.res[39m[0m
[  33% ] [90m[1msavepack[22m | 保存文件：res://assets/scatter/Grounded_oak_-1_0.res[39m[0m
[  33% ] [90m[1msavepack[22m | 保存文件：res://assets/scatter/Grounded_oak_-1_1.res[39m[0m
[  33% ] [90m[1msavepack[22m | 保存文件：res://assets/scatter/Grounded_oak_-1_2.res[39m[0m
[  33% ] [90m[1msavepack[22m | 保存文件：res://assets/scatter/Grounded_oak_-1_3.res[39m[0m
[  33% ] [90m[1msavepack[22m | 保存文件：res://assets/scatter/Grounded_oak_-1_4.res[39m[0m
[  33% ] [90m[1msavepack[22m | 保存文件：res://assets/scatter/Grounded_oak_-1_5.res[39m[0m
[  33% ] [90m[1msavepack[22m | 保存文件：res://assets/scatter/Grounded_oak_-2_-10.res[39m[0m
[  33% ] [90m[1msavepack[22m | 保存文件：res://assets/scatter/Grounded_oak_-2_-2.res[39m[0m
[  33% ] [90m[1msavepack[22m | 保存文件：res://assets/scatter/Grounded_oak_-2_-5.res[39m[0m
[  33% ] [90m[1msavepack[22m | 保存文件：res://assets/scatter/Grounded_oak_-2_-6.res[39m[0m
[  33% ] [90m[1msavepack[22m | 保存文件：res://assets/scatter/Grounded_oak_-2_-7.res[39m[0m
[  33% ] [90m[1msavepack[22m | 保存文件：res://assets/scatter/Grounded_oak_-2_-8.res[39m[0m
[  33% ] [90m[1msavepack[22m | 保存文件：res://assets/scatter/Grounded_oak_-2_-9.res[39m[0m
[  33% ] [90m[1msavepack[22m | 保存文件：res://assets/scatter/Grounded_oak_-2_2.res[39m[0m
[  33% ] [90m[1msavepack[22m | 保存文件：res://assets/scatter/Grounded_oak_-2_3.res[39m[0m
[  33% ] [90m[1msavepack[22m | 保存文件：res://assets/scatter/Grounded_oak_-2_4.res[39m[0m
[  33% ] [90m[1msavepack[22m | 保存文件：res://assets/scatter/Grounded_oak_-2_5.res[39m[0m
[  33% ] [90m[1msavepack[22m | 保存文件：res://assets/scatter/Grounded_oak_-3_-10.res[39m[0m
[  33% ] [90m[1msavepack[22m | 保存文件：res://assets/scatter/Grounded_oak_-3_-2.res[39m[0m
[  33% ] [90m[1msavepack[22m | 保存文件：res://assets/scatter/Grounded_oak_-3_-3.res[39m[0m
[  33% ] [90m[1msavepack[22m | 保存文件：res://assets/scatter/Grounded_oak_-3_-7.res[39m[0m
[  33% ] [90m[1msavepack[22m | 保存文件：res://assets/scatter/Grounded_oak_-3_-8.res[39m[0m
[  33% ] [90m[1msavepack[22m | 保存文件：res://assets/scatter/Grounded_oak_-3_-9.res[39m[0m
[  34% ] [90m[1msavepack[22m | 保存文件：res://assets/scatter/Grounded_oak_-3_1.res[39m[0m
[  34% ] [90m[1msavepack[22m | 保存文件：res://assets/scatter/Grounded_oak_-3_3.res[39m[0m
[  34% ] [90m[1msavepack[22m | 保存文件：res://assets/scatter/Grounded_oak_-3_4.res[39m[0m
[  34% ] [90m[1msavepack[22m | 保存文件：res://assets/scatter/Grounded_oak_-3_5.res[39m[0m
[  34% ] [90m[1msavepack[22m | 保存文件：res://assets/scatter/Grounded_oak_-4_-1.res[39m[0m
[  34% ] [90m[1msavepack[22m | 保存文件：res://assets/scatter/Grounded_oak_-4_-10.res[39m[0m
[  34% ] [90m[1msavepack[22m | 保存文件：res://assets/scatter/Grounded_oak_-4_-4.res[39m[0m
[  34% ] [90m[1msavepack[22m | 保存文件：res://assets/scatter/Grounded_oak_-4_-5.res[39m[0m
[  34% ] [90m[1msavepack[22m | 保存文件：res://assets/scatter/Grounded_oak_-4_-6.res[39m[0m
[  34% ] [90m[1msavepack[22m | 保存文件：res://assets/scatter/Grounded_oak_-4_-7.res[39m[0m
[  34% ] [90m[1msavepack[22m | 保存文件：res://assets/scatter/Grounded_oak_-4_-8.res[39m[0m
[  34% ] [90m[1msavepack[22m | 保存文件：res://assets/scatter/Grounded_oak_-4_-9.res[39m[0m
[  34% ] [90m[1msavepack[22m | 保存文件：res://assets/scatter/Grounded_oak_-5_-1.res[39m[0m
[  34% ] [90m[1msavepack[22m | 保存文件：res://assets/scatter/Grounded_oak_-5_-10.res[39m[0m
[  34% ] [90m[1msavepack[22m | 保存文件：res://assets/scatter/Grounded_oak_-5_-5.res[39m[0m
[  34% ] [90m[1msavepack[22m | 保存文件：res://assets/scatter/Grounded_oak_-5_-6.res[39m[0m
[  35% ] [90m[1msavepack[22m | 保存文件：res://assets/scatter/Grounded_oak_-5_-7.res[39m[0m
[  35% ] [90m[1msavepack[22m | 保存文件：res://assets/scatter/Grounded_oak_-5_-8.res[39m[0m
[  35% ] [90m[1msavepack[22m | 保存文件：res://assets/scatter/Grounded_oak_-5_-9.res[39m[0m
[  35% ] [90m[1msavepack[22m | 保存文件：res://assets/scatter/Grounded_oak_-5_0.res[39m[0m
[  35% ] [90m[1msavepack[22m | 保存文件：res://assets/scatter/Grounded_oak_-6_-10.res[39m[0m
[  35% ] [90m[1msavepack[22m | 保存文件：res://assets/scatter/Grounded_oak_-6_-6.res[39m[0m
[  35% ] [90m[1msavepack[22m | 保存文件：res://assets/scatter/Grounded_oak_-6_-7.res[39m[0m
[  35% ] [90m[1msavepack[22m | 保存文件：res://assets/scatter/Grounded_oak_-6_-8.res[39m[0m
[  35% ] [90m[1msavepack[22m | 保存文件：res://assets/scatter/Grounded_oak_-6_-9.res[39m[0m
[  35% ] [90m[1msavepack[22m | 保存文件：res://assets/scatter/Grounded_oak_0_-1.res[39m[0m
[  35% ] [90m[1msavepack[22m | 保存文件：res://assets/scatter/Grounded_oak_0_-10.res[39m[0m
[  35% ] [90m[1msavepack[22m | 保存文件：res://assets/scatter/Grounded_oak_0_-2.res[39m[0m
[  35% ] [90m[1msavepack[22m | 保存文件：res://assets/scatter/Grounded_oak_0_-3.res[39m[0m
[  35% ] [90m[1msavepack[22m | 保存文件：res://assets/scatter/Grounded_oak_0_-4.res[39m[0m
[  35% ] [90m[1msavepack[22m | 保存文件：res://assets/scatter/Grounded_oak_0_-5.res[39m[0m
[  36% ] [90m[1msavepack[22m | 保存文件：res://assets/scatter/Grounded_oak_0_-6.res[39m[0m
[  36% ] [90m[1msavepack[22m | 保存文件：res://assets/scatter/Grounded_oak_0_-7.res[39m[0m
[  36% ] [90m[1msavepack[22m | 保存文件：res://assets/scatter/Grounded_oak_0_-8.res[39m[0m
[  36% ] [90m[1msavepack[22m | 保存文件：res://assets/scatter/Grounded_oak_0_-9.res[39m[0m
[  36% ] [90m[1msavepack[22m | 保存文件：res://assets/scatter/Grounded_oak_0_0.res[39m[0m
[  36% ] [90m[1msavepack[22m | 保存文件：res://assets/scatter/Grounded_oak_0_1.res[39m[0m
[  36% ] [90m[1msavepack[22m | 保存文件：res://assets/scatter/Grounded_oak_0_2.res[39m[0m
[  36% ] [90m[1msavepack[22m | 保存文件：res://assets/scatter/Grounded_oak_0_3.res[39m[0m
[  36% ] [90m[1msavepack[22m | 保存文件：res://assets/scatter/Grounded_oak_0_4.res[39m[0m
[  36% ] [90m[1msavepack[22m | 保存文件：res://assets/scatter/Grounded_oak_0_5.res[39m[0m
[  36% ] [90m[1msavepack[22m | 保存文件：res://assets/scatter/Grounded_oak_1_-1.res[39m[0m
[  36% ] [90m[1msavepack[22m | 保存文件：res://assets/scatter/Grounded_oak_1_-10.res[39m[0m
[  36% ] [90m[1msavepack[22m | 保存文件：res://assets/scatter/Grounded_oak_1_-2.res[39m[0m
[  36% ] [90m[1msavepack[22m | 保存文件：res://assets/scatter/Grounded_oak_1_-3.res[39m[0m
[  36% ] [90m[1msavepack[22m | 保存文件：res://assets/scatter/Grounded_oak_1_-4.res[39m[0m
[  36% ] [90m[1msavepack[22m | 保存文件：res://assets/scatter/Grounded_oak_1_-5.res[39m[0m
[  37% ] [90m[1msavepack[22m | 保存文件：res://assets/scatter/Grounded_oak_1_-6.res[39m[0m
[  37% ] [90m[1msavepack[22m | 保存文件：res://assets/scatter/Grounded_oak_1_-7.res[39m[0m
[  37% ] [90m[1msavepack[22m | 保存文件：res://assets/scatter/Grounded_oak_1_-8.res[39m[0m
[  37% ] [90m[1msavepack[22m | 保存文件：res://assets/scatter/Grounded_oak_1_-9.res[39m[0m
[  37% ] [90m[1msavepack[22m | 保存文件：res://assets/scatter/Grounded_oak_1_0.res[39m[0m
[  37% ] [90m[1msavepack[22m | 保存文件：res://assets/scatter/Grounded_oak_1_1.res[39m[0m
[  37% ] [90m[1msavepack[22m | 保存文件：res://assets/scatter/Grounded_oak_1_3.res[39m[0m
[  37% ] [90m[1msavepack[22m | 保存文件：res://assets/scatter/Grounded_oak_1_4.res[39m[0m
[  37% ] [90m[1msavepack[22m | 保存文件：res://assets/scatter/Grounded_oak_1_5.res[39m[0m
[  37% ] [90m[1msavepack[22m | 保存文件：res://assets/scatter/Grounded_oak_2_-1.res[39m[0m
[  37% ] [90m[1msavepack[22m | 保存文件：res://assets/scatter/Grounded_oak_2_-10.res[39m[0m
[  37% ] [90m[1msavepack[22m | 保存文件：res://assets/scatter/Grounded_oak_2_-2.res[39m[0m
[  37% ] [90m[1msavepack[22m | 保存文件：res://assets/scatter/Grounded_oak_2_-3.res[39m[0m
[  37% ] [90m[1msavepack[22m | 保存文件：res://assets/scatter/Grounded_oak_2_-4.res[39m[0m
[  37% ] [90m[1msavepack[22m | 保存文件：res://assets/scatter/Grounded_oak_2_-5.res[39m[0m
[  38% ] [90m[1msavepack[22m | 保存文件：res://assets/scatter/Grounded_oak_2_-6.res[39m[0m
[  38% ] [90m[1msavepack[22m | 保存文件：res://assets/scatter/Grounded_oak_2_-7.res[39m[0m
[  38% ] [90m[1msavepack[22m | 保存文件：res://assets/scatter/Grounded_oak_2_-8.res[39m[0m
[  38% ] [90m[1msavepack[22m | 保存文件：res://assets/scatter/Grounded_oak_2_-9.res[39m[0m
[  38% ] [90m[1msavepack[22m | 保存文件：res://assets/scatter/Grounded_oak_2_0.res[39m[0m
[  38% ] [90m[1msavepack[22m | 保存文件：res://assets/scatter/Grounded_oak_2_1.res[39m[0m
[  38% ] [90m[1msavepack[22m | 保存文件：res://assets/scatter/Grounded_oak_2_2.res[39m[0m
[  38% ] [90m[1msavepack[22m | 保存文件：res://assets/scatter/Grounded_oak_2_3.res[39m[0m
[  38% ] [90m[1msavepack[22m | 保存文件：res://assets/scatter/Grounded_oak_2_4.res[39m[0m
[  38% ] [90m[1msavepack[22m | 保存文件：res://assets/scatter/Grounded_oak_2_5.res[39m[0m
[  38% ] [90m[1msavepack[22m | 保存文件：res://assets/scatter/Grounded_oak_3_-10.res[39m[0m
[  38% ] [90m[1msavepack[22m | 保存文件：res://assets/scatter/Grounded_oak_3_-4.res[39m[0m
[  38% ] [90m[1msavepack[22m | 保存文件：res://assets/scatter/Grounded_oak_3_-5.res[39m[0m
[  38% ] [90m[1msavepack[22m | 保存文件：res://assets/scatter/Grounded_oak_3_-6.res[39m[0m
[  38% ] [90m[1msavepack[22m | 保存文件：res://assets/scatter/Grounded_oak_3_-7.res[39m[0m
[  39% ] [90m[1msavepack[22m | 保存文件：res://assets/scatter/Grounded_oak_3_-8.res[39m[0m
[  39% ] [90m[1msavepack[22m | 保存文件：res://assets/scatter/Grounded_oak_3_0.res[39m[0m
[  39% ] [90m[1msavepack[22m | 保存文件：res://assets/scatter/Grounded_oak_3_1.res[39m[0m
[  39% ] [90m[1msavepack[22m | 保存文件：res://assets/scatter/Grounded_oak_3_2.res[39m[0m
[  39% ] [90m[1msavepack[22m | 保存文件：res://assets/scatter/Grounded_oak_3_3.res[39m[0m
[  39% ] [90m[1msavepack[22m | 保存文件：res://assets/scatter/Grounded_oak_3_4.res[39m[0m
[  39% ] [90m[1msavepack[22m | 保存文件：res://assets/scatter/Grounded_oak_3_5.res[39m[0m
[  39% ] [90m[1msavepack[22m | 保存文件：res://assets/scatter/Grounded_oak_4_-1.res[39m[0m
[  39% ] [90m[1msavepack[22m | 保存文件：res://assets/scatter/Grounded_oak_4_-10.res[39m[0m
[  39% ] [90m[1msavepack[22m | 保存文件：res://assets/scatter/Grounded_oak_4_-2.res[39m[0m
[  39% ] [90m[1msavepack[22m | 保存文件：res://assets/scatter/Grounded_oak_4_-3.res[39m[0m
[  39% ] [90m[1msavepack[22m | 保存文件：res://assets/scatter/Grounded_oak_4_-4.res[39m[0m
[  39% ] [90m[1msavepack[22m | 保存文件：res://assets/scatter/Grounded_oak_4_-5.res[39m[0m
[  39% ] [90m[1msavepack[22m | 保存文件：res://assets/scatter/Grounded_oak_4_-6.res[39m[0m
[  39% ] [90m[1msavepack[22m | 保存文件：res://assets/scatter/Grounded_oak_4_-7.res[39m[0m
[  39% ] [90m[1msavepack[22m | 保存文件：res://assets/scatter/Grounded_oak_4_-8.res[39m[0m
[  40% ] [90m[1msavepack[22m | 保存文件：res://assets/scatter/Grounded_oak_4_-9.res[39m[0m
[  40% ] [90m[1msavepack[22m | 保存文件：res://assets/scatter/Grounded_oak_4_0.res[39m[0m
[  40% ] [90m[1msavepack[22m | 保存文件：res://assets/scatter/Grounded_oak_4_1.res[39m[0m
[  40% ] [90m[1msavepack[22m | 保存文件：res://assets/scatter/Grounded_oak_4_2.res[39m[0m
[  40% ] [90m[1msavepack[22m | 保存文件：res://assets/scatter/Grounded_oak_4_3.res[39m[0m
[  40% ] [90m[1msavepack[22m | 保存文件：res://assets/scatter/Grounded_oak_4_4.res[39m[0m
[  40% ] [90m[1msavepack[22m | 保存文件：res://assets/scatter/Grounded_oak_4_5.res[39m[0m
[  40% ] [90m[1msavepack[22m | 保存文件：res://assets/scatter/Grounded_oak_5_-1.res[39m[0m
[  40% ] [90m[1msavepack[22m | 保存文件：res://assets/scatter/Grounded_oak_5_-10.res[39m[0m
[  40% ] [90m[1msavepack[22m | 保存文件：res://assets/scatter/Grounded_oak_5_-2.res[39m[0m
[  40% ] [90m[1msavepack[22m | 保存文件：res://assets/scatter/Grounded_oak_5_-3.res[39m[0m
[  40% ] [90m[1msavepack[22m | 保存文件：res://assets/scatter/Grounded_oak_5_-4.res[39m[0m
[  40% ] [90m[1msavepack[22m | 保存文件：res://assets/scatter/Grounded_oak_5_-5.res[39m[0m
[  40% ] [90m[1msavepack[22m | 保存文件：res://assets/scatter/Grounded_oak_5_-6.res[39m[0m
[  40% ] [90m[1msavepack[22m | 保存文件：res://assets/scatter/Grounded_oak_5_-7.res[39m[0m
[  41% ] [90m[1msavepack[22m | 保存文件：res://assets/scatter/Grounded_oak_5_-8.res[39m[0m
[  41% ] [90m[1msavepack[22m | 保存文件：res://assets/scatter/Grounded_oak_5_-9.res[39m[0m
[  41% ] [90m[1msavepack[22m | 保存文件：res://assets/scatter/Grounded_oak_5_0.res[39m[0m
[  41% ] [90m[1msavepack[22m | 保存文件：res://assets/scatter/Grounded_oak_5_1.res[39m[0m
[  41% ] [90m[1msavepack[22m | 保存文件：res://assets/scatter/Grounded_oak_5_2.res[39m[0m
[  41% ] [90m[1msavepack[22m | 保存文件：res://assets/scatter/Grounded_oak_5_3.res[39m[0m
[  41% ] [90m[1msavepack[22m | 保存文件：res://assets/scatter/Grounded_oak_5_4.res[39m[0m
[  41% ] [90m[1msavepack[22m | 保存文件：res://assets/scatter/Grounded_oak_5_5.res[39m[0m
[  41% ] [90m[1msavepack[22m | 保存文件：res://assets/scatter/Grounded_oak_6_-1.res[39m[0m
[  41% ] [90m[1msavepack[22m | 保存文件：res://assets/scatter/Grounded_oak_6_-10.res[39m[0m
[  41% ] [90m[1msavepack[22m | 保存文件：res://assets/scatter/Grounded_oak_6_-2.res[39m[0m
[  41% ] [90m[1msavepack[22m | 保存文件：res://assets/scatter/Grounded_oak_6_-3.res[39m[0m
[  41% ] [90m[1msavepack[22m | 保存文件：res://assets/scatter/Grounded_oak_6_-4.res[39m[0m
[  41% ] [90m[1msavepack[22m | 保存文件：res://assets/scatter/Grounded_oak_6_-5.res[39m[0m
[  41% ] [90m[1msavepack[22m | 保存文件：res://assets/scatter/Grounded_oak_6_-6.res[39m[0m
[  42% ] [90m[1msavepack[22m | 保存文件：res://assets/scatter/Grounded_oak_6_-7.res[39m[0m
[  42% ] [90m[1msavepack[22m | 保存文件：res://assets/scatter/Grounded_oak_6_-8.res[39m[0m
[  42% ] [90m[1msavepack[22m | 保存文件：res://assets/scatter/Grounded_oak_6_-9.res[39m[0m
[  42% ] [90m[1msavepack[22m | 保存文件：res://assets/scatter/Grounded_oak_6_0.res[39m[0m
[  42% ] [90m[1msavepack[22m | 保存文件：res://assets/scatter/Grounded_oak_6_1.res[39m[0m
[  42% ] [90m[1msavepack[22m | 保存文件：res://assets/scatter/Grounded_oak_6_2.res[39m[0m
[  42% ] [90m[1msavepack[22m | 保存文件：res://assets/scatter/Grounded_oak_6_3.res[39m[0m
[  42% ] [90m[1msavepack[22m | 保存文件：res://assets/scatter/Grounded_oak_6_4.res[39m[0m
[  42% ] [90m[1msavepack[22m | 保存文件：res://assets/scatter/Grounded_oak_6_5.res[39m[0m
[  42% ] [90m[1msavepack[22m | 保存文件：res://assets/scatter/Grounded_pine_-2_-10.res[39m[0m
[  42% ] [90m[1msavepack[22m | 保存文件：res://assets/scatter/Grounded_pine_-2_2.res[39m[0m
[  42% ] [90m[1msavepack[22m | 保存文件：res://assets/meshes/pine.res[39m[0m
[  42% ] [90m[1msavepack[22m | 保存文件：res://assets/scatter/Grounded_pine_-2_3.res[39m[0m
[  42% ] [90m[1msavepack[22m | 保存文件：res://assets/scatter/Grounded_pine_-2_4.res[39m[0m
[  42% ] [90m[1msavepack[22m | 保存文件：res://assets/scatter/Grounded_pine_-3_-10.res[39m[0m
[  42% ] [90m[1msavepack[22m | 保存文件：res://assets/scatter/Grounded_pine_-3_4.res[39m[0m
[  43% ] [90m[1msavepack[22m | 保存文件：res://assets/scatter/Grounded_pine_-4_-10.res[39m[0m
[  43% ] [90m[1msavepack[22m | 保存文件：res://assets/scatter/Grounded_pine_0_-3.res[39m[0m
[  43% ] [90m[1msavepack[22m | 保存文件：res://assets/scatter/Grounded_pine_0_-4.res[39m[0m
[  43% ] [90m[1msavepack[22m | 保存文件：res://assets/scatter/Grounded_pine_1_-3.res[39m[0m
[  43% ] [90m[1msavepack[22m | 保存文件：res://assets/scatter/Grounded_pine_1_-4.res[39m[0m
[  43% ] [90m[1msavepack[22m | 保存文件：res://assets/scatter/Grounded_pine_2_-4.res[39m[0m
[  43% ] [90m[1msavepack[22m | 保存文件：res://assets/scatter/Grounded_pine_2_1.res[39m[0m
[  43% ] [90m[1msavepack[22m | 保存文件：res://assets/scatter/Grounded_pine_2_2.res[39m[0m
[  43% ] [90m[1msavepack[22m | 保存文件：res://assets/scatter/Grounded_pine_3_1.res[39m[0m
[  43% ] [90m[1msavepack[22m | 保存文件：res://assets/scatter/Grounded_pine_3_2.res[39m[0m
[  43% ] [90m[1msavepack[22m | 保存文件：res://assets/scatter/Grounded_pine_4_-4.res[39m[0m
[  43% ] [90m[1msavepack[22m | 保存文件：res://assets/scatter/Grounded_pine_4_1.res[39m[0m
[  43% ] [90m[1msavepack[22m | 保存文件：res://assets/scatter/Grounded_pine_4_2.res[39m[0m
[  43% ] [90m[1msavepack[22m | 保存文件：res://assets/scatter/Grounded_pine_5_-3.res[39m[0m
[  43% ] [90m[1msavepack[22m | 保存文件：res://assets/scatter/Grounded_pine_5_-4.res[39m[0m
[  44% ] [90m[1msavepack[22m | 保存文件：res://assets/scatter/Grounded_pine_5_5.res[39m[0m
[  44% ] [90m[1msavepack[22m | 保存文件：res://assets/scatter/Grounded_pine_6_-4.res[39m[0m
[  44% ] [90m[1msavepack[22m | 保存文件：res://assets/scatter/Grounded_poplar_-1_-1.res[39m[0m
[  44% ] [90m[1msavepack[22m | 保存文件：res://assets/scatter/Grounded_poplar_-1_-10.res[39m[0m
[  44% ] [90m[1msavepack[22m | 保存文件：res://assets/scatter/Grounded_poplar_-1_-6.res[39m[0m
[  44% ] [90m[1msavepack[22m | 保存文件：res://assets/scatter/Grounded_poplar_-1_-7.res[39m[0m
[  44% ] [90m[1msavepack[22m | 保存文件：res://assets/scatter/Grounded_poplar_-1_-8.res[39m[0m
[  44% ] [90m[1msavepack[22m | 保存文件：res://assets/scatter/Grounded_poplar_-1_-9.res[39m[0m
[  44% ] [90m[1msavepack[22m | 保存文件：res://assets/scatter/Grounded_poplar_-1_0.res[39m[0m
[  44% ] [90m[1msavepack[22m | 保存文件：res://assets/meshes/poplar.res[39m[0m
[  44% ] [90m[1msavepack[22m | 保存文件：res://assets/scatter/Grounded_poplar_-1_1.res[39m[0m
[  44% ] [90m[1msavepack[22m | 保存文件：res://assets/scatter/Grounded_poplar_-1_2.res[39m[0m
[  44% ] [90m[1msavepack[22m | 保存文件：res://assets/scatter/Grounded_poplar_-1_3.res[39m[0m
[  44% ] [90m[1msavepack[22m | 保存文件：res://assets/scatter/Grounded_poplar_-1_4.res[39m[0m
[  44% ] [90m[1msavepack[22m | 保存文件：res://assets/scatter/Grounded_poplar_-1_5.res[39m[0m
[  44% ] [90m[1msavepack[22m | 保存文件：res://assets/scatter/Grounded_poplar_-2_-10.res[39m[0m
[  45% ] [90m[1msavepack[22m | 保存文件：res://assets/scatter/Grounded_poplar_-2_-6.res[39m[0m
[  45% ] [90m[1msavepack[22m | 保存文件：res://assets/scatter/Grounded_poplar_-2_-7.res[39m[0m
[  45% ] [90m[1msavepack[22m | 保存文件：res://assets/scatter/Grounded_poplar_-2_-8.res[39m[0m
[  45% ] [90m[1msavepack[22m | 保存文件：res://assets/scatter/Grounded_poplar_-2_-9.res[39m[0m
[  45% ] [90m[1msavepack[22m | 保存文件：res://assets/scatter/Grounded_poplar_-2_1.res[39m[0m
[  45% ] [90m[1msavepack[22m | 保存文件：res://assets/scatter/Grounded_poplar_-2_2.res[39m[0m
[  45% ] [90m[1msavepack[22m | 保存文件：res://assets/scatter/Grounded_poplar_-2_3.res[39m[0m
[  45% ] [90m[1msavepack[22m | 保存文件：res://assets/scatter/Grounded_poplar_-2_4.res[39m[0m
[  45% ] [90m[1msavepack[22m | 保存文件：res://assets/scatter/Grounded_poplar_-2_5.res[39m[0m
[  45% ] [90m[1msavepack[22m | 保存文件：res://assets/scatter/Grounded_poplar_-3_-10.res[39m[0m
[  45% ] [90m[1msavepack[22m | 保存文件：res://assets/scatter/Grounded_poplar_-3_-2.res[39m[0m
[  45% ] [90m[1msavepack[22m | 保存文件：res://assets/scatter/Grounded_poplar_-3_-3.res[39m[0m
[  45% ] [90m[1msavepack[22m | 保存文件：res://assets/scatter/Grounded_poplar_-3_-7.res[39m[0m
[  45% ] [90m[1msavepack[22m | 保存文件：res://assets/scatter/Grounded_poplar_-3_-8.res[39m[0m
[  45% ] [90m[1msavepack[22m | 保存文件：res://assets/scatter/Grounded_poplar_-3_-9.res[39m[0m
[  46% ] [90m[1msavepack[22m | 保存文件：res://assets/scatter/Grounded_poplar_-3_1.res[39m[0m
[  46% ] [90m[1msavepack[22m | 保存文件：res://assets/scatter/Grounded_poplar_-3_3.res[39m[0m
[  46% ] [90m[1msavepack[22m | 保存文件：res://assets/scatter/Grounded_poplar_-3_4.res[39m[0m
[  46% ] [90m[1msavepack[22m | 保存文件：res://assets/scatter/Grounded_poplar_-3_5.res[39m[0m
[  46% ] [90m[1msavepack[22m | 保存文件：res://assets/scatter/Grounded_poplar_-4_-1.res[39m[0m
[  46% ] [90m[1msavepack[22m | 保存文件：res://assets/scatter/Grounded_poplar_-4_-10.res[39m[0m
[  46% ] [90m[1msavepack[22m | 保存文件：res://assets/scatter/Grounded_poplar_-4_-4.res[39m[0m
[  46% ] [90m[1msavepack[22m | 保存文件：res://assets/scatter/Grounded_poplar_-4_-5.res[39m[0m
[  46% ] [90m[1msavepack[22m | 保存文件：res://assets/scatter/Grounded_poplar_-4_-6.res[39m[0m
[  46% ] [90m[1msavepack[22m | 保存文件：res://assets/scatter/Grounded_poplar_-4_-7.res[39m[0m
[  46% ] [90m[1msavepack[22m | 保存文件：res://assets/scatter/Grounded_poplar_-4_-8.res[39m[0m
[  46% ] [90m[1msavepack[22m | 保存文件：res://assets/scatter/Grounded_poplar_-4_-9.res[39m[0m
[  46% ] [90m[1msavepack[22m | 保存文件：res://assets/scatter/Grounded_poplar_-5_-1.res[39m[0m
[  46% ] [90m[1msavepack[22m | 保存文件：res://assets/scatter/Grounded_poplar_-5_-10.res[39m[0m
[  46% ] [90m[1msavepack[22m | 保存文件：res://assets/scatter/Grounded_poplar_-5_-5.res[39m[0m
[  47% ] [90m[1msavepack[22m | 保存文件：res://assets/scatter/Grounded_poplar_-5_-6.res[39m[0m
[  47% ] [90m[1msavepack[22m | 保存文件：res://assets/scatter/Grounded_poplar_-5_-7.res[39m[0m
[  47% ] [90m[1msavepack[22m | 保存文件：res://assets/scatter/Grounded_poplar_-5_-8.res[39m[0m
[  47% ] [90m[1msavepack[22m | 保存文件：res://assets/scatter/Grounded_poplar_-5_-9.res[39m[0m
[  47% ] [90m[1msavepack[22m | 保存文件：res://assets/scatter/Grounded_poplar_-5_0.res[39m[0m
[  47% ] [90m[1msavepack[22m | 保存文件：res://assets/scatter/Grounded_poplar_-6_-10.res[39m[0m
[  47% ] [90m[1msavepack[22m | 保存文件：res://assets/scatter/Grounded_poplar_-6_-6.res[39m[0m
[  47% ] [90m[1msavepack[22m | 保存文件：res://assets/scatter/Grounded_poplar_-6_-7.res[39m[0m
[  47% ] [90m[1msavepack[22m | 保存文件：res://assets/scatter/Grounded_poplar_-6_-8.res[39m[0m
[  47% ] [90m[1msavepack[22m | 保存文件：res://assets/scatter/Grounded_poplar_-6_-9.res[39m[0m
[  47% ] [90m[1msavepack[22m | 保存文件：res://assets/scatter/Grounded_poplar_0_-1.res[39m[0m
[  47% ] [90m[1msavepack[22m | 保存文件：res://assets/scatter/Grounded_poplar_0_-10.res[39m[0m
[  47% ] [90m[1msavepack[22m | 保存文件：res://assets/scatter/Grounded_poplar_0_-2.res[39m[0m
[  47% ] [90m[1msavepack[22m | 保存文件：res://assets/scatter/Grounded_poplar_0_-3.res[39m[0m
[  47% ] [90m[1msavepack[22m | 保存文件：res://assets/scatter/Grounded_poplar_0_-4.res[39m[0m
[  47% ] [90m[1msavepack[22m | 保存文件：res://assets/scatter/Grounded_poplar_0_-5.res[39m[0m
[  48% ] [90m[1msavepack[22m | 保存文件：res://assets/scatter/Grounded_poplar_0_-6.res[39m[0m
[  48% ] [90m[1msavepack[22m | 保存文件：res://assets/scatter/Grounded_poplar_0_-8.res[39m[0m
[  48% ] [90m[1msavepack[22m | 保存文件：res://assets/scatter/Grounded_poplar_0_-9.res[39m[0m
[  48% ] [90m[1msavepack[22m | 保存文件：res://assets/scatter/Grounded_poplar_0_1.res[39m[0m
[  48% ] [90m[1msavepack[22m | 保存文件：res://assets/scatter/Grounded_poplar_0_2.res[39m[0m
[  48% ] [90m[1msavepack[22m | 保存文件：res://assets/scatter/Grounded_poplar_0_3.res[39m[0m
[  48% ] [90m[1msavepack[22m | 保存文件：res://assets/scatter/Grounded_poplar_0_4.res[39m[0m
[  48% ] [90m[1msavepack[22m | 保存文件：res://assets/scatter/Grounded_poplar_0_5.res[39m[0m
[  48% ] [90m[1msavepack[22m | 保存文件：res://assets/scatter/Grounded_poplar_1_-1.res[39m[0m
[  48% ] [90m[1msavepack[22m | 保存文件：res://assets/scatter/Grounded_poplar_1_-10.res[39m[0m
[  48% ] [90m[1msavepack[22m | 保存文件：res://assets/scatter/Grounded_poplar_1_-2.res[39m[0m
[  48% ] [90m[1msavepack[22m | 保存文件：res://assets/scatter/Grounded_poplar_1_-3.res[39m[0m
[  48% ] [90m[1msavepack[22m | 保存文件：res://assets/scatter/Grounded_poplar_1_-4.res[39m[0m
[  48% ] [90m[1msavepack[22m | 保存文件：res://assets/scatter/Grounded_poplar_1_-5.res[39m[0m
[  48% ] [90m[1msavepack[22m | 保存文件：res://assets/scatter/Grounded_poplar_1_-6.res[39m[0m
[  49% ] [90m[1msavepack[22m | 保存文件：res://assets/scatter/Grounded_poplar_1_-7.res[39m[0m
[  49% ] [90m[1msavepack[22m | 保存文件：res://assets/scatter/Grounded_poplar_1_-8.res[39m[0m
[  49% ] [90m[1msavepack[22m | 保存文件：res://assets/scatter/Grounded_poplar_1_-9.res[39m[0m
[  49% ] [90m[1msavepack[22m | 保存文件：res://assets/scatter/Grounded_poplar_1_0.res[39m[0m
[  49% ] [90m[1msavepack[22m | 保存文件：res://assets/scatter/Grounded_poplar_1_1.res[39m[0m
[  49% ] [90m[1msavepack[22m | 保存文件：res://assets/scatter/Grounded_poplar_1_2.res[39m[0m
[  49% ] [90m[1msavepack[22m | 保存文件：res://assets/scatter/Grounded_poplar_1_3.res[39m[0m
[  49% ] [90m[1msavepack[22m | 保存文件：res://assets/scatter/Grounded_poplar_1_4.res[39m[0m
[  49% ] [90m[1msavepack[22m | 保存文件：res://assets/scatter/Grounded_poplar_1_5.res[39m[0m
[  49% ] [90m[1msavepack[22m | 保存文件：res://assets/scatter/Grounded_poplar_2_-1.res[39m[0m
[  49% ] [90m[1msavepack[22m | 保存文件：res://assets/scatter/Grounded_poplar_2_-10.res[39m[0m
[  49% ] [90m[1msavepack[22m | 保存文件：res://assets/scatter/Grounded_poplar_2_-2.res[39m[0m
[  49% ] [90m[1msavepack[22m | 保存文件：res://assets/scatter/Grounded_poplar_2_-3.res[39m[0m
[  49% ] [90m[1msavepack[22m | 保存文件：res://assets/scatter/Grounded_poplar_2_-4.res[39m[0m
[  49% ] [90m[1msavepack[22m | 保存文件：res://assets/scatter/Grounded_poplar_2_-5.res[39m[0m
[  50% ] [90m[1msavepack[22m | 保存文件：res://assets/scatter/Grounded_poplar_2_-6.res[39m[0m
[  50% ] [90m[1msavepack[22m | 保存文件：res://assets/scatter/Grounded_poplar_2_-7.res[39m[0m
[  50% ] [90m[1msavepack[22m | 保存文件：res://assets/scatter/Grounded_poplar_2_-8.res[39m[0m
[  50% ] [90m[1msavepack[22m | 保存文件：res://assets/scatter/Grounded_poplar_2_-9.res[39m[0m
[  50% ] [90m[1msavepack[22m | 保存文件：res://assets/scatter/Grounded_poplar_2_0.res[39m[0m
[  50% ] [90m[1msavepack[22m | 保存文件：res://assets/scatter/Grounded_poplar_2_1.res[39m[0m
[  50% ] [90m[1msavepack[22m | 保存文件：res://assets/scatter/Grounded_poplar_2_2.res[39m[0m
[  50% ] [90m[1msavepack[22m | 保存文件：res://assets/scatter/Grounded_poplar_2_3.res[39m[0m
[  50% ] [90m[1msavepack[22m | 保存文件：res://assets/scatter/Grounded_poplar_2_4.res[39m[0m
[  50% ] [90m[1msavepack[22m | 保存文件：res://assets/scatter/Grounded_poplar_2_5.res[39m[0m
[  50% ] [90m[1msavepack[22m | 保存文件：res://assets/scatter/Grounded_poplar_3_-10.res[39m[0m
[  50% ] [90m[1msavepack[22m | 保存文件：res://assets/scatter/Grounded_poplar_3_-2.res[39m[0m
[  50% ] [90m[1msavepack[22m | 保存文件：res://assets/scatter/Grounded_poplar_3_-4.res[39m[0m
[  50% ] [90m[1msavepack[22m | 保存文件：res://assets/scatter/Grounded_poplar_3_-5.res[39m[0m
[  50% ] [90m[1msavepack[22m | 保存文件：res://assets/scatter/Grounded_poplar_3_-6.res[39m[0m
[  50% ] [90m[1msavepack[22m | 保存文件：res://assets/scatter/Grounded_poplar_3_-7.res[39m[0m
[  51% ] [90m[1msavepack[22m | 保存文件：res://assets/scatter/Grounded_poplar_3_-8.res[39m[0m
[  51% ] [90m[1msavepack[22m | 保存文件：res://assets/scatter/Grounded_poplar_3_0.res[39m[0m
[  51% ] [90m[1msavepack[22m | 保存文件：res://assets/scatter/Grounded_poplar_3_2.res[39m[0m
[  51% ] [90m[1msavepack[22m | 保存文件：res://assets/scatter/Grounded_poplar_3_3.res[39m[0m
[  51% ] [90m[1msavepack[22m | 保存文件：res://assets/scatter/Grounded_poplar_3_4.res[39m[0m
[  51% ] [90m[1msavepack[22m | 保存文件：res://assets/scatter/Grounded_poplar_3_5.res[39m[0m
[  51% ] [90m[1msavepack[22m | 保存文件：res://assets/scatter/Grounded_poplar_4_-1.res[39m[0m
[  51% ] [90m[1msavepack[22m | 保存文件：res://assets/scatter/Grounded_poplar_4_-10.res[39m[0m
[  51% ] [90m[1msavepack[22m | 保存文件：res://assets/scatter/Grounded_poplar_4_-2.res[39m[0m
[  51% ] [90m[1msavepack[22m | 保存文件：res://assets/scatter/Grounded_poplar_4_-3.res[39m[0m
[  51% ] [90m[1msavepack[22m | 保存文件：res://assets/scatter/Grounded_poplar_4_-4.res[39m[0m
[  51% ] [90m[1msavepack[22m | 保存文件：res://assets/scatter/Grounded_poplar_4_-5.res[39m[0m
[  51% ] [90m[1msavepack[22m | 保存文件：res://assets/scatter/Grounded_poplar_4_-6.res[39m[0m
[  51% ] [90m[1msavepack[22m | 保存文件：res://assets/scatter/Grounded_poplar_4_-7.res[39m[0m
[  51% ] [90m[1msavepack[22m | 保存文件：res://assets/scatter/Grounded_poplar_4_-8.res[39m[0m
[  52% ] [90m[1msavepack[22m | 保存文件：res://assets/scatter/Grounded_poplar_4_-9.res[39m[0m
[  52% ] [90m[1msavepack[22m | 保存文件：res://assets/scatter/Grounded_poplar_4_0.res[39m[0m
[  52% ] [90m[1msavepack[22m | 保存文件：res://assets/scatter/Grounded_poplar_4_1.res[39m[0m
[  52% ] [90m[1msavepack[22m | 保存文件：res://assets/scatter/Grounded_poplar_4_2.res[39m[0m
[  52% ] [90m[1msavepack[22m | 保存文件：res://assets/scatter/Grounded_poplar_4_3.res[39m[0m
[  52% ] [90m[1msavepack[22m | 保存文件：res://assets/scatter/Grounded_poplar_4_4.res[39m[0m
[  52% ] [90m[1msavepack[22m | 保存文件：res://assets/scatter/Grounded_poplar_4_5.res[39m[0m
[  52% ] [90m[1msavepack[22m | 保存文件：res://assets/scatter/Grounded_poplar_5_-1.res[39m[0m
[  52% ] [90m[1msavepack[22m | 保存文件：res://assets/scatter/Grounded_poplar_5_-10.res[39m[0m
[  52% ] [90m[1msavepack[22m | 保存文件：res://assets/scatter/Grounded_poplar_5_-2.res[39m[0m
[  52% ] [90m[1msavepack[22m | 保存文件：res://assets/scatter/Grounded_poplar_5_-3.res[39m[0m
[  52% ] [90m[1msavepack[22m | 保存文件：res://assets/scatter/Grounded_poplar_5_-4.res[39m[0m
[  52% ] [90m[1msavepack[22m | 保存文件：res://assets/scatter/Grounded_poplar_5_-5.res[39m[0m
[  52% ] [90m[1msavepack[22m | 保存文件：res://assets/scatter/Grounded_poplar_5_-6.res[39m[0m
[  52% ] [90m[1msavepack[22m | 保存文件：res://assets/scatter/Grounded_poplar_5_-7.res[39m[0m
[  52% ] [90m[1msavepack[22m | 保存文件：res://assets/scatter/Grounded_poplar_5_-8.res[39m[0m
[  53% ] [90m[1msavepack[22m | 保存文件：res://assets/scatter/Grounded_poplar_5_-9.res[39m[0m
[  53% ] [90m[1msavepack[22m | 保存文件：res://assets/scatter/Grounded_poplar_5_0.res[39m[0m
[  53% ] [90m[1msavepack[22m | 保存文件：res://assets/scatter/Grounded_poplar_5_1.res[39m[0m
[  53% ] [90m[1msavepack[22m | 保存文件：res://assets/scatter/Grounded_poplar_5_2.res[39m[0m
[  53% ] [90m[1msavepack[22m | 保存文件：res://assets/scatter/Grounded_poplar_5_3.res[39m[0m
[  53% ] [90m[1msavepack[22m | 保存文件：res://assets/scatter/Grounded_poplar_5_4.res[39m[0m
[  53% ] [90m[1msavepack[22m | 保存文件：res://assets/scatter/Grounded_poplar_5_5.res[39m[0m
[  53% ] [90m[1msavepack[22m | 保存文件：res://assets/scatter/Grounded_poplar_6_-1.res[39m[0m
[  53% ] [90m[1msavepack[22m | 保存文件：res://assets/scatter/Grounded_poplar_6_-10.res[39m[0m
[  53% ] [90m[1msavepack[22m | 保存文件：res://assets/scatter/Grounded_poplar_6_-2.res[39m[0m
[  53% ] [90m[1msavepack[22m | 保存文件：res://assets/scatter/Grounded_poplar_6_-3.res[39m[0m
[  53% ] [90m[1msavepack[22m | 保存文件：res://assets/scatter/Grounded_poplar_6_-4.res[39m[0m
[  53% ] [90m[1msavepack[22m | 保存文件：res://assets/scatter/Grounded_poplar_6_-5.res[39m[0m
[  53% ] [90m[1msavepack[22m | 保存文件：res://assets/scatter/Grounded_poplar_6_-6.res[39m[0m
[  53% ] [90m[1msavepack[22m | 保存文件：res://assets/scatter/Grounded_poplar_6_-7.res[39m[0m
[  54% ] [90m[1msavepack[22m | 保存文件：res://assets/scatter/Grounded_poplar_6_-8.res[39m[0m
[  54% ] [90m[1msavepack[22m | 保存文件：res://assets/scatter/Grounded_poplar_6_-9.res[39m[0m
[  54% ] [90m[1msavepack[22m | 保存文件：res://assets/scatter/Grounded_poplar_6_0.res[39m[0m
[  54% ] [90m[1msavepack[22m | 保存文件：res://assets/scatter/Grounded_poplar_6_1.res[39m[0m
[  54% ] [90m[1msavepack[22m | 保存文件：res://assets/scatter/Grounded_poplar_6_2.res[39m[0m
[  54% ] [90m[1msavepack[22m | 保存文件：res://assets/scatter/Grounded_poplar_6_3.res[39m[0m
[  54% ] [90m[1msavepack[22m | 保存文件：res://assets/scatter/Grounded_poplar_6_4.res[39m[0m
[  54% ] [90m[1msavepack[22m | 保存文件：res://assets/scatter/Grounded_rock_-1_-1.res[39m[0m
[  54% ] [90m[1msavepack[22m | 保存文件：res://assets/meshes/rock.res[39m[0m
[  54% ] [90m[1msavepack[22m | 保存文件：res://assets/scatter/Grounded_rock_-1_-10.res[39m[0m
[  54% ] [90m[1msavepack[22m | 保存文件：res://assets/scatter/Grounded_rock_-1_-2.res[39m[0m
[  54% ] [90m[1msavepack[22m | 保存文件：res://assets/scatter/Grounded_rock_-1_-3.res[39m[0m
[  54% ] [90m[1msavepack[22m | 保存文件：res://assets/scatter/Grounded_rock_-1_-4.res[39m[0m
[  54% ] [90m[1msavepack[22m | 保存文件：res://assets/scatter/Grounded_rock_-1_-5.res[39m[0m
[  54% ] [90m[1msavepack[22m | 保存文件：res://assets/scatter/Grounded_rock_-1_-6.res[39m[0m
[  55% ] [90m[1msavepack[22m | 保存文件：res://assets/scatter/Grounded_rock_-1_-7.res[39m[0m
[  55% ] [90m[1msavepack[22m | 保存文件：res://assets/scatter/Grounded_rock_-1_-8.res[39m[0m
[  55% ] [90m[1msavepack[22m | 保存文件：res://assets/scatter/Grounded_rock_-1_-9.res[39m[0m
[  55% ] [90m[1msavepack[22m | 保存文件：res://assets/scatter/Grounded_rock_-1_0.res[39m[0m
[  55% ] [90m[1msavepack[22m | 保存文件：res://assets/scatter/Grounded_rock_-1_1.res[39m[0m
[  55% ] [90m[1msavepack[22m | 保存文件：res://assets/scatter/Grounded_rock_-1_2.res[39m[0m
[  55% ] [90m[1msavepack[22m | 保存文件：res://assets/scatter/Grounded_rock_-1_3.res[39m[0m
[  55% ] [90m[1msavepack[22m | 保存文件：res://assets/scatter/Grounded_rock_-1_4.res[39m[0m
[  55% ] [90m[1msavepack[22m | 保存文件：res://assets/scatter/Grounded_rock_-1_5.res[39m[0m
[  55% ] [90m[1msavepack[22m | 保存文件：res://assets/scatter/Grounded_rock_-2_-10.res[39m[0m
[  55% ] [90m[1msavepack[22m | 保存文件：res://assets/scatter/Grounded_rock_-2_-2.res[39m[0m
[  55% ] [90m[1msavepack[22m | 保存文件：res://assets/scatter/Grounded_rock_-2_-3.res[39m[0m
[  55% ] [90m[1msavepack[22m | 保存文件：res://assets/scatter/Grounded_rock_-2_-4.res[39m[0m
[  55% ] [90m[1msavepack[22m | 保存文件：res://assets/scatter/Grounded_rock_-2_-5.res[39m[0m
[  55% ] [90m[1msavepack[22m | 保存文件：res://assets/scatter/Grounded_rock_-2_-6.res[39m[0m
[  55% ] [90m[1msavepack[22m | 保存文件：res://assets/scatter/Grounded_rock_-2_-7.res[39m[0m
[  56% ] [90m[1msavepack[22m | 保存文件：res://assets/scatter/Grounded_rock_-2_-8.res[39m[0m
[  56% ] [90m[1msavepack[22m | 保存文件：res://assets/scatter/Grounded_rock_-2_-9.res[39m[0m
[  56% ] [90m[1msavepack[22m | 保存文件：res://assets/scatter/Grounded_rock_-2_2.res[39m[0m
[  56% ] [90m[1msavepack[22m | 保存文件：res://assets/scatter/Grounded_rock_-2_3.res[39m[0m
[  56% ] [90m[1msavepack[22m | 保存文件：res://assets/scatter/Grounded_rock_-2_4.res[39m[0m
[  56% ] [90m[1msavepack[22m | 保存文件：res://assets/scatter/Grounded_rock_-2_5.res[39m[0m
[  56% ] [90m[1msavepack[22m | 保存文件：res://assets/scatter/Grounded_rock_-3_-10.res[39m[0m
[  56% ] [90m[1msavepack[22m | 保存文件：res://assets/scatter/Grounded_rock_-3_-2.res[39m[0m
[  56% ] [90m[1msavepack[22m | 保存文件：res://assets/scatter/Grounded_rock_-3_-3.res[39m[0m
[  56% ] [90m[1msavepack[22m | 保存文件：res://assets/scatter/Grounded_rock_-3_-4.res[39m[0m
[  56% ] [90m[1msavepack[22m | 保存文件：res://assets/scatter/Grounded_rock_-3_-5.res[39m[0m
[  56% ] [90m[1msavepack[22m | 保存文件：res://assets/scatter/Grounded_rock_-3_-7.res[39m[0m
[  56% ] [90m[1msavepack[22m | 保存文件：res://assets/scatter/Grounded_rock_-3_-8.res[39m[0m
[  56% ] [90m[1msavepack[22m | 保存文件：res://assets/scatter/Grounded_rock_-3_-9.res[39m[0m
[  56% ] [90m[1msavepack[22m | 保存文件：res://assets/scatter/Grounded_rock_-3_1.res[39m[0m
[  57% ] [90m[1msavepack[22m | 保存文件：res://assets/scatter/Grounded_rock_-3_2.res[39m[0m
[  57% ] [90m[1msavepack[22m | 保存文件：res://assets/scatter/Grounded_rock_-3_3.res[39m[0m
[  57% ] [90m[1msavepack[22m | 保存文件：res://assets/scatter/Grounded_rock_-3_4.res[39m[0m
[  57% ] [90m[1msavepack[22m | 保存文件：res://assets/scatter/Grounded_rock_-3_5.res[39m[0m
[  57% ] [90m[1msavepack[22m | 保存文件：res://assets/scatter/Grounded_rock_-4_-1.res[39m[0m
[  57% ] [90m[1msavepack[22m | 保存文件：res://assets/scatter/Grounded_rock_-4_-10.res[39m[0m
[  57% ] [90m[1msavepack[22m | 保存文件：res://assets/scatter/Grounded_rock_-4_-4.res[39m[0m
[  57% ] [90m[1msavepack[22m | 保存文件：res://assets/scatter/Grounded_rock_-4_-5.res[39m[0m
[  57% ] [90m[1msavepack[22m | 保存文件：res://assets/scatter/Grounded_rock_-4_-6.res[39m[0m
[  57% ] [90m[1msavepack[22m | 保存文件：res://assets/scatter/Grounded_rock_-4_-7.res[39m[0m
[  57% ] [90m[1msavepack[22m | 保存文件：res://assets/scatter/Grounded_rock_-4_-8.res[39m[0m
[  57% ] [90m[1msavepack[22m | 保存文件：res://assets/scatter/Grounded_rock_-4_-9.res[39m[0m
[  57% ] [90m[1msavepack[22m | 保存文件：res://assets/scatter/Grounded_rock_-4_0.res[39m[0m
[  57% ] [90m[1msavepack[22m | 保存文件：res://assets/scatter/Grounded_rock_-5_-1.res[39m[0m
[  57% ] [90m[1msavepack[22m | 保存文件：res://assets/scatter/Grounded_rock_-5_-10.res[39m[0m
[  57% ] [90m[1msavepack[22m | 保存文件：res://assets/scatter/Grounded_rock_-5_-5.res[39m[0m
[  58% ] [90m[1msavepack[22m | 保存文件：res://assets/scatter/Grounded_rock_-5_-6.res[39m[0m
[  58% ] [90m[1msavepack[22m | 保存文件：res://assets/scatter/Grounded_rock_-5_-7.res[39m[0m
[  58% ] [90m[1msavepack[22m | 保存文件：res://assets/scatter/Grounded_rock_-5_-8.res[39m[0m
[  58% ] [90m[1msavepack[22m | 保存文件：res://assets/scatter/Grounded_rock_-5_-9.res[39m[0m
[  58% ] [90m[1msavepack[22m | 保存文件：res://assets/scatter/Grounded_rock_-5_0.res[39m[0m
[  58% ] [90m[1msavepack[22m | 保存文件：res://assets/scatter/Grounded_rock_-6_-10.res[39m[0m
[  58% ] [90m[1msavepack[22m | 保存文件：res://assets/scatter/Grounded_rock_-6_-6.res[39m[0m
[  58% ] [90m[1msavepack[22m | 保存文件：res://assets/scatter/Grounded_rock_-6_-7.res[39m[0m
[  58% ] [90m[1msavepack[22m | 保存文件：res://assets/scatter/Grounded_rock_-6_-8.res[39m[0m
[  58% ] [90m[1msavepack[22m | 保存文件：res://assets/scatter/Grounded_rock_-6_-9.res[39m[0m
[  58% ] [90m[1msavepack[22m | 保存文件：res://assets/scatter/Grounded_rock_0_-1.res[39m[0m
[  58% ] [90m[1msavepack[22m | 保存文件：res://assets/scatter/Grounded_rock_0_-10.res[39m[0m
[  58% ] [90m[1msavepack[22m | 保存文件：res://assets/scatter/Grounded_rock_0_-2.res[39m[0m
[  58% ] [90m[1msavepack[22m | 保存文件：res://assets/scatter/Grounded_rock_0_-3.res[39m[0m
[  58% ] [90m[1msavepack[22m | 保存文件：res://assets/scatter/Grounded_rock_0_-4.res[39m[0m
[  59% ] [90m[1msavepack[22m | 保存文件：res://assets/scatter/Grounded_rock_0_-5.res[39m[0m
[  59% ] [90m[1msavepack[22m | 保存文件：res://assets/scatter/Grounded_rock_0_-6.res[39m[0m
[  59% ] [90m[1msavepack[22m | 保存文件：res://assets/scatter/Grounded_rock_0_-7.res[39m[0m
[  59% ] [90m[1msavepack[22m | 保存文件：res://assets/scatter/Grounded_rock_0_-8.res[39m[0m
[  59% ] [90m[1msavepack[22m | 保存文件：res://assets/scatter/Grounded_rock_0_-9.res[39m[0m
[  59% ] [90m[1msavepack[22m | 保存文件：res://assets/scatter/Grounded_rock_0_0.res[39m[0m
[  59% ] [90m[1msavepack[22m | 保存文件：res://assets/scatter/Grounded_rock_0_1.res[39m[0m
[  59% ] [90m[1msavepack[22m | 保存文件：res://assets/scatter/Grounded_rock_0_2.res[39m[0m
[  59% ] [90m[1msavepack[22m | 保存文件：res://assets/scatter/Grounded_rock_0_3.res[39m[0m
[  59% ] [90m[1msavepack[22m | 保存文件：res://assets/scatter/Grounded_rock_0_4.res[39m[0m
[  59% ] [90m[1msavepack[22m | 保存文件：res://assets/scatter/Grounded_rock_0_5.res[39m[0m
[  59% ] [90m[1msavepack[22m | 保存文件：res://assets/scatter/Grounded_rock_1_-1.res[39m[0m
[  59% ] [90m[1msavepack[22m | 保存文件：res://assets/scatter/Grounded_rock_1_-10.res[39m[0m
[  59% ] [90m[1msavepack[22m | 保存文件：res://assets/scatter/Grounded_rock_1_-2.res[39m[0m
[  59% ] [90m[1msavepack[22m | 保存文件：res://assets/scatter/Grounded_rock_1_-3.res[39m[0m
[  60% ] [90m[1msavepack[22m | 保存文件：res://assets/scatter/Grounded_rock_1_-4.res[39m[0m
[  60% ] [90m[1msavepack[22m | 保存文件：res://assets/scatter/Grounded_rock_1_-5.res[39m[0m
[  60% ] [90m[1msavepack[22m | 保存文件：res://assets/scatter/Grounded_rock_1_-6.res[39m[0m
[  60% ] [90m[1msavepack[22m | 保存文件：res://assets/scatter/Grounded_rock_1_-7.res[39m[0m
[  60% ] [90m[1msavepack[22m | 保存文件：res://assets/scatter/Grounded_rock_1_-8.res[39m[0m
[  60% ] [90m[1msavepack[22m | 保存文件：res://assets/scatter/Grounded_rock_1_-9.res[39m[0m
[  60% ] [90m[1msavepack[22m | 保存文件：res://assets/scatter/Grounded_rock_1_0.res[39m[0m
[  60% ] [90m[1msavepack[22m | 保存文件：res://assets/scatter/Grounded_rock_1_1.res[39m[0m
[  60% ] [90m[1msavepack[22m | 保存文件：res://assets/scatter/Grounded_rock_1_2.res[39m[0m
[  60% ] [90m[1msavepack[22m | 保存文件：res://assets/scatter/Grounded_rock_1_3.res[39m[0m
[  60% ] [90m[1msavepack[22m | 保存文件：res://assets/scatter/Grounded_rock_1_4.res[39m[0m
[  60% ] [90m[1msavepack[22m | 保存文件：res://assets/scatter/Grounded_rock_1_5.res[39m[0m
[  60% ] [90m[1msavepack[22m | 保存文件：res://assets/scatter/Grounded_rock_2_-1.res[39m[0m
[  60% ] [90m[1msavepack[22m | 保存文件：res://assets/scatter/Grounded_rock_2_-10.res[39m[0m
[  60% ] [90m[1msavepack[22m | 保存文件：res://assets/scatter/Grounded_rock_2_-2.res[39m[0m
[  60% ] [90m[1msavepack[22m | 保存文件：res://assets/scatter/Grounded_rock_2_-3.res[39m[0m
[  61% ] [90m[1msavepack[22m | 保存文件：res://assets/scatter/Grounded_rock_2_-4.res[39m[0m
[  61% ] [90m[1msavepack[22m | 保存文件：res://assets/scatter/Grounded_rock_2_-5.res[39m[0m
[  61% ] [90m[1msavepack[22m | 保存文件：res://assets/scatter/Grounded_rock_2_-6.res[39m[0m
[  61% ] [90m[1msavepack[22m | 保存文件：res://assets/scatter/Grounded_rock_2_-7.res[39m[0m
[  61% ] [90m[1msavepack[22m | 保存文件：res://assets/scatter/Grounded_rock_2_-8.res[39m[0m
[  61% ] [90m[1msavepack[22m | 保存文件：res://assets/scatter/Grounded_rock_2_-9.res[39m[0m
[  61% ] [90m[1msavepack[22m | 保存文件：res://assets/scatter/Grounded_rock_2_0.res[39m[0m
[  61% ] [90m[1msavepack[22m | 保存文件：res://assets/scatter/Grounded_rock_2_1.res[39m[0m
[  61% ] [90m[1msavepack[22m | 保存文件：res://assets/scatter/Grounded_rock_2_2.res[39m[0m
[  61% ] [90m[1msavepack[22m | 保存文件：res://assets/scatter/Grounded_rock_2_3.res[39m[0m
[  61% ] [90m[1msavepack[22m | 保存文件：res://assets/scatter/Grounded_rock_2_4.res[39m[0m
[  61% ] [90m[1msavepack[22m | 保存文件：res://assets/scatter/Grounded_rock_2_5.res[39m[0m
[  61% ] [90m[1msavepack[22m | 保存文件：res://assets/scatter/Grounded_rock_3_-1.res[39m[0m
[  61% ] [90m[1msavepack[22m | 保存文件：res://assets/scatter/Grounded_rock_3_-10.res[39m[0m
[  61% ] [90m[1msavepack[22m | 保存文件：res://assets/scatter/Grounded_rock_3_-2.res[39m[0m
[  62% ] [90m[1msavepack[22m | 保存文件：res://assets/scatter/Grounded_rock_3_-3.res[39m[0m
[  62% ] [90m[1msavepack[22m | 保存文件：res://assets/scatter/Grounded_rock_3_-4.res[39m[0m
[  62% ] [90m[1msavepack[22m | 保存文件：res://assets/scatter/Grounded_rock_3_-5.res[39m[0m
[  62% ] [90m[1msavepack[22m | 保存文件：res://assets/scatter/Grounded_rock_3_-6.res[39m[0m
[  62% ] [90m[1msavepack[22m | 保存文件：res://assets/scatter/Grounded_rock_3_-7.res[39m[0m
[  62% ] [90m[1msavepack[22m | 保存文件：res://assets/scatter/Grounded_rock_3_-8.res[39m[0m
[  62% ] [90m[1msavepack[22m | 保存文件：res://assets/scatter/Grounded_rock_3_-9.res[39m[0m
[  62% ] [90m[1msavepack[22m | 保存文件：res://assets/scatter/Grounded_rock_3_0.res[39m[0m
[  62% ] [90m[1msavepack[22m | 保存文件：res://assets/scatter/Grounded_rock_3_1.res[39m[0m
[  62% ] [90m[1msavepack[22m | 保存文件：res://assets/scatter/Grounded_rock_3_2.res[39m[0m
[  62% ] [90m[1msavepack[22m | 保存文件：res://assets/scatter/Grounded_rock_3_3.res[39m[0m
[  62% ] [90m[1msavepack[22m | 保存文件：res://assets/scatter/Grounded_rock_3_4.res[39m[0m
[  62% ] [90m[1msavepack[22m | 保存文件：res://assets/scatter/Grounded_rock_3_5.res[39m[0m
[  62% ] [90m[1msavepack[22m | 保存文件：res://assets/scatter/Grounded_rock_4_-1.res[39m[0m
[  62% ] [90m[1msavepack[22m | 保存文件：res://assets/scatter/Grounded_rock_4_-10.res[39m[0m
[  63% ] [90m[1msavepack[22m | 保存文件：res://assets/scatter/Grounded_rock_4_-2.res[39m[0m
[  63% ] [90m[1msavepack[22m | 保存文件：res://assets/scatter/Grounded_rock_4_-3.res[39m[0m
[  63% ] [90m[1msavepack[22m | 保存文件：res://assets/scatter/Grounded_rock_4_-4.res[39m[0m
[  63% ] [90m[1msavepack[22m | 保存文件：res://assets/scatter/Grounded_rock_4_-5.res[39m[0m
[  63% ] [90m[1msavepack[22m | 保存文件：res://assets/scatter/Grounded_rock_4_-6.res[39m[0m
[  63% ] [90m[1msavepack[22m | 保存文件：res://assets/scatter/Grounded_rock_4_-7.res[39m[0m
[  63% ] [90m[1msavepack[22m | 保存文件：res://assets/scatter/Grounded_rock_4_-8.res[39m[0m
[  63% ] [90m[1msavepack[22m | 保存文件：res://assets/scatter/Grounded_rock_4_-9.res[39m[0m
[  63% ] [90m[1msavepack[22m | 保存文件：res://assets/scatter/Grounded_rock_4_0.res[39m[0m
[  63% ] [90m[1msavepack[22m | 保存文件：res://assets/scatter/Grounded_rock_4_1.res[39m[0m
[  63% ] [90m[1msavepack[22m | 保存文件：res://assets/scatter/Grounded_rock_4_2.res[39m[0m
[  63% ] [90m[1msavepack[22m | 保存文件：res://assets/scatter/Grounded_rock_4_3.res[39m[0m
[  63% ] [90m[1msavepack[22m | 保存文件：res://assets/scatter/Grounded_rock_4_4.res[39m[0m
[  63% ] [90m[1msavepack[22m | 保存文件：res://assets/scatter/Grounded_rock_4_5.res[39m[0m
[  63% ] [90m[1msavepack[22m | 保存文件：res://assets/scatter/Grounded_rock_5_-1.res[39m[0m
[  63% ] [90m[1msavepack[22m | 保存文件：res://assets/scatter/Grounded_rock_5_-10.res[39m[0m
[  64% ] [90m[1msavepack[22m | 保存文件：res://assets/scatter/Grounded_rock_5_-2.res[39m[0m
[  64% ] [90m[1msavepack[22m | 保存文件：res://assets/scatter/Grounded_rock_5_-3.res[39m[0m
[  64% ] [90m[1msavepack[22m | 保存文件：res://assets/scatter/Grounded_rock_5_-4.res[39m[0m
[  64% ] [90m[1msavepack[22m | 保存文件：res://assets/scatter/Grounded_rock_5_-5.res[39m[0m
[  64% ] [90m[1msavepack[22m | 保存文件：res://assets/scatter/Grounded_rock_5_-6.res[39m[0m
[  64% ] [90m[1msavepack[22m | 保存文件：res://assets/scatter/Grounded_rock_5_-7.res[39m[0m
[  64% ] [90m[1msavepack[22m | 保存文件：res://assets/scatter/Grounded_rock_5_-8.res[39m[0m
[  64% ] [90m[1msavepack[22m | 保存文件：res://assets/scatter/Grounded_rock_5_-9.res[39m[0m
[  64% ] [90m[1msavepack[22m | 保存文件：res://assets/scatter/Grounded_rock_5_0.res[39m[0m
[  64% ] [90m[1msavepack[22m | 保存文件：res://assets/scatter/Grounded_rock_5_1.res[39m[0m
[  64% ] [90m[1msavepack[22m | 保存文件：res://assets/scatter/Grounded_rock_5_2.res[39m[0m
[  64% ] [90m[1msavepack[22m | 保存文件：res://assets/scatter/Grounded_rock_5_3.res[39m[0m
[  64% ] [90m[1msavepack[22m | 保存文件：res://assets/scatter/Grounded_rock_5_4.res[39m[0m
[  64% ] [90m[1msavepack[22m | 保存文件：res://assets/scatter/Grounded_rock_5_5.res[39m[0m
[  64% ] [90m[1msavepack[22m | 保存文件：res://assets/scatter/Grounded_rock_6_-1.res[39m[0m
[  65% ] [90m[1msavepack[22m | 保存文件：res://assets/scatter/Grounded_rock_6_-10.res[39m[0m
[  65% ] [90m[1msavepack[22m | 保存文件：res://assets/scatter/Grounded_rock_6_-2.res[39m[0m
[  65% ] [90m[1msavepack[22m | 保存文件：res://assets/scatter/Grounded_rock_6_-3.res[39m[0m
[  65% ] [90m[1msavepack[22m | 保存文件：res://assets/scatter/Grounded_rock_6_-4.res[39m[0m
[  65% ] [90m[1msavepack[22m | 保存文件：res://assets/scatter/Grounded_rock_6_-5.res[39m[0m
[  65% ] [90m[1msavepack[22m | 保存文件：res://assets/scatter/Grounded_rock_6_-6.res[39m[0m
[  65% ] [90m[1msavepack[22m | 保存文件：res://assets/scatter/Grounded_rock_6_-7.res[39m[0m
[  65% ] [90m[1msavepack[22m | 保存文件：res://assets/scatter/Grounded_rock_6_-8.res[39m[0m
[  65% ] [90m[1msavepack[22m | 保存文件：res://assets/scatter/Grounded_rock_6_-9.res[39m[0m
[  65% ] [90m[1msavepack[22m | 保存文件：res://assets/scatter/Grounded_rock_6_0.res[39m[0m
[  65% ] [90m[1msavepack[22m | 保存文件：res://assets/scatter/Grounded_rock_6_1.res[39m[0m
[  65% ] [90m[1msavepack[22m | 保存文件：res://assets/scatter/Grounded_rock_6_2.res[39m[0m
[  65% ] [90m[1msavepack[22m | 保存文件：res://assets/scatter/Grounded_rock_6_3.res[39m[0m
[  65% ] [90m[1msavepack[22m | 保存文件：res://assets/scatter/Grounded_rock_6_4.res[39m[0m
[  65% ] [90m[1msavepack[22m | 保存文件：res://assets/scatter/Grounded_rock_6_5.res[39m[0m
[  65% ] [90m[1msavepack[22m | 保存文件：res://assets/scatter/bush_-2_1.res[39m[0m
[  66% ] [90m[1msavepack[22m | 保存文件：res://assets/scatter/bush_-3_-6.res[39m[0m
[  66% ] [90m[1msavepack[22m | 保存文件：res://assets/scatter/bush_-5_-1.res[39m[0m
[  66% ] [90m[1msavepack[22m | 保存文件：res://assets/scatter/bush_1_2.res[39m[0m
[  66% ] [90m[1msavepack[22m | 保存文件：res://assets/scatter/bush_5_-1.res[39m[0m
[  66% ] [90m[1msavepack[22m | 保存文件：res://assets/scatter/bush_5_-10.res[39m[0m
[  66% ] [90m[1msavepack[22m | 保存文件：res://assets/scatter/oak_-3_-6.res[39m[0m
[  66% ] [90m[1msavepack[22m | 保存文件：res://assets/scatter/oak_1_2.res[39m[0m
[  66% ] [90m[1msavepack[22m | 保存文件：res://assets/scatter/oak_3_-9.res[39m[0m
[  66% ] [90m[1msavepack[22m | 保存文件：res://assets/scatter/pine_-1_3.res[39m[0m
[  66% ] [90m[1msavepack[22m | 保存文件：res://assets/scatter/pine_-4_-1.res[39m[0m
[  66% ] [90m[1msavepack[22m | 保存文件：res://assets/scatter/poplar_-3_-6.res[39m[0m
[  66% ] [90m[1msavepack[22m | 保存文件：res://assets/scatter/poplar_0_-7.res[39m[0m
[  66% ] [90m[1msavepack[22m | 保存文件：res://assets/scatter/poplar_0_0.res[39m[0m
[  66% ] [90m[1msavepack[22m | 保存文件：res://assets/scatter/poplar_3_-9.res[39m[0m
[  66% ] [90m[1msavepack[22m | 保存文件：res://assets/scatter/poplar_6_5.res[39m[0m
[  66% ] [90m[1msavepack[22m | 保存文件：res://assets/scatter/rock_-2_-1.res[39m[0m
[  66% ] [90m[1msavepack[22m | 保存文件：res://assets/scatter/rock_-2_1.res[39m[0m
[  66% ] [90m[1msavepack[22m | 保存文件：res://assets/scatter/rock_-3_-6.res[39m[0m
[  66% ] [90m[1msavepack[22m | 保存文件：res://.godot/imported/Ground_-1_-1.glb-876fa3e976e1c2fa2f8c1afc2e95a11c.scn[39m[0m
[  66% ] [90m[1msavepack[22m | 保存文件：res://assets/terrain/Ground_-1_-1.glb.import[39m[0m
[  66% ] [90m[1msavepack[22m | 保存文件：res://.godot/imported/Ground_-1_-10.glb-968bcc1cfdc2d0a4fefdeb85b67e951f.scn[39m[0m
[  66% ] [90m[1msavepack[22m | 保存文件：res://assets/terrain/Ground_-1_-10.glb.import[39m[0m
[  66% ] [90m[1msavepack[22m | 保存文件：res://.godot/imported/Ground_-1_-2.glb-b78511b0f26d3a6ab357bdca50e7dd2d.scn[39m[0m
[  66% ] [90m[1msavepack[22m | 保存文件：res://assets/terrain/Ground_-1_-2.glb.import[39m[0m
[  66% ] [90m[1msavepack[22m | 保存文件：res://.godot/imported/Ground_-1_-3.glb-329b8fca045ca3e0d0a1762ef3917790.scn[39m[0m
[  66% ] [90m[1msavepack[22m | 保存文件：res://assets/terrain/Ground_-1_-3.glb.import[39m[0m
[  66% ] [90m[1msavepack[22m | 保存文件：res://.godot/imported/Ground_-1_-4.glb-dd7961a0d80655c56f03951e585d7884.scn[39m[0m
[  66% ] [90m[1msavepack[22m | 保存文件：res://assets/terrain/Ground_-1_-4.glb.import[39m[0m
[  66% ] [90m[1msavepack[22m | 保存文件：res://.godot/imported/Ground_-1_-5.glb-a3f70f03f1c94413ee7b501ac4d9b4d2.scn[39m[0m
[  66% ] [90m[1msavepack[22m | 保存文件：res://assets/terrain/Ground_-1_-5.glb.import[39m[0m
[  66% ] [90m[1msavepack[22m | 保存文件：res://.godot/imported/Ground_-1_-6.glb-2db07dbd4af5b0d875f659d67252e544.scn[39m[0m
[  66% ] [90m[1msavepack[22m | 保存文件：res://assets/terrain/Ground_-1_-6.glb.import[39m[0m
[  66% ] [90m[1msavepack[22m | 保存文件：res://.godot/imported/Ground_-1_-7.glb-927812704dba899230eaf5b096feb697.scn[39m[0m
[  66% ] [90m[1msavepack[22m | 保存文件：res://assets/terrain/Ground_-1_-7.glb.import[39m[0m
[  66% ] [90m[1msavepack[22m | 保存文件：res://.godot/imported/Ground_-1_-8.glb-b4feeb8f8db8b9527eb87639666fe426.scn[39m[0m
[  66% ] [90m[1msavepack[22m | 保存文件：res://assets/terrain/Ground_-1_-8.glb.import[39m[0m
[  66% ] [90m[1msavepack[22m | 保存文件：res://.godot/imported/Ground_-1_-9.glb-e630e8d8e0f356813c21c7d9051e78b9.scn[39m[0m
[  66% ] [90m[1msavepack[22m | 保存文件：res://assets/terrain/Ground_-1_-9.glb.import[39m[0m
[  66% ] [90m[1msavepack[22m | 保存文件：res://.godot/imported/Ground_-1_0.glb-0f03938e196266e7888591cf38ba68a4.scn[39m[0m
[  66% ] [90m[1msavepack[22m | 保存文件：res://assets/terrain/Ground_-1_0.glb.import[39m[0m
[  66% ] [90m[1msavepack[22m | 保存文件：res://.godot/imported/Ground_-1_1.glb-7a616c3f4e9c4635054fd53f605d8286.scn[39m[0m
[  66% ] [90m[1msavepack[22m | 保存文件：res://assets/terrain/Ground_-1_1.glb.import[39m[0m
[  67% ] [90m[1msavepack[22m | 保存文件：res://.godot/imported/Ground_-1_2.glb-009894a20d1d791958fe3e737183ecff.scn[39m[0m
[  67% ] [90m[1msavepack[22m | 保存文件：res://assets/terrain/Ground_-1_2.glb.import[39m[0m
[  67% ] [90m[1msavepack[22m | 保存文件：res://.godot/imported/Ground_-1_3.glb-f3ecd84a208f7a181dfb0206836df648.scn[39m[0m
[  67% ] [90m[1msavepack[22m | 保存文件：res://assets/terrain/Ground_-1_3.glb.import[39m[0m
[  67% ] [90m[1msavepack[22m | 保存文件：res://.godot/imported/Ground_-1_4.glb-d807c8eb77e4f022d01bb9118c16f296.scn[39m[0m
[  67% ] [90m[1msavepack[22m | 保存文件：res://assets/terrain/Ground_-1_4.glb.import[39m[0m
[  67% ] [90m[1msavepack[22m | 保存文件：res://.godot/imported/Ground_-1_5.glb-6b19c3803b25f36f8e180df53e46c12c.scn[39m[0m
[  67% ] [90m[1msavepack[22m | 保存文件：res://assets/terrain/Ground_-1_5.glb.import[39m[0m
[  67% ] [90m[1msavepack[22m | 保存文件：res://.godot/imported/Ground_-2_-1.glb-a97eaaf6e3de866ebc1aac957a027c7e.scn[39m[0m
[  67% ] [90m[1msavepack[22m | 保存文件：res://assets/terrain/Ground_-2_-1.glb.import[39m[0m
[  67% ] [90m[1msavepack[22m | 保存文件：res://.godot/imported/Ground_-2_-10.glb-0e41aa282d6a49bc8207ca3cf12debb6.scn[39m[0m
[  67% ] [90m[1msavepack[22m | 保存文件：res://assets/terrain/Ground_-2_-10.glb.import[39m[0m
[  67% ] [90m[1msavepack[22m | 保存文件：res://.godot/imported/Ground_-2_-2.glb-2e35e5e91783ec8ad37abc68a7a6860f.scn[39m[0m
[  67% ] [90m[1msavepack[22m | 保存文件：res://assets/terrain/Ground_-2_-2.glb.import[39m[0m
[  67% ] [90m[1msavepack[22m | 保存文件：res://.godot/imported/Ground_-2_-3.glb-593cab492b5844353dfec5e7166c119f.scn[39m[0m
[  67% ] [90m[1msavepack[22m | 保存文件：res://assets/terrain/Ground_-2_-3.glb.import[39m[0m
[  67% ] [90m[1msavepack[22m | 保存文件：res://.godot/imported/Ground_-2_-4.glb-e71795578eae16f532e75f4624180a41.scn[39m[0m
[  67% ] [90m[1msavepack[22m | 保存文件：res://assets/terrain/Ground_-2_-4.glb.import[39m[0m
[  67% ] [90m[1msavepack[22m | 保存文件：res://.godot/imported/Ground_-2_-5.glb-ba41fa128a3c390346d70a7fbcd24c7a.scn[39m[0m
[  67% ] [90m[1msavepack[22m | 保存文件：res://assets/terrain/Ground_-2_-5.glb.import[39m[0m
[  67% ] [90m[1msavepack[22m | 保存文件：res://.godot/imported/Ground_-2_-6.glb-dd347e8c7d5a5359310f163c6e131670.scn[39m[0m
[  67% ] [90m[1msavepack[22m | 保存文件：res://assets/terrain/Ground_-2_-6.glb.import[39m[0m
[  67% ] [90m[1msavepack[22m | 保存文件：res://.godot/imported/Ground_-2_-7.glb-3f652883b48ee65c1e0d4ee2af52dbf4.scn[39m[0m
[  67% ] [90m[1msavepack[22m | 保存文件：res://assets/terrain/Ground_-2_-7.glb.import[39m[0m
[  67% ] [90m[1msavepack[22m | 保存文件：res://.godot/imported/Ground_-2_-8.glb-5645350c13b15cd6e66e50a2674c9317.scn[39m[0m
[  67% ] [90m[1msavepack[22m | 保存文件：res://assets/terrain/Ground_-2_-8.glb.import[39m[0m
[  67% ] [90m[1msavepack[22m | 保存文件：res://.godot/imported/Ground_-2_-9.glb-117959ac61287f46fc27b3fe0157cfb3.scn[39m[0m
[  67% ] [90m[1msavepack[22m | 保存文件：res://assets/terrain/Ground_-2_-9.glb.import[39m[0m
[  67% ] [90m[1msavepack[22m | 保存文件：res://.godot/imported/Ground_-2_0.glb-d5f55c8256160c58cb03b3658c12471c.scn[39m[0m
[  67% ] [90m[1msavepack[22m | 保存文件：res://assets/terrain/Ground_-2_0.glb.import[39m[0m
[  67% ] [90m[1msavepack[22m | 保存文件：res://.godot/imported/Ground_-2_1.glb-e0e81be069222f414c18f82acce52ac2.scn[39m[0m
[  67% ] [90m[1msavepack[22m | 保存文件：res://assets/terrain/Ground_-2_1.glb.import[39m[0m
[  68% ] [90m[1msavepack[22m | 保存文件：res://.godot/imported/Ground_-2_2.glb-c607f20f5e32828a1580fc455acbb58b.scn[39m[0m
[  68% ] [90m[1msavepack[22m | 保存文件：res://assets/terrain/Ground_-2_2.glb.import[39m[0m
[  68% ] [90m[1msavepack[22m | 保存文件：res://.godot/imported/Ground_-2_3.glb-c635f1c91c13454f48779935153d108a.scn[39m[0m
[  68% ] [90m[1msavepack[22m | 保存文件：res://assets/terrain/Ground_-2_3.glb.import[39m[0m
[  68% ] [90m[1msavepack[22m | 保存文件：res://.godot/imported/Ground_-2_4.glb-76f1a18a2e3ff2a5c2c9ec5de7a27df5.scn[39m[0m
[  68% ] [90m[1msavepack[22m | 保存文件：res://assets/terrain/Ground_-2_4.glb.import[39m[0m
[  68% ] [90m[1msavepack[22m | 保存文件：res://.godot/imported/Ground_-2_5.glb-85e08abe84432ba90a2da68da0104ce1.scn[39m[0m
[  68% ] [90m[1msavepack[22m | 保存文件：res://assets/terrain/Ground_-2_5.glb.import[39m[0m
[  68% ] [90m[1msavepack[22m | 保存文件：res://.godot/imported/Ground_-3_-1.glb-1797dd90686251926196d398fd3e7dcd.scn[39m[0m
[  68% ] [90m[1msavepack[22m | 保存文件：res://assets/terrain/Ground_-3_-1.glb.import[39m[0m
[  68% ] [90m[1msavepack[22m | 保存文件：res://.godot/imported/Ground_-3_-10.glb-137b231282f5e426bad0b0ba34aa489c.scn[39m[0m
[  68% ] [90m[1msavepack[22m | 保存文件：res://assets/terrain/Ground_-3_-10.glb.import[39m[0m
[  68% ] [90m[1msavepack[22m | 保存文件：res://.godot/imported/Ground_-3_-2.glb-28a31bc3a9cff6c8929fbd231a3c8cf8.scn[39m[0m
[  68% ] [90m[1msavepack[22m | 保存文件：res://assets/terrain/Ground_-3_-2.glb.import[39m[0m
[  68% ] [90m[1msavepack[22m | 保存文件：res://.godot/imported/Ground_-3_-3.glb-7be215d262fe4a111562e14824ae5cf2.scn[39m[0m
[  68% ] [90m[1msavepack[22m | 保存文件：res://assets/terrain/Ground_-3_-3.glb.import[39m[0m
[  68% ] [90m[1msavepack[22m | 保存文件：res://.godot/imported/Ground_-3_-4.glb-84a8c1915c45cc590e69f2e7c9147f32.scn[39m[0m
[  68% ] [90m[1msavepack[22m | 保存文件：res://assets/terrain/Ground_-3_-4.glb.import[39m[0m
[  68% ] [90m[1msavepack[22m | 保存文件：res://.godot/imported/Ground_-3_-5.glb-c8739872ab308f7f54f141e58d8b7614.scn[39m[0m
[  68% ] [90m[1msavepack[22m | 保存文件：res://assets/terrain/Ground_-3_-5.glb.import[39m[0m
[  68% ] [90m[1msavepack[22m | 保存文件：res://.godot/imported/Ground_-3_-6.glb-98550813ed86fa8b38b7d01cb2cc045a.scn[39m[0m
[  68% ] [90m[1msavepack[22m | 保存文件：res://assets/terrain/Ground_-3_-6.glb.import[39m[0m
[  68% ] [90m[1msavepack[22m | 保存文件：res://.godot/imported/Ground_-3_-7.glb-f77f4522db1425d7cdae2471c5299270.scn[39m[0m
[  68% ] [90m[1msavepack[22m | 保存文件：res://assets/terrain/Ground_-3_-7.glb.import[39m[0m
[  68% ] [90m[1msavepack[22m | 保存文件：res://.godot/imported/Ground_-3_-8.glb-ab82b96e9870ff8e1eec1fe418775111.scn[39m[0m
[  68% ] [90m[1msavepack[22m | 保存文件：res://assets/terrain/Ground_-3_-8.glb.import[39m[0m
[  68% ] [90m[1msavepack[22m | 保存文件：res://.godot/imported/Ground_-3_-9.glb-d65e06bbf554b49f9f64973a47fec632.scn[39m[0m
[  68% ] [90m[1msavepack[22m | 保存文件：res://assets/terrain/Ground_-3_-9.glb.import[39m[0m
[  68% ] [90m[1msavepack[22m | 保存文件：res://.godot/imported/Ground_-3_0.glb-c7fbe7fde70984747e6c2bd098d3d043.scn[39m[0m
[  68% ] [90m[1msavepack[22m | 保存文件：res://assets/terrain/Ground_-3_0.glb.import[39m[0m
[  69% ] [90m[1msavepack[22m | 保存文件：res://.godot/imported/Ground_-3_1.glb-0bc0e1a069052dbbdd2a9000ef677e73.scn[39m[0m
[  69% ] [90m[1msavepack[22m | 保存文件：res://assets/terrain/Ground_-3_1.glb.import[39m[0m
[  69% ] [90m[1msavepack[22m | 保存文件：res://.godot/imported/Ground_-3_2.glb-c5d522ec8c502116c42e1ad91c1f0d74.scn[39m[0m
[  69% ] [90m[1msavepack[22m | 保存文件：res://assets/terrain/Ground_-3_2.glb.import[39m[0m
[  69% ] [90m[1msavepack[22m | 保存文件：res://.godot/imported/Ground_-3_3.glb-1ea059c836b3d7e5fa2d05b68370b004.scn[39m[0m
[  69% ] [90m[1msavepack[22m | 保存文件：res://assets/terrain/Ground_-3_3.glb.import[39m[0m
[  69% ] [90m[1msavepack[22m | 保存文件：res://.godot/imported/Ground_-3_4.glb-55b72077dd342e42eb5c695b30fb508d.scn[39m[0m
[  69% ] [90m[1msavepack[22m | 保存文件：res://assets/terrain/Ground_-3_4.glb.import[39m[0m
[  69% ] [90m[1msavepack[22m | 保存文件：res://.godot/imported/Ground_-3_5.glb-9df3efd2dcd4c813766548b938ad6fda.scn[39m[0m
[  69% ] [90m[1msavepack[22m | 保存文件：res://assets/terrain/Ground_-3_5.glb.import[39m[0m
[  69% ] [90m[1msavepack[22m | 保存文件：res://.godot/imported/Ground_-4_-1.glb-565a65c24ab3609cb588b4899eabfb00.scn[39m[0m
[  69% ] [90m[1msavepack[22m | 保存文件：res://assets/terrain/Ground_-4_-1.glb.import[39m[0m
[  69% ] [90m[1msavepack[22m | 保存文件：res://.godot/imported/Ground_-4_-10.glb-41f1920a7f1d81afb314fdf67093a32e.scn[39m[0m
[  69% ] [90m[1msavepack[22m | 保存文件：res://assets/terrain/Ground_-4_-10.glb.import[39m[0m
[  69% ] [90m[1msavepack[22m | 保存文件：res://.godot/imported/Ground_-4_-2.glb-9e5152a9c3221f04a316538612b3631c.scn[39m[0m
[  69% ] [90m[1msavepack[22m | 保存文件：res://assets/terrain/Ground_-4_-2.glb.import[39m[0m
[  69% ] [90m[1msavepack[22m | 保存文件：res://.godot/imported/Ground_-4_-3.glb-5e1d76b4d7ba81cead513e4c5a0c4093.scn[39m[0m
[  69% ] [90m[1msavepack[22m | 保存文件：res://assets/terrain/Ground_-4_-3.glb.import[39m[0m
[  69% ] [90m[1msavepack[22m | 保存文件：res://.godot/imported/Ground_-4_-4.glb-49377890ea3d4333ebbb1ab316ee0304.scn[39m[0m
[  69% ] [90m[1msavepack[22m | 保存文件：res://assets/terrain/Ground_-4_-4.glb.import[39m[0m
[  69% ] [90m[1msavepack[22m | 保存文件：res://.godot/imported/Ground_-4_-5.glb-a33e4b37edc7452d6d1005a838b410cc.scn[39m[0m
[  69% ] [90m[1msavepack[22m | 保存文件：res://assets/terrain/Ground_-4_-5.glb.import[39m[0m
[  69% ] [90m[1msavepack[22m | 保存文件：res://.godot/imported/Ground_-4_-6.glb-4ab651092607442eb9155e274edf513a.scn[39m[0m
[  69% ] [90m[1msavepack[22m | 保存文件：res://assets/terrain/Ground_-4_-6.glb.import[39m[0m
[  69% ] [90m[1msavepack[22m | 保存文件：res://.godot/imported/Ground_-4_-7.glb-35165afe06fe159f332b0340360aa552.scn[39m[0m
[  69% ] [90m[1msavepack[22m | 保存文件：res://assets/terrain/Ground_-4_-7.glb.import[39m[0m
[  69% ] [90m[1msavepack[22m | 保存文件：res://.godot/imported/Ground_-4_-8.glb-4bab420892a26b3f88802033cfbd108f.scn[39m[0m
[  69% ] [90m[1msavepack[22m | 保存文件：res://assets/terrain/Ground_-4_-8.glb.import[39m[0m
[  69% ] [90m[1msavepack[22m | 保存文件：res://.godot/imported/Ground_-4_-9.glb-8426ed06988be7db80ff6d7c291f0f36.scn[39m[0m
[  69% ] [90m[1msavepack[22m | 保存文件：res://assets/terrain/Ground_-4_-9.glb.import[39m[0m
[  70% ] [90m[1msavepack[22m | 保存文件：res://.godot/imported/Ground_-4_0.glb-0713db48f43609e633c06f7e88531705.scn[39m[0m
[  70% ] [90m[1msavepack[22m | 保存文件：res://assets/terrain/Ground_-4_0.glb.import[39m[0m
[  70% ] [90m[1msavepack[22m | 保存文件：res://.godot/imported/Ground_-4_1.glb-53beae80c81507a73197fea15b90210a.scn[39m[0m
[  70% ] [90m[1msavepack[22m | 保存文件：res://assets/terrain/Ground_-4_1.glb.import[39m[0m
[  70% ] [90m[1msavepack[22m | 保存文件：res://.godot/imported/Ground_-4_2.glb-bfd61f5a76a9867078c7869ac71d229f.scn[39m[0m
[  70% ] [90m[1msavepack[22m | 保存文件：res://assets/terrain/Ground_-4_2.glb.import[39m[0m
[  70% ] [90m[1msavepack[22m | 保存文件：res://.godot/imported/Ground_-4_3.glb-03130ea16291d92c543c465c69f92725.scn[39m[0m
[  70% ] [90m[1msavepack[22m | 保存文件：res://assets/terrain/Ground_-4_3.glb.import[39m[0m
[  70% ] [90m[1msavepack[22m | 保存文件：res://.godot/imported/Ground_-4_4.glb-6e8d3d64cbbd548f90d0818b212efd2f.scn[39m[0m
[  70% ] [90m[1msavepack[22m | 保存文件：res://assets/terrain/Ground_-4_4.glb.import[39m[0m
[  70% ] [90m[1msavepack[22m | 保存文件：res://.godot/imported/Ground_-4_5.glb-b0e8eb223a9364461e2aa63be107b0c4.scn[39m[0m
[  70% ] [90m[1msavepack[22m | 保存文件：res://assets/terrain/Ground_-4_5.glb.import[39m[0m
[  70% ] [90m[1msavepack[22m | 保存文件：res://.godot/imported/Ground_-5_-1.glb-e84d3c38b1291a85d5d1efe372018cc5.scn[39m[0m
[  70% ] [90m[1msavepack[22m | 保存文件：res://assets/terrain/Ground_-5_-1.glb.import[39m[0m
[  70% ] [90m[1msavepack[22m | 保存文件：res://.godot/imported/Ground_-5_-10.glb-92feac240558d7ac167d0233b67505fc.scn[39m[0m
[  70% ] [90m[1msavepack[22m | 保存文件：res://assets/terrain/Ground_-5_-10.glb.import[39m[0m
[  70% ] [90m[1msavepack[22m | 保存文件：res://.godot/imported/Ground_-5_-2.glb-599f780d61782823cb4580a82a2ba183.scn[39m[0m
[  70% ] [90m[1msavepack[22m | 保存文件：res://assets/terrain/Ground_-5_-2.glb.import[39m[0m
[  70% ] [90m[1msavepack[22m | 保存文件：res://.godot/imported/Ground_-5_-3.glb-57fe79710f512a3da69a14e1847c91e6.scn[39m[0m
[  70% ] [90m[1msavepack[22m | 保存文件：res://assets/terrain/Ground_-5_-3.glb.import[39m[0m
[  70% ] [90m[1msavepack[22m | 保存文件：res://.godot/imported/Ground_-5_-4.glb-9058fd31f736d6fdf068c4a9409b2c6d.scn[39m[0m
[  70% ] [90m[1msavepack[22m | 保存文件：res://assets/terrain/Ground_-5_-4.glb.import[39m[0m
[  70% ] [90m[1msavepack[22m | 保存文件：res://.godot/imported/Ground_-5_-5.glb-3ea1d3cc405e7fa433e973ce41117130.scn[39m[0m
[  70% ] [90m[1msavepack[22m | 保存文件：res://assets/terrain/Ground_-5_-5.glb.import[39m[0m
[  70% ] [90m[1msavepack[22m | 保存文件：res://.godot/imported/Ground_-5_-6.glb-798a00ecbbddf88662a3821d361a3ae0.scn[39m[0m
[  70% ] [90m[1msavepack[22m | 保存文件：res://assets/terrain/Ground_-5_-6.glb.import[39m[0m
[  70% ] [90m[1msavepack[22m | 保存文件：res://.godot/imported/Ground_-5_-7.glb-041545b1c31bed460c4991efc210b2dc.scn[39m[0m
[  70% ] [90m[1msavepack[22m | 保存文件：res://assets/terrain/Ground_-5_-7.glb.import[39m[0m
[  70% ] [90m[1msavepack[22m | 保存文件：res://.godot/imported/Ground_-5_-8.glb-3bf9d745951060604ab0e1e30899906e.scn[39m[0m
[  70% ] [90m[1msavepack[22m | 保存文件：res://assets/terrain/Ground_-5_-8.glb.import[39m[0m
[  70% ] [90m[1msavepack[22m | 保存文件：res://.godot/imported/Ground_-5_-9.glb-3dfc40b962192270c37dc5273fbbc26a.scn[39m[0m
[  70% ] [90m[1msavepack[22m | 保存文件：res://assets/terrain/Ground_-5_-9.glb.import[39m[0m
[  71% ] [90m[1msavepack[22m | 保存文件：res://.godot/imported/Ground_-5_0.glb-f775c24da6be175fcd9a594f36c07d42.scn[39m[0m
[  71% ] [90m[1msavepack[22m | 保存文件：res://assets/terrain/Ground_-5_0.glb.import[39m[0m
[  71% ] [90m[1msavepack[22m | 保存文件：res://.godot/imported/Ground_-5_1.glb-f099a016672c644e8152ee78b234e399.scn[39m[0m
[  71% ] [90m[1msavepack[22m | 保存文件：res://assets/terrain/Ground_-5_1.glb.import[39m[0m
[  71% ] [90m[1msavepack[22m | 保存文件：res://.godot/imported/Ground_-5_2.glb-0d097c19a279b99c2de82182daffd46d.scn[39m[0m
[  71% ] [90m[1msavepack[22m | 保存文件：res://assets/terrain/Ground_-5_2.glb.import[39m[0m
[  71% ] [90m[1msavepack[22m | 保存文件：res://.godot/imported/Ground_-5_3.glb-05948b289cdb55a574f123450ab9900d.scn[39m[0m
[  71% ] [90m[1msavepack[22m | 保存文件：res://assets/terrain/Ground_-5_3.glb.import[39m[0m
[  71% ] [90m[1msavepack[22m | 保存文件：res://.godot/imported/Ground_-5_4.glb-5abd8795bda80f1740b3775ab35e5f99.scn[39m[0m
[  71% ] [90m[1msavepack[22m | 保存文件：res://assets/terrain/Ground_-5_4.glb.import[39m[0m
[  71% ] [90m[1msavepack[22m | 保存文件：res://.godot/imported/Ground_-5_5.glb-f9dde9c459f24b8734e06d78f8848dd3.scn[39m[0m
[  71% ] [90m[1msavepack[22m | 保存文件：res://assets/terrain/Ground_-5_5.glb.import[39m[0m
[  71% ] [90m[1msavepack[22m | 保存文件：res://.godot/imported/Ground_-6_-1.glb-763ec25c78f6d7d4c3569d91680ea2ad.scn[39m[0m
[  71% ] [90m[1msavepack[22m | 保存文件：res://assets/terrain/Ground_-6_-1.glb.import[39m[0m
[  71% ] [90m[1msavepack[22m | 保存文件：res://.godot/imported/Ground_-6_-10.glb-274973ed8d0608445470a70dce18fed8.scn[39m[0m
[  71% ] [90m[1msavepack[22m | 保存文件：res://assets/terrain/Ground_-6_-10.glb.import[39m[0m
[  71% ] [90m[1msavepack[22m | 保存文件：res://.godot/imported/Ground_-6_-2.glb-de04a7fe132b70694da5a25efec3a49f.scn[39m[0m
[  71% ] [90m[1msavepack[22m | 保存文件：res://assets/terrain/Ground_-6_-2.glb.import[39m[0m
[  71% ] [90m[1msavepack[22m | 保存文件：res://.godot/imported/Ground_-6_-3.glb-435dc404c6b4e97788caa848baad9435.scn[39m[0m
[  71% ] [90m[1msavepack[22m | 保存文件：res://assets/terrain/Ground_-6_-3.glb.import[39m[0m
[  71% ] [90m[1msavepack[22m | 保存文件：res://.godot/imported/Ground_-6_-4.glb-c44b33d7fbf2ad13889555146e5a4910.scn[39m[0m
[  71% ] [90m[1msavepack[22m | 保存文件：res://assets/terrain/Ground_-6_-4.glb.import[39m[0m
[  71% ] [90m[1msavepack[22m | 保存文件：res://.godot/imported/Ground_-6_-5.glb-2a3da3ad44656786baa027618871c19e.scn[39m[0m
[  71% ] [90m[1msavepack[22m | 保存文件：res://assets/terrain/Ground_-6_-5.glb.import[39m[0m
[  71% ] [90m[1msavepack[22m | 保存文件：res://.godot/imported/Ground_-6_-6.glb-c930eb893c2b4bd32d94298eaa19098b.scn[39m[0m
[  71% ] [90m[1msavepack[22m | 保存文件：res://assets/terrain/Ground_-6_-6.glb.import[39m[0m
[  71% ] [90m[1msavepack[22m | 保存文件：res://.godot/imported/Ground_-6_-7.glb-e0c59f2528d7e804b65ad52ea08d8d42.scn[39m[0m
[  71% ] [90m[1msavepack[22m | 保存文件：res://assets/terrain/Ground_-6_-7.glb.import[39m[0m
[  71% ] [90m[1msavepack[22m | 保存文件：res://.godot/imported/Ground_-6_-8.glb-9c4aae2f2ca4045f0e00697ba4d23fef.scn[39m[0m
[  71% ] [90m[1msavepack[22m | 保存文件：res://assets/terrain/Ground_-6_-8.glb.import[39m[0m
[  72% ] [90m[1msavepack[22m | 保存文件：res://.godot/imported/Ground_-6_-9.glb-a3fe7a9e410f9b5d343599ddfad1c9dd.scn[39m[0m
[  72% ] [90m[1msavepack[22m | 保存文件：res://assets/terrain/Ground_-6_-9.glb.import[39m[0m
[  72% ] [90m[1msavepack[22m | 保存文件：res://.godot/imported/Ground_-6_0.glb-40a64dd9076212b673bda198d5715b97.scn[39m[0m
[  72% ] [90m[1msavepack[22m | 保存文件：res://assets/terrain/Ground_-6_0.glb.import[39m[0m
[  72% ] [90m[1msavepack[22m | 保存文件：res://.godot/imported/Ground_-6_1.glb-71edee0f12c3101d0300efd55559e1aa.scn[39m[0m
[  72% ] [90m[1msavepack[22m | 保存文件：res://assets/terrain/Ground_-6_1.glb.import[39m[0m
[  72% ] [90m[1msavepack[22m | 保存文件：res://.godot/imported/Ground_-6_2.glb-fc34d876ca863ae9734ae93eb977e4d1.scn[39m[0m
[  72% ] [90m[1msavepack[22m | 保存文件：res://assets/terrain/Ground_-6_2.glb.import[39m[0m
[  72% ] [90m[1msavepack[22m | 保存文件：res://.godot/imported/Ground_-6_3.glb-89f1aacf583fbe245b9b23e24a4a3b10.scn[39m[0m
[  72% ] [90m[1msavepack[22m | 保存文件：res://assets/terrain/Ground_-6_3.glb.import[39m[0m
[  72% ] [90m[1msavepack[22m | 保存文件：res://.godot/imported/Ground_-6_4.glb-9ceb5d52ddb090c425c7fb8505a69fdd.scn[39m[0m
[  72% ] [90m[1msavepack[22m | 保存文件：res://assets/terrain/Ground_-6_4.glb.import[39m[0m
[  72% ] [90m[1msavepack[22m | 保存文件：res://.godot/imported/Ground_-6_5.glb-5128154076dc02e5d4d1f84aa245f69e.scn[39m[0m
[  72% ] [90m[1msavepack[22m | 保存文件：res://assets/terrain/Ground_-6_5.glb.import[39m[0m
[  72% ] [90m[1msavepack[22m | 保存文件：res://.godot/imported/Ground_0_-1.glb-70bbcc8051e6f651982cd6745bd22f34.scn[39m[0m
[  72% ] [90m[1msavepack[22m | 保存文件：res://assets/terrain/Ground_0_-1.glb.import[39m[0m
[  72% ] [90m[1msavepack[22m | 保存文件：res://.godot/imported/Ground_0_-10.glb-731447b81e950a28b39bf6a6a2676862.scn[39m[0m
[  72% ] [90m[1msavepack[22m | 保存文件：res://assets/terrain/Ground_0_-10.glb.import[39m[0m
[  72% ] [90m[1msavepack[22m | 保存文件：res://.godot/imported/Ground_0_-2.glb-db13aa97c7c7282388d2e137fb520fbd.scn[39m[0m
[  72% ] [90m[1msavepack[22m | 保存文件：res://assets/terrain/Ground_0_-2.glb.import[39m[0m
[  72% ] [90m[1msavepack[22m | 保存文件：res://.godot/imported/Ground_0_-3.glb-0186fe30377b9b7281110f6ed2034b83.scn[39m[0m
[  72% ] [90m[1msavepack[22m | 保存文件：res://assets/terrain/Ground_0_-3.glb.import[39m[0m
[  72% ] [90m[1msavepack[22m | 保存文件：res://.godot/imported/Ground_0_-4.glb-ab8987c61bcbe8589378786262572ee1.scn[39m[0m
[  72% ] [90m[1msavepack[22m | 保存文件：res://assets/terrain/Ground_0_-4.glb.import[39m[0m
[  72% ] [90m[1msavepack[22m | 保存文件：res://.godot/imported/Ground_0_-5.glb-acb38b68f6222c9f49030cc1332d64c6.scn[39m[0m
[  72% ] [90m[1msavepack[22m | 保存文件：res://assets/terrain/Ground_0_-5.glb.import[39m[0m
[  72% ] [90m[1msavepack[22m | 保存文件：res://.godot/imported/Ground_0_-6.glb-a3aaea7e98aa967eb5bb248c76d469eb.scn[39m[0m
[  72% ] [90m[1msavepack[22m | 保存文件：res://assets/terrain/Ground_0_-6.glb.import[39m[0m
[  72% ] [90m[1msavepack[22m | 保存文件：res://.godot/imported/Ground_0_-7.glb-539713eb52144107130870f0cced0774.scn[39m[0m
[  72% ] [90m[1msavepack[22m | 保存文件：res://assets/terrain/Ground_0_-7.glb.import[39m[0m
[  72% ] [90m[1msavepack[22m | 保存文件：res://.godot/imported/Ground_0_-8.glb-6d9fa79f16df53db111a2fb654c2e628.scn[39m[0m
[  72% ] [90m[1msavepack[22m | 保存文件：res://assets/terrain/Ground_0_-8.glb.import[39m[0m
[  73% ] [90m[1msavepack[22m | 保存文件：res://.godot/imported/Ground_0_-9.glb-a40f903c33f2ac9adc7903e0366bfcb4.scn[39m[0m
[  73% ] [90m[1msavepack[22m | 保存文件：res://assets/terrain/Ground_0_-9.glb.import[39m[0m
[  73% ] [90m[1msavepack[22m | 保存文件：res://.godot/imported/Ground_0_0.glb-889ae385959abc350d4e53627dc6e62b.scn[39m[0m
[  73% ] [90m[1msavepack[22m | 保存文件：res://assets/terrain/Ground_0_0.glb.import[39m[0m
[  73% ] [90m[1msavepack[22m | 保存文件：res://.godot/imported/Ground_0_1.glb-616141d42e7f74d80c5716b3f54a60ad.scn[39m[0m
[  73% ] [90m[1msavepack[22m | 保存文件：res://assets/terrain/Ground_0_1.glb.import[39m[0m
[  73% ] [90m[1msavepack[22m | 保存文件：res://.godot/imported/Ground_0_2.glb-33817e8a645b5d9cdb3d284a23526e68.scn[39m[0m
[  73% ] [90m[1msavepack[22m | 保存文件：res://assets/terrain/Ground_0_2.glb.import[39m[0m
[  73% ] [90m[1msavepack[22m | 保存文件：res://.godot/imported/Ground_0_3.glb-8d873f736384775ddf88f83c9b121b4c.scn[39m[0m
[  73% ] [90m[1msavepack[22m | 保存文件：res://assets/terrain/Ground_0_3.glb.import[39m[0m
[  73% ] [90m[1msavepack[22m | 保存文件：res://.godot/imported/Ground_0_4.glb-0f7ab23f17a0457d69c8855b94807a80.scn[39m[0m
[  73% ] [90m[1msavepack[22m | 保存文件：res://assets/terrain/Ground_0_4.glb.import[39m[0m
[  73% ] [90m[1msavepack[22m | 保存文件：res://.godot/imported/Ground_0_5.glb-ad355993c86eeb88567b2efc06e631c2.scn[39m[0m
[  73% ] [90m[1msavepack[22m | 保存文件：res://assets/terrain/Ground_0_5.glb.import[39m[0m
[  73% ] [90m[1msavepack[22m | 保存文件：res://.godot/imported/Ground_1_-1.glb-e99496cb6b7f19c9156eb9b9c4b9fd63.scn[39m[0m
[  73% ] [90m[1msavepack[22m | 保存文件：res://assets/terrain/Ground_1_-1.glb.import[39m[0m
[  73% ] [90m[1msavepack[22m | 保存文件：res://.godot/imported/Ground_1_-10.glb-4b4bbc53547e566c9585ac0d87a67a9f.scn[39m[0m
[  73% ] [90m[1msavepack[22m | 保存文件：res://assets/terrain/Ground_1_-10.glb.import[39m[0m
[  73% ] [90m[1msavepack[22m | 保存文件：res://.godot/imported/Ground_1_-2.glb-9c68a8ca96fe3b3c1e59c75de7b51554.scn[39m[0m
[  73% ] [90m[1msavepack[22m | 保存文件：res://assets/terrain/Ground_1_-2.glb.import[39m[0m
[  73% ] [90m[1msavepack[22m | 保存文件：res://.godot/imported/Ground_1_-3.glb-5e27748ff51262440eaff3728ed830c0.scn[39m[0m
[  73% ] [90m[1msavepack[22m | 保存文件：res://assets/terrain/Ground_1_-3.glb.import[39m[0m
[  73% ] [90m[1msavepack[22m | 保存文件：res://.godot/imported/Ground_1_-4.glb-7c0c62fa5ae23426e70ffde61be21f1e.scn[39m[0m
[  73% ] [90m[1msavepack[22m | 保存文件：res://assets/terrain/Ground_1_-4.glb.import[39m[0m
[  73% ] [90m[1msavepack[22m | 保存文件：res://.godot/imported/Ground_1_-5.glb-62098598f5311d0fd271a0c54b4fd7bc.scn[39m[0m
[  73% ] [90m[1msavepack[22m | 保存文件：res://assets/terrain/Ground_1_-5.glb.import[39m[0m
[  73% ] [90m[1msavepack[22m | 保存文件：res://.godot/imported/Ground_1_-6.glb-315fcf60ae8baa5322d03148f468d0c2.scn[39m[0m
[  73% ] [90m[1msavepack[22m | 保存文件：res://assets/terrain/Ground_1_-6.glb.import[39m[0m
[  73% ] [90m[1msavepack[22m | 保存文件：res://.godot/imported/Ground_1_-7.glb-367bf95b10edb5cd567b76f0721f7fa0.scn[39m[0m
[  73% ] [90m[1msavepack[22m | 保存文件：res://assets/terrain/Ground_1_-7.glb.import[39m[0m
[  74% ] [90m[1msavepack[22m | 保存文件：res://.godot/imported/Ground_1_-8.glb-df888863d42cd4f82b6227bc44312d0e.scn[39m[0m
[  74% ] [90m[1msavepack[22m | 保存文件：res://assets/terrain/Ground_1_-8.glb.import[39m[0m
[  74% ] [90m[1msavepack[22m | 保存文件：res://.godot/imported/Ground_1_-9.glb-c51c5f202843967ff64d515369643b90.scn[39m[0m
[  74% ] [90m[1msavepack[22m | 保存文件：res://assets/terrain/Ground_1_-9.glb.import[39m[0m
[  74% ] [90m[1msavepack[22m | 保存文件：res://.godot/imported/Ground_1_0.glb-c391dc710b86e8676d62ca01e66a9e66.scn[39m[0m
[  74% ] [90m[1msavepack[22m | 保存文件：res://assets/terrain/Ground_1_0.glb.import[39m[0m
[  74% ] [90m[1msavepack[22m | 保存文件：res://.godot/imported/Ground_1_1.glb-f3345fd8e0a410537dedea5d905b7317.scn[39m[0m
[  74% ] [90m[1msavepack[22m | 保存文件：res://assets/terrain/Ground_1_1.glb.import[39m[0m
[  74% ] [90m[1msavepack[22m | 保存文件：res://.godot/imported/Ground_1_2.glb-bcd475b324c91e021170502b41f50385.scn[39m[0m
[  74% ] [90m[1msavepack[22m | 保存文件：res://assets/terrain/Ground_1_2.glb.import[39m[0m
[  74% ] [90m[1msavepack[22m | 保存文件：res://.godot/imported/Ground_1_3.glb-54e8060129f0b4dbabc0885712bafb37.scn[39m[0m
[  74% ] [90m[1msavepack[22m | 保存文件：res://assets/terrain/Ground_1_3.glb.import[39m[0m
[  74% ] [90m[1msavepack[22m | 保存文件：res://.godot/imported/Ground_1_4.glb-f500a2a63ad57b7984b937ac88f1bfe2.scn[39m[0m
[  74% ] [90m[1msavepack[22m | 保存文件：res://assets/terrain/Ground_1_4.glb.import[39m[0m
[  74% ] [90m[1msavepack[22m | 保存文件：res://.godot/imported/Ground_1_5.glb-1ae7a44de9c9f019dd9b55847aae0ca8.scn[39m[0m
[  74% ] [90m[1msavepack[22m | 保存文件：res://assets/terrain/Ground_1_5.glb.import[39m[0m
[  74% ] [90m[1msavepack[22m | 保存文件：res://.godot/imported/Ground_2_-1.glb-c7f94498f0d03a1219cb1fc719281bb5.scn[39m[0m
[  74% ] [90m[1msavepack[22m | 保存文件：res://assets/terrain/Ground_2_-1.glb.import[39m[0m
[  74% ] [90m[1msavepack[22m | 保存文件：res://.godot/imported/Ground_2_-10.glb-f3542605c4280c120eac6e04232a17cf.scn[39m[0m
[  74% ] [90m[1msavepack[22m | 保存文件：res://assets/terrain/Ground_2_-10.glb.import[39m[0m
[  74% ] [90m[1msavepack[22m | 保存文件：res://.godot/imported/Ground_2_-2.glb-8ee684e16776b04fca5b3d5835677785.scn[39m[0m
[  74% ] [90m[1msavepack[22m | 保存文件：res://assets/terrain/Ground_2_-2.glb.import[39m[0m
[  74% ] [90m[1msavepack[22m | 保存文件：res://.godot/imported/Ground_2_-3.glb-5bfae950e04681e027b1a11573df3d9e.scn[39m[0m
[  74% ] [90m[1msavepack[22m | 保存文件：res://assets/terrain/Ground_2_-3.glb.import[39m[0m
[  74% ] [90m[1msavepack[22m | 保存文件：res://.godot/imported/Ground_2_-4.glb-5f66260c2dd07445c8e8ac90bea49a85.scn[39m[0m
[  74% ] [90m[1msavepack[22m | 保存文件：res://assets/terrain/Ground_2_-4.glb.import[39m[0m
[  74% ] [90m[1msavepack[22m | 保存文件：res://.godot/imported/Ground_2_-5.glb-07ce17f1cc0ce4d42eb463fa6d45daf3.scn[39m[0m
[  74% ] [90m[1msavepack[22m | 保存文件：res://assets/terrain/Ground_2_-5.glb.import[39m[0m
[  74% ] [90m[1msavepack[22m | 保存文件：res://.godot/imported/Ground_2_-6.glb-12196cc703e20f94134f9e4884ea6dba.scn[39m[0m
[  74% ] [90m[1msavepack[22m | 保存文件：res://assets/terrain/Ground_2_-6.glb.import[39m[0m
[  75% ] [90m[1msavepack[22m | 保存文件：res://.godot/imported/Ground_2_-7.glb-7a629ccef22a14108908f36778f1e630.scn[39m[0m
[  75% ] [90m[1msavepack[22m | 保存文件：res://assets/terrain/Ground_2_-7.glb.import[39m[0m
[  75% ] [90m[1msavepack[22m | 保存文件：res://.godot/imported/Ground_2_-8.glb-f2986a59262dc615cdba41840b549dd9.scn[39m[0m
[  75% ] [90m[1msavepack[22m | 保存文件：res://assets/terrain/Ground_2_-8.glb.import[39m[0m
[  75% ] [90m[1msavepack[22m | 保存文件：res://.godot/imported/Ground_2_-9.glb-11b2a62a6ad758093958807555104f19.scn[39m[0m
[  75% ] [90m[1msavepack[22m | 保存文件：res://assets/terrain/Ground_2_-9.glb.import[39m[0m
[  75% ] [90m[1msavepack[22m | 保存文件：res://.godot/imported/Ground_2_0.glb-054649011502f38edd9721573c6930f2.scn[39m[0m
[  75% ] [90m[1msavepack[22m | 保存文件：res://assets/terrain/Ground_2_0.glb.import[39m[0m
[  75% ] [90m[1msavepack[22m | 保存文件：res://.godot/imported/Ground_2_1.glb-894399c775692329692f20d0f846368e.scn[39m[0m
[  75% ] [90m[1msavepack[22m | 保存文件：res://assets/terrain/Ground_2_1.glb.import[39m[0m
[  75% ] [90m[1msavepack[22m | 保存文件：res://.godot/imported/Ground_2_2.glb-aabcee9ce805d5621e126f91225c46c5.scn[39m[0m
[  75% ] [90m[1msavepack[22m | 保存文件：res://assets/terrain/Ground_2_2.glb.import[39m[0m
[  75% ] [90m[1msavepack[22m | 保存文件：res://.godot/imported/Ground_2_3.glb-45e6f0fb7892af3b2e65cf93120a3f31.scn[39m[0m
[  75% ] [90m[1msavepack[22m | 保存文件：res://assets/terrain/Ground_2_3.glb.import[39m[0m
[  75% ] [90m[1msavepack[22m | 保存文件：res://.godot/imported/Ground_2_4.glb-22b5ccc0ad96047258c30796af1e740e.scn[39m[0m
[  75% ] [90m[1msavepack[22m | 保存文件：res://assets/terrain/Ground_2_4.glb.import[39m[0m
[  75% ] [90m[1msavepack[22m | 保存文件：res://.godot/imported/Ground_2_5.glb-4eb166c119fbabee01755141a2049b05.scn[39m[0m
[  75% ] [90m[1msavepack[22m | 保存文件：res://assets/terrain/Ground_2_5.glb.import[39m[0m
[  75% ] [90m[1msavepack[22m | 保存文件：res://.godot/imported/Ground_3_-1.glb-1551974bf98c0e81a17ccb95a8d93c10.scn[39m[0m
[  75% ] [90m[1msavepack[22m | 保存文件：res://assets/terrain/Ground_3_-1.glb.import[39m[0m
[  75% ] [90m[1msavepack[22m | 保存文件：res://.godot/imported/Ground_3_-10.glb-c2178aac00a3d77be9e0797977fb2fca.scn[39m[0m
[  75% ] [90m[1msavepack[22m | 保存文件：res://assets/terrain/Ground_3_-10.glb.import[39m[0m
[  75% ] [90m[1msavepack[22m | 保存文件：res://.godot/imported/Ground_3_-2.glb-ff3f65db237c66d5fbdfc6798e462d14.scn[39m[0m
[  75% ] [90m[1msavepack[22m | 保存文件：res://assets/terrain/Ground_3_-2.glb.import[39m[0m
[  75% ] [90m[1msavepack[22m | 保存文件：res://.godot/imported/Ground_3_-3.glb-171b8e912cae5b161f0c8828f2d2573f.scn[39m[0m
[  75% ] [90m[1msavepack[22m | 保存文件：res://assets/terrain/Ground_3_-3.glb.import[39m[0m
[  75% ] [90m[1msavepack[22m | 保存文件：res://.godot/imported/Ground_3_-4.glb-63f5cb9bae6b76676ff650afae3dbe47.scn[39m[0m
[  75% ] [90m[1msavepack[22m | 保存文件：res://assets/terrain/Ground_3_-4.glb.import[39m[0m
[  75% ] [90m[1msavepack[22m | 保存文件：res://.godot/imported/Ground_3_-5.glb-75d89207df68eefc5b980591e778ef93.scn[39m[0m
[  75% ] [90m[1msavepack[22m | 保存文件：res://assets/terrain/Ground_3_-5.glb.import[39m[0m
[  75% ] [90m[1msavepack[22m | 保存文件：res://.godot/imported/Ground_3_-6.glb-2217d687ecedd3e2d189e2b1dd488720.scn[39m[0m
[  75% ] [90m[1msavepack[22m | 保存文件：res://assets/terrain/Ground_3_-6.glb.import[39m[0m
[  76% ] [90m[1msavepack[22m | 保存文件：res://.godot/imported/Ground_3_-7.glb-3ff7a0c482eac21cf408d59d589b4656.scn[39m[0m
[  76% ] [90m[1msavepack[22m | 保存文件：res://assets/terrain/Ground_3_-7.glb.import[39m[0m
[  76% ] [90m[1msavepack[22m | 保存文件：res://.godot/imported/Ground_3_-8.glb-64e3780e9a6c094a2aba9de208150b0d.scn[39m[0m
[  76% ] [90m[1msavepack[22m | 保存文件：res://assets/terrain/Ground_3_-8.glb.import[39m[0m
[  76% ] [90m[1msavepack[22m | 保存文件：res://.godot/imported/Ground_3_-9.glb-da023166b09eeda81010ea6098ef6b16.scn[39m[0m
[  76% ] [90m[1msavepack[22m | 保存文件：res://assets/terrain/Ground_3_-9.glb.import[39m[0m
[  76% ] [90m[1msavepack[22m | 保存文件：res://.godot/imported/Ground_3_0.glb-802c3e95b8d0b0aade11d0e4a1cfccca.scn[39m[0m
[  76% ] [90m[1msavepack[22m | 保存文件：res://assets/terrain/Ground_3_0.glb.import[39m[0m
[  76% ] [90m[1msavepack[22m | 保存文件：res://.godot/imported/Ground_3_1.glb-f92ada45de6cad8a85bfec5b5f4ce9c2.scn[39m[0m
[  76% ] [90m[1msavepack[22m | 保存文件：res://assets/terrain/Ground_3_1.glb.import[39m[0m
[  76% ] [90m[1msavepack[22m | 保存文件：res://.godot/imported/Ground_3_2.glb-369a2496aac5d240ea5f71b43a305ff9.scn[39m[0m
[  76% ] [90m[1msavepack[22m | 保存文件：res://assets/terrain/Ground_3_2.glb.import[39m[0m
[  76% ] [90m[1msavepack[22m | 保存文件：res://.godot/imported/Ground_3_3.glb-0b3b0da8c5ae6d5cc591b1ff388479e6.scn[39m[0m
[  76% ] [90m[1msavepack[22m | 保存文件：res://assets/terrain/Ground_3_3.glb.import[39m[0m
[  76% ] [90m[1msavepack[22m | 保存文件：res://.godot/imported/Ground_3_4.glb-7d54f2658589b708e8335a2c4e0031aa.scn[39m[0m
[  76% ] [90m[1msavepack[22m | 保存文件：res://assets/terrain/Ground_3_4.glb.import[39m[0m
[  76% ] [90m[1msavepack[22m | 保存文件：res://.godot/imported/Ground_3_5.glb-652208f9c1fa2c4b167ec3666fbbc6f3.scn[39m[0m
[  76% ] [90m[1msavepack[22m | 保存文件：res://assets/terrain/Ground_3_5.glb.import[39m[0m
[  76% ] [90m[1msavepack[22m | 保存文件：res://.godot/imported/Ground_4_-1.glb-245afa12589baa4b52bd60e4b6cc36e0.scn[39m[0m
[  76% ] [90m[1msavepack[22m | 保存文件：res://assets/terrain/Ground_4_-1.glb.import[39m[0m
[  76% ] [90m[1msavepack[22m | 保存文件：res://.godot/imported/Ground_4_-10.glb-858a34fcea61eed33d1e6cb73d3509fd.scn[39m[0m
[  76% ] [90m[1msavepack[22m | 保存文件：res://assets/terrain/Ground_4_-10.glb.import[39m[0m
[  76% ] [90m[1msavepack[22m | 保存文件：res://.godot/imported/Ground_4_-2.glb-28c04b41ad299ece378fe19deb58420c.scn[39m[0m
[  76% ] [90m[1msavepack[22m | 保存文件：res://assets/terrain/Ground_4_-2.glb.import[39m[0m
[  76% ] [90m[1msavepack[22m | 保存文件：res://.godot/imported/Ground_4_-3.glb-d01253161a8d78a99cba560677c33e4d.scn[39m[0m
[  76% ] [90m[1msavepack[22m | 保存文件：res://assets/terrain/Ground_4_-3.glb.import[39m[0m
[  76% ] [90m[1msavepack[22m | 保存文件：res://.godot/imported/Ground_4_-4.glb-ab839b5562dfd4814cc4887a76428710.scn[39m[0m
[  76% ] [90m[1msavepack[22m | 保存文件：res://assets/terrain/Ground_4_-4.glb.import[39m[0m
[  76% ] [90m[1msavepack[22m | 保存文件：res://.godot/imported/Ground_4_-5.glb-e1c556b07c27d4c765fa288cd1811853.scn[39m[0m
[  76% ] [90m[1msavepack[22m | 保存文件：res://assets/terrain/Ground_4_-5.glb.import[39m[0m
[  77% ] [90m[1msavepack[22m | 保存文件：res://.godot/imported/Ground_4_-6.glb-be119191aa0752caa5b8bd19c6a48e78.scn[39m[0m
[  77% ] [90m[1msavepack[22m | 保存文件：res://assets/terrain/Ground_4_-6.glb.import[39m[0m
[  77% ] [90m[1msavepack[22m | 保存文件：res://.godot/imported/Ground_4_-7.glb-a2ebcf83f176fa579a08d3ebc700c6c7.scn[39m[0m
[  77% ] [90m[1msavepack[22m | 保存文件：res://assets/terrain/Ground_4_-7.glb.import[39m[0m
[  77% ] [90m[1msavepack[22m | 保存文件：res://.godot/imported/Ground_4_-8.glb-e2bb4e6e3ae3b7bf0a23b2e9057da07c.scn[39m[0m
[  77% ] [90m[1msavepack[22m | 保存文件：res://assets/terrain/Ground_4_-8.glb.import[39m[0m
[  77% ] [90m[1msavepack[22m | 保存文件：res://.godot/imported/Ground_4_-9.glb-f1c3e7c081c48ed5cd7bb37a789fcfb7.scn[39m[0m
[  77% ] [90m[1msavepack[22m | 保存文件：res://assets/terrain/Ground_4_-9.glb.import[39m[0m
[  77% ] [90m[1msavepack[22m | 保存文件：res://.godot/imported/Ground_4_0.glb-2541baf9b91c6dd4f78ba3587f413b4f.scn[39m[0m
[  77% ] [90m[1msavepack[22m | 保存文件：res://assets/terrain/Ground_4_0.glb.import[39m[0m
[  77% ] [90m[1msavepack[22m | 保存文件：res://.godot/imported/Ground_4_1.glb-f76bd0375311805352e13c2877ee7df7.scn[39m[0m
[  77% ] [90m[1msavepack[22m | 保存文件：res://assets/terrain/Ground_4_1.glb.import[39m[0m
[  77% ] [90m[1msavepack[22m | 保存文件：res://.godot/imported/Ground_4_2.glb-ae21d199148e50d3b55c7dda93f192ba.scn[39m[0m
[  77% ] [90m[1msavepack[22m | 保存文件：res://assets/terrain/Ground_4_2.glb.import[39m[0m
[  77% ] [90m[1msavepack[22m | 保存文件：res://.godot/imported/Ground_4_3.glb-00432a12ab77fd576445bca0e8c900df.scn[39m[0m
[  77% ] [90m[1msavepack[22m | 保存文件：res://assets/terrain/Ground_4_3.glb.import[39m[0m
[  77% ] [90m[1msavepack[22m | 保存文件：res://.godot/imported/Ground_4_4.glb-550921b7c159b6bf538aa29cadd71e85.scn[39m[0m
[  77% ] [90m[1msavepack[22m | 保存文件：res://assets/terrain/Ground_4_4.glb.import[39m[0m
[  77% ] [90m[1msavepack[22m | 保存文件：res://.godot/imported/Ground_4_5.glb-b0f88c4b67189f48c9c5608a306350b2.scn[39m[0m
[  77% ] [90m[1msavepack[22m | 保存文件：res://assets/terrain/Ground_4_5.glb.import[39m[0m
[  77% ] [90m[1msavepack[22m | 保存文件：res://.godot/imported/Ground_5_-1.glb-73bea2ad632c75b520c919d83520c279.scn[39m[0m
[  77% ] [90m[1msavepack[22m | 保存文件：res://assets/terrain/Ground_5_-1.glb.import[39m[0m
[  77% ] [90m[1msavepack[22m | 保存文件：res://.godot/imported/Ground_5_-10.glb-bb5ce4a69ad2847caf6b500f12a661b8.scn[39m[0m
[  77% ] [90m[1msavepack[22m | 保存文件：res://assets/terrain/Ground_5_-10.glb.import[39m[0m
[  77% ] [90m[1msavepack[22m | 保存文件：res://.godot/imported/Ground_5_-2.glb-5f2fbf1695a6897f3dec7f86462821ce.scn[39m[0m
[  77% ] [90m[1msavepack[22m | 保存文件：res://assets/terrain/Ground_5_-2.glb.import[39m[0m
[  77% ] [90m[1msavepack[22m | 保存文件：res://.godot/imported/Ground_5_-3.glb-f0fa9c1205ae42a76ef81b32459bf5e9.scn[39m[0m
[  77% ] [90m[1msavepack[22m | 保存文件：res://assets/terrain/Ground_5_-3.glb.import[39m[0m
[  77% ] [90m[1msavepack[22m | 保存文件：res://.godot/imported/Ground_5_-4.glb-e36522f66bf05b84e476349fdf9d8528.scn[39m[0m
[  77% ] [90m[1msavepack[22m | 保存文件：res://assets/terrain/Ground_5_-4.glb.import[39m[0m
[  77% ] [90m[1msavepack[22m | 保存文件：res://.godot/imported/Ground_5_-5.glb-1e51019f0a54dc67e3d236b612634228.scn[39m[0m
[  77% ] [90m[1msavepack[22m | 保存文件：res://assets/terrain/Ground_5_-5.glb.import[39m[0m
[  78% ] [90m[1msavepack[22m | 保存文件：res://.godot/imported/Ground_5_-6.glb-082467beb34eefb946454cff21ece8f4.scn[39m[0m
[  78% ] [90m[1msavepack[22m | 保存文件：res://assets/terrain/Ground_5_-6.glb.import[39m[0m
[  78% ] [90m[1msavepack[22m | 保存文件：res://.godot/imported/Ground_5_-7.glb-d72045594a18c274a5292dafd5b63943.scn[39m[0m
[  78% ] [90m[1msavepack[22m | 保存文件：res://assets/terrain/Ground_5_-7.glb.import[39m[0m
[  78% ] [90m[1msavepack[22m | 保存文件：res://.godot/imported/Ground_5_-8.glb-8c2434af9da43c5527a3a8cd520d85cb.scn[39m[0m
[  78% ] [90m[1msavepack[22m | 保存文件：res://assets/terrain/Ground_5_-8.glb.import[39m[0m
[  78% ] [90m[1msavepack[22m | 保存文件：res://.godot/imported/Ground_5_-9.glb-3452a26e70fdfcf32ea4d13db574d695.scn[39m[0m
[  78% ] [90m[1msavepack[22m | 保存文件：res://assets/terrain/Ground_5_-9.glb.import[39m[0m
[  78% ] [90m[1msavepack[22m | 保存文件：res://.godot/imported/Ground_5_0.glb-537fe0f4dfdc797ae2068d87c7f9a07d.scn[39m[0m
[  78% ] [90m[1msavepack[22m | 保存文件：res://assets/terrain/Ground_5_0.glb.import[39m[0m
[  78% ] [90m[1msavepack[22m | 保存文件：res://.godot/imported/Ground_5_1.glb-ed7b339ac1e9e94d24f80183a657c26e.scn[39m[0m
[  78% ] [90m[1msavepack[22m | 保存文件：res://assets/terrain/Ground_5_1.glb.import[39m[0m
[  78% ] [90m[1msavepack[22m | 保存文件：res://.godot/imported/Ground_5_2.glb-2574b6aff1c5062121308096e2634ea1.scn[39m[0m
[  78% ] [90m[1msavepack[22m | 保存文件：res://assets/terrain/Ground_5_2.glb.import[39m[0m
[  78% ] [90m[1msavepack[22m | 保存文件：res://.godot/imported/Ground_5_3.glb-66d1e7a95e53c1b0a4f716ea8cc4efee.scn[39m[0m
[  78% ] [90m[1msavepack[22m | 保存文件：res://assets/terrain/Ground_5_3.glb.import[39m[0m
[  78% ] [90m[1msavepack[22m | 保存文件：res://.godot/imported/Ground_5_4.glb-c4dd7f2ccb3766105b566897361b61b1.scn[39m[0m
[  78% ] [90m[1msavepack[22m | 保存文件：res://assets/terrain/Ground_5_4.glb.import[39m[0m
[  78% ] [90m[1msavepack[22m | 保存文件：res://.godot/imported/Ground_5_5.glb-d7b1ef808c220d29ca24c4dca4966139.scn[39m[0m
[  78% ] [90m[1msavepack[22m | 保存文件：res://assets/terrain/Ground_5_5.glb.import[39m[0m
[  78% ] [90m[1msavepack[22m | 保存文件：res://.godot/imported/Ground_6_-1.glb-bf12aff9d52e14b7cd642efea300507d.scn[39m[0m
[  78% ] [90m[1msavepack[22m | 保存文件：res://assets/terrain/Ground_6_-1.glb.import[39m[0m
[  78% ] [90m[1msavepack[22m | 保存文件：res://.godot/imported/Ground_6_-10.glb-c937c2d9b059e4809606540ecabab0bd.scn[39m[0m
[  78% ] [90m[1msavepack[22m | 保存文件：res://assets/terrain/Ground_6_-10.glb.import[39m[0m
[  78% ] [90m[1msavepack[22m | 保存文件：res://.godot/imported/Ground_6_-2.glb-fc6437675e30d57415460517a86614fb.scn[39m[0m
[  78% ] [90m[1msavepack[22m | 保存文件：res://assets/terrain/Ground_6_-2.glb.import[39m[0m
[  78% ] [90m[1msavepack[22m | 保存文件：res://.godot/imported/Ground_6_-3.glb-62e29dea1e7230af54411438b7e66d38.scn[39m[0m
[  78% ] [90m[1msavepack[22m | 保存文件：res://assets/terrain/Ground_6_-3.glb.import[39m[0m
[  78% ] [90m[1msavepack[22m | 保存文件：res://.godot/imported/Ground_6_-4.glb-c130e4bcfc922131bed8c4ad62b34e97.scn[39m[0m
[  78% ] [90m[1msavepack[22m | 保存文件：res://assets/terrain/Ground_6_-4.glb.import[39m[0m
[  79% ] [90m[1msavepack[22m | 保存文件：res://.godot/imported/Ground_6_-5.glb-0612a23aff701aada9bcc55e4f503c77.scn[39m[0m
[  79% ] [90m[1msavepack[22m | 保存文件：res://assets/terrain/Ground_6_-5.glb.import[39m[0m
[  79% ] [90m[1msavepack[22m | 保存文件：res://.godot/imported/Ground_6_-6.glb-6b6fdc8cfd3f3cd3f1ac6492eddec621.scn[39m[0m
[  79% ] [90m[1msavepack[22m | 保存文件：res://assets/terrain/Ground_6_-6.glb.import[39m[0m
[  79% ] [90m[1msavepack[22m | 保存文件：res://.godot/imported/Ground_6_-7.glb-28b5ee2edef2bb61ee546f6a7eb4133e.scn[39m[0m
[  79% ] [90m[1msavepack[22m | 保存文件：res://assets/terrain/Ground_6_-7.glb.import[39m[0m
[  79% ] [90m[1msavepack[22m | 保存文件：res://.godot/imported/Ground_6_-8.glb-36850e78aee7c8519f556931607e47bf.scn[39m[0m
[  79% ] [90m[1msavepack[22m | 保存文件：res://assets/terrain/Ground_6_-8.glb.import[39m[0m
[  79% ] [90m[1msavepack[22m | 保存文件：res://.godot/imported/Ground_6_-9.glb-33e3d7f1090c854cbf0b0e6365555151.scn[39m[0m
[  79% ] [90m[1msavepack[22m | 保存文件：res://assets/terrain/Ground_6_-9.glb.import[39m[0m
[  79% ] [90m[1msavepack[22m | 保存文件：res://.godot/imported/Ground_6_0.glb-06f45e0d3c16ea844ca76259278bcc34.scn[39m[0m
[  79% ] [90m[1msavepack[22m | 保存文件：res://assets/terrain/Ground_6_0.glb.import[39m[0m
[  79% ] [90m[1msavepack[22m | 保存文件：res://.godot/imported/Ground_6_1.glb-47d7cee8435cdd3cbd20837839d9f1a3.scn[39m[0m
[  79% ] [90m[1msavepack[22m | 保存文件：res://assets/terrain/Ground_6_1.glb.import[39m[0m
[  79% ] [90m[1msavepack[22m | 保存文件：res://.godot/imported/Ground_6_2.glb-45c28ab86516c5a2cc74af202d260615.scn[39m[0m
[  79% ] [90m[1msavepack[22m | 保存文件：res://assets/terrain/Ground_6_2.glb.import[39m[0m
[  79% ] [90m[1msavepack[22m | 保存文件：res://.godot/imported/Ground_6_3.glb-f0fd90561c9b400545eca6dedf3ecd40.scn[39m[0m
[  79% ] [90m[1msavepack[22m | 保存文件：res://assets/terrain/Ground_6_3.glb.import[39m[0m
[  79% ] [90m[1msavepack[22m | 保存文件：res://.godot/imported/Ground_6_4.glb-ed45726cb1b56f8d57b397f3e3981554.scn[39m[0m
[  79% ] [90m[1msavepack[22m | 保存文件：res://assets/terrain/Ground_6_4.glb.import[39m[0m
[  79% ] [90m[1msavepack[22m | 保存文件：res://.godot/imported/Ground_6_5.glb-4ffcccb5a5bac1ce6f1fca7f539cd0e3.scn[39m[0m
[  79% ] [90m[1msavepack[22m | 保存文件：res://assets/terrain/Ground_6_5.glb.import[39m[0m
[  79% ] [90m[1msavepack[22m | 保存文件：res://captures/game-opening.png[39m[0m
[  79% ] [90m[1msavepack[22m | 保存文件：res://.godot/exported/133200997/export-5d77789c1ee5bcb6653ce63a440bd7c2-cliff.res[39m[0m
[  79% ] [90m[1msavepack[22m | 保存文件：res://.godot/exported/133200997/export-25e060344a13299f1f9884ee5ca4d545-cloud.res[39m[0m
[  79% ] [90m[1msavepack[22m | 保存文件：res://scripts/cloud_surface.gdshader[39m[0m
[  80% ] [90m[1msavepack[22m | 保存文件：res://.godot/exported/133200997/export-f9833e17aa097c1d3695c0cfa1c9b157-flag.res[39m[0m
[  80% ] [90m[1msavepack[22m | 保存文件：res://scripts/ship_surface.gdshader[39m[0m
[  80% ] [90m[1msavepack[22m | 保存文件：res://.godot/exported/133200997/export-3857a9537547bde0e4cf353d743acc06-ship.res[39m[0m
[  80% ] [90m[1msavepack[22m | 保存文件：res://.godot/exported/133200997/export-7464ebe1522da0379b87b717fe4e4b23-world.res[39m[0m
[  80% ] [90m[1msavepack[22m | 保存文件：res://scripts/world_surface.gdshader[39m[0m
[  80% ] [90m[1msavepack[22m | 保存文件：res://.godot/exported/133200997/export-52d046cbd550eda0978bbd52c1f8b355-Field_0.scn[39m[0m
[  80% ] [90m[1msavepack[22m | 保存文件：res://scripts/asset_instance.gdc[39m[0m
[  80% ] [90m[1msavepack[22m | 保存文件：res://.godot/exported/133200997/export-b237a8024e8dd93bc191f58e7a9bcca4-Field_1.scn[39m[0m
[  80% ] [90m[1msavepack[22m | 保存文件：res://.godot/exported/133200997/export-9a124c6d4720b03cbdca813c3ff37545-Field_10.scn[39m[0m
[  80% ] [90m[1msavepack[22m | 保存文件：res://.godot/exported/133200997/export-0a3c0843b82bc52050a5a0beb38e6635-Field_11.scn[39m[0m
[  80% ] [90m[1msavepack[22m | 保存文件：res://.godot/exported/133200997/export-1a98db5a07aaded8f0323727f64431b8-Field_2.scn[39m[0m
[  80% ] [90m[1msavepack[22m | 保存文件：res://.godot/exported/133200997/export-3ccbbb50348c8511727931cf2cec142f-Field_3.scn[39m[0m
[  80% ] [90m[1msavepack[22m | 保存文件：res://.godot/exported/133200997/export-d05eb70a40dfabb8279709af88a17b46-Field_4.scn[39m[0m
[  80% ] [90m[1msavepack[22m | 保存文件：res://.godot/exported/133200997/export-61cc8cc290f61924eb1b30f633089f8d-Field_5.scn[39m[0m
[  80% ] [90m[1msavepack[22m | 保存文件：res://.godot/exported/133200997/export-d8e350fc1afa087a8b1dc515193fa8bd-Field_6.scn[39m[0m
[  80% ] [90m[1msavepack[22m | 保存文件：res://.godot/exported/133200997/export-362c0efc797c28e1a84f0621d609c886-Field_7.scn[39m[0m
[  81% ] [90m[1msavepack[22m | 保存文件：res://.godot/exported/133200997/export-ddd1d82026ec5a6a41721ac72ef293a8-Field_8.scn[39m[0m
[  81% ] [90m[1msavepack[22m | 保存文件：res://.godot/exported/133200997/export-a25ed4bc306fafaaa3a7b761d6e7c505-Field_9.scn[39m[0m
[  81% ] [90m[1msavepack[22m | 保存文件：res://.godot/exported/133200997/export-7d715573c901a46965c967335d462e03-Ocean.scn[39m[0m
[  81% ] [90m[1msavepack[22m | 保存文件：res://scripts/open_water.gdshader[39m[0m
[  81% ] [90m[1msavepack[22m | 保存文件：res://.godot/exported/133200997/export-e82757789d301db9ce2256702bf39033-Trail_Amberfield.scn[39m[0m
[  81% ] [90m[1msavepack[22m | 保存文件：res://.godot/exported/133200997/export-ee36032dae15debbff0e290fd92d09a5-Trail_Crownreach.scn[39m[0m
[  81% ] [90m[1msavepack[22m | 保存文件：res://.godot/exported/133200997/export-5072a2d85d57d1f18f817b02e920a1f0-Trail_HillHamlet.scn[39m[0m
[  81% ] [90m[1msavepack[22m | 保存文件：res://.godot/exported/133200997/export-c2a7af834e91ff64325daddf58e45dc0-game.scn[39m[0m
[  81% ] [90m[1msavepack[22m | 保存文件：res://scripts/game.gdc[39m[0m
[  81% ] [90m[1msavepack[22m | 保存文件：res://.godot/exported/133200997/export-c7db8001466bdbc36a923010fa5ea39c-World.scn[39m[0m
[  81% ] [90m[1msavepack[22m | 保存文件：res://scripts/open_world.gdc[39m[0m
[  81% ] [90m[1msavepack[22m | 保存文件：res://.godot/exported/133200997/export-598e1f22d2880ef3d90b226481a48917-Ground_-6_-10.scn[39m[0m
[  81% ] [90m[1msavepack[22m | 保存文件：res://.godot/exported/133200997/export-4bdd7ffba71d92a9ad3a1ef53a9b0e56-Ground_-5_-10.scn[39m[0m
[  81% ] [90m[1msavepack[22m | 保存文件：res://.godot/exported/133200997/export-bc652919a772a88c46089d085ec821f7-Ground_-4_-10.scn[39m[0m
[  81% ] [90m[1msavepack[22m | 保存文件：res://.godot/exported/133200997/export-0c41f9130560f4e4e05c4af876c7c8df-Ground_-3_-10.scn[39m[0m
[  82% ] [90m[1msavepack[22m | 保存文件：res://.godot/exported/133200997/export-1c269af1193b9c66f047766f22948a71-Ground_-2_-10.scn[39m[0m
[  82% ] [90m[1msavepack[22m | 保存文件：res://.godot/exported/133200997/export-b81bfdc582c3541d3fc3d024db404576-Ground_-1_-10.scn[39m[0m
[  82% ] [90m[1msavepack[22m | 保存文件：res://.godot/exported/133200997/export-4c37147629890c8799fbfbbfef268805-Ground_0_-10.scn[39m[0m
[  82% ] [90m[1msavepack[22m | 保存文件：res://.godot/exported/133200997/export-c436778c98a74dc56f03416f7afe3139-Ground_1_-10.scn[39m[0m
[  82% ] [90m[1msavepack[22m | 保存文件：res://.godot/exported/133200997/export-37ddbc1825a6ed4a828b831a8ff63216-Ground_2_-10.scn[39m[0m
[  82% ] [90m[1msavepack[22m | 保存文件：res://.godot/exported/133200997/export-4e84a9d0414689a7ff58e171da611ab8-Ground_3_-10.scn[39m[0m
[  82% ] [90m[1msavepack[22m | 保存文件：res://.godot/exported/133200997/export-9f9f3f481858e4b8d72afaef37fbb3ee-Ground_4_-10.scn[39m[0m
[  82% ] [90m[1msavepack[22m | 保存文件：res://.godot/exported/133200997/export-ead44b8d2b01383876e6d3b316de079d-Ground_5_-10.scn[39m[0m
[  82% ] [90m[1msavepack[22m | 保存文件：res://.godot/exported/133200997/export-ba4279996cbd1d63dd84af17fcdd09c2-Ground_6_-10.scn[39m[0m
[  82% ] [90m[1msavepack[22m | 保存文件：res://.godot/exported/133200997/export-6a32cecee4a461f3fe38e9cc7b9a4304-Ground_-6_-9.scn[39m[0m
[  82% ] [90m[1msavepack[22m | 保存文件：res://.godot/exported/133200997/export-4841937c44062e8d7fd68edfbac3dba5-Ground_-5_-9.scn[39m[0m
[  82% ] [90m[1msavepack[22m | 保存文件：res://.godot/exported/133200997/export-a47726be46968b0aea61620bf07e0d13-Ground_-4_-9.scn[39m[0m
[  82% ] [90m[1msavepack[22m | 保存文件：res://.godot/exported/133200997/export-b58a2c99697e57aa69de70bc412e4811-Ground_-3_-9.scn[39m[0m
[  82% ] [90m[1msavepack[22m | 保存文件：res://.godot/exported/133200997/export-d69670f917ed7901bd0e8f9e739b3978-Ground_-2_-9.scn[39m[0m
[  82% ] [90m[1msavepack[22m | 保存文件：res://.godot/exported/133200997/export-e60a869506f1d4abdbd0278bd68c4110-Ground_-1_-9.scn[39m[0m
[  83% ] [90m[1msavepack[22m | 保存文件：res://.godot/exported/133200997/export-3b295897a28bd5e7c97063ee1695eba9-Ground_0_-9.scn[39m[0m
[  83% ] [90m[1msavepack[22m | 保存文件：res://.godot/exported/133200997/export-65c4f255b11447f25850f317c837b41f-Ground_1_-9.scn[39m[0m
[  83% ] [90m[1msavepack[22m | 保存文件：res://.godot/exported/133200997/export-0a5303936fd00ca1667dc2ca256df668-Ground_2_-9.scn[39m[0m
[  83% ] [90m[1msavepack[22m | 保存文件：res://.godot/exported/133200997/export-b13f3fff151d05f5f669bce5306b74ee-Ground_3_-9.scn[39m[0m
[  83% ] [90m[1msavepack[22m | 保存文件：res://.godot/exported/133200997/export-213601f64e7178f41275f5a65acfcdd7-Ground_4_-9.scn[39m[0m
[  83% ] [90m[1msavepack[22m | 保存文件：res://.godot/exported/133200997/export-fcade1297f006190c578e5681f2650f6-Ground_5_-9.scn[39m[0m
[  83% ] [90m[1msavepack[22m | 保存文件：res://.godot/exported/133200997/export-92f8d9a2cd2499ebbdc5927a7dbd5c1b-Ground_6_-9.scn[39m[0m
[  83% ] [90m[1msavepack[22m | 保存文件：res://.godot/exported/133200997/export-6bae266e22aa4e7526935f1876a1d565-Ground_-6_-8.scn[39m[0m
[  83% ] [90m[1msavepack[22m | 保存文件：res://.godot/exported/133200997/export-28ab174a535fdf707b097ef36ee2664b-Ground_-5_-8.scn[39m[0m
[  83% ] [90m[1msavepack[22m | 保存文件：res://.godot/exported/133200997/export-661332b8761d423722119b50476bf3e6-Ground_-4_-8.scn[39m[0m
[  83% ] [90m[1msavepack[22m | 保存文件：res://.godot/exported/133200997/export-2f6a97a48a356b46333cfd62230f3ae4-Ground_-3_-8.scn[39m[0m
[  83% ] [90m[1msavepack[22m | 保存文件：res://.godot/exported/133200997/export-c9b91b411fdb76891e807e3e08546daf-Ground_-2_-8.scn[39m[0m
[  83% ] [90m[1msavepack[22m | 保存文件：res://.godot/exported/133200997/export-02ddb5982b0837ba4ec5f13f23e5bda1-Ground_-1_-8.scn[39m[0m
[  83% ] [90m[1msavepack[22m | 保存文件：res://.godot/exported/133200997/export-eb25ba83ddb1f7ad3afaa2eb65b109ab-Ground_0_-8.scn[39m[0m
[  83% ] [90m[1msavepack[22m | 保存文件：res://.godot/exported/133200997/export-a1c8105b17345c9cdfc257499d89a6d1-Ground_1_-8.scn[39m[0m
[  83% ] [90m[1msavepack[22m | 保存文件：res://.godot/exported/133200997/export-8ef0a2492f4a2addee4193be09161645-Ground_2_-8.scn[39m[0m
[  84% ] [90m[1msavepack[22m | 保存文件：res://.godot/exported/133200997/export-af697456590620d59dd5398089f42276-Ground_3_-8.scn[39m[0m
[  84% ] [90m[1msavepack[22m | 保存文件：res://.godot/exported/133200997/export-cae519efb19cf09efda8d38d3fa17f3c-Ground_4_-8.scn[39m[0m
[  84% ] [90m[1msavepack[22m | 保存文件：res://.godot/exported/133200997/export-6dc76683808569863d0533c2851ca5be-Ground_5_-8.scn[39m[0m
[  84% ] [90m[1msavepack[22m | 保存文件：res://.godot/exported/133200997/export-af9f4e1a610fe27d18e327aa3f0b8381-Ground_6_-8.scn[39m[0m
[  84% ] [90m[1msavepack[22m | 保存文件：res://.godot/exported/133200997/export-9e68fb7544289e7a16d097690d294b9b-Ground_-6_-7.scn[39m[0m
[  84% ] [90m[1msavepack[22m | 保存文件：res://.godot/exported/133200997/export-e79982314bfb169ef7741f37872ed0a4-Ground_-5_-7.scn[39m[0m
[  84% ] [90m[1msavepack[22m | 保存文件：res://.godot/exported/133200997/export-9d1ae5ebc780c027e4c0738426034380-Ground_-4_-7.scn[39m[0m
[  84% ] [90m[1msavepack[22m | 保存文件：res://.godot/exported/133200997/export-efb1a7046ef75248ab5db458a89c1a2d-Ground_-3_-7.scn[39m[0m
[  84% ] [90m[1msavepack[22m | 保存文件：res://.godot/exported/133200997/export-0a577f920ac037c1e4f3b3f578bd99e6-Ground_-2_-7.scn[39m[0m
[  84% ] [90m[1msavepack[22m | 保存文件：res://.godot/exported/133200997/export-38334243030c0dc8b7db7aec04d8f6a9-Ground_-1_-7.scn[39m[0m
[  84% ] [90m[1msavepack[22m | 保存文件：res://.godot/exported/133200997/export-dfe4ac25621eac2b54f7cd3e51dabe6f-Ground_0_-7.scn[39m[0m
[  84% ] [90m[1msavepack[22m | 保存文件：res://.godot/exported/133200997/export-c3c116f1459cc1d31f0a9670e5cbcbb5-Ground_1_-7.scn[39m[0m
[  84% ] [90m[1msavepack[22m | 保存文件：res://.godot/exported/133200997/export-769354ce0223eb4ec987f2a53d92c1bf-Ground_2_-7.scn[39m[0m
[  84% ] [90m[1msavepack[22m | 保存文件：res://.godot/exported/133200997/export-e037a1b98be698e7345e2bca7de6e45c-Ground_3_-7.scn[39m[0m
[  84% ] [90m[1msavepack[22m | 保存文件：res://.godot/exported/133200997/export-239ab7db8aac1dd1ea01f8f204514603-Ground_4_-7.scn[39m[0m
[  85% ] [90m[1msavepack[22m | 保存文件：res://.godot/exported/133200997/export-88f748842f1f2e8177b5b6fa2e1299e7-Ground_5_-7.scn[39m[0m
[  85% ] [90m[1msavepack[22m | 保存文件：res://.godot/exported/133200997/export-bc5dc630b8018bab82827fe97fe31517-Ground_6_-7.scn[39m[0m
[  85% ] [90m[1msavepack[22m | 保存文件：res://.godot/exported/133200997/export-707d8bb1ea8e951d0f9a97de1e845880-Ground_-6_-6.scn[39m[0m
[  85% ] [90m[1msavepack[22m | 保存文件：res://.godot/exported/133200997/export-2e680b67b0bd5b57209675645cf85388-Ground_-5_-6.scn[39m[0m
[  85% ] [90m[1msavepack[22m | 保存文件：res://.godot/exported/133200997/export-6ddb27825ec778c0aad8cf5f92f34c9d-Ground_-4_-6.scn[39m[0m
[  85% ] [90m[1msavepack[22m | 保存文件：res://.godot/exported/133200997/export-a5c9b38f2d0b2753e292fee50b441876-Ground_-3_-6.scn[39m[0m
[  85% ] [90m[1msavepack[22m | 保存文件：res://.godot/exported/133200997/export-9cefa4ce2991fcf84cbe10b1050b3c85-Ground_-2_-6.scn[39m[0m
[  85% ] [90m[1msavepack[22m | 保存文件：res://.godot/exported/133200997/export-2b0f3e43811ea771ccb46f6e807a8b92-Ground_-1_-6.scn[39m[0m
[  85% ] [90m[1msavepack[22m | 保存文件：res://.godot/exported/133200997/export-6e9ccf56791ed78a331fcfbdebd732d8-Ground_0_-6.scn[39m[0m
[  85% ] [90m[1msavepack[22m | 保存文件：res://.godot/exported/133200997/export-725a48af8795825a15978c38e6a25092-Ground_1_-6.scn[39m[0m
[  85% ] [90m[1msavepack[22m | 保存文件：res://.godot/exported/133200997/export-395cb1bd50866b3f237242f9c035bf73-Ground_2_-6.scn[39m[0m
[  85% ] [90m[1msavepack[22m | 保存文件：res://.godot/exported/133200997/export-d48d72b38e1836555bdaff263b9da93d-Ground_3_-6.scn[39m[0m
[  85% ] [90m[1msavepack[22m | 保存文件：res://.godot/exported/133200997/export-35a1916432d39d8496106fe477a7da33-Ground_4_-6.scn[39m[0m
[  85% ] [90m[1msavepack[22m | 保存文件：res://.godot/exported/133200997/export-3b4b0bb51be70e5de9d38cc8d4dd82c2-Ground_5_-6.scn[39m[0m
[  85% ] [90m[1msavepack[22m | 保存文件：res://.godot/exported/133200997/export-d84003178891659eb9c24afb7cfae9c6-Ground_6_-6.scn[39m[0m
[  85% ] [90m[1msavepack[22m | 保存文件：res://.godot/exported/133200997/export-8391073997a5a6bb2d4324cfe6ed81a1-Ground_-6_-5.scn[39m[0m
[  86% ] [90m[1msavepack[22m | 保存文件：res://.godot/exported/133200997/export-76503e2aa48bdd1da4bf4f9fa35161aa-Ground_-5_-5.scn[39m[0m
[  86% ] [90m[1msavepack[22m | 保存文件：res://.godot/exported/133200997/export-e027c20218509702f92846176ee53a02-Ground_-4_-5.scn[39m[0m
[  86% ] [90m[1msavepack[22m | 保存文件：res://.godot/exported/133200997/export-62ba0e1a757d848eb6cbbba086a55254-Ground_-3_-5.scn[39m[0m
[  86% ] [90m[1msavepack[22m | 保存文件：res://.godot/exported/133200997/export-21df7e874bb03e3c7550fdb34aae4cf2-Ground_-2_-5.scn[39m[0m
[  86% ] [90m[1msavepack[22m | 保存文件：res://.godot/exported/133200997/export-503d35706a0ab85c094682ba174998d9-Ground_-1_-5.scn[39m[0m
[  86% ] [90m[1msavepack[22m | 保存文件：res://.godot/exported/133200997/export-c3638f6903fb7d11c7683d2aaebe90ab-Ground_0_-5.scn[39m[0m
[  86% ] [90m[1msavepack[22m | 保存文件：res://.godot/exported/133200997/export-49e6cc422561214650b73ebcebff0806-Ground_1_-5.scn[39m[0m
[  86% ] [90m[1msavepack[22m | 保存文件：res://.godot/exported/133200997/export-fcd80d388b4e91821a000706e5750c93-Ground_2_-5.scn[39m[0m
[  86% ] [90m[1msavepack[22m | 保存文件：res://.godot/exported/133200997/export-019e62a9368ad71acb4bfb3553fd0b35-Ground_3_-5.scn[39m[0m
[  86% ] [90m[1msavepack[22m | 保存文件：res://.godot/exported/133200997/export-143a805a4c943d1ffa6ad6fa8602ee7f-Ground_4_-5.scn[39m[0m
[  86% ] [90m[1msavepack[22m | 保存文件：res://.godot/exported/133200997/export-e804c3a445e85e9338b65603c4783009-Ground_5_-5.scn[39m[0m
[  86% ] [90m[1msavepack[22m | 保存文件：res://.godot/exported/133200997/export-a3b16484aa44987363f39779e806f35d-Ground_6_-5.scn[39m[0m
[  86% ] [90m[1msavepack[22m | 保存文件：res://.godot/exported/133200997/export-718600fd6468e6222b7afb6fc0da3956-Ground_-6_-4.scn[39m[0m
[  86% ] [90m[1msavepack[22m | 保存文件：res://.godot/exported/133200997/export-f47dbaacded64f93045a4feed82dda83-Ground_-5_-4.scn[39m[0m
[  86% ] [90m[1msavepack[22m | 保存文件：res://.godot/exported/133200997/export-59bfdf637d3395a2078e5bbed40d9a35-Ground_-4_-4.scn[39m[0m
[  87% ] [90m[1msavepack[22m | 保存文件：res://.godot/exported/133200997/export-d0cb288a12fc3423ebccc5d15d508c97-Ground_-3_-4.scn[39m[0m
[  87% ] [90m[1msavepack[22m | 保存文件：res://.godot/exported/133200997/export-5f33fefc791310592848b98e5f5a0260-Ground_-2_-4.scn[39m[0m
[  87% ] [90m[1msavepack[22m | 保存文件：res://.godot/exported/133200997/export-4a4fff20ce19432ce9c84a0217b605b4-Ground_-1_-4.scn[39m[0m
[  87% ] [90m[1msavepack[22m | 保存文件：res://.godot/exported/133200997/export-cc2d210f495e274372f01cbb802c5283-Ground_0_-4.scn[39m[0m
[  87% ] [90m[1msavepack[22m | 保存文件：res://.godot/exported/133200997/export-1edfd21ddb8dc7f67962faa48d8e6622-Ground_1_-4.scn[39m[0m
[  87% ] [90m[1msavepack[22m | 保存文件：res://.godot/exported/133200997/export-3e4f402fe7c6ac5914b97688e5d828b1-Ground_2_-4.scn[39m[0m
[  87% ] [90m[1msavepack[22m | 保存文件：res://.godot/exported/133200997/export-46fa5976c4bd542f596126677074f4f0-Ground_3_-4.scn[39m[0m
[  87% ] [90m[1msavepack[22m | 保存文件：res://.godot/exported/133200997/export-f0a2af75acdc189397d1011fa5ee7384-Ground_4_-4.scn[39m[0m
[  87% ] [90m[1msavepack[22m | 保存文件：res://.godot/exported/133200997/export-da41bba6e0d95d0fd6c08521afb44331-Ground_5_-4.scn[39m[0m
[  87% ] [90m[1msavepack[22m | 保存文件：res://.godot/exported/133200997/export-2d48d01033a3f8eefc677cd1ce1c85e5-Ground_6_-4.scn[39m[0m
[  87% ] [90m[1msavepack[22m | 保存文件：res://.godot/exported/133200997/export-9768944b697e4f3e1effea2b675bd504-Ground_-6_-3.scn[39m[0m
[  87% ] [90m[1msavepack[22m | 保存文件：res://.godot/exported/133200997/export-c33d3480ecd5686b83bfe16264497b8f-Ground_-5_-3.scn[39m[0m
[  87% ] [90m[1msavepack[22m | 保存文件：res://.godot/exported/133200997/export-ef263ab2dc5984cbab5e3509b18de51c-Ground_-4_-3.scn[39m[0m
[  87% ] [90m[1msavepack[22m | 保存文件：res://.godot/exported/133200997/export-617ea2f579dd5b27813aee892085dd09-Ground_-3_-3.scn[39m[0m
[  87% ] [90m[1msavepack[22m | 保存文件：res://.godot/exported/133200997/export-0ad040e314819693035a590c1de2a3db-Ground_-2_-3.scn[39m[0m
[  88% ] [90m[1msavepack[22m | 保存文件：res://.godot/exported/133200997/export-9b26b2ebeb79416b788eb99bf6c98a92-Ground_-1_-3.scn[39m[0m
[  88% ] [90m[1msavepack[22m | 保存文件：res://.godot/exported/133200997/export-55290b4501b43501756f80f0ee16ceea-Ground_0_-3.scn[39m[0m
[  88% ] [90m[1msavepack[22m | 保存文件：res://.godot/exported/133200997/export-a90bcd369476a1372b12c17338711af1-Ground_1_-3.scn[39m[0m
[  88% ] [90m[1msavepack[22m | 保存文件：res://.godot/exported/133200997/export-dbd9c2e2111ac5516ad008fce3e0c2e2-Ground_2_-3.scn[39m[0m
[  88% ] [90m[1msavepack[22m | 保存文件：res://.godot/exported/133200997/export-bfc318046a8f7256fa52c704ec2a1389-Ground_3_-3.scn[39m[0m
[  88% ] [90m[1msavepack[22m | 保存文件：res://.godot/exported/133200997/export-246b0cb75b152f5355e7155007066635-Ground_4_-3.scn[39m[0m
[  88% ] [90m[1msavepack[22m | 保存文件：res://.godot/exported/133200997/export-816a4b2d1a60ff3fdf59d3faa736a787-Ground_5_-3.scn[39m[0m
[  88% ] [90m[1msavepack[22m | 保存文件：res://.godot/exported/133200997/export-a38e1e03c395392bbc1c001e33a3c4fb-Ground_6_-3.scn[39m[0m
[  88% ] [90m[1msavepack[22m | 保存文件：res://.godot/exported/133200997/export-8eb27c089ce2eb4ec9ab623b63c859ed-Ground_-6_-2.scn[39m[0m
[  88% ] [90m[1msavepack[22m | 保存文件：res://.godot/exported/133200997/export-a71d10bd9e8c5e30c3238eb57325767b-Ground_-5_-2.scn[39m[0m
[  88% ] [90m[1msavepack[22m | 保存文件：res://.godot/exported/133200997/export-1c115f88082039a38e32df8e2df12a25-Ground_-4_-2.scn[39m[0m
[  88% ] [90m[1msavepack[22m | 保存文件：res://.godot/exported/133200997/export-37c6872f1fb881af9ae70df1961e9701-Ground_-3_-2.scn[39m[0m
[  88% ] [90m[1msavepack[22m | 保存文件：res://.godot/exported/133200997/export-74c129a44943090bf2bd912502be549a-Ground_-2_-2.scn[39m[0m
[  88% ] [90m[1msavepack[22m | 保存文件：res://.godot/exported/133200997/export-98bf88c82e4fe5f5ab75e56d22a4b2bb-Ground_-1_-2.scn[39m[0m
[  88% ] [90m[1msavepack[22m | 保存文件：res://.godot/exported/133200997/export-750f2c1eb71d583831bce8dcb1f84200-Ground_0_-2.scn[39m[0m
[  88% ] [90m[1msavepack[22m | 保存文件：res://.godot/exported/133200997/export-1f40f14d5e580e747fce867365fbda09-Ground_1_-2.scn[39m[0m
[  89% ] [90m[1msavepack[22m | 保存文件：res://.godot/exported/133200997/export-6bb9f1386263208c97f3a0bfdcdbcfa0-Ground_2_-2.scn[39m[0m
[  89% ] [90m[1msavepack[22m | 保存文件：res://.godot/exported/133200997/export-f28c664557bdd041164c2fb856149d2e-Ground_3_-2.scn[39m[0m
[  89% ] [90m[1msavepack[22m | 保存文件：res://.godot/exported/133200997/export-34fe2577f8433e6fdc01c3aa6f44dc5c-Ground_4_-2.scn[39m[0m
[  89% ] [90m[1msavepack[22m | 保存文件：res://.godot/exported/133200997/export-a669ad26e31b58605a4a2dd4cefae2ba-Ground_5_-2.scn[39m[0m
[  89% ] [90m[1msavepack[22m | 保存文件：res://.godot/exported/133200997/export-2134560f88237e0bc276c60bb831e93a-Ground_6_-2.scn[39m[0m
[  89% ] [90m[1msavepack[22m | 保存文件：res://.godot/exported/133200997/export-217084d340b7a50aba2dc4f455cded91-Ground_-6_-1.scn[39m[0m
[  89% ] [90m[1msavepack[22m | 保存文件：res://.godot/exported/133200997/export-e41e34547a5119735aaa9c3f08e6157f-Ground_-5_-1.scn[39m[0m
[  89% ] [90m[1msavepack[22m | 保存文件：res://.godot/exported/133200997/export-0677b623f1f15876716c580cf918aab8-Ground_-4_-1.scn[39m[0m
[  89% ] [90m[1msavepack[22m | 保存文件：res://.godot/exported/133200997/export-b316011087b1d0afb7c1512b5c3a78d3-Ground_-3_-1.scn[39m[0m
[  89% ] [90m[1msavepack[22m | 保存文件：res://.godot/exported/133200997/export-ee4a756e6bfa2aec5a6451e4ec55d893-Ground_-2_-1.scn[39m[0m
[  89% ] [90m[1msavepack[22m | 保存文件：res://.godot/exported/133200997/export-baaf521c52517d660a67bc18e142547e-Ground_-1_-1.scn[39m[0m
[  89% ] [90m[1msavepack[22m | 保存文件：res://.godot/exported/133200997/export-544a738a69eced133630de230c74da07-Ground_0_-1.scn[39m[0m
[  89% ] [90m[1msavepack[22m | 保存文件：res://.godot/exported/133200997/export-e6721c0e0bf2ea5c5ec0b413fd1c8060-Ground_1_-1.scn[39m[0m
[  89% ] [90m[1msavepack[22m | 保存文件：res://.godot/exported/133200997/export-c382f713a9ead222df1d75e7d6a7ec67-Ground_2_-1.scn[39m[0m
[  89% ] [90m[1msavepack[22m | 保存文件：res://.godot/exported/133200997/export-a24e1301c978edf6ab5c7b4524823006-Ground_3_-1.scn[39m[0m
[  90% ] [90m[1msavepack[22m | 保存文件：res://.godot/exported/133200997/export-30d5244a8960bb90f71998a78b7ef921-Ground_4_-1.scn[39m[0m
[  90% ] [90m[1msavepack[22m | 保存文件：res://.godot/exported/133200997/export-e24f6323b4e03af1ea6b249d7cd394d3-Ground_5_-1.scn[39m[0m
[  90% ] [90m[1msavepack[22m | 保存文件：res://.godot/exported/133200997/export-281a282a1f660f09cfc19d03b15631e0-Ground_6_-1.scn[39m[0m
[  90% ] [90m[1msavepack[22m | 保存文件：res://.godot/exported/133200997/export-bb95e2f79319e82e64b65d29adf68e8f-Ground_-6_0.scn[39m[0m
[  90% ] [90m[1msavepack[22m | 保存文件：res://.godot/exported/133200997/export-71c80445c27163bde44006a924b25cc4-Ground_-5_0.scn[39m[0m
[  90% ] [90m[1msavepack[22m | 保存文件：res://.godot/exported/133200997/export-ec71c4077f03dcd27f624090f0e278df-Ground_-4_0.scn[39m[0m
[  90% ] [90m[1msavepack[22m | 保存文件：res://.godot/exported/133200997/export-a48714361e1498215f8a61d2a68a3564-Ground_-3_0.scn[39m[0m
[  90% ] [90m[1msavepack[22m | 保存文件：res://.godot/exported/133200997/export-1fd7ffbf9ea55ba747e7d4c2c77915de-Ground_-2_0.scn[39m[0m
[  90% ] [90m[1msavepack[22m | 保存文件：res://.godot/exported/133200997/export-9d2b87e98617075db2dd5b20ead4535a-Ground_-1_0.scn[39m[0m
[  90% ] [90m[1msavepack[22m | 保存文件：res://.godot/exported/133200997/export-aaf103751275bf1b1e7fa50f7831c70f-Ground_0_0.scn[39m[0m
[  90% ] [90m[1msavepack[22m | 保存文件：res://.godot/exported/133200997/export-e22d75678f8ebb1af73aa688dd8705ce-Ground_1_0.scn[39m[0m
[  90% ] [90m[1msavepack[22m | 保存文件：res://.godot/exported/133200997/export-3125395b08fd88bd2ee7d3e52d6220a2-Ground_2_0.scn[39m[0m
[  90% ] [90m[1msavepack[22m | 保存文件：res://.godot/exported/133200997/export-639016723e05fdedffcf7370f7d8dcb4-Ground_3_0.scn[39m[0m
[  90% ] [90m[1msavepack[22m | 保存文件：res://.godot/exported/133200997/export-4de826c53ae00fa47da5cb9fae4a1501-Ground_4_0.scn[39m[0m
[  90% ] [90m[1msavepack[22m | 保存文件：res://.godot/exported/133200997/export-05708e8644f27211382bcc8733a86544-Ground_5_0.scn[39m[0m
[  91% ] [90m[1msavepack[22m | 保存文件：res://.godot/exported/133200997/export-5172a7ba06bc248d5b873ffb8d491d62-Ground_6_0.scn[39m[0m
[  91% ] [90m[1msavepack[22m | 保存文件：res://.godot/exported/133200997/export-58594d4793edc27a5b25455f33199230-Ground_-6_1.scn[39m[0m
[  91% ] [90m[1msavepack[22m | 保存文件：res://.godot/exported/133200997/export-2dbc065a06875bbc929f193d6337d069-Ground_-5_1.scn[39m[0m
[  91% ] [90m[1msavepack[22m | 保存文件：res://.godot/exported/133200997/export-da15b6eb17e8325800b0f3ade51fc700-Ground_-4_1.scn[39m[0m
[  91% ] [90m[1msavepack[22m | 保存文件：res://.godot/exported/133200997/export-b91f7ec8b4bd8c7b21b9eb1524fba7d0-Ground_-3_1.scn[39m[0m
[  91% ] [90m[1msavepack[22m | 保存文件：res://.godot/exported/133200997/export-43fa76c8302155e1476c4514a131d8e8-Ground_-2_1.scn[39m[0m
[  91% ] [90m[1msavepack[22m | 保存文件：res://.godot/exported/133200997/export-16864cd7e1c54c147e052d95ab4d7a02-Ground_-1_1.scn[39m[0m
[  91% ] [90m[1msavepack[22m | 保存文件：res://.godot/exported/133200997/export-3ab6a73f417b9de00aac7dce5c9d55e0-Ground_0_1.scn[39m[0m
[  91% ] [90m[1msavepack[22m | 保存文件：res://.godot/exported/133200997/export-59597ba7ebaf6aa0189c24ea44b4c54c-Ground_1_1.scn[39m[0m
[  91% ] [90m[1msavepack[22m | 保存文件：res://.godot/exported/133200997/export-5c53a608ce3f8ff585578ab34ac7748b-Ground_2_1.scn[39m[0m
[  91% ] [90m[1msavepack[22m | 保存文件：res://.godot/exported/133200997/export-ba68acda11d1418c809136d6ef149cdc-Ground_3_1.scn[39m[0m
[  91% ] [90m[1msavepack[22m | 保存文件：res://.godot/exported/133200997/export-a35f783de922c3ee91626b8e8841562c-Ground_4_1.scn[39m[0m
[  91% ] [90m[1msavepack[22m | 保存文件：res://.godot/exported/133200997/export-9a02ee2dff00afbbc9d2acc99ccdb388-Ground_5_1.scn[39m[0m
[  91% ] [90m[1msavepack[22m | 保存文件：res://.godot/exported/133200997/export-1d95e92462900933e30c757ab822615e-Ground_6_1.scn[39m[0m
[  91% ] [90m[1msavepack[22m | 保存文件：res://.godot/exported/133200997/export-d94cb99b1c8e05118bb74431c4d3e27f-Ground_-6_2.scn[39m[0m
[  91% ] [90m[1msavepack[22m | 保存文件：res://.godot/exported/133200997/export-61885d1d8c57516e58de4d7621be4510-Ground_-5_2.scn[39m[0m
[  92% ] [90m[1msavepack[22m | 保存文件：res://.godot/exported/133200997/export-97a4060d0bc483173fea0b18a3303b1b-Ground_-4_2.scn[39m[0m
[  92% ] [90m[1msavepack[22m | 保存文件：res://.godot/exported/133200997/export-09fe7b67490a73a0146261775fa9cb18-Ground_-3_2.scn[39m[0m
[  92% ] [90m[1msavepack[22m | 保存文件：res://.godot/exported/133200997/export-c96cbf6a0985e290204677a326f5ef4e-Ground_-2_2.scn[39m[0m
[  92% ] [90m[1msavepack[22m | 保存文件：res://.godot/exported/133200997/export-e9bab215457ee17600538c301c5b30d2-Ground_-1_2.scn[39m[0m
[  92% ] [90m[1msavepack[22m | 保存文件：res://.godot/exported/133200997/export-475b87e27b1020cd392685c883929642-Ground_0_2.scn[39m[0m
[  92% ] [90m[1msavepack[22m | 保存文件：res://.godot/exported/133200997/export-56bf271f482df9e6fee9305c7c8220ff-Ground_1_2.scn[39m[0m
[  92% ] [90m[1msavepack[22m | 保存文件：res://.godot/exported/133200997/export-fc20d223a23ce675e68a1f8581d761d2-Ground_2_2.scn[39m[0m
[  92% ] [90m[1msavepack[22m | 保存文件：res://.godot/exported/133200997/export-2712395c2966af744c0a94745b9e1953-Ground_3_2.scn[39m[0m
[  92% ] [90m[1msavepack[22m | 保存文件：res://.godot/exported/133200997/export-ec5381b99bf89a5886d24026afbc72e6-Ground_4_2.scn[39m[0m
[  92% ] [90m[1msavepack[22m | 保存文件：res://.godot/exported/133200997/export-5581b338c7537d2277f1238d7072d25c-Ground_5_2.scn[39m[0m
[  92% ] [90m[1msavepack[22m | 保存文件：res://.godot/exported/133200997/export-714a77a7b21c01cbad8e623706840855-Ground_6_2.scn[39m[0m
[  92% ] [90m[1msavepack[22m | 保存文件：res://.godot/exported/133200997/export-08c01923eb1941b671757ca61805878e-Ground_-6_3.scn[39m[0m
[  92% ] [90m[1msavepack[22m | 保存文件：res://.godot/exported/133200997/export-a359fdcb8bf53d16627bd09af8fbd345-Ground_-5_3.scn[39m[0m
[  92% ] [90m[1msavepack[22m | 保存文件：res://.godot/exported/133200997/export-98734319fcf17a6dd8d5d1f76eefb9c9-Ground_-4_3.scn[39m[0m
[  92% ] [90m[1msavepack[22m | 保存文件：res://.godot/exported/133200997/export-fbd91fadb89766efca5977fe2ac42dd5-Ground_-3_3.scn[39m[0m
[  93% ] [90m[1msavepack[22m | 保存文件：res://.godot/exported/133200997/export-d2d860f2f969d829967efdc6de4e8a92-Ground_-2_3.scn[39m[0m
[  93% ] [90m[1msavepack[22m | 保存文件：res://.godot/exported/133200997/export-00fdaf67651221fb88c2596eb193053c-Ground_-1_3.scn[39m[0m
[  93% ] [90m[1msavepack[22m | 保存文件：res://.godot/exported/133200997/export-0f7d5630cc6e3d1c716b51407874bfc2-Ground_0_3.scn[39m[0m
[  93% ] [90m[1msavepack[22m | 保存文件：res://.godot/exported/133200997/export-df75e4653a49cf36e5c37fcbbe612d6d-Ground_1_3.scn[39m[0m
[  93% ] [90m[1msavepack[22m | 保存文件：res://.godot/exported/133200997/export-f446eee3dacce2a789aeba4fabf6a905-Ground_2_3.scn[39m[0m
[  93% ] [90m[1msavepack[22m | 保存文件：res://.godot/exported/133200997/export-e1ec08924b3b41f3db626cf225dbe8a6-Ground_3_3.scn[39m[0m
[  93% ] [90m[1msavepack[22m | 保存文件：res://.godot/exported/133200997/export-dddce851468d15ae1881da22a94cfca4-Ground_4_3.scn[39m[0m
[  93% ] [90m[1msavepack[22m | 保存文件：res://.godot/exported/133200997/export-d4bd9d9eec39bab4c27ecbb0356f422c-Ground_5_3.scn[39m[0m
[  93% ] [90m[1msavepack[22m | 保存文件：res://.godot/exported/133200997/export-ad7f052896d64a5be7d9736852b129f3-Ground_6_3.scn[39m[0m
[  93% ] [90m[1msavepack[22m | 保存文件：res://.godot/exported/133200997/export-a402e3eec96a3cb6f75a55de3acb0a10-Ground_-6_4.scn[39m[0m
[  93% ] [90m[1msavepack[22m | 保存文件：res://.godot/exported/133200997/export-d22a09831e71ab31678eba36b00f3fc4-Ground_-5_4.scn[39m[0m
[  93% ] [90m[1msavepack[22m | 保存文件：res://.godot/exported/133200997/export-3e8dfa2c0eb991cd630b25271351aba5-Ground_-4_4.scn[39m[0m
[  93% ] [90m[1msavepack[22m | 保存文件：res://.godot/exported/133200997/export-85f90253f481cb7722236cf972980c67-Ground_-3_4.scn[39m[0m
[  93% ] [90m[1msavepack[22m | 保存文件：res://.godot/exported/133200997/export-684b9bc30e0a2dfcac52bd9cd4941bd2-Ground_-2_4.scn[39m[0m
[  93% ] [90m[1msavepack[22m | 保存文件：res://.godot/exported/133200997/export-ceabcd7fe543135ae7786721b158f573-Ground_-1_4.scn[39m[0m
[  93% ] [90m[1msavepack[22m | 保存文件：res://.godot/exported/133200997/export-07ea73516658bd603b34f9fa699cf518-Ground_0_4.scn[39m[0m
[  94% ] [90m[1msavepack[22m | 保存文件：res://.godot/exported/133200997/export-e18ac0dbabe367073df50c809054ac2a-Ground_1_4.scn[39m[0m
[  94% ] [90m[1msavepack[22m | 保存文件：res://.godot/exported/133200997/export-dc26d33aee1b4cfbdbe04faa5382b1b0-Ground_2_4.scn[39m[0m
[  94% ] [90m[1msavepack[22m | 保存文件：res://.godot/exported/133200997/export-686029c5bb7e3d91ea877fce98d6bfe3-Ground_3_4.scn[39m[0m
[  94% ] [90m[1msavepack[22m | 保存文件：res://.godot/exported/133200997/export-414222f3fd841ebd9b491a77c682594e-Ground_4_4.scn[39m[0m
[  94% ] [90m[1msavepack[22m | 保存文件：res://.godot/exported/133200997/export-c9dd540833a043dee2f8d8d74a9a77fb-Ground_5_4.scn[39m[0m
[  94% ] [90m[1msavepack[22m | 保存文件：res://.godot/exported/133200997/export-c229c6e1f18e2855df16fd3f58260fb0-Ground_6_4.scn[39m[0m
[  94% ] [90m[1msavepack[22m | 保存文件：res://.godot/exported/133200997/export-6c800d4c86c82a7af9667fe332036a3e-Ground_-6_5.scn[39m[0m
[  94% ] [90m[1msavepack[22m | 保存文件：res://.godot/exported/133200997/export-ce246d50f23f4e9e26ecaa151a91bd02-Ground_-5_5.scn[39m[0m
[  94% ] [90m[1msavepack[22m | 保存文件：res://.godot/exported/133200997/export-cb837d5428a7ac2ed5fa511a97146e8d-Ground_-4_5.scn[39m[0m
[  94% ] [90m[1msavepack[22m | 保存文件：res://.godot/exported/133200997/export-932603ced77d3280e32d5dee8cabe588-Ground_-3_5.scn[39m[0m
[  94% ] [90m[1msavepack[22m | 保存文件：res://.godot/exported/133200997/export-e501d1ed71d76aba79a93ef91c114198-Ground_-2_5.scn[39m[0m
[  94% ] [90m[1msavepack[22m | 保存文件：res://.godot/exported/133200997/export-896d36c12ed70724a1e59c1c2ae60699-Ground_-1_5.scn[39m[0m
[  94% ] [90m[1msavepack[22m | 保存文件：res://.godot/exported/133200997/export-b826de7590364af9b1d5de8491296f47-Ground_0_5.scn[39m[0m
[  94% ] [90m[1msavepack[22m | 保存文件：res://.godot/exported/133200997/export-0ba3b2d74154c6676ea1ecdfeda3e0c8-Ground_1_5.scn[39m[0m
[  94% ] [90m[1msavepack[22m | 保存文件：res://.godot/exported/133200997/export-c08e7785d5c5bf2b0abf8661de59f3ce-Ground_2_5.scn[39m[0m
[  95% ] [90m[1msavepack[22m | 保存文件：res://.godot/exported/133200997/export-f2f0a2d1b63bae3404895316cf82c54b-Ground_3_5.scn[39m[0m
[  95% ] [90m[1msavepack[22m | 保存文件：res://.godot/exported/133200997/export-794df2d5dcd301356ba8a1bbe1008ef2-Ground_4_5.scn[39m[0m
[  95% ] [90m[1msavepack[22m | 保存文件：res://.godot/exported/133200997/export-1ce8f4c9c6bb7f4cc33e2e02a148b970-Ground_5_5.scn[39m[0m
[  95% ] [90m[1msavepack[22m | 保存文件：res://.godot/exported/133200997/export-1ab81ef38169c8859bcd668f00486290-Ground_6_5.scn[39m[0m
[  95% ] [90m[1msavepack[22m | 保存文件：res://.godot/exported/133200997/export-109f201a9919c5f1f6cb8c944331fd7d-dock.scn[39m[0m
[  95% ] [90m[1msavepack[22m | 保存文件：res://.godot/exported/133200997/export-656ac2e2ec100c0a05424e44f2dc9993-lighthouse.scn[39m[0m
[  95% ] [90m[1msavepack[22m | 保存文件：res://.godot/exported/133200997/export-c8aa7b5af53ca9c7444e5166ca7e00eb-cottage.scn[39m[0m
[  95% ] [90m[1msavepack[22m | 保存文件：res://.godot/exported/133200997/export-1f95d001171aaca18601a1cd3b9cf047-crate.scn[39m[0m
[  95% ] [90m[1msavepack[22m | 保存文件：res://.godot/exported/133200997/export-1c258e130c26fd002f300c060cf25060-castle.scn[39m[0m
[  95% ] [90m[1msavepack[22m | 保存文件：res://.godot/exported/133200997/export-7e20934fea3e2cc6dd44f3e76c6aebe4-observatory.scn[39m[0m
[  95% ] [90m[1msavepack[22m | 保存文件：res://.godot/exported/133200997/export-160ca5cef8e329f114f1b0d9e2606cb9-mill.scn[39m[0m
[  95% ] [90m[1msavepack[22m | 保存文件：res://.godot/exported/133200997/export-9f23b05378355fdd7400ac7673b088c9-mill_rotor.scn[39m[0m
[  95% ] [90m[1msavepack[22m | 保存文件：res://.godot/exported/133200997/export-10f27eed0715700b35864559975cfe66-ruins.scn[39m[0m
[  95% ] [90m[1msavepack[22m | 保存文件：res://scripts/scatter_group.gdc[39m[0m
[  95% ] [90m[1msavepack[22m | 保存文件：res://.godot/exported/133200997/export-20517d63ddae8b74243f0fa0b05efbaf-poplar.scn[39m[0m
[  96% ] [90m[1msavepack[22m | 保存文件：res://.godot/exported/133200997/export-e71b0cb179e526267f29212db90f492c-oak.scn[39m[0m
[  96% ] [90m[1msavepack[22m | 保存文件：res://.godot/exported/133200997/export-77ddc3c830b5901b94a09b40d89e8c47-rock.scn[39m[0m
[  96% ] [90m[1msavepack[22m | 保存文件：res://.godot/exported/133200997/export-f4413e9720c7f75ee195bd7f5e77481c-bush.scn[39m[0m
[  96% ] [90m[1msavepack[22m | 保存文件：res://.godot/exported/133200997/export-d987ceff958a2e04ac69b964df45a758-pine.scn[39m[0m
[  96% ] [90m[1msavepack[22m | 保存文件：res://.godot/exported/133200997/export-998d25ecba8e87f31c6055c47c8b4071-cloud_primary.scn[39m[0m
[  96% ] [90m[1msavepack[22m | 保存文件：res://.godot/exported/133200997/export-6e96c9e15b01dd9c74a3a79ad960227a-cloud_middle.scn[39m[0m
[  96% ] [90m[1msavepack[22m | 保存文件：res://.godot/exported/133200997/export-858f1351fd41c1d0cb1e66e259803dcb-cloud_low.scn[39m[0m
[  96% ] [90m[1msavepack[22m | 保存文件：res://.godot/exported/133200997/export-0179dc241826d5ce7f698d11f6bc6a4c-cloud_edge.scn[39m[0m
[  96% ] [90m[1msavepack[22m | 保存文件：res://.godot/exported/133200997/export-b465e6c1f04818e63208441f14dc9106-cloud_wisp.scn[39m[0m
[  96% ] [90m[1msavepack[22m | 保存文件：res://.godot/exported/133200997/export-0f6aea712d89ca53a0cd094777fcadca-cloud.scn[39m[0m
[  96% ] [90m[1msavepack[22m | 保存文件：res://.godot/exported/133200997/export-3cb5624720aa173123b2dd04ba217404-sky_ring.scn[39m[0m
[  96% ] [90m[1msavepack[22m | 保存文件：res://scripts/world_port.gdc[39m[0m
[  96% ] [90m[1msavepack[22m | 保存文件：res://.godot/exported/133200997/export-d55a04c4d29287912d38c4e1c4086023-cliff_crown.scn[39m[0m
[  96% ] [90m[1msavepack[22m | 保存文件：res://.godot/exported/133200997/export-6863672f937bded2e2de260c07dca1ec-cliff_western_slab.scn[39m[0m
[  96% ] [90m[1msavepack[22m | 保存文件：res://.godot/exported/133200997/export-ecb45eccf9e4d8df0d5400d935731005-cliff_front_columns.scn[39m[0m
[  96% ] [90m[1msavepack[22m | 保存文件：res://.godot/exported/133200997/export-358b8d9d1054430e31147f402b709e3a-cliff_eastern_plateau.scn[39m[0m
[  97% ] [90m[1msavepack[22m | 保存文件：res://.godot/exported/133200997/export-c2d1d1c711717ca176c19e0c177a81a7-cliff_shadow_buttress.scn[39m[0m
[  97% ] [90m[1msavepack[22m | 保存文件：res://.godot/exported/133200997/export-0c231a3f93e2ee78e6a2435e837d7010-cliff_central_wall.scn[39m[0m
[  97% ] [90m[1msavepack[22m | 保存文件：res://.godot/exported/133200997/export-c6788fa116df9a9ed03cefa1c8398d5c-massif_frost_crown.scn[39m[0m
[  97% ] [90m[1msavepack[22m | 保存文件：res://.godot/exported/133200997/export-b90ad65e22fd69ba0e80b7cb19d13e4a-massif_west_summit.scn[39m[0m
[  97% ] [90m[1msavepack[22m | 保存文件：res://.godot/exported/133200997/export-fa87432379e45c23ab13068632112699-massif_needle_ridge.scn[39m[0m
[  97% ] [90m[1msavepack[22m | 保存文件：res://.godot/exported/133200997/export-dbf6515e9741ab18619489a7076276a2-massif_east_summit.scn[39m[0m
[  97% ] [90m[1msavepack[22m | 保存文件：res://.godot/exported/133200997/export-eedfce82da1bbb16cfc00a53054bb9c7-massif_east_spur.scn[39m[0m
[  97% ] [90m[1msavepack[22m | 保存文件：res://.godot/exported/133200997/export-cfa5f3b718d6ce1be7ee88819b62021b-massif_west_spur.scn[39m[0m
[  97% ] [90m[1msavepack[22m | 保存文件：res://.godot/exported/133200997/export-efea45aaf8443dd933c64777c461424d-massif_cirque_wall.scn[39m[0m
[  97% ] [90m[1msavepack[22m | 保存文件：res://.godot/exported/133200997/export-1d8ca2761e6e482157782209470b7418-massif_east_foothill.scn[39m[0m
[  97% ] [90m[1msavepack[22m | 保存文件：res://.godot/exported/133200997/export-91ca9666b4a42e0495bd886412b20469-massif_blue_buttress.scn[39m[0m
[  97% ] [90m[1msavepack[22m | 保存文件：res://.godot/exported/133200997/export-969a084222cb715c110451cc2f76638c-massif_valley_guard.scn[39m[0m
[  97% ] [90m[1msavepack[22m | 保存文件：res://.godot/exported/133200997/export-cee02b3635845929932387fd0bd73cfe-massif_west_foothill.scn[39m[0m
[  97% ] [90m[1msavepack[22m | 保存文件：res://.godot/exported/133200997/export-a7a887b718c95196330ca4f2b45f9834-Airship.scn[39m[0m
[  97% ] [90m[1msavepack[22m | 保存文件：res://scripts/airship_body.gdc[39m[0m
[  98% ] [90m[1msavepack[22m | 保存文件：res://scripts/open_sky.gdshader[39m[0m
[  98% ] [90m[1msavepack[22m | 保存文件：res://scripts/cliff_surface.gdshader[39m[0m
[  98% ] [90m[1msavepack[22m | 保存文件：res://scripts/cliff_tour_test.gdc[39m[0m
[  98% ] [90m[1msavepack[22m | 保存文件：res://scripts/flight_tour_test.gdc[39m[0m
[  98% ] [90m[1msavepack[22m | 保存文件：res://scripts/game_hud.gdc[39m[0m
[  98% ] [90m[1msavepack[22m | 保存文件：res://scripts/game_tests.gdc[39m[0m
[  98% ] [90m[1msavepack[22m | 保存文件：res://scripts/hud.gdc[39m[0m
[  98% ] [90m[1msavepack[22m | 保存文件：res://scripts/hud_atlas.gdshader[39m[0m
[  98% ] [90m[1msavepack[22m | 保存文件：res://scripts/stream_flight_test.gdc[39m[0m
[  98% ] [90m[1msavepack[22m | 保存文件：res://scripts/world_math.gdc[39m[0m
[  98% ] [90m[1msavepack[22m | 保存文件：res://assets/asset_catalog.json[39m[0m
[  98% ] [90m[1msavepack[22m | 保存文件：res://assets/mountain_kit.json[39m[0m
[  98% ] [90m[1msavepack[22m | 保存文件：res://assets/terrain_sculpt.json[39m[0m
[  98% ] [90m[1msavepack[22m | 保存文件：res://assets/water_geography.json[39m[0m
[  98% ] [90m[1msavepack[22m | 保存文件：res://assets/world_layout.json[39m[0m
[  98% ] [90m[1msavepack[22m | 保存文件：res://materials/cliff.tres.remap[39m[0m
[  98% ] [90m[1msavepack[22m | 保存文件：res://materials/cloud.tres.remap[39m[0m
[  98% ] [90m[1msavepack[22m | 保存文件：res://materials/flag.tres.remap[39m[0m
[  98% ] [90m[1msavepack[22m | 保存文件：res://materials/ship.tres.remap[39m[0m
[  98% ] [90m[1msavepack[22m | 保存文件：res://materials/world.tres.remap[39m[0m
[  98% ] [90m[1msavepack[22m | 保存文件：res://scenes/environment/Field_0.tscn.remap[39m[0m
[  98% ] [90m[1msavepack[22m | 保存文件：res://scripts/asset_instance.gd.remap[39m[0m
[  98% ] [90m[1msavepack[22m | 保存文件：res://scenes/environment/Field_1.tscn.remap[39m[0m
[  98% ] [90m[1msavepack[22m | 保存文件：res://scenes/environment/Field_10.tscn.remap[39m[0m
[  98% ] [90m[1msavepack[22m | 保存文件：res://scenes/environment/Field_11.tscn.remap[39m[0m
[  98% ] [90m[1msavepack[22m | 保存文件：res://scenes/environment/Field_2.tscn.remap[39m[0m
[  98% ] [90m[1msavepack[22m | 保存文件：res://scenes/environment/Field_3.tscn.remap[39m[0m
[  98% ] [90m[1msavepack[22m | 保存文件：res://scenes/environment/Field_4.tscn.remap[39m[0m
[  98% ] [90m[1msavepack[22m | 保存文件：res://scenes/environment/Field_5.tscn.remap[39m[0m
[  98% ] [90m[1msavepack[22m | 保存文件：res://scenes/environment/Field_6.tscn.remap[39m[0m
[  98% ] [90m[1msavepack[22m | 保存文件：res://scenes/environment/Field_7.tscn.remap[39m[0m
[  98% ] [90m[1msavepack[22m | 保存文件：res://scenes/environment/Field_8.tscn.remap[39m[0m
[  98% ] [90m[1msavepack[22m | 保存文件：res://scenes/environment/Field_9.tscn.remap[39m[0m
[  98% ] [90m[1msavepack[22m | 保存文件：res://scenes/environment/Ocean.tscn.remap[39m[0m
[  98% ] [90m[1msavepack[22m | 保存文件：res://scenes/environment/Trail_Amberfield.tscn.remap[39m[0m
[  98% ] [90m[1msavepack[22m | 保存文件：res://scenes/environment/Trail_Crownreach.tscn.remap[39m[0m
[  98% ] [90m[1msavepack[22m | 保存文件：res://scenes/environment/Trail_HillHamlet.tscn.remap[39m[0m
[  98% ] [90m[1msavepack[22m | 保存文件：res://scenes/game.tscn.remap[39m[0m
[  98% ] [90m[1msavepack[22m | 保存文件：res://scripts/game.gd.remap[39m[0m
[  98% ] [90m[1msavepack[22m | 保存文件：res://scenes/world/World.tscn.remap[39m[0m
[  98% ] [90m[1msavepack[22m | 保存文件：res://scripts/open_world.gd.remap[39m[0m
[  98% ] [90m[1msavepack[22m | 保存文件：res://scenes/terrain/Ground_-6_-10.tscn.remap[39m[0m
[  98% ] [90m[1msavepack[22m | 保存文件：res://scenes/terrain/Ground_-5_-10.tscn.remap[39m[0m
[  98% ] [90m[1msavepack[22m | 保存文件：res://scenes/terrain/Ground_-4_-10.tscn.remap[39m[0m
[  98% ] [90m[1msavepack[22m | 保存文件：res://scenes/terrain/Ground_-3_-10.tscn.remap[39m[0m
[  98% ] [90m[1msavepack[22m | 保存文件：res://scenes/terrain/Ground_-2_-10.tscn.remap[39m[0m
[  98% ] [90m[1msavepack[22m | 保存文件：res://scenes/terrain/Ground_-1_-10.tscn.remap[39m[0m
[  98% ] [90m[1msavepack[22m | 保存文件：res://scenes/terrain/Ground_0_-10.tscn.remap[39m[0m
[  98% ] [90m[1msavepack[22m | 保存文件：res://scenes/terrain/Ground_1_-10.tscn.remap[39m[0m
[  98% ] [90m[1msavepack[22m | 保存文件：res://scenes/terrain/Ground_2_-10.tscn.remap[39m[0m
[  98% ] [90m[1msavepack[22m | 保存文件：res://scenes/terrain/Ground_3_-10.tscn.remap[39m[0m
[  98% ] [90m[1msavepack[22m | 保存文件：res://scenes/terrain/Ground_4_-10.tscn.remap[39m[0m
[  98% ] [90m[1msavepack[22m | 保存文件：res://scenes/terrain/Ground_5_-10.tscn.remap[39m[0m
[  98% ] [90m[1msavepack[22m | 保存文件：res://scenes/terrain/Ground_6_-10.tscn.remap[39m[0m
[  98% ] [90m[1msavepack[22m | 保存文件：res://scenes/terrain/Ground_-6_-9.tscn.remap[39m[0m
[  98% ] [90m[1msavepack[22m | 保存文件：res://scenes/terrain/Ground_-5_-9.tscn.remap[39m[0m
[  98% ] [90m[1msavepack[22m | 保存文件：res://scenes/terrain/Ground_-4_-9.tscn.remap[39m[0m
[  98% ] [90m[1msavepack[22m | 保存文件：res://scenes/terrain/Ground_-3_-9.tscn.remap[39m[0m
[  98% ] [90m[1msavepack[22m | 保存文件：res://scenes/terrain/Ground_-2_-9.tscn.remap[39m[0m
[  98% ] [90m[1msavepack[22m | 保存文件：res://scenes/terrain/Ground_-1_-9.tscn.remap[39m[0m
[  98% ] [90m[1msavepack[22m | 保存文件：res://scenes/terrain/Ground_0_-9.tscn.remap[39m[0m
[  98% ] [90m[1msavepack[22m | 保存文件：res://scenes/terrain/Ground_1_-9.tscn.remap[39m[0m
[  98% ] [90m[1msavepack[22m | 保存文件：res://scenes/terrain/Ground_2_-9.tscn.remap[39m[0m
[  98% ] [90m[1msavepack[22m | 保存文件：res://scenes/terrain/Ground_3_-9.tscn.remap[39m[0m
[  98% ] [90m[1msavepack[22m | 保存文件：res://scenes/terrain/Ground_4_-9.tscn.remap[39m[0m
[  98% ] [90m[1msavepack[22m | 保存文件：res://scenes/terrain/Ground_5_-9.tscn.remap[39m[0m
[  98% ] [90m[1msavepack[22m | 保存文件：res://scenes/terrain/Ground_6_-9.tscn.remap[39m[0m
[  98% ] [90m[1msavepack[22m | 保存文件：res://scenes/terrain/Ground_-6_-8.tscn.remap[39m[0m
[  98% ] [90m[1msavepack[22m | 保存文件：res://scenes/terrain/Ground_-5_-8.tscn.remap[39m[0m
[  98% ] [90m[1msavepack[22m | 保存文件：res://scenes/terrain/Ground_-4_-8.tscn.remap[39m[0m
[  98% ] [90m[1msavepack[22m | 保存文件：res://scenes/terrain/Ground_-3_-8.tscn.remap[39m[0m
[  98% ] [90m[1msavepack[22m | 保存文件：res://scenes/terrain/Ground_-2_-8.tscn.remap[39m[0m
[  98% ] [90m[1msavepack[22m | 保存文件：res://scenes/terrain/Ground_-1_-8.tscn.remap[39m[0m
[  98% ] [90m[1msavepack[22m | 保存文件：res://scenes/terrain/Ground_0_-8.tscn.remap[39m[0m
[  98% ] [90m[1msavepack[22m | 保存文件：res://scenes/terrain/Ground_1_-8.tscn.remap[39m[0m
[  98% ] [90m[1msavepack[22m | 保存文件：res://scenes/terrain/Ground_2_-8.tscn.remap[39m[0m
[  98% ] [90m[1msavepack[22m | 保存文件：res://scenes/terrain/Ground_3_-8.tscn.remap[39m[0m
[  98% ] [90m[1msavepack[22m | 保存文件：res://scenes/terrain/Ground_4_-8.tscn.remap[39m[0m
[  98% ] [90m[1msavepack[22m | 保存文件：res://scenes/terrain/Ground_5_-8.tscn.remap[39m[0m
[  98% ] [90m[1msavepack[22m | 保存文件：res://scenes/terrain/Ground_6_-8.tscn.remap[39m[0m
[  98% ] [90m[1msavepack[22m | 保存文件：res://scenes/terrain/Ground_-6_-7.tscn.remap[39m[0m
[  98% ] [90m[1msavepack[22m | 保存文件：res://scenes/terrain/Ground_-5_-7.tscn.remap[39m[0m
[  98% ] [90m[1msavepack[22m | 保存文件：res://scenes/terrain/Ground_-4_-7.tscn.remap[39m[0m
[  98% ] [90m[1msavepack[22m | 保存文件：res://scenes/terrain/Ground_-3_-7.tscn.remap[39m[0m
[  98% ] [90m[1msavepack[22m | 保存文件：res://scenes/terrain/Ground_-2_-7.tscn.remap[39m[0m
[  98% ] [90m[1msavepack[22m | 保存文件：res://scenes/terrain/Ground_-1_-7.tscn.remap[39m[0m
[  98% ] [90m[1msavepack[22m | 保存文件：res://scenes/terrain/Ground_0_-7.tscn.remap[39m[0m
[  98% ] [90m[1msavepack[22m | 保存文件：res://scenes/terrain/Ground_1_-7.tscn.remap[39m[0m
[  98% ] [90m[1msavepack[22m | 保存文件：res://scenes/terrain/Ground_2_-7.tscn.remap[39m[0m
[  98% ] [90m[1msavepack[22m | 保存文件：res://scenes/terrain/Ground_3_-7.tscn.remap[39m[0m
[  98% ] [90m[1msavepack[22m | 保存文件：res://scenes/terrain/Ground_4_-7.tscn.remap[39m[0m
[  98% ] [90m[1msavepack[22m | 保存文件：res://scenes/terrain/Ground_5_-7.tscn.remap[39m[0m
[  98% ] [90m[1msavepack[22m | 保存文件：res://scenes/terrain/Ground_6_-7.tscn.remap[39m[0m
[  98% ] [90m[1msavepack[22m | 保存文件：res://scenes/terrain/Ground_-6_-6.tscn.remap[39m[0m
[  98% ] [90m[1msavepack[22m | 保存文件：res://scenes/terrain/Ground_-5_-6.tscn.remap[39m[0m
[  98% ] [90m[1msavepack[22m | 保存文件：res://scenes/terrain/Ground_-4_-6.tscn.remap[39m[0m
[  98% ] [90m[1msavepack[22m | 保存文件：res://scenes/terrain/Ground_-3_-6.tscn.remap[39m[0m
[  98% ] [90m[1msavepack[22m | 保存文件：res://scenes/terrain/Ground_-2_-6.tscn.remap[39m[0m
[  98% ] [90m[1msavepack[22m | 保存文件：res://scenes/terrain/Ground_-1_-6.tscn.remap[39m[0m
[  98% ] [90m[1msavepack[22m | 保存文件：res://scenes/terrain/Ground_0_-6.tscn.remap[39m[0m
[  98% ] [90m[1msavepack[22m | 保存文件：res://scenes/terrain/Ground_1_-6.tscn.remap[39m[0m
[  98% ] [90m[1msavepack[22m | 保存文件：res://scenes/terrain/Ground_2_-6.tscn.remap[39m[0m
[  98% ] [90m[1msavepack[22m | 保存文件：res://scenes/terrain/Ground_3_-6.tscn.remap[39m[0m
[  98% ] [90m[1msavepack[22m | 保存文件：res://scenes/terrain/Ground_4_-6.tscn.remap[39m[0m
[  98% ] [90m[1msavepack[22m | 保存文件：res://scenes/terrain/Ground_5_-6.tscn.remap[39m[0m
[  98% ] [90m[1msavepack[22m | 保存文件：res://scenes/terrain/Ground_6_-6.tscn.remap[39m[0m
[  98% ] [90m[1msavepack[22m | 保存文件：res://scenes/terrain/Ground_-6_-5.tscn.remap[39m[0m
[  98% ] [90m[1msavepack[22m | 保存文件：res://scenes/terrain/Ground_-5_-5.tscn.remap[39m[0m
[  98% ] [90m[1msavepack[22m | 保存文件：res://scenes/terrain/Ground_-4_-5.tscn.remap[39m[0m
[  98% ] [90m[1msavepack[22m | 保存文件：res://scenes/terrain/Ground_-3_-5.tscn.remap[39m[0m
[  98% ] [90m[1msavepack[22m | 保存文件：res://scenes/terrain/Ground_-2_-5.tscn.remap[39m[0m
[  98% ] [90m[1msavepack[22m | 保存文件：res://scenes/terrain/Ground_-1_-5.tscn.remap[39m[0m
[  98% ] [90m[1msavepack[22m | 保存文件：res://scenes/terrain/Ground_0_-5.tscn.remap[39m[0m
[  98% ] [90m[1msavepack[22m | 保存文件：res://scenes/terrain/Ground_1_-5.tscn.remap[39m[0m
[  98% ] [90m[1msavepack[22m | 保存文件：res://scenes/terrain/Ground_2_-5.tscn.remap[39m[0m
[  98% ] [90m[1msavepack[22m | 保存文件：res://scenes/terrain/Ground_3_-5.tscn.remap[39m[0m
[  98% ] [90m[1msavepack[22m | 保存文件：res://scenes/terrain/Ground_4_-5.tscn.remap[39m[0m
[  98% ] [90m[1msavepack[22m | 保存文件：res://scenes/terrain/Ground_5_-5.tscn.remap[39m[0m
[  98% ] [90m[1msavepack[22m | 保存文件：res://scenes/terrain/Ground_6_-5.tscn.remap[39m[0m
[  98% ] [90m[1msavepack[22m | 保存文件：res://scenes/terrain/Ground_-6_-4.tscn.remap[39m[0m
[  98% ] [90m[1msavepack[22m | 保存文件：res://scenes/terrain/Ground_-5_-4.tscn.remap[39m[0m
[  98% ] [90m[1msavepack[22m | 保存文件：res://scenes/terrain/Ground_-4_-4.tscn.remap[39m[0m
[  98% ] [90m[1msavepack[22m | 保存文件：res://scenes/terrain/Ground_-3_-4.tscn.remap[39m[0m
[  98% ] [90m[1msavepack[22m | 保存文件：res://scenes/terrain/Ground_-2_-4.tscn.remap[39m[0m
[  98% ] [90m[1msavepack[22m | 保存文件：res://scenes/terrain/Ground_-1_-4.tscn.remap[39m[0m
[  98% ] [90m[1msavepack[22m | 保存文件：res://scenes/terrain/Ground_0_-4.tscn.remap[39m[0m
[  98% ] [90m[1msavepack[22m | 保存文件：res://scenes/terrain/Ground_1_-4.tscn.remap[39m[0m
[  98% ] [90m[1msavepack[22m | 保存文件：res://scenes/terrain/Ground_2_-4.tscn.remap[39m[0m
[  98% ] [90m[1msavepack[22m | 保存文件：res://scenes/terrain/Ground_3_-4.tscn.remap[39m[0m
[  98% ] [90m[1msavepack[22m | 保存文件：res://scenes/terrain/Ground_4_-4.tscn.remap[39m[0m
[  98% ] [90m[1msavepack[22m | 保存文件：res://scenes/terrain/Ground_5_-4.tscn.remap[39m[0m
[  98% ] [90m[1msavepack[22m | 保存文件：res://scenes/terrain/Ground_6_-4.tscn.remap[39m[0m
[  98% ] [90m[1msavepack[22m | 保存文件：res://scenes/terrain/Ground_-6_-3.tscn.remap[39m[0m
[  98% ] [90m[1msavepack[22m | 保存文件：res://scenes/terrain/Ground_-5_-3.tscn.remap[39m[0m
[  98% ] [90m[1msavepack[22m | 保存文件：res://scenes/terrain/Ground_-4_-3.tscn.remap[39m[0m
[  98% ] [90m[1msavepack[22m | 保存文件：res://scenes/terrain/Ground_-3_-3.tscn.remap[39m[0m
[  98% ] [90m[1msavepack[22m | 保存文件：res://scenes/terrain/Ground_-2_-3.tscn.remap[39m[0m
[  98% ] [90m[1msavepack[22m | 保存文件：res://scenes/terrain/Ground_-1_-3.tscn.remap[39m[0m
[  98% ] [90m[1msavepack[22m | 保存文件：res://scenes/terrain/Ground_0_-3.tscn.remap[39m[0m
[  98% ] [90m[1msavepack[22m | 保存文件：res://scenes/terrain/Ground_1_-3.tscn.remap[39m[0m
[  98% ] [90m[1msavepack[22m | 保存文件：res://scenes/terrain/Ground_2_-3.tscn.remap[39m[0m
[  98% ] [90m[1msavepack[22m | 保存文件：res://scenes/terrain/Ground_3_-3.tscn.remap[39m[0m
[  98% ] [90m[1msavepack[22m | 保存文件：res://scenes/terrain/Ground_4_-3.tscn.remap[39m[0m
[  98% ] [90m[1msavepack[22m | 保存文件：res://scenes/terrain/Ground_5_-3.tscn.remap[39m[0m
[  98% ] [90m[1msavepack[22m | 保存文件：res://scenes/terrain/Ground_6_-3.tscn.remap[39m[0m
[  98% ] [90m[1msavepack[22m | 保存文件：res://scenes/terrain/Ground_-6_-2.tscn.remap[39m[0m
[  98% ] [90m[1msavepack[22m | 保存文件：res://scenes/terrain/Ground_-5_-2.tscn.remap[39m[0m
[  98% ] [90m[1msavepack[22m | 保存文件：res://scenes/terrain/Ground_-4_-2.tscn.remap[39m[0m
[  98% ] [90m[1msavepack[22m | 保存文件：res://scenes/terrain/Ground_-3_-2.tscn.remap[39m[0m
[  98% ] [90m[1msavepack[22m | 保存文件：res://scenes/terrain/Ground_-2_-2.tscn.remap[39m[0m
[  98% ] [90m[1msavepack[22m | 保存文件：res://scenes/terrain/Ground_-1_-2.tscn.remap[39m[0m
[  98% ] [90m[1msavepack[22m | 保存文件：res://scenes/terrain/Ground_0_-2.tscn.remap[39m[0m
[  98% ] [90m[1msavepack[22m | 保存文件：res://scenes/terrain/Ground_1_-2.tscn.remap[39m[0m
[  98% ] [90m[1msavepack[22m | 保存文件：res://scenes/terrain/Ground_2_-2.tscn.remap[39m[0m
[  98% ] [90m[1msavepack[22m | 保存文件：res://scenes/terrain/Ground_3_-2.tscn.remap[39m[0m
[  98% ] [90m[1msavepack[22m | 保存文件：res://scenes/terrain/Ground_4_-2.tscn.remap[39m[0m
[  98% ] [90m[1msavepack[22m | 保存文件：res://scenes/terrain/Ground_5_-2.tscn.remap[39m[0m
[  98% ] [90m[1msavepack[22m | 保存文件：res://scenes/terrain/Ground_6_-2.tscn.remap[39m[0m
[  98% ] [90m[1msavepack[22m | 保存文件：res://scenes/terrain/Ground_-6_-1.tscn.remap[39m[0m
[  98% ] [90m[1msavepack[22m | 保存文件：res://scenes/terrain/Ground_-5_-1.tscn.remap[39m[0m
[  98% ] [90m[1msavepack[22m | 保存文件：res://scenes/terrain/Ground_-4_-1.tscn.remap[39m[0m
[  98% ] [90m[1msavepack[22m | 保存文件：res://scenes/terrain/Ground_-3_-1.tscn.remap[39m[0m
[  98% ] [90m[1msavepack[22m | 保存文件：res://scenes/terrain/Ground_-2_-1.tscn.remap[39m[0m
[  98% ] [90m[1msavepack[22m | 保存文件：res://scenes/terrain/Ground_-1_-1.tscn.remap[39m[0m
[  98% ] [90m[1msavepack[22m | 保存文件：res://scenes/terrain/Ground_0_-1.tscn.remap[39m[0m
[  98% ] [90m[1msavepack[22m | 保存文件：res://scenes/terrain/Ground_1_-1.tscn.remap[39m[0m
[  98% ] [90m[1msavepack[22m | 保存文件：res://scenes/terrain/Ground_2_-1.tscn.remap[39m[0m
[  98% ] [90m[1msavepack[22m | 保存文件：res://scenes/terrain/Ground_3_-1.tscn.remap[39m[0m
[  98% ] [90m[1msavepack[22m | 保存文件：res://scenes/terrain/Ground_4_-1.tscn.remap[39m[0m
[  98% ] [90m[1msavepack[22m | 保存文件：res://scenes/terrain/Ground_5_-1.tscn.remap[39m[0m
[  98% ] [90m[1msavepack[22m | 保存文件：res://scenes/terrain/Ground_6_-1.tscn.remap[39m[0m
[  98% ] [90m[1msavepack[22m | 保存文件：res://scenes/terrain/Ground_-6_0.tscn.remap[39m[0m
[  98% ] [90m[1msavepack[22m | 保存文件：res://scenes/terrain/Ground_-5_0.tscn.remap[39m[0m
[  98% ] [90m[1msavepack[22m | 保存文件：res://scenes/terrain/Ground_-4_0.tscn.remap[39m[0m
[  98% ] [90m[1msavepack[22m | 保存文件：res://scenes/terrain/Ground_-3_0.tscn.remap[39m[0m
[  98% ] [90m[1msavepack[22m | 保存文件：res://scenes/terrain/Ground_-2_0.tscn.remap[39m[0m
[  98% ] [90m[1msavepack[22m | 保存文件：res://scenes/terrain/Ground_-1_0.tscn.remap[39m[0m
[  98% ] [90m[1msavepack[22m | 保存文件：res://scenes/terrain/Ground_0_0.tscn.remap[39m[0m
[  98% ] [90m[1msavepack[22m | 保存文件：res://scenes/terrain/Ground_1_0.tscn.remap[39m[0m
[  98% ] [90m[1msavepack[22m | 保存文件：res://scenes/terrain/Ground_2_0.tscn.remap[39m[0m
[  98% ] [90m[1msavepack[22m | 保存文件：res://scenes/terrain/Ground_3_0.tscn.remap[39m[0m
[  98% ] [90m[1msavepack[22m | 保存文件：res://scenes/terrain/Ground_4_0.tscn.remap[39m[0m
[  98% ] [90m[1msavepack[22m | 保存文件：res://scenes/terrain/Ground_5_0.tscn.remap[39m[0m
[  98% ] [90m[1msavepack[22m | 保存文件：res://scenes/terrain/Ground_6_0.tscn.remap[39m[0m
[  98% ] [90m[1msavepack[22m | 保存文件：res://scenes/terrain/Ground_-6_1.tscn.remap[39m[0m
[  98% ] [90m[1msavepack[22m | 保存文件：res://scenes/terrain/Ground_-5_1.tscn.remap[39m[0m
[  98% ] [90m[1msavepack[22m | 保存文件：res://scenes/terrain/Ground_-4_1.tscn.remap[39m[0m
[  98% ] [90m[1msavepack[22m | 保存文件：res://scenes/terrain/Ground_-3_1.tscn.remap[39m[0m
[  98% ] [90m[1msavepack[22m | 保存文件：res://scenes/terrain/Ground_-2_1.tscn.remap[39m[0m
[  98% ] [90m[1msavepack[22m | 保存文件：res://scenes/terrain/Ground_-1_1.tscn.remap[39m[0m
[  98% ] [90m[1msavepack[22m | 保存文件：res://scenes/terrain/Ground_0_1.tscn.remap[39m[0m
[  98% ] [90m[1msavepack[22m | 保存文件：res://scenes/terrain/Ground_1_1.tscn.remap[39m[0m
[  98% ] [90m[1msavepack[22m | 保存文件：res://scenes/terrain/Ground_2_1.tscn.remap[39m[0m
[  98% ] [90m[1msavepack[22m | 保存文件：res://scenes/terrain/Ground_3_1.tscn.remap[39m[0m
[  98% ] [90m[1msavepack[22m | 保存文件：res://scenes/terrain/Ground_4_1.tscn.remap[39m[0m
[  98% ] [90m[1msavepack[22m | 保存文件：res://scenes/terrain/Ground_5_1.tscn.remap[39m[0m
[  98% ] [90m[1msavepack[22m | 保存文件：res://scenes/terrain/Ground_6_1.tscn.remap[39m[0m
[  98% ] [90m[1msavepack[22m | 保存文件：res://scenes/terrain/Ground_-6_2.tscn.remap[39m[0m
[  98% ] [90m[1msavepack[22m | 保存文件：res://scenes/terrain/Ground_-5_2.tscn.remap[39m[0m
[  98% ] [90m[1msavepack[22m | 保存文件：res://scenes/terrain/Ground_-4_2.tscn.remap[39m[0m
[  98% ] [90m[1msavepack[22m | 保存文件：res://scenes/terrain/Ground_-3_2.tscn.remap[39m[0m
[  98% ] [90m[1msavepack[22m | 保存文件：res://scenes/terrain/Ground_-2_2.tscn.remap[39m[0m
[  98% ] [90m[1msavepack[22m | 保存文件：res://scenes/terrain/Ground_-1_2.tscn.remap[39m[0m
[  98% ] [90m[1msavepack[22m | 保存文件：res://scenes/terrain/Ground_0_2.tscn.remap[39m[0m
[  98% ] [90m[1msavepack[22m | 保存文件：res://scenes/terrain/Ground_1_2.tscn.remap[39m[0m
[  98% ] [90m[1msavepack[22m | 保存文件：res://scenes/terrain/Ground_2_2.tscn.remap[39m[0m
[  98% ] [90m[1msavepack[22m | 保存文件：res://scenes/terrain/Ground_3_2.tscn.remap[39m[0m
[  98% ] [90m[1msavepack[22m | 保存文件：res://scenes/terrain/Ground_4_2.tscn.remap[39m[0m
[  98% ] [90m[1msavepack[22m | 保存文件：res://scenes/terrain/Ground_5_2.tscn.remap[39m[0m
[  98% ] [90m[1msavepack[22m | 保存文件：res://scenes/terrain/Ground_6_2.tscn.remap[39m[0m
[  98% ] [90m[1msavepack[22m | 保存文件：res://scenes/terrain/Ground_-6_3.tscn.remap[39m[0m
[  98% ] [90m[1msavepack[22m | 保存文件：res://scenes/terrain/Ground_-5_3.tscn.remap[39m[0m
[  98% ] [90m[1msavepack[22m | 保存文件：res://scenes/terrain/Ground_-4_3.tscn.remap[39m[0m
[  98% ] [90m[1msavepack[22m | 保存文件：res://scenes/terrain/Ground_-3_3.tscn.remap[39m[0m
[  98% ] [90m[1msavepack[22m | 保存文件：res://scenes/terrain/Ground_-2_3.tscn.remap[39m[0m
[  98% ] [90m[1msavepack[22m | 保存文件：res://scenes/terrain/Ground_-1_3.tscn.remap[39m[0m
[  98% ] [90m[1msavepack[22m | 保存文件：res://scenes/terrain/Ground_0_3.tscn.remap[39m[0m
[  98% ] [90m[1msavepack[22m | 保存文件：res://scenes/terrain/Ground_1_3.tscn.remap[39m[0m
[  98% ] [90m[1msavepack[22m | 保存文件：res://scenes/terrain/Ground_2_3.tscn.remap[39m[0m
[  98% ] [90m[1msavepack[22m | 保存文件：res://scenes/terrain/Ground_3_3.tscn.remap[39m[0m
[  98% ] [90m[1msavepack[22m | 保存文件：res://scenes/terrain/Ground_4_3.tscn.remap[39m[0m
[  98% ] [90m[1msavepack[22m | 保存文件：res://scenes/terrain/Ground_5_3.tscn.remap[39m[0m
[  98% ] [90m[1msavepack[22m | 保存文件：res://scenes/terrain/Ground_6_3.tscn.remap[39m[0m
[  98% ] [90m[1msavepack[22m | 保存文件：res://scenes/terrain/Ground_-6_4.tscn.remap[39m[0m
[  98% ] [90m[1msavepack[22m | 保存文件：res://scenes/terrain/Ground_-5_4.tscn.remap[39m[0m
[  98% ] [90m[1msavepack[22m | 保存文件：res://scenes/terrain/Ground_-4_4.tscn.remap[39m[0m
[  98% ] [90m[1msavepack[22m | 保存文件：res://scenes/terrain/Ground_-3_4.tscn.remap[39m[0m
[  98% ] [90m[1msavepack[22m | 保存文件：res://scenes/terrain/Ground_-2_4.tscn.remap[39m[0m
[  98% ] [90m[1msavepack[22m | 保存文件：res://scenes/terrain/Ground_-1_4.tscn.remap[39m[0m
[  98% ] [90m[1msavepack[22m | 保存文件：res://scenes/terrain/Ground_0_4.tscn.remap[39m[0m
[  98% ] [90m[1msavepack[22m | 保存文件：res://scenes/terrain/Ground_1_4.tscn.remap[39m[0m
[  98% ] [90m[1msavepack[22m | 保存文件：res://scenes/terrain/Ground_2_4.tscn.remap[39m[0m
[  98% ] [90m[1msavepack[22m | 保存文件：res://scenes/terrain/Ground_3_4.tscn.remap[39m[0m
[  98% ] [90m[1msavepack[22m | 保存文件：res://scenes/terrain/Ground_4_4.tscn.remap[39m[0m
[  98% ] [90m[1msavepack[22m | 保存文件：res://scenes/terrain/Ground_5_4.tscn.remap[39m[0m
[  98% ] [90m[1msavepack[22m | 保存文件：res://scenes/terrain/Ground_6_4.tscn.remap[39m[0m
[  98% ] [90m[1msavepack[22m | 保存文件：res://scenes/terrain/Ground_-6_5.tscn.remap[39m[0m
[  98% ] [90m[1msavepack[22m | 保存文件：res://scenes/terrain/Ground_-5_5.tscn.remap[39m[0m
[  98% ] [90m[1msavepack[22m | 保存文件：res://scenes/terrain/Ground_-4_5.tscn.remap[39m[0m
[  98% ] [90m[1msavepack[22m | 保存文件：res://scenes/terrain/Ground_-3_5.tscn.remap[39m[0m
[  98% ] [90m[1msavepack[22m | 保存文件：res://scenes/terrain/Ground_-2_5.tscn.remap[39m[0m
[  98% ] [90m[1msavepack[22m | 保存文件：res://scenes/terrain/Ground_-1_5.tscn.remap[39m[0m
[  98% ] [90m[1msavepack[22m | 保存文件：res://scenes/terrain/Ground_0_5.tscn.remap[39m[0m
[  98% ] [90m[1msavepack[22m | 保存文件：res://scenes/terrain/Ground_1_5.tscn.remap[39m[0m
[  98% ] [90m[1msavepack[22m | 保存文件：res://scenes/terrain/Ground_2_5.tscn.remap[39m[0m
[  98% ] [90m[1msavepack[22m | 保存文件：res://scenes/terrain/Ground_3_5.tscn.remap[39m[0m
[  98% ] [90m[1msavepack[22m | 保存文件：res://scenes/terrain/Ground_4_5.tscn.remap[39m[0m
[  98% ] [90m[1msavepack[22m | 保存文件：res://scenes/terrain/Ground_5_5.tscn.remap[39m[0m
[  98% ] [90m[1msavepack[22m | 保存文件：res://scenes/terrain/Ground_6_5.tscn.remap[39m[0m
[  98% ] [90m[1msavepack[22m | 保存文件：res://scenes/prefabs/dock.tscn.remap[39m[0m
[  98% ] [90m[1msavepack[22m | 保存文件：res://scenes/prefabs/lighthouse.tscn.remap[39m[0m
[  98% ] [90m[1msavepack[22m | 保存文件：res://scenes/prefabs/cottage.tscn.remap[39m[0m
[  98% ] [90m[1msavepack[22m | 保存文件：res://scenes/prefabs/crate.tscn.remap[39m[0m
[  98% ] [90m[1msavepack[22m | 保存文件：res://scenes/prefabs/castle.tscn.remap[39m[0m
[  98% ] [90m[1msavepack[22m | 保存文件：res://scenes/prefabs/observatory.tscn.remap[39m[0m
[  98% ] [90m[1msavepack[22m | 保存文件：res://scenes/prefabs/mill.tscn.remap[39m[0m
[  98% ] [90m[1msavepack[22m | 保存文件：res://scenes/prefabs/mill_rotor.tscn.remap[39m[0m
[  98% ] [90m[1msavepack[22m | 保存文件：res://scenes/prefabs/ruins.tscn.remap[39m[0m
[  98% ] [90m[1msavepack[22m | 保存文件：res://scripts/scatter_group.gd.remap[39m[0m
[  98% ] [90m[1msavepack[22m | 保存文件：res://scenes/prefabs/poplar.tscn.remap[39m[0m
[  98% ] [90m[1msavepack[22m | 保存文件：res://scenes/prefabs/oak.tscn.remap[39m[0m
[  98% ] [90m[1msavepack[22m | 保存文件：res://scenes/prefabs/rock.tscn.remap[39m[0m
[  98% ] [90m[1msavepack[22m | 保存文件：res://scenes/prefabs/bush.tscn.remap[39m[0m
[  98% ] [90m[1msavepack[22m | 保存文件：res://scenes/prefabs/pine.tscn.remap[39m[0m
[  98% ] [90m[1msavepack[22m | 保存文件：res://scenes/prefabs/cloud_primary.tscn.remap[39m[0m
[  98% ] [90m[1msavepack[22m | 保存文件：res://scenes/prefabs/cloud_middle.tscn.remap[39m[0m
[  98% ] [90m[1msavepack[22m | 保存文件：res://scenes/prefabs/cloud_low.tscn.remap[39m[0m
[  98% ] [90m[1msavepack[22m | 保存文件：res://scenes/prefabs/cloud_edge.tscn.remap[39m[0m
[  98% ] [90m[1msavepack[22m | 保存文件：res://scenes/prefabs/cloud_wisp.tscn.remap[39m[0m
[  98% ] [90m[1msavepack[22m | 保存文件：res://scenes/prefabs/cloud.tscn.remap[39m[0m
[  98% ] [90m[1msavepack[22m | 保存文件：res://scenes/prefabs/sky_ring.tscn.remap[39m[0m
[  98% ] [90m[1msavepack[22m | 保存文件：res://scripts/world_port.gd.remap[39m[0m
[  98% ] [90m[1msavepack[22m | 保存文件：res://scenes/prefabs/cliff_crown.tscn.remap[39m[0m
[  98% ] [90m[1msavepack[22m | 保存文件：res://scenes/prefabs/cliff_western_slab.tscn.remap[39m[0m
[  98% ] [90m[1msavepack[22m | 保存文件：res://scenes/prefabs/cliff_front_columns.tscn.remap[39m[0m
[  98% ] [90m[1msavepack[22m | 保存文件：res://scenes/prefabs/cliff_eastern_plateau.tscn.remap[39m[0m
[  98% ] [90m[1msavepack[22m | 保存文件：res://scenes/prefabs/cliff_shadow_buttress.tscn.remap[39m[0m
[  98% ] [90m[1msavepack[22m | 保存文件：res://scenes/prefabs/cliff_central_wall.tscn.remap[39m[0m
[  98% ] [90m[1msavepack[22m | 保存文件：res://scenes/prefabs/massif_frost_crown.tscn.remap[39m[0m
[  98% ] [90m[1msavepack[22m | 保存文件：res://scenes/prefabs/massif_west_summit.tscn.remap[39m[0m
[  98% ] [90m[1msavepack[22m | 保存文件：res://scenes/prefabs/massif_needle_ridge.tscn.remap[39m[0m
[  98% ] [90m[1msavepack[22m | 保存文件：res://scenes/prefabs/massif_east_summit.tscn.remap[39m[0m
[  98% ] [90m[1msavepack[22m | 保存文件：res://scenes/prefabs/massif_east_spur.tscn.remap[39m[0m
[  98% ] [90m[1msavepack[22m | 保存文件：res://scenes/prefabs/massif_west_spur.tscn.remap[39m[0m
[  98% ] [90m[1msavepack[22m | 保存文件：res://scenes/prefabs/massif_cirque_wall.tscn.remap[39m[0m
[  98% ] [90m[1msavepack[22m | 保存文件：res://scenes/prefabs/massif_east_foothill.tscn.remap[39m[0m
[  98% ] [90m[1msavepack[22m | 保存文件：res://scenes/prefabs/massif_blue_buttress.tscn.remap[39m[0m
[  98% ] [90m[1msavepack[22m | 保存文件：res://scenes/prefabs/massif_valley_guard.tscn.remap[39m[0m
[  98% ] [90m[1msavepack[22m | 保存文件：res://scenes/prefabs/massif_west_foothill.tscn.remap[39m[0m
[  98% ] [90m[1msavepack[22m | 保存文件：res://scenes/prefabs/Airship.tscn.remap[39m[0m
[  98% ] [90m[1msavepack[22m | 保存文件：res://scripts/airship_body.gd.remap[39m[0m
[  98% ] [90m[1msavepack[22m | 保存文件：res://scripts/cliff_tour_test.gd.remap[39m[0m
[  98% ] [90m[1msavepack[22m | 保存文件：res://scripts/flight_tour_test.gd.remap[39m[0m
[  98% ] [90m[1msavepack[22m | 保存文件：res://scripts/game_hud.gd.remap[39m[0m
[  98% ] [90m[1msavepack[22m | 保存文件：res://scripts/game_tests.gd.remap[39m[0m
[  98% ] [90m[1msavepack[22m | 保存文件：res://scripts/hud.gd.remap[39m[0m
[  98% ] [90m[1msavepack[22m | 保存文件：res://scripts/stream_flight_test.gd.remap[39m[0m
[  98% ] [90m[1msavepack[22m | 保存文件：res://scripts/world_math.gd.remap[39m[0m
[  98% ] [90m[1msavepack[22m | 保存文件：res://.godot/global_script_class_cache.cfg[39m[0m
[  98% ] [90m[1msavepack[22m | 保存文件：res://.godot/uid_cache.bin[39m[0m
[  98% ] [90m[1msavepack[22m | 保存文件：res://project.binary[39m[0m
[92m[ DONE ][39m [1msavepack[22m
[0m
