category,object,detail,x,old_y,z,old_ground_y,candidate_ground_y,support_delta_m,candidate_clearance_m,baseline_road_error_m,candidate_road_error_m,old_support_owner,new_support_owner
road,LandDetails/Trail_Crownreach,Model/Trail_Crownreach:triangle1733:sample0,0.0749999955296516,15.2662992477417,-56.7006645202637,15.1650390625,15.15478515625,-0.01025390625,0.111514091491699,0.00126018524169921,0.0115140914916992,Terrain/Ground_0_-1/Collision,Terrain/Ground_0_-1/Collision
road,LandDetails/Trail_Crownreach,Model/Trail_Crownreach:triangle1733:sample1,0.0447199977934361,15.261100769043,-56.4353256225586,15.159912109375,15.149658203125,-0.01025390625,0.111442565917969,0.00118865966796874,0.0114425659179687,Terrain/Ground_0_-1/Collision,Terrain/Ground_0_-1/Collision
road,LandDetails/Trail_Crownreach,Model/Trail_Crownreach:triangle1733:sample2,0.0447199977934361,15.2601003646851,-56.8451232910156,15.1591796875,15.148681640625,-0.010498046875,0.111418724060059,0.000920677185058588,0.0114187240600586,Terrain/Ground_0_-1/Collision,Terrain/Ground_0_-1/Collision
road,LandDetails/Trail_Crownreach,Model/Trail_Crownreach:triangle1733:sample3,0.135560005903244,15.27769947052,-56.8215599060059,15.176513671875,15.165771484375,-0.0107421875,0.11192798614502,0.00118579864501953,0.0119279861450195,Terrain/Ground_0_-1/Collision,Terrain/Ground_0_-1/Collision
road,LandDetails/Trail_Crownreach,Model/Trail_Crownreach:triangle1733:sample5,0.112849995493889,15.2727994918823,-57.0323486328125,15.171875,15.1611328125,-0.0107421875,0.111666679382324,0.000924491882324213,0.0116666793823242,Terrain/Ground_0_-1/Collision,Terrain/Ground_0_-1/Collision
road,LandDetails/Trail_Crownreach,Model/Trail_Crownreach:triangle1733:sample6,0.112849995493889,15.2740497589111,-56.5200996398926,15.173095703125,15.162353515625,-0.0107421875,0.111696243286133,0.000954055786132807,0.0116962432861328,Terrain/Ground_0_-1/Collision,Terrain/Ground_0_-1/Collision
road,LandDetails/Trail_Crownreach,Model/Trail_Crownreach:triangle1734:sample0,0.0749999955296516,15.2640333175659,-57.6427001953125,15.162841796875,15.152587890625,-0.01025390625,0.111445426940918,0.00119152069091796,0.011445426940918,Terrain/Ground_0_-1/Collision,Terrain/Ground_0_-1/Collision
road,LandDetails/Trail_Crownreach,Model/Trail_Crownreach:triangle1734:sample1,0.135560005903244,15.2763395309448,-57.3867797851563,15.17529296875,15.164306640625,-0.010986328125,0.112032890319824,0.00104656219482421,0.0120328903198242,Terrain/Ground_0_-1/Collision,Terrain/Ground_0_-1/Collision
road,LandDetails/Trail_Crownreach,Model/Trail_Crownreach:triangle1734:sample2,0.0447199977934361,15.2587404251099,-57.4103393554688,15.15771484375,15.1474609375,-0.01025390625,0.111279487609863,0.00102558135986328,0.0112794876098633,Terrain/Ground_0_-1/Collision,Terrain/Ground_0_-1/Collision
road,LandDetails/Trail_Crownreach,Model/Trail_Crownreach:triangle1734:sample3,0.0447199977934361,15.2570209503174,-58.1309814453125,15.15625,15.145751953125,-0.010498046875,0.111268997192383,0.000770950317382807,0.0112689971923828,Terrain/Ground_0_-1/Collision,Terrain/Ground_0_-1/Collision
road,LandDetails/Trail_Crownreach,Model/Trail_Crownreach:triangle1734:sample4,0.112849995493889,15.2727994918823,-57.0323486328125,15.171875,15.1611328125,-0.0107421875,0.111666679382324,0.000924491882324213,0.0116666793823242,Terrain/Ground_0_-1/Collision,Terrain/Ground_0_-1/Collision
road,LandDetails/Trail_Crownreach,Model/Trail_Crownreach:triangle1734:sample6,0.112849995493889,15.2706499099731,-57.9331512451172,15.169677734375,15.158935546875,-0.0107421875,0.111714363098145,0.000972175598144526,0.0117143630981445,Terrain/Ground_0_-1/Collision,Terrain/Ground_0_-1/Collision
road,LandDetails/Trail_Crownreach,Model/Trail_Crownreach:triangle1735:sample0,0.302966684103012,15.306866645813,-58.1765327453613,15.2060546875,15.194091796875,-0.011962890625,0.112774848937988,0.000811958312988276,0.0127748489379883,Terrain/Ground_0_-1/Collision,Terrain/Ground_0_-1/Collision
road,LandDetails/Trail_Crownreach,Model/Trail_Crownreach:triangle1735:sample1,0.272339999675751,15.3020401000977,-57.7070770263672,15.201171875,15.189453125,-0.01171875,0.112586975097656,0.000868225097656244,0.0125869750976562,Terrain/Ground_0_-1/Collision,Terrain/Ground_0_-1/Collision
road,LandDetails/Trail_Crownreach,Model/Trail_Crownreach:triangle1735:sample2,0.181499987840652,15.2827205657959,-58.451286315918,15.181884765625,15.170654296875,-0.01123046875,0.112066268920898,0.000835800170898432,0.0120662689208984,Terrain/Ground_0_-1/Collision,Terrain/Ground_0_-1/Collision
road,LandDetails/Trail_Crownreach,Model/Trail_Crownreach:triangle1735:sample3,0.455060005187988,15.3358402252197,-58.3712425231934,15.235107421875,15.22216796875,-0.012939453125,0.113672256469727,0.000732803344726557,0.0136722564697266,Terrain/Ground_0_-1/Collision,Terrain/Ground_0_-1/Collision
road,LandDetails/Trail_Crownreach,Model/Trail_Crownreach:triangle1735:sample4,0.112849995493889,15.2706499099731,-57.9331512451172,15.169677734375,15.158935546875,-0.0107421875,0.111714363098145,0.000972175598144526,0.0117143630981445,Terrain/Ground_0_-1/Collision,Terrain/Ground_0_-1/Collision
road,LandDetails/Trail_Crownreach,Model/Trail_Crownreach:triangle1735:sample5,0.341250002384186,15.3128995895386,-58.7633514404297,15.212158203125,15.19970703125,-0.012451171875,0.113192558288574,0.000741386413574213,0.0131925582885742,Terrain/Ground_0_-1/Collision,Terrain/Ground_0_-1/Collision
road,LandDetails/Trail_Crownreach,Model/Trail_Crownreach:triangle1735:sample6,0.454800009727478,15.3370494842529,-57.8330993652344,15.236083984375,15.223388671875,-0.0126953125,0.11366081237793,0.000965499877929682,0.0136608123779297,Terrain/Ground_0_-1/Collision,Terrain/Ground_0_-1/Collision
road,LandDetails/Trail_Crownreach,Model/Trail_Crownreach:triangle1736:sample0,0.227266669273376,15.2892990112305,-59.4404335021973,15.188720703125,15.1767578125,-0.011962890625,0.112541198730469,0.000578308105468744,0.0125411987304687,Terrain/Ground_0_-1/Collision,Terrain/Ground_0_-1/Collision
road,LandDetails/Trail_Crownreach,Model/Trail_Crownreach:triangle1736:sample1,0.409639984369278,15.3253002166748,-59.1295852661133,15.224365234375,15.2119140625,-0.012451171875,0.113386154174805,0.000934982299804682,0.0133861541748047,Terrain/Ground_0_-1/Collision,Terrain/Ground_0_-1/Collision
road,LandDetails/Trail_Crownreach,Model/Trail_Crownreach:triangle1736:sample2,0.136079996824265,15.272180557251,-59.2096252441406,15.171142578125,15.16015625,-0.010986328125,0.112024307250977,0.00103797912597656,0.0120243072509766,Terrain/Ground_0_-1/Collision,Terrain/Ground_0_-1/Collision
road,LandDetails/Trail_Crownreach,Model/Trail_Crownreach:triangle1736:sample3,0.136079996824265,15.2704200744629,-59.9821014404297,15.16943359375,15.158203125,-0.01123046875,0.112216949462891,0.000986480712890619,0.0122169494628906,Terrain/Ground_0_-1/Collision,Terrain/Ground_0_-1/Collision
road,LandDetails/Trail_Crownreach,Model/Trail_Crownreach:triangle1736:sample4,0.341250002384186,15.3128995895386,-58.7633514404297,15.212158203125,15.19970703125,-0.012451171875,0.113192558288574,0.000741386413574213,0.0131925582885742,Terrain/Ground_0_-1/Collision,Terrain/Ground_0_-1/Collision
road,LandDetails/Trail_Crownreach,Model/Trail_Crownreach:triangle1736:sample6,0.341250002384186,15.3106994628906,-59.7289505004883,15.2099609375,15.197509765625,-0.012451171875,0.113189697265625,0.000738525390624994,0.013189697265625,Terrain/Ground_0_-1/Collision,Terrain/Ground_0_-1/Collision
road,LandDetails/Trail_Crownreach,Model/Trail_Crownreach:triangle1737:sample0,0.633533298969269,15.3667325973511,-59.9546661376953,15.265869140625,15.252197265625,-0.013671875,0.114535331726074,0.000863456726074213,0.0145353317260742,Terrain/Ground_0_-1/Collision,Terrain/Ground_0_-1/Collision
road,LandDetails/Trail_Crownreach,Model/Trail_Crownreach:triangle1737:sample1,0.653400003910065,15.3717603683472,-59.4381217956543,15.27099609375,15.2568359375,-0.01416015625,0.114924430847168,0.000764274597167963,0.014924430847168,Terrain/Ground_0_-1/Collision,Terrain/Ground_0_-1/Collision
road,LandDetails/Trail_Crownreach,Model/Trail_Crownreach:triangle1737:sample2,0.379839986562729,15.3168802261353,-60.2906379699707,15.21630859375,15.203369140625,-0.012939453125,0.113511085510254,0.000571632385253901,0.0135110855102539,Terrain/Ground_0_-1/Collision,Terrain/Ground_0_-1/Collision
road,LandDetails/Trail_Crownreach,Model/Trail_Crownreach:triangle1737:sample3,0.86735999584198,15.4115600585938,-60.1352386474609,15.310791015625,15.295654296875,-0.01513671875,0.11590576171875,0.000769042968749994,0.01590576171875,Terrain/Ground_0_-1/Collision,Terrain/Ground_0_-1/Collision
road,LandDetails/Trail_Crownreach,Model/Trail_Crownreach:triangle1737:sample4,0.341250002384186,15.3106994628906,-59.7289505004883,15.2099609375,15.197509765625,-0.012451171875,0.113189697265625,0.000738525390624994,0.013189697265625,Terrain/Ground_0_-1/Collision,Terrain/Ground_0_-1/Collision
road,LandDetails/Trail_Crownreach,Model/Trail_Crownreach:triangle1737:sample5,0.608699977397919,15.3604497909546,-60.6003494262695,15.259765625,15.24560546875,-0.01416015625,0.11484432220459,0.000684165954589838,0.0148443222045898,Terrain/Ground_0_-1/Collision,Terrain/Ground_0_-1/Collision
road,LandDetails/Trail_Crownreach,Model/Trail_Crownreach:triangle1737:sample6,0.950649976730347,15.4290494918823,-59.5346984863281,15.328125,15.312744140625,-0.015380859375,0.116305351257324,0.000924491882324213,0.0163053512573242,Terrain/Ground_0_-1/Collision,Terrain/Ground_0_-1/Collision
road,LandDetails/Trail_Crownreach,Model/Trail_Crownreach:triangle1738:sample0,0.405566662549973,15.320499420166,-60.8770637512207,15.2197265625,15.20703125,-0.0126953125,0.113468170166016,0.000772857666015619,0.0134681701660156,Terrain/Ground_0_-1/Collision,Terrain/Ground_0_-1/Collision
road,LandDetails/Trail_Crownreach,Model/Trail_Crownreach:triangle1738:sample1,0.243059992790222,15.2885408401489,-61.0984420776367,15.187744140625,15.17578125,-0.011962890625,0.112759590148926,0.000796699523925776,0.0127595901489258,Terrain/Ground_0_-1/Collision,Terrain/Ground_0_-1/Collision
road,LandDetails/Trail_Crownreach,Model/Trail_Crownreach:triangle1738:sample2,0.730579972267151,15.3838195800781,-60.6886825561523,15.283203125,15.2685546875,-0.0146484375,0.115264892578125,0.000616455078124994,0.015264892578125,Terrain/Ground_0_-1/Collision,Terrain/Ground_0_-1/Collision
road,LandDetails/Trail_Crownreach,Model/Trail_Crownreach:triangle1738:sample3,0.243059992790222,15.2891397476196,-60.8440818786621,15.188232421875,15.17626953125,-0.011962890625,0.112870216369629,0.000907325744628901,0.0128702163696289,Terrain/Ground_0_-1/Collision,Terrain/Ground_0_-1/Collision
road,LandDetails/Trail_Crownreach,Model/Trail_Crownreach:triangle1738:sample4,0.608699977397919,15.3596992492676,-60.9182968139648,15.259033203125,15.2451171875,-0.013916015625,0.114582061767578,0.000666046142578119,0.0145820617675781,Terrain/Ground_0_-1/Collision,Terrain/Ground_0_-1/Collision
road,LandDetails/Trail_Crownreach,Model/Trail_Crownreach:triangle1738:sample5,0.608699977397919,15.3604497909546,-60.6003494262695,15.259765625,15.24560546875,-0.01416015625,0.11484432220459,0.000684165954589838,0.0148443222045898,Terrain/Ground_0_-1/Collision,Terrain/Ground_0_-1/Collision
road,LandDetails/Trail_Crownreach,Model/Trail_Crownreach:triangle1739:sample0,0.8435999751091,15.4052991867065,-60.8417663574219,15.3046875,15.289306640625,-0.015380859375,0.115992546081543,0.000611686706542963,0.015992546081543,Terrain/Ground_0_-1/Collision,Terrain/Ground_0_-1/Collision
road,LandDetails/Trail_Crownreach,Model/Trail_Crownreach:triangle1739:sample1,0.505879998207092,15.3394212722778,-61.077262878418,15.23876953125,15.225341796875,-0.013427734375,0.114079475402832,0.000651741027832026,0.014079475402832,Terrain/Ground_0_-1/Collision,Terrain/Ground_0_-1/Collision
road,LandDetails/Trail_Crownreach,Model/Trail_Crownreach:triangle1739:sample2,1.03152000904083,15.441780090332,-60.7805366516113,15.341064453125,15.324951171875,-0.01611328125,0.116828918457031,0.000715637207031244,0.0168289184570312,Terrain/Ground_0_-1/Collision,Terrain/Ground_0_-1/Collision
road,LandDetails/Trail_Crownreach,Model/Trail_Crownreach:triangle1739:sample3,0.993399977684021,15.434700012207,-60.6674995422363,15.333740234375,15.318115234375,-0.015625,0.116584777832031,0.000959777832031244,0.0165847778320312,Terrain/Ground_0_-1/Collision,Terrain/Ground_0_-1/Collision
road,LandDetails/Trail_Crownreach,Model/Trail_Crownreach:triangle1739:sample4,0.656349956989288,15.3685493469238,-61.0596008300781,15.267822265625,15.253662109375,-0.01416015625,0.114887237548828,0.000727081298828119,0.0148872375488281,Terrain/Ground_0_-1/Collision,Terrain/Ground_0_-1/Collision
road,LandDetails/Trail_Crownreach,Model/Trail_Crownreach:triangle1739:sample5,1.26574993133545,15.4876499176025,-60.5473976135254,15.386962890625,15.369384765625,-0.017578125,0.118265151977539,0.000687026977539057,0.0182651519775391,Terrain/Ground_0_-1/Collision,Terrain/Ground_0_-1/Collision
road,LandDetails/Trail_Crownreach,Model/Trail_Crownreach:triangle1739:sample6,0.608699977397919,15.3596992492676,-60.9182968139648,15.259033203125,15.2451171875,-0.013916015625,0.114582061767578,0.000666046142578119,0.0145820617675781,Terrain/Ground_0_-1/Collision,Terrain/Ground_0_-1/Collision
road,LandDetails/Trail_Crownreach,Model/Trail_Crownreach:triangle1745:sample0,1.13670003414154,15.4685325622559,-61.8465995788574,15.36767578125,15.346923828125,-0.020751953125,0.121608734130859,0.000856781005859369,0.0216087341308594,Terrain/Ground_0_-1/Collision,Terrain/Ground_0_-1/Collision
road,LandDetails/Trail_Crownreach,Model/Trail_Crownreach:triangle1745:sample1,1.36174011230469,15.5183992385864,-61.845043182373,15.417236328125,15.393798828125,-0.0234375,0.124600410461426,0.00116291046142578,0.0246004104614258,Terrain/Ground_0_-1/Collision,Terrain/Ground_0_-1/Collision
road,LandDetails/Trail_Crownreach,Model/Trail_Crownreach:triangle1745:sample2,0.681739985942841,15.3773603439331,-61.6801643371582,15.27587890625,15.259765625,-0.01611328125,0.117594718933105,0.00148143768310546,0.0175947189331055,Terrain/Ground_0_-1/Collision,Terrain/Ground_0_-1/Collision
road,LandDetails/Trail_Crownreach,Model/Trail_Crownreach:triangle1745:sample3,1.36662006378174,15.5098400115967,-62.0145988464355,15.408935546875,15.38623046875,-0.022705078125,0.12360954284668,0.000904464721679682,0.0236095428466797,Terrain/Ground_0_-1/Collision,Terrain/Ground_0_-1/Collision
road,LandDetails/Trail_Crownreach,Model/Trail_Crownreach:triangle1745:sample4,0.849299967288971,15.4168996810913,-61.6365966796875,15.315673828125,15.296875,-0.018798828125,0.120024681091309,0.00122585296630859,0.0200246810913086,Terrain/Ground_0_-1/Collision,Terrain/Ground_0_-1/Collision
road,LandDetails/Trail_Crownreach,Model/Trail_Crownreach:triangle1745:sample5,0.855399966239929,15.4061994552612,-61.8485488891602,15.305419921875,15.287353515625,-0.01806640625,0.11884593963623,0.000779533386230463,0.0188459396362305,Terrain/Ground_0_-1/Collision,Terrain/Ground_0_-1/Collision
road,LandDetails/Trail_Crownreach,Model/Trail_Crownreach:triangle1745:sample6,1.70539999008179,15.5824995040894,-62.0546493530273,15.48095703125,15.455078125,-0.02587890625,0.127421379089355,0.00154247283935546,0.0274213790893555,Terrain/Ground_0_-1/Collision,Terrain/Ground_0_-1/Collision
road,LandDetails/Trail_Crownreach,Model/Trail_Crownreach:triangle1746:sample0,1.74653339385986,15.5881662368774,-62.1135292053223,15.487060546875,15.4609375,-0.026123046875,0.127228736877441,0.0011056900024414,0.0272287368774414,Terrain/Ground_0_-1/Collision,Terrain/Ground_0_-1/Collision
road,LandDetails/Trail_Crownreach,Model/Trail_Crownreach:triangle1746:sample1,1.72764003276825,15.5901794433594,-62.005199432373,15.489013671875,15.462646484375,-0.0263671875,0.127532958984375,0.00116577148437499,0.027532958984375,Terrain/Ground_0_-1/Collision,Terrain/Ground_0_-1/Collision
road,LandDetails/Trail_Crownreach,Model/Trail_Crownreach:triangle1746:sample2,1.7325199842453,15.5816192626953,-62.1747589111328,15.48046875,15.454833984375,-0.025634765625,0.126785278320313,0.00115051269531249,0.0267852783203125,Terrain/Ground_0_-1/Collision,Terrain/Ground_0_-1/Collision
road,LandDetails/Trail_Crownreach,Model/Trail_Crownreach:triangle1746:sample3,1.77944004535675,15.5927000045776,-62.1606369018555,15.49169921875,15.465087890625,-0.026611328125,0.127612113952637,0.00100078582763671,0.0276121139526367,Terrain/Ground_0_-1/Collision,Terrain/Ground_0_-1/Collision
road,LandDetails/Trail_Crownreach,Model/Trail_Crownreach:triangle1746:sample4,1.70539999008179,15.5824995040894,-62.0546493530273,15.48095703125,15.455078125,-0.02587890625,0.127421379089355,0.00154247283935546,0.0274213790893555,Terrain/Ground_0_-1/Collision,Terrain/Ground_0_-1/Collision
road,LandDetails/Trail_Crownreach,Model/Trail_Crownreach:triangle1746:sample5,1.77014994621277,15.5856494903564,-62.2489471435547,15.484375,15.45849609375,-0.02587890625,0.127153396606445,0.00127449035644531,0.0271533966064453,Terrain/Ground_0_-1/Collision,Terrain/Ground_0_-1/Collision
road,LandDetails/Trail_Crownreach,Model/Trail_Crownreach:triangle1746:sample6,1.76405000686646,15.5963497161865,-62.036994934082,15.49462890625,15.46875,-0.02587890625,0.127599716186523,0.00172080993652343,0.0275997161865234,Terrain/Ground_0_-1/Collision,Terrain/Ground_0_-1/Collision
road,LandDetails/Trail_Crownreach,Model/Trail_Crownreach:triangle1747:sample0,1.11309993267059,15.505166053772,-61.6463966369629,15.4033203125,15.3798828125,-0.0234375,0.125283241271973,0.00184574127197265,0.0252832412719727,Terrain/Ground_0_-1/Collision,Terrain/Ground_0_-1/Collision
road,LandDetails/Trail_Crownreach,Model/Trail_Crownreach:triangle1747:sample1,0.667580008506775,15.3993406295776,-61.5600433349609,15.298095703125,15.279541015625,-0.0185546875,0.119799613952637,0.00124492645263671,0.0197996139526367,Terrain/Ground_0_-1/Collision,Terrain/Ground_0_-1/Collision
road,LandDetails/Trail_Crownreach,Model/Trail_Crownreach:triangle1747:sample2,1.34758007526398,15.540379524231,-61.7249221801758,15.43798828125,15.4130859375,-0.02490234375,0.127293586730957,0.00239124298095703,0.027293586730957,Terrain/Ground_0_-1/Collision,Terrain/Ground_0_-1/Collision
road,LandDetails/Trail_Crownreach,Model/Trail_Crownreach:triangle1747:sample3,1.32413995265961,15.5757808685303,-61.654239654541,15.47412109375,15.447021484375,-0.027099609375,0.128759384155273,0.00165977478027343,0.0287593841552734,Terrain/Ground_0_-1/Collision,Terrain/Ground_0_-1/Collision
road,LandDetails/Trail_Crownreach,Model/Trail_Crownreach:triangle1747:sample4,0.849299967288971,15.4168996810913,-61.6365966796875,15.315673828125,15.296875,-0.018798828125,0.120024681091309,0.00122585296630859,0.0200246810913086,Terrain/Ground_0_-1/Collision,Terrain/Ground_0_-1/Collision
road,LandDetails/Trail_Crownreach,Model/Trail_Crownreach:triangle1747:sample5,1.66999995708466,15.6374492645264,-61.7543487548828,15.53515625,15.505126953125,-0.030029296875,0.132322311401367,0.00229301452636718,0.0323223114013672,Terrain/Ground_0_-1/Collision,Terrain/Ground_0_-1/Collision
road,LandDetails/Trail_Crownreach,Model/Trail_Crownreach:triangle1747:sample6,0.819999992847443,15.4611492156982,-61.5482482910156,15.3603515625,15.338623046875,-0.021728515625,0.122526168823242,0.000797653198242182,0.0225261688232422,Terrain/Ground_0_-1/Collision,Terrain/Ground_0_-1/Collision
road,LandDetails/Trail_Crownreach,Model/Trail_Crownreach:triangle1748:sample0,0.98446661233902,15.4729337692261,-61.2617301940918,15.3720703125,15.35205078125,-0.02001953125,0.120882987976074,0.000863456726074213,0.0208829879760742,Terrain/Ground_0_-1/Collision,Terrain/Ground_0_-1/Collision
road,LandDetails/Trail_Crownreach,Model/Trail_Crownreach:triangle1748:sample1,0.590399980545044,15.3800010681152,-61.3292427062988,15.279296875,15.262939453125,-0.016357421875,0.117061614990234,0.000704193115234369,0.0170616149902344,Terrain/Ground_0_-1/Collision,Terrain/Ground_0_-1/Collision
road,LandDetails/Trail_Crownreach,Model/Trail_Crownreach:triangle1748:sample2,1.24695992469788,15.5564403533936,-61.4234390258789,15.455810546875,15.430908203125,-0.02490234375,0.125532150268555,0.000629806518554682,0.0255321502685547,Terrain/Ground_0_-1/Collision,Terrain/Ground_0_-1/Collision
road,LandDetails/Trail_Crownreach,Model/Trail_Crownreach:triangle1748:sample3,1.11603999137878,15.4823598861694,-61.0325202941895,15.381591796875,15.36279296875,-0.018798828125,0.119566917419434,0.000768089294433588,0.0195669174194336,Terrain/Ground_0_-1/Collision,Terrain/Ground_0_-1/Collision
road,LandDetails/Trail_Crownreach,Model/Trail_Crownreach:triangle1748:sample4,0.819999992847443,15.4611492156982,-61.5482482910156,15.3603515625,15.338623046875,-0.021728515625,0.122526168823242,0.000797653198242182,0.0225261688232422,Terrain/Ground_0_-1/Collision,Terrain/Ground_0_-1/Collision
road,LandDetails/Trail_Crownreach,Model/Trail_Crownreach:triangle1748:sample5,1.47704994678497,15.5890998840332,-61.1773452758789,15.488525390625,15.4638671875,-0.024658203125,0.125232696533203,0.000574493408203119,0.0252326965332031,Terrain/Ground_0_-1/Collision,Terrain/Ground_0_-1/Collision
road,LandDetails/Trail_Crownreach,Model/Trail_Crownreach:triangle1748:sample6,0.656349956989288,15.3685493469238,-61.0596008300781,15.267822265625,15.253662109375,-0.01416015625,0.114887237548828,0.000727081298828119,0.0148872375488281,Terrain/Ground_0_-1/Collision,Terrain/Ground_0_-1/Collision
road,LandDetails/Trail_Crownreach,Model/Trail_Crownreach:triangle1749:sample0,0.570033311843872,15.350998878479,-62.1841697692871,15.250244140625,15.234375,-0.015869140625,0.116623878479004,0.000754737854003901,0.0166238784790039,Terrain/Ground_0_-1/Collision,Terrain/Ground_0_-1/Collision
road,LandDetails/Trail_Crownreach,Model/Trail_Crownreach:triangle1749:sample1,0.341740012168884,15.3068399429321,-61.8827018737793,15.206298828125,15.192138671875,-0.01416015625,0.114701271057129,0.000541114807128901,0.0147012710571289,Terrain/Ground_0_-1/Collision,Terrain/Ground_0_-1/Collision
road,LandDetails/Trail_Crownreach,Model/Trail_Crownreach:triangle1749:sample2,0.341740012168884,15.3068399429321,-62.4526634216309,15.206298828125,15.192138671875,-0.01416015625,0.114701271057129,0.000541114807128901,0.0147012710571289,Terrain/Ground_0_-1/Collision,Terrain/Ground_0_-1/Collision
road,LandDetails/Trail_Crownreach,Model/Trail_Crownreach:triangle1749:sample3,1.02662003040314,15.4393196105957,-62.2171401977539,15.338623046875,15.31884765625,-0.019775390625,0.120471954345703,0.000696563720703119,0.0204719543457031,Terrain/Ground_0_-1/Collision,Terrain/Ground_0_-1/Collision
road,LandDetails/Trail_Crownreach,Model/Trail_Crownreach:triangle1749:sample5,0.855399966239929,15.4061994552612,-62.5609970092773,15.305419921875,15.287353515625,-0.01806640625,0.11884593963623,0.000779533386230463,0.0188459396362305,Terrain/Ground_0_-1/Collision,Terrain/Ground_0_-1/Collision
road,LandDetails/Trail_Crownreach,Model/Trail_Crownreach:triangle1749:sample6,0.855399966239929,15.4061994552612,-61.8485488891602,15.305419921875,15.287353515625,-0.01806640625,0.11884593963623,0.000779533386230463,0.0188459396362305,Terrain/Ground_0_-1/Collision,Terrain/Ground_0_-1/Collision
road,LandDetails/Trail_Crownreach,Model/Trail_Crownreach:triangle1750:sample0,1.19286668300629,15.4714326858521,-62.486400604248,15.37060546875,15.349609375,-0.02099609375,0.121823310852051,0.000827217102050776,0.0218233108520508,Terrain/Ground_0_-1/Collision,Terrain/Ground_0_-1/Collision
road,LandDetails/Trail_Crownreach,Model/Trail_Crownreach:triangle1750:sample1,1.46284008026123,15.5236206054688,-62.4267196655273,15.4228515625,15.3994140625,-0.0234375,0.12420654296875,0.000769042968749994,0.02420654296875,Terrain/Ground_0_-1/Collision,Terrain/Ground_0_-1/Collision
road,LandDetails/Trail_Crownreach,Model/Trail_Crownreach:triangle1750:sample2,1.40032005310059,15.5115795135498,-62.3984794616699,15.410888671875,15.387939453125,-0.02294921875,0.123640060424805,0.000690841674804682,0.0236400604248047,Terrain/Ground_0_-1/Collision,Terrain/Ground_0_-1/Collision
road,LandDetails/Trail_Crownreach,Model/Trail_Crownreach:triangle1750:sample3,0.715440034866333,15.3791007995605,-62.6340026855469,15.278564453125,15.26123046875,-0.017333984375,0.117870330810547,0.000536346435546869,0.0178703308105469,Terrain/Ground_0_-1/Collision,Terrain/Ground_0_-1/Collision
road,LandDetails/Trail_Crownreach,Model/Trail_Crownreach:triangle1750:sample4,1.78964996337891,15.5868492126465,-62.3018989562988,15.486083984375,15.459716796875,-0.0263671875,0.127132415771484,0.000765228271484369,0.0271324157714844,Terrain/Ground_0_-1/Collision,Terrain/Ground_0_-1/Collision
road,LandDetails/Trail_Crownreach,Model/Trail_Crownreach:triangle1750:sample5,0.855399966239929,15.4061994552612,-62.5609970092773,15.305419921875,15.287353515625,-0.01806640625,0.11884593963623,0.000779533386230463,0.0188459396362305,Terrain/Ground_0_-1/Collision,Terrain/Ground_0_-1/Collision
road,LandDetails/Trail_Crownreach,Model/Trail_Crownreach:triangle1750:sample6,0.933550000190735,15.4212493896484,-62.5962982177734,15.320556640625,15.301513671875,-0.01904296875,0.119735717773438,0.000692749023437494,0.0197357177734375,Terrain/Ground_0_-1/Collision,Terrain/Ground_0_-1/Collision
road,LandDetails/Trail_Crownreach,Model/Trail_Crownreach:triangle1751:sample0,0.622133314609528,15.3610334396362,-63.0359306335449,15.260498046875,15.244140625,-0.016357421875,0.11689281463623,0.000535392761230463,0.0168928146362305,Terrain/Ground_0_-1/Collision,Terrain/Ground_0_-1/Collision
road,LandDetails/Trail_Crownreach,Model/Trail_Crownreach:triangle1751:sample1,1.12040019035339,15.4573802947998,-62.7564392089844,15.356689453125,15.336181640625,-0.0205078125,0.121198654174805,0.000690841674804682,0.0211986541748047,Terrain/Ground_0_-1/Collision,Terrain/Ground_0_-1/Collision
road,LandDetails/Trail_Crownreach,Model/Trail_Crownreach:triangle1751:sample2,0.372999995946884,15.3128604888916,-62.9637222290039,15.21240234375,15.1982421875,-0.01416015625,0.114618301391602,0.000458145141601557,0.0146183013916016,Terrain/Ground_0_-1/Collision,Terrain/Ground_0_-1/Collision
road,LandDetails/Trail_Crownreach,Model/Trail_Crownreach:triangle1751:sample3,0.372999995946884,15.3128604888916,-63.3876419067383,15.21240234375,15.1982421875,-0.01416015625,0.114618301391602,0.000458145141601557,0.0146183013916016,Terrain/Ground_0_-1/Collision,Terrain/Ground_0_-1/Collision
road,LandDetails/Trail_Crownreach,Model/Trail_Crownreach:triangle1751:sample4,0.933550000190735,15.4212493896484,-62.5962982177734,15.320556640625,15.301513671875,-0.01904296875,0.119735717773438,0.000692749023437494,0.0197357177734375,Terrain/Ground_0_-1/Collision,Terrain/Ground_0_-1/Collision
road,LandDetails/Trail_Crownreach,Model/Trail_Crownreach:triangle1751:sample6,0.933550000190735,15.4212493896484,-63.1261978149414,15.320556640625,15.301513671875,-0.01904296875,0.119735717773438,0.000692749023437494,0.0197357177734375,Terrain/Ground_0_-1/Collision,Terrain/Ground_0_-1/Collision
road,LandDetails/Trail_Crownreach,Model/Trail_Crownreach:triangle1752:sample0,1.34023332595825,15.4997987747192,-63.1340637207031,15.399169921875,15.376953125,-0.022216796875,0.122845649719238,0.000628852844238276,0.0228456497192383,Terrain/Ground_0_-1/Collision,Terrain/Ground_0_-1/Collision
road,LandDetails/Trail_Crownreach,Model/Trail_Crownreach:triangle1752:sample1,1.55126011371613,15.5406398773193,-62.8153190612793,15.43994140625,15.415771484375,-0.024169921875,0.124868392944336,0.000698471069335932,0.0248683929443359,Terrain/Ground_0_-1/Collision,Terrain/Ground_0_-1/Collision
road,LandDetails/Trail_Crownreach,Model/Trail_Crownreach:triangle1752:sample2,0.803860008716583,15.3961200714111,-63.4465217590332,15.295654296875,15.277587890625,-0.01806640625,0.118532180786133,0.000465774536132807,0.0185321807861328,Terrain/Ground_0_-1/Collision,Terrain/Ground_0_-1/Collision
road,LandDetails/Trail_Crownreach,Model/Trail_Crownreach:triangle1752:sample3,1.66558003425598,15.5626401901245,-63.1403617858887,15.462158203125,15.43701171875,-0.025146484375,0.125628471374512,0.000481986999511713,0.0256284713745117,Terrain/Ground_0_-1/Collision,Terrain/Ground_0_-1/Collision
road,LandDetails/Trail_Crownreach,Model/Trail_Crownreach:triangle1752:sample4,0.933550000190735,15.4212493896484,-63.1261978149414,15.320556640625,15.301513671875,-0.01904296875,0.119735717773438,0.000692749023437494,0.0197357177734375,Terrain/Ground_0_-1/Collision,Terrain/Ground_0_-1/Collision
road,LandDetails/Trail_Crownreach,Model/Trail_Crownreach:triangle1752:sample5,1.07644999027252,15.4487495422363,-63.5325012207031,15.34814453125,15.327880859375,-0.020263671875,0.120868682861328,0.000605010986328119,0.0208686828613281,Terrain/Ground_0_-1/Collision,Terrain/Ground_0_-1/Collision
road,LandDetails/Trail_Crownreach,Model/Trail_Crownreach:triangle1752:sample6,2.0106999874115,15.6293992996216,-62.7434997558594,15.52880859375,15.500732421875,-0.028076171875,0.128666877746582,0.000590705871582026,0.028666877746582,Terrain/Ground_0_-1/Collision,Terrain/Ground_0_-1/Collision
road,LandDetails/Trail_Crownreach,Model/Trail_Crownreach:triangle1753:sample0,0.717400014400482,15.3792991638184,-63.7699699401855,15.27880859375,15.26171875,-0.01708984375,0.117580413818359,0.000490570068359369,0.0175804138183594,Terrain/Ground_0_-1/Collision,Terrain/Ground_0_-1/Collision
road,LandDetails/Trail_Crownreach,Model/Trail_Crownreach:triangle1753:sample1,1.29188013076782,15.4903411865234,-63.521900177002,15.389892578125,15.367919921875,-0.02197265625,0.122421264648438,0.000448608398437494,0.0224212646484375,Terrain/Ground_0_-1/Collision,Terrain/Ground_0_-1/Collision
road,LandDetails/Trail_Crownreach,Model/Trail_Crownreach:triangle1753:sample2,0.430159986019135,15.3238201141357,-63.8280601501465,15.223388671875,15.208740234375,-0.0146484375,0.115079879760742,0.000431442260742182,0.0150798797607422,Terrain/Ground_0_-1/Collision,Terrain/Ground_0_-1/Collision
road,LandDetails/Trail_Crownreach,Model/Trail_Crownreach:triangle1753:sample3,0.430159986019135,15.3237400054932,-63.9599380493164,15.223388671875,15.208740234375,-0.0146484375,0.114999771118164,0.000351333618164057,0.0149997711181641,Terrain/Ground_0_-1/Collision,Terrain/Ground_0_-1/Collision
road,LandDetails/Trail_Crownreach,Model/Trail_Crownreach:triangle1753:sample4,1.07644999027252,15.4487495422363,-63.5325012207031,15.34814453125,15.327880859375,-0.020263671875,0.120868682861328,0.000605010986328119,0.0208686828613281,Terrain/Ground_0_-1/Collision,Terrain/Ground_0_-1/Collision
road,LandDetails/Trail_Crownreach,Model/Trail_Crownreach:triangle1753:sample6,1.07644999027252,15.4486494064331,-63.6973495483398,15.34814453125,15.327880859375,-0.020263671875,0.120768547058105,0.000504875183105463,0.0207685470581055,Terrain/Ground_0_-1/Collision,Terrain/Ground_0_-1/Collision
road,LandDetails/Trail_Crownreach,Model/Trail_Crownreach:triangle1754:sample0,0.798000037670136,15.3948659896851,-64.1035995483398,15.29443359375,15.276611328125,-0.017822265625,0.118254661560059,0.000432395935058588,0.0182546615600586,Terrain/Ground_0_-1/Collision,Terrain/Ground_0_-1/Collision
road,LandDetails/Trail_Crownreach,Model/Trail_Crownreach:triangle1754:sample1,1.34024012088776,15.499680519104,-63.7220802307129,15.399169921875,15.376953125,-0.022216796875,0.122727394104004,0.000510597229003901,0.0227273941040039,Terrain/Ground_0_-1/Collision,Terrain/Ground_0_-1/Collision
road,LandDetails/Trail_Crownreach,Model/Trail_Crownreach:triangle1754:sample2,0.478520005941391,15.333080291748,-64.1601181030273,15.232666015625,15.217529296875,-0.01513671875,0.115550994873047,0.000414276123046869,0.0155509948730469,Terrain/Ground_0_-1/Collision,Terrain/Ground_0_-1/Collision
road,LandDetails/Trail_Crownreach,Model/Trail_Crownreach:triangle1754:sample3,0.575240015983582,15.3518390655518,-64.4286041259766,15.25146484375,15.235595703125,-0.015869140625,0.116243362426758,0.000374221801757807,0.0162433624267578,Terrain/Ground_0_-1/Collision,Terrain/Ground_0_-1/Collision
road,LandDetails/Trail_Crownreach,Model/Trail_Crownreach:triangle1754:sample4,1.07644999027252,15.4486494064331,-63.6973495483398,15.34814453125,15.327880859375,-0.020263671875,0.120768547058105,0.000504875183105463,0.0207685470581055,Terrain/Ground_0_-1/Collision,Terrain/Ground_0_-1/Collision
road,LandDetails/Trail_Crownreach,Model/Trail_Crownreach:triangle1754:sample5,0.120200000703335,15.2638492584229,-64.5804977416992,15.163330078125,15.1513671875,-0.011962890625,0.112482070922852,0.000519180297851557,0.0124820709228516,Terrain/Ground_0_-1/Collision,Terrain/Ground_0_-1/Collision
road,LandDetails/Trail_Crownreach,Model/Trail_Crownreach:triangle1754:sample6,1.197350025177,15.4720993041992,-64.0329513549805,15.37158203125,15.350341796875,-0.021240234375,0.121757507324219,0.000517272949218744,0.0217575073242187,Terrain/Ground_0_-1/Collision,Terrain/Ground_0_-1/Collision
road,LandDetails/Trail_Crownreach,Model/Trail_Crownreach:triangle1755:sample0,1.62929999828339,15.5556669235229,-64.0525665283203,15.455078125,15.43017578125,-0.02490234375,0.125491142272949,0.000588798522949213,0.0254911422729492,Terrain/Ground_0_-1/Collision,Terrain/Ground_0_-1/Collision
road,LandDetails/Trail_Crownreach,Model/Trail_Crownreach:triangle1755:sample1,1.8390200138092,15.5961599349976,-63.6914596557617,15.49560546875,15.468994140625,-0.026611328125,0.127165794372559,0.000554466247558588,0.0271657943725586,Terrain/Ground_0_-1/Collision,Terrain/Ground_0_-1/Collision
road,LandDetails/Trail_Crownreach,Model/Trail_Crownreach:triangle1755:sample2,1.07402002811432,15.4483194351196,-64.3979797363281,15.347900390625,15.32763671875,-0.020263671875,0.120682716369629,0.000419044494628901,0.0206827163696289,Terrain/Ground_0_-1/Collision,Terrain/Ground_0_-1/Collision
road,LandDetails/Trail_Crownreach,Model/Trail_Crownreach:triangle1755:sample3,1.97485995292664,15.622519493103,-64.0682601928711,15.52197265625,15.493896484375,-0.028076171875,0.128623008728027,0.000546836853027338,0.0286230087280273,Terrain/Ground_0_-1/Collision,Terrain/Ground_0_-1/Collision
road,LandDetails/Trail_Crownreach,Model/Trail_Crownreach:triangle1755:sample4,1.197350025177,15.4720993041992,-64.0329513549805,15.37158203125,15.350341796875,-0.021240234375,0.121757507324219,0.000517272949218744,0.0217575073242187,Terrain/Ground_0_-1/Collision,Terrain/Ground_0_-1/Collision
road,LandDetails/Trail_Crownreach,Model/Trail_Crownreach:triangle1755:sample5,1.36714994907379,15.5050487518311,-64.5039520263672,15.404541015625,15.3818359375,-0.022705078125,0.123212814331055,0.000507736206054682,0.0232128143310547,Terrain/Ground_0_-1/Collision,Terrain/Ground_0_-1/Collision
road,LandDetails/Trail_Crownreach,Model/Trail_Crownreach:triangle1755:sample6,2.32340002059937,15.6898498535156,-63.6207962036133,15.58935546875,15.55859375,-0.03076171875,0.131256103515625,0.000494384765624994,0.031256103515625,Terrain/Ground_0_-1/Collision,Terrain/Ground_0_-1/Collision
road,LandDetails/Trail_Crownreach,Model/Trail_Crownreach:triangle1756:sample0,1.11146664619446,15.4556655883789,-64.9632034301758,15.35498046875,15.33447265625,-0.0205078125,0.121192932128906,0.000685119628906244,0.0211929321289062,Terrain/Ground_0_-1/Collision,Terrain/Ground_0_-1/Collision
road,LandDetails/Trail_Crownreach,Model/Trail_Crownreach:triangle1756:sample1,1.66416001319885,15.5625190734863,-64.6146392822266,15.4619140625,15.4365234375,-0.025390625,0.125995635986328,0.000605010986328119,0.0259956359863281,Terrain/Ground_0_-1/Collision,Terrain/Ground_0_-1/Collision
road,LandDetails/Trail_Crownreach,Model/Trail_Crownreach:triangle1756:sample2,0.763319969177246,15.3883190155029,-64.9443588256836,15.287841796875,15.270263671875,-0.017578125,0.11805534362793,0.000477218627929682,0.0180553436279297,Terrain/Ground_0_-1/Collision,Terrain/Ground_0_-1/Collision
road,LandDetails/Trail_Crownreach,Model/Trail_Crownreach:triangle1756:sample3,0.906919956207275,15.4161596298218,-65.3305969238281,15.3154296875,15.296875,-0.0185546875,0.119284629821777,0.000729942321777338,0.0192846298217773,Terrain/Ground_0_-1/Collision,Terrain/Ground_0_-1/Collision
road,LandDetails/Trail_Crownreach,Model/Trail_Crownreach:triangle1756:sample4,1.36714994907379,15.5050487518311,-64.5039520263672,15.404541015625,15.3818359375,-0.022705078125,0.123212814331055,0.000507736206054682,0.0232128143310547,Terrain/Ground_0_-1/Collision,Terrain/Ground_0_-1/Collision
road,LandDetails/Trail_Crownreach,Model/Trail_Crownreach:triangle1756:sample5,0.42059999704361,15.3220996856689,-65.3988952636719,15.2216796875,15.20703125,-0.0146484375,0.115068435668945,0.000419998168945307,0.0150684356689453,Terrain/Ground_0_-1/Collision,Terrain/Ground_0_-1/Collision
road,LandDetails/Trail_Crownreach,Model/Trail_Crownreach:triangle1756:sample6,1.54664993286133,15.539849281311,-64.9867477416992,15.439208984375,15.4150390625,-0.024169921875,0.124810218811035,0.000640296936035151,0.0248102188110352,Terrain/Ground_0_-1/Collision,Terrain/Ground_0_-1/Collision
road,LandDetails/Trail_Crownreach,Model/Trail_Crownreach:triangle1757:sample0,1.98019981384277,15.6235656738281,-65.0063705444336,15.52294921875,15.4951171875,-0.02783203125,0.128448486328125,0.000616455078124994,0.028448486328125,Terrain/Ground_0_-1/Collision,Terrain/Ground_0_-1/Collision
road,LandDetails/Trail_Crownreach,Model/Trail_Crownreach:triangle1757:sample1,2.18540000915527,15.6632595062256,-64.6405334472656,15.5625,15.532958984375,-0.029541015625,0.130300521850586,0.000759506225585932,0.0303005218505859,Terrain/Ground_0_-1/Collision,Terrain/Ground_0_-1/Collision
road,LandDetails/Trail_Crownreach,Model/Trail_Crownreach:triangle1757:sample2,1.4281599521637,15.516900062561,-65.3564987182617,15.416259765625,15.39306640625,-0.023193359375,0.123833656311035,0.000640296936035151,0.0238336563110352,Terrain/Ground_0_-1/Collision,Terrain/Ground_0_-1/Collision
road,LandDetails/Trail_Crownreach,Model/Trail_Crownreach:triangle1757:sample3,2.32703995704651,15.6905393600464,-65.0220642089844,15.590087890625,15.559326171875,-0.03076171875,0.131213188171387,0.000451469421386713,0.0312131881713867,Terrain/Ground_0_-1/Collision,Terrain/Ground_0_-1/Collision
road,LandDetails/Trail_Crownreach,Model/Trail_Crownreach:triangle1757:sample4,1.54664993286133,15.539849281311,-64.9867477416992,15.439208984375,15.4150390625,-0.024169921875,0.124810218811035,0.000640296936035151,0.0248102188110352,Terrain/Ground_0_-1/Collision,Terrain/Ground_0_-1/Collision
road,LandDetails/Trail_Crownreach,Model/Trail_Crownreach:triangle1757:sample5,1.72369992733002,15.5739498138428,-65.4636535644531,15.473388671875,15.447509765625,-0.02587890625,0.126440048217773,0.000561141967773432,0.0264400482177734,Terrain/Ground_0_-1/Collision,Terrain/Ground_0_-1/Collision
road,LandDetails/Trail_Crownreach,Model/Trail_Crownreach:triangle1757:sample6,2.67024993896484,15.7568988800049,-64.5686950683594,15.65625,15.622314453125,-0.033935546875,0.134584426879883,0.000648880004882807,0.0345844268798828,Terrain/Ground_0_-1/Collision,Terrain/Ground_0_-1/Collision
road,LandDetails/Trail_Crownreach,Model/Trail_Crownreach:triangle1758:sample0,1.47293329238892,15.5254669189453,-65.932731628418,15.4248046875,15.4013671875,-0.0234375,0.124099731445313,0.000662231445312494,0.0240997314453125,Terrain/Ground_0_-1/Collision,Terrain/Ground_0_-1/Collision
road,LandDetails/Trail_Crownreach,Model/Trail_Crownreach:triangle1758:sample1,2.02268004417419,15.6316795349121,-65.577880859375,15.53125,15.5029296875,-0.0283203125,0.128749847412109,0.000429534912109369,0.0287498474121094,Terrain/Ground_0_-1/Collision,Terrain/Ground_0_-1/Collision
road,LandDetails/Trail_Crownreach,Model/Trail_Crownreach:triangle1758:sample2,1.12380003929138,15.4580402374268,-65.9123229980469,15.357421875,15.3369140625,-0.0205078125,0.121126174926758,0.000618362426757807,0.0211261749267578,Terrain/Ground_0_-1/Collision,Terrain/Ground_0_-1/Collision
road,LandDetails/Trail_Crownreach,Model/Trail_Crownreach:triangle1758:sample3,1.27232003211975,15.4866800308228,-66.3079986572266,15.385986328125,15.3642578125,-0.021728515625,0.122422218322754,0.000693702697753901,0.0224222183227539,Terrain/Ground_0_-1/Collision,Terrain/Ground_0_-1/Collision
road,LandDetails/Trail_Crownreach,Model/Trail_Crownreach:triangle1758:sample4,1.72369992733002,15.5739498138428,-65.4636535644531,15.473388671875,15.447509765625,-0.02587890625,0.126440048217773,0.000561141967773432,0.0264400482177734,Terrain/Ground_0_-1/Collision,Terrain/Ground_0_-1/Collision
road,LandDetails/Trail_Crownreach,Model/Trail_Crownreach:triangle1758:sample5,0.785749971866608,15.3926992416382,-66.3762969970703,15.2919921875,15.2744140625,-0.017578125,0.118285179138184,0.000707054138183588,0.0182851791381836,Terrain/Ground_0_-1/Collision,Terrain/Ground_0_-1/Collision
road,LandDetails/Trail_Crownreach,Model/Trail_Crownreach:triangle1758:sample6,1.90934991836548,15.609748840332,-65.958251953125,15.50927734375,15.48193359375,-0.02734375,0.127815246582031,0.000471496582031244,0.0278152465820312,Terrain/Ground_0_-1/Collision,Terrain/Ground_0_-1/Collision
road,LandDetails/Trail_Crownreach,Model/Trail_Crownreach:triangle1759:sample0,2.34413313865662,15.6936988830566,-65.9758987426758,15.59326171875,15.562255859375,-0.031005859375,0.131443023681641,0.000437164306640619,0.0314430236816406,Terrain/Ground_0_-1/Collision,Terrain/Ground_0_-1/Collision
road,LandDetails/Trail_Crownreach,Model/Trail_Crownreach:triangle1759:sample1,2.5453999042511,15.7326202392578,-65.6037826538086,15.632080078125,15.599365234375,-0.03271484375,0.133255004882813,0.000540161132812494,0.0332550048828125,Terrain/Ground_0_-1/Collision,Terrain/Ground_0_-1/Collision
road,LandDetails/Trail_Crownreach,Model/Trail_Crownreach:triangle1759:sample2,1.79503989219666,15.5876207351685,-66.3339004516602,15.487060546875,15.4609375,-0.026123046875,0.126683235168457,0.000560188293457026,0.026683235168457,Terrain/Ground_0_-1/Collision,Terrain/Ground_0_-1/Collision
road,LandDetails/Trail_Crownreach,Model/Trail_Crownreach:triangle1759:sample3,2.69195985794067,15.7608604431152,-65.9900207519531,15.66064453125,15.62646484375,-0.0341796875,0.134395599365234,0.000215911865234369,0.0343955993652344,Terrain/Ground_0_-1/Collision,Terrain/Ground_0_-1/Collision
road,LandDetails/Trail_Crownreach,Model/Trail_Crownreach:triangle1759:sample4,1.90934991836548,15.609748840332,-65.958251953125,15.50927734375,15.48193359375,-0.02734375,0.127815246582031,0.000471496582031244,0.0278152465820312,Terrain/Ground_0_-1/Collision,Terrain/Ground_0_-1/Collision
road,LandDetails/Trail_Crownreach,Model/Trail_Crownreach:triangle1759:sample5,2.0925498008728,15.6450500488281,-66.441047668457,15.544677734375,15.515869140625,-0.02880859375,0.129180908203125,0.000372314453124994,0.029180908203125,Terrain/Ground_0_-1/Collision,Terrain/Ground_0_-1/Collision
road,LandDetails/Trail_Crownreach,Model/Trail_Crownreach:triangle1759:sample6,3.03049993515015,15.8262996673584,-65.5283966064453,15.725830078125,15.68896484375,-0.036865234375,0.137334823608398,0.000469589233398432,0.0373348236083984,Terrain/Ground_0_-1/Collision,Terrain/Ground_0_-1/Collision
road,LandDetails/Trail_Crownreach,Model/Trail_Crownreach:triangle1760:sample0,1.84586656093597,15.5974321365356,-66.9100952148438,15.4970703125,15.47021484375,-0.02685546875,0.127217292785645,0.000361824035644526,0.0272172927856445,Terrain/Ground_0_-1/Collision,Terrain/Ground_0_-1/Collision
road,LandDetails/Trail_Crownreach,Model/Trail_Crownreach:triangle1760:sample1,2.39299988746643,15.7031002044678,-66.550537109375,15.602783203125,15.5712890625,-0.031494140625,0.131811141967773,0.000317001342773432,0.0318111419677734,Terrain/Ground_0_-1/Collision,Terrain/Ground_0_-1/Collision
road,LandDetails/Trail_Crownreach,Model/Trail_Crownreach:triangle1760:sample2,1.49607992172241,15.529860496521,-66.894416809082,15.429443359375,15.405517578125,-0.02392578125,0.124342918395996,0.000417137145996088,0.0243429183959961,Terrain/Ground_0_-1/Collision,Terrain/Ground_0_-1/Collision
road,LandDetails/Trail_Crownreach,Model/Trail_Crownreach:triangle1760:sample3,1.64851999282837,15.5593395233154,-67.2853393554688,15.458740234375,15.433837890625,-0.02490234375,0.12550163269043,0.000599288940429682,0.0255016326904297,Terrain/Ground_0_-1/Collision,Terrain/Ground_0_-1/Collision
road,LandDetails/Trail_Crownreach,Model/Trail_Crownreach:triangle1760:sample4,2.0925498008728,15.6450500488281,-66.441047668457,15.544677734375,15.515869140625,-0.02880859375,0.129180908203125,0.000372314453124994,0.029180908203125,Terrain/Ground_0_-1/Collision,Terrain/Ground_0_-1/Collision
road,LandDetails/Trail_Crownreach,Model/Trail_Crownreach:triangle1760:sample5,1.16194999217987,15.4653491973877,-67.3595428466797,15.36474609375,15.343994140625,-0.020751953125,0.121355056762695,0.000603103637695307,0.0213550567626953,Terrain/Ground_0_-1/Collision,Terrain/Ground_0_-1/Collision
road,LandDetails/Trail_Crownreach,Model/Trail_Crownreach:triangle1760:sample6,2.28309988975525,15.6819000244141,-66.9297027587891,15.58154296875,15.551025390625,-0.030517578125,0.130874633789063,0.000357055664062494,0.0308746337890625,Terrain/Ground_0_-1/Collision,Terrain/Ground_0_-1/Collision
road,LandDetails/Trail_Crownreach,Model/Trail_Crownreach:triangle1761:sample0,2.71786665916443,15.7660331726074,-66.9454040527344,15.66552734375,15.63134765625,-0.0341796875,0.134685516357422,0.000505828857421869,0.0346855163574219,Terrain/Ground_0_-1/Collision,Terrain/Ground_0_-1/Collision
road,LandDetails/Trail_Crownreach,Model/Trail_Crownreach:triangle1761:sample1,2.91619992256165,15.8042602539063,-66.5717239379883,15.7041015625,15.66796875,-0.0361328125,0.13629150390625,0.000158691406249994,0.03629150390625,Terrain/Ground_0_-1/Collision,Terrain/Ground_0_-1/Collision
road,LandDetails/Trail_Crownreach,Model/Trail_Crownreach:triangle1761:sample2,2.17172002792358,15.6605005264282,-67.3065185546875,15.559814453125,15.530517578125,-0.029296875,0.129982948303223,0.000686073303222651,0.0299829483032227,Terrain/Ground_0_-1/Collision,Terrain/Ground_0_-1/Collision
road,LandDetails/Trail_Crownreach,Model/Trail_Crownreach:triangle1761:sample3,3.06568002700806,15.8333396911621,-66.9579620361328,15.732666015625,15.695556640625,-0.037109375,0.137783050537109,0.000673675537109369,0.0377830505371094,Terrain/Ground_0_-1/Collision,Terrain/Ground_0_-1/Collision
road,LandDetails/Trail_Crownreach,Model/Trail_Crownreach:triangle1761:sample4,2.28309988975525,15.6819000244141,-66.9297027587891,15.58154296875,15.551025390625,-0.030517578125,0.130874633789063,0.000357055664062494,0.0308746337890625,Terrain/Ground_0_-1/Collision,Terrain/Ground_0_-1/Collision
road,LandDetails/Trail_Crownreach,Model/Trail_Crownreach:triangle1761:sample5,2.46994996070862,15.7182493209839,-67.4124984741211,15.61767578125,15.58544921875,-0.0322265625,0.132800102233887,0.000573539733886713,0.0328001022338867,Terrain/Ground_0_-1/Collision,Terrain/Ground_0_-1/Collision
road,LandDetails/Trail_Crownreach,Model/Trail_Crownreach:triangle1761:sample6,3.40054988861084,15.89794921875,-66.4940032958984,15.79736328125,15.757568359375,-0.039794921875,0.140380859375,0.000585937499999994,0.040380859375,Terrain/Ground_0_-1/Collision,Terrain/Ground_0_-1/Collision
road,LandDetails/Trail_Crownreach,Model/Trail_Crownreach:triangle1762:sample0,2.22773337364197,15.6712656021118,-67.8874588012695,15.57080078125,15.540771484375,-0.030029296875,0.130494117736816,0.000464820861816401,0.0304941177368164,Terrain/Ground_0_-1/Collision,Terrain/Ground_0_-1/Collision
road,LandDetails/Trail_Crownreach,Model/Trail_Crownreach:triangle1762:sample1,2.77160000801086,15.7764806747437,-67.5232009887695,15.67578125,15.64111328125,-0.03466796875,0.135367393493652,0.000699424743652338,0.0353673934936523,Terrain/Ground_0_-1/Collision,Terrain/Ground_0_-1/Collision
road,LandDetails/Trail_Crownreach,Model/Trail_Crownreach:triangle1762:sample2,1.87764000892639,15.6036405563354,-67.8717575073242,15.5029296875,15.47607421875,-0.02685546875,0.127566337585449,0.000710868835449213,0.0275663375854492,Terrain/Ground_0_-1/Collision,Terrain/Ground_0_-1/Collision
road,LandDetails/Trail_Crownreach,Model/Trail_Crownreach:triangle1762:sample3,2.03395986557007,15.6336803436279,-68.2674407958984,15.533203125,15.5048828125,-0.0283203125,0.12879753112793,0.000477218627929682,0.0287975311279297,Terrain/Ground_0_-1/Collision,Terrain/Ground_0_-1/Collision
road,LandDetails/Trail_Crownreach,Model/Trail_Crownreach:triangle1762:sample4,2.46994996070862,15.7182493209839,-67.4124984741211,15.61767578125,15.58544921875,-0.0322265625,0.132800102233887,0.000573539733886713,0.0328001022338867,Terrain/Ground_0_-1/Collision,Terrain/Ground_0_-1/Collision
road,LandDetails/Trail_Crownreach,Model/Trail_Crownreach:triangle1762:sample5,1.54789996147156,15.5397491455078,-68.3427963256836,15.439453125,15.4150390625,-0.0244140625,0.124710083007813,0.000296020507812494,0.0247100830078125,Terrain/Ground_0_-1/Collision,Terrain/Ground_0_-1/Collision
road,LandDetails/Trail_Crownreach,Model/Trail_Crownreach:triangle1762:sample6,2.66534996032715,15.7558002471924,-67.907096862793,15.6552734375,15.62158203125,-0.03369140625,0.134218215942383,0.000526809692382807,0.0342182159423828,Terrain/Ground_0_-1/Collision,Terrain/Ground_0_-1/Collision
road,LandDetails/Trail_Crownreach,Model/Trail_Crownreach:triangle1763:sample0,3.10136675834656,15.8400678634644,-67.9227981567383,15.73974609375,15.7021484375,-0.03759765625,0.137919425964355,0.000321769714355463,0.0379194259643555,Terrain/Ground_0_-1/Collision,Terrain/Ground_0_-1/Collision
road,LandDetails/Trail_Crownreach,Model/Trail_Crownreach:triangle1763:sample1,3.29578018188477,15.877760887146,-67.5444030761719,15.777099609375,15.738037109375,-0.0390625,0.139723777770996,0.000661277770996088,0.0397237777709961,Terrain/Ground_0_-1/Collision,Terrain/Ground_0_-1/Collision
road,LandDetails/Trail_Crownreach,Model/Trail_Crownreach:triangle1763:sample2,2.55813980102539,15.7349605560303,-68.2886352539063,15.634521484375,15.601806640625,-0.03271484375,0.133153915405273,0.000439071655273432,0.0331539154052734,Terrain/Ground_0_-1/Collision,Terrain/Ground_0_-1/Collision
road,LandDetails/Trail_Crownreach,Model/Trail_Crownreach:triangle1763:sample3,3.45018005371094,15.9074802398682,-67.9353637695313,15.80712890625,15.7666015625,-0.04052734375,0.140878677368164,0.000351333618164057,0.0408786773681641,Terrain/Ground_0_-1/Collision,Terrain/Ground_0_-1/Collision
road,LandDetails/Trail_Crownreach,Model/Trail_Crownreach:triangle1763:sample4,2.66534996032715,15.7558002471924,-67.907096862793,15.6552734375,15.62158203125,-0.03369140625,0.134218215942383,0.000526809692382807,0.0342182159423828,Terrain/Ground_0_-1/Collision,Terrain/Ground_0_-1/Collision
road,LandDetails/Trail_Crownreach,Model/Trail_Crownreach:triangle1763:sample5,2.85834980010986,15.7929496765137,-68.3957977294922,15.692626953125,15.657470703125,-0.03515625,0.135478973388672,0.000322723388671869,0.0354789733886719,Terrain/Ground_0_-1/Collision,Terrain/Ground_0_-1/Collision
road,LandDetails/Trail_Crownreach,Model/Trail_Crownreach:triangle1763:sample6,3.78039979934692,15.9714498519897,-67.4654998779297,15.870849609375,15.827392578125,-0.04345703125,0.144057273864746,0.000600242614746088,0.0440572738647461,Terrain/Ground_0_-1/Collision,Terrain/Ground_0_-1/Collision
road,LandDetails/Trail_Crownreach,Model/Trail_Crownreach:triangle1764:sample0,2.61856651306152,15.7466325759888,-68.8766250610352,15.646484375,15.613037109375,-0.033447265625,0.13359546661377,0.000148200988769526,0.0335954666137695,Terrain/Ground_0_-1/Collision,Terrain/Ground_0_-1/Collision
road,LandDetails/Trail_Crownreach,Model/Trail_Crownreach:triangle1764:sample1,3.16050004959106,15.8514213562012,-68.5076599121094,15.7509765625,15.713134765625,-0.037841796875,0.138286590576172,0.000444793701171869,0.0382865905761719,Terrain/Ground_0_-1/Collision,Terrain/Ground_0_-1/Collision
road,LandDetails/Trail_Crownreach,Model/Trail_Crownreach:triangle1764:sample2,2.2684600353241,15.678900718689,-68.8609313964844,15.57861328125,15.54833984375,-0.0302734375,0.130560874938965,0.000287437438964838,0.0305608749389648,Terrain/Ground_0_-1/Collision,Terrain/Ground_0_-1/Collision
road,LandDetails/Trail_Crownreach,Model/Trail_Crownreach:triangle1764:sample3,2.42674016952515,15.7095794677734,-69.2612915039063,15.609375,15.57763671875,-0.03173828125,0.131942749023438,0.000204467773437494,0.0319427490234375,Terrain/Ground_0_-1/Collision,Terrain/Ground_0_-1/Collision
road,LandDetails/Trail_Crownreach,Model/Trail_Crownreach:triangle1764:sample4,2.85834980010986,15.7929496765137,-68.3957977294922,15.692626953125,15.657470703125,-0.03515625,0.135478973388672,0.000322723388671869,0.0354789733886719,Terrain/Ground_0_-1/Collision,Terrain/Ground_0_-1/Collision
road,LandDetails/Trail_Crownreach,Model/Trail_Crownreach:triangle1764:sample5,1.94114995002747,15.615650177002,-69.3378448486328,15.515380859375,15.48779296875,-0.027587890625,0.127857208251953,0.000269317626953119,0.0278572082519531,Terrain/Ground_0_-1/Collision,Terrain/Ground_0_-1/Collision
road,LandDetails/Trail_Crownreach,Model/Trail_Crownreach:triangle1764:sample6,3.05620002746582,15.8312997817993,-68.8962478637695,15.73095703125,15.69384765625,-0.037109375,0.137452125549316,0.000342750549316401,0.0374521255493164,Terrain/Ground_0_-1/Collision,Terrain/Ground_0_-1/Collision
road,LandDetails/Trail_Crownreach,Model/Trail_Crownreach:triangle1765:sample0,3.49300003051758,15.9156999588013,-68.9080276489258,15.815185546875,15.7744140625,-0.040771484375,0.14128589630127,0.000514411926269526,0.0412858963012695,Terrain/Ground_0_-1/Collision,Terrain/Ground_0_-1/Collision
road,LandDetails/Trail_Crownreach,Model/Trail_Crownreach:triangle1765:sample1,3.6851601600647,15.9528608322144,-68.526496887207,15.852294921875,15.81005859375,-0.042236328125,0.142802238464355,0.000565910339355463,0.0428022384643555,Terrain/Ground_0_-1/Collision,Terrain/Ground_0_-1/Collision
road,LandDetails/Trail_Crownreach,Model/Trail_Crownreach:triangle1765:sample2,2.95140027999878,15.8110198974609,-69.2801361083984,15.710693359375,15.674560546875,-0.0361328125,0.136459350585938,0.000326538085937494,0.0364593505859375,Terrain/Ground_0_-1/Collision,Terrain/Ground_0_-1/Collision
road,LandDetails/Trail_Crownreach,Model/Trail_Crownreach:triangle1765:sample3,3.84244012832642,15.9832191467285,-68.9174575805664,15.8828125,15.839111328125,-0.043701171875,0.144107818603516,0.000406646728515619,0.0441078186035156,Terrain/Ground_0_-1/Collision,Terrain/Ground_0_-1/Collision
road,LandDetails/Trail_Crownreach,Model/Trail_Crownreach:triangle1765:sample4,3.05620002746582,15.8312997817993,-68.8962478637695,15.73095703125,15.69384765625,-0.037109375,0.137452125549316,0.000342750549316401,0.0374521255493164,Terrain/Ground_0_-1/Collision,Terrain/Ground_0_-1/Collision
road,LandDetails/Trail_Crownreach,Model/Trail_Crownreach:triangle1765:sample5,3.25279998779297,15.8692493438721,-69.3849487304688,15.76904296875,15.730224609375,-0.038818359375,0.13902473449707,0.000206375122070307,0.0390247344970703,Terrain/Ground_0_-1/Collision,Terrain/Ground_0_-1/Collision
road,LandDetails/Trail_Crownreach,Model/Trail_Crownreach:triangle1765:sample6,4.17000007629395,16.0465507507324,-68.4429016113281,15.946044921875,15.8994140625,-0.046630859375,0.147136688232422,0.000505828857421869,0.0471366882324219,Terrain/Ground_0_-1/Collision,Terrain/Ground_0_-1/Collision
road,LandDetails/Trail_Crownreach,Model/Trail_Crownreach:triangle1766:sample0,3.01586651802063,15.8234987258911,-69.8657989501953,15.72314453125,15.6865234375,-0.03662109375,0.136975288391113,0.000354194641113276,0.0369752883911133,Terrain/Ground_0_-1/Collision,Terrain/Ground_0_-1/Collision
road,LandDetails/Trail_Crownreach,Model/Trail_Crownreach:triangle1766:sample1,3.55615997314453,15.9279003143311,-69.4921188354492,15.827392578125,15.7861328125,-0.041259765625,0.141767501831055,0.000507736206054682,0.0417675018310547,Terrain/Ground_0_-1/Collision,Terrain/Ground_0_-1/Collision
road,LandDetails/Trail_Crownreach,Model/Trail_Crownreach:triangle1766:sample2,2.66512012481689,15.7556991577148,-69.8547973632813,15.6552734375,15.62158203125,-0.03369140625,0.134117126464844,0.000425720214843744,0.0341171264648437,Terrain/Ground_0_-1/Collision,Terrain/Ground_0_-1/Collision
road,LandDetails/Trail_Crownreach,Model/Trail_Crownreach:triangle1766:sample3,2.8263201713562,15.7869005203247,-70.2504806518555,15.6865234375,15.6513671875,-0.03515625,0.135533332824707,0.000377082824707026,0.035533332824707,Terrain/Ground_0_-1/Collision,Terrain/Ground_0_-1/Collision
road,LandDetails/Trail_Crownreach,Model/Trail_Crownreach:triangle1766:sample4,3.25279998779297,15.8692493438721,-69.3849487304688,15.76904296875,15.730224609375,-0.038818359375,0.13902473449707,0.000206375122070307,0.0390247344970703,Terrain/Ground_0_-1/Collision,Terrain/Ground_0_-1/Collision
road,LandDetails/Trail_Crownreach,Model/Trail_Crownreach:triangle1766:sample5,2.34049987792969,15.6929988861084,-70.3329010009766,15.592529296875,15.561767578125,-0.03076171875,0.131231307983398,0.000469589233398432,0.0312313079833984,Terrain/Ground_0_-1/Collision,Terrain/Ground_0_-1/Collision
road,LandDetails/Trail_Crownreach,Model/Trail_Crownreach:triangle1766:sample6,3.45429992675781,15.9082489013672,-69.8795471191406,15.807861328125,15.767333984375,-0.04052734375,0.140914916992188,0.000387573242187494,0.0409149169921875,Terrain/Ground_0_-1/Collision,Terrain/Ground_0_-1/Collision
road,LandDetails/Trail_Crownreach,Model/Trail_Crownreach:triangle1767:sample0,3.89113330841064,15.9926986694336,-69.8932647705078,15.892333984375,15.84814453125,-0.044189453125,0.144554138183594,0.000364685058593744,0.0445541381835937,Terrain/Ground_0_-1/Collision,Terrain/Ground_0_-1/Collision
road,LandDetails/Trail_Crownreach,Model/Trail_Crownreach:triangle1767:sample1,4.08131980895996,16.0294208526611,-69.5085983276367,15.92919921875,15.883056640625,-0.046142578125,0.146364212036133,0.000221633911132807,0.0463642120361328,Terrain/Ground_0_-1/Collision,Terrain/Ground_0_-1/Collision
road,LandDetails/Trail_Crownreach,Model/Trail_Crownreach:triangle1767:sample2,3.35148000717163,15.8884201049805,-70.266960144043,15.787841796875,15.748291015625,-0.03955078125,0.140129089355469,0.000578308105468744,0.0401290893554687,Terrain/Ground_0_-1/Collision,Terrain/Ground_0_-1/Collision
road,LandDetails/Trail_Crownreach,Model/Trail_Crownreach:triangle1767:sample3,4.24060010910034,16.0602607727051,-69.9042434692383,15.959716796875,15.91259765625,-0.047119140625,0.147663116455078,0.000543975830078119,0.0476631164550781,Terrain/Ground_0_-1/Collision,Terrain/Ground_0_-1/Collision
road,LandDetails/Trail_Crownreach,Model/Trail_Crownreach:triangle1767:sample4,3.45429992675781,15.9082489013672,-69.8795471191406,15.807861328125,15.767333984375,-0.04052734375,0.140914916992188,0.000387573242187494,0.0409149169921875,Terrain/Ground_0_-1/Collision,Terrain/Ground_0_-1/Collision
road,LandDetails/Trail_Crownreach,Model/Trail_Crownreach:triangle1767:sample5,3.65339994430542,15.9468002319336,-70.3740997314453,15.84619140625,15.80419921875,-0.0419921875,0.142601013183594,0.000608825683593744,0.0426010131835937,Terrain/Ground_0_-1/Collision,Terrain/Ground_0_-1/Collision
road,LandDetails/Trail_Crownreach,Model/Trail_Crownreach:triangle1767:sample6,4.5657000541687,16.1230506896973,-69.4261474609375,16.022705078125,15.97265625,-0.050048828125,0.150394439697266,0.000345611572265619,0.0503944396972656,Terrain/Ground_0_-1/Collision,Terrain/Ground_0_-1/Collision
road,LandDetails/Trail_Crownreach,Model/Trail_Crownreach:triangle1768:sample0,3.38633346557617,15.8950662612915,-70.7764358520508,15.794677734375,15.754638671875,-0.0400390625,0.140427589416504,0.000388526916503901,0.0404275894165039,Terrain/Ground_0_-1/Collision,Terrain/Ground_0_-1/Collision
road,LandDetails/Trail_Crownreach,Model/Trail_Crownreach:triangle1768:sample1,3.93772006034851,16.0016803741455,-70.4341430664063,15.9013671875,15.856689453125,-0.044677734375,0.144990921020508,0.000313186645507807,0.0449909210205078,Terrain/Ground_0_-1/Collision,Terrain/Ground_0_-1/Collision
road,LandDetails/Trail_Crownreach,Model/Trail_Crownreach:triangle1768:sample2,3.0485999584198,15.8298397064209,-70.7968673706055,15.7294921875,15.6923828125,-0.037109375,0.137456893920898,0.000347518920898432,0.0374568939208984,Terrain/Ground_0_-1/Collision,Terrain/Ground_0_-1/Collision
road,LandDetails/Trail_Crownreach,Model/Trail_Crownreach:triangle1768:sample3,3.17267990112305,15.8536806106567,-71.0982971191406,15.75341796875,15.71533203125,-0.0380859375,0.138348579406738,0.000262641906738276,0.0383485794067383,Terrain/Ground_0_-1/Collision,Terrain/Ground_0_-1/Collision
road,LandDetails/Trail_Crownreach,Model/Trail_Crownreach:triangle1768:sample4,3.65339994430542,15.9468002319336,-70.3740997314453,15.84619140625,15.80419921875,-0.0419921875,0.142601013183594,0.000608825683593744,0.0426010131835937,Terrain/Ground_0_-1/Collision,Terrain/Ground_0_-1/Collision
road,LandDetails/Trail_Crownreach,Model/Trail_Crownreach:triangle1768:sample5,2.69709992408752,15.7617988586426,-71.2042999267578,15.661376953125,15.62744140625,-0.033935546875,0.134357452392578,0.000421905517578119,0.0343574523925781,Terrain/Ground_0_-1/Collision,Terrain/Ground_0_-1/Collision
road,LandDetails/Trail_Crownreach,Model/Trail_Crownreach:triangle1768:sample6,3.80850005149841,15.9765996932983,-70.7509002685547,15.876220703125,15.832763671875,-0.04345703125,0.14383602142334,0.000378990173339838,0.0438360214233398,Terrain/Ground_0_-1/Collision,Terrain/Ground_0_-1/Collision
road,LandDetails/Trail_Crownreach,Model/Trail_Crownreach:triangle1769:sample0,3.8471667766571,15.9840660095215,-70.9766006469727,15.8837890625,15.840087890625,-0.043701171875,0.143978118896484,0.000276947021484369,0.0439781188964844,Terrain/Ground_0_-1/Collision,Terrain/Ground_0_-1/Collision
road,LandDetails/Trail_Crownreach,Model/Trail_Crownreach:triangle1769:sample1,4.21422004699707,16.0550804138184,-70.5542449951172,15.954833984375,15.90771484375,-0.047119140625,0.147365570068359,0.000246429443359369,0.0473655700683594,Terrain/Ground_0_-1/Collision,Terrain/Ground_0_-1/Collision
road,LandDetails/Trail_Crownreach,Model/Trail_Crownreach:triangle1769:sample2,3.44917988777161,15.9070796966553,-71.2183990478516,15.806884765625,15.7666015625,-0.040283203125,0.140478134155273,0.000194931030273432,0.0404781341552734,Terrain/Ground_0_-1/Collision,Terrain/Ground_0_-1/Collision
road,LandDetails/Trail_Crownreach,Model/Trail_Crownreach:triangle1769:sample3,3.87810015678406,15.9900407791138,-71.1571655273438,15.8896484375,15.845703125,-0.0439453125,0.14433765411377,0.000392341613769526,0.0443376541137695,Terrain/Ground_0_-1/Collision,Terrain/Ground_0_-1/Collision
road,LandDetails/Trail_Crownreach,Model/Trail_Crownreach:triangle1769:sample4,3.80850005149841,15.9765996932983,-70.7509002685547,15.876220703125,15.832763671875,-0.04345703125,0.14383602142334,0.000378990173339838,0.0438360214233398,Terrain/Ground_0_-1/Collision,Terrain/Ground_0_-1/Collision
road,LandDetails/Trail_Crownreach,Model/Trail_Crownreach:triangle1769:sample5,3.38835000991821,15.895299911499,-71.5045471191406,15.794921875,15.75537109375,-0.03955078125,0.139928817749023,0.000378036499023432,0.0399288177490234,Terrain/Ground_0_-1/Collision,Terrain/Ground_0_-1/Collision
road,LandDetails/Trail_Crownreach,Model/Trail_Crownreach:triangle1769:sample6,4.34465026855469,16.0802993774414,-70.6743469238281,15.97998046875,15.931640625,-0.04833984375,0.148658752441406,0.000318908691406244,0.0486587524414062,Terrain/Ground_0_-1/Collision,Terrain/Ground_0_-1/Collision
road,LandDetails/Trail_Crownreach,Model/Trail_Crownreach:triangle1770:sample0,4.61983346939087,16.1334667205811,-70.7528610229492,16.033203125,15.982666015625,-0.050537109375,0.150800704956055,0.000263595581054682,0.0508007049560547,Terrain/Ground_0_-1/Collision,Terrain/Ground_0_-1/Collision
road,LandDetails/Trail_Crownreach,Model/Trail_Crownreach:triangle1770:sample1,4.67782020568848,16.1447200775146,-70.4199981689453,16.044189453125,15.993408203125,-0.05078125,0.151311874389648,0.000530624389648432,0.0513118743896484,Terrain/Ground_0_-1/Collision,Terrain/Ground_0_-1/Collision
road,LandDetails/Trail_Crownreach,Model/Trail_Crownreach:triangle1770:sample2,4.34170007705688,16.0796794891357,-71.0229187011719,15.9794921875,15.93115234375,-0.04833984375,0.148527145385742,0.000187301635742182,0.0485271453857422,Terrain/Ground_0_-1/Collision,Terrain/Ground_0_-1/Collision
road,LandDetails/Trail_Crownreach,Model/Trail_Crownreach:triangle1770:sample3,4.83998012542725,16.1760005950928,-70.8156814575195,16.07568359375,16.023193359375,-0.052490234375,0.152807235717773,0.000317001342773432,0.0528072357177734,Terrain/Ground_0_-1/Collision,Terrain/Ground_0_-1/Collision
road,LandDetails/Trail_Crownreach,Model/Trail_Crownreach:triangle1770:sample4,4.34465026855469,16.0802993774414,-70.6743469238281,15.97998046875,15.931640625,-0.04833984375,0.148658752441406,0.000318908691406244,0.0486587524414062,Terrain/Ground_0_-1/Collision,Terrain/Ground_0_-1/Collision
road,LandDetails/Trail_Crownreach,Model/Trail_Crownreach:triangle1770:sample5,4.54734992980957,16.1194000244141,-71.1689453125,16.01904296875,15.96923828125,-0.0498046875,0.150161743164063,0.000357055664062494,0.0501617431640625,Terrain/Ground_0_-1/Collision,Terrain/Ground_0_-1/Collision
road,LandDetails/Trail_Crownreach,Model/Trail_Crownreach:triangle1770:sample6,4.96749973297119,16.2006988525391,-70.4152984619141,16.10009765625,16.046875,-0.05322265625,0.153823852539063,0.000601196289062494,0.0538238525390625,Terrain/Ground_0_-1/Collision,Terrain/Ground_0_-1/Collision
road,LandDetails/Trail_Crownreach,Model/Trail_Crownreach:triangle1771:sample0,4.79733324050903,16.1677341461182,-71.1846618652344,16.0673828125,16.015625,-0.0517578125,0.152109146118164,0.000351333618164057,0.0521091461181641,Terrain/Ground_0_-1/Collision,Terrain/Ground_0_-1/Collision
road,LandDetails/Trail_Crownreach,Model/Trail_Crownreach:triangle1771:sample1,4.9973201751709,16.2063999176025,-71.1972427368164,16.10595703125,16.05224609375,-0.0537109375,0.154153823852539,0.000442886352539057,0.0541538238525391,Terrain/Ground_0_-1/Collision,Terrain/Ground_0_-1/Collision
road,LandDetails/Trail_Crownreach,Model/Trail_Crownreach:triangle1771:sample2,4.94648027420044,16.1965599060059,-71.0747604370117,16.09619140625,16.04296875,-0.05322265625,0.153591156005859,0.000368499755859369,0.0535911560058594,Terrain/Ground_0_-1/Collision,Terrain/Ground_0_-1/Collision
road,LandDetails/Trail_Crownreach,Model/Trail_Crownreach:triangle1771:sample3,4.44820022583008,16.1002407073975,-71.2819976806641,16.0,15.950927734375,-0.049072265625,0.149312973022461,0.000240707397460932,0.0493129730224609,Terrain/Ground_0_-1/Collision,Terrain/Ground_0_-1/Collision
road,LandDetails/Trail_Crownreach,Model/Trail_Crownreach:triangle1771:sample4,5.2337498664856,16.2520999908447,-71.0629959106445,16.151611328125,16.09619140625,-0.055419921875,0.155908584594727,0.000488662719726557,0.0559085845947266,Terrain/Ground_0_-1/Collision,Terrain/Ground_0_-1/Collision
road,LandDetails/Trail_Crownreach,Model/Trail_Crownreach:triangle1771:sample5,4.54734992980957,16.1194000244141,-71.1689453125,16.01904296875,15.96923828125,-0.0498046875,0.150161743164063,0.000357055664062494,0.0501617431640625,Terrain/Ground_0_-1/Collision,Terrain/Ground_0_-1/Collision
road,LandDetails/Trail_Crownreach,Model/Trail_Crownreach:triangle1771:sample6,4.61089992523193,16.1317005157471,-71.3220520019531,16.031005859375,15.981201171875,-0.0498046875,0.15049934387207,0.000694656372070307,0.0504993438720703,Terrain/Ground_0_-1/Collision,Terrain/Ground_0_-1/Collision
road,LandDetails/Trail_Crownreach,Model/Trail_Crownreach:triangle1772:sample0,1.80270004272461,15.5910654067993,-62.2783660888672,15.489990234375,15.4638671875,-0.026123046875,0.127198219299316,0.0010751724243164,0.0271982192993164,Terrain/Ground_0_-1/Collision,Terrain/Ground_0_-1/Collision
road,LandDetails/Trail_Crownreach,Model/Trail_Crownreach:triangle1772:sample1,1.82874011993408,15.5953998565674,-62.3018989562988,15.494140625,15.46826171875,-0.02587890625,0.127138137817383,0.00125923156738281,0.0271381378173828,Terrain/Ground_0_-1/Collision,Terrain/Ground_0_-1/Collision
road,LandDetails/Trail_Crownreach,Model/Trail_Crownreach:triangle1772:sample2,1.81313991546631,15.5944395065308,-62.2595405578613,15.4931640625,15.467041015625,-0.026123046875,0.127398490905762,0.00127544403076171,0.0273984909057617,Terrain/Ground_0_-1/Collision,Terrain/Ground_0_-1/Collision
road,LandDetails/Trail_Crownreach,Model/Trail_Crownreach:triangle1772:sample3,1.76622009277344,15.5833597183228,-62.2736587524414,15.481689453125,15.45654296875,-0.025146484375,0.126816749572754,0.0016702651977539,0.0268167495727539,Terrain/Ground_0_-1/Collision,Terrain/Ground_0_-1/Collision
road,LandDetails/Trail_Crownreach,Model/Trail_Crownreach:triangle1772:sample4,1.84829998016357,15.6006994247437,-62.2842483520508,15.49951171875,15.472900390625,-0.026611328125,0.127799034118652,0.00118770599365234,0.0277990341186523,Terrain/Ground_0_-1/Collision,Terrain/Ground_0_-1/Collision
road,LandDetails/Trail_Crownreach,Model/Trail_Crownreach:triangle1772:sample5,1.77014994621277,15.5856494903564,-62.2489471435547,15.484375,15.45849609375,-0.02587890625,0.127153396606445,0.00127449035644531,0.0271533966064453,Terrain/Ground_0_-1/Collision,Terrain/Ground_0_-1/Collision
road,LandDetails/Trail_Crownreach,Model/Trail_Crownreach:triangle1772:sample6,1.78964996337891,15.5868492126465,-62.3018989562988,15.486083984375,15.459716796875,-0.0263671875,0.127132415771484,0.000765228271484369,0.0271324157714844,Terrain/Ground_0_-1/Collision,Terrain/Ground_0_-1/Collision
road,LandDetails/Trail_Crownreach,Model/Trail_Crownreach:triangle1773:sample0,3.24220013618469,15.8635988235474,-71.6124954223633,15.762939453125,15.72509765625,-0.037841796875,0.138501167297363,0.000659370422363276,0.0385011672973633,Terrain/Ground_0_-1/Collision,Terrain/Ground_0_-1/Collision
road,LandDetails/Trail_Crownreach,Model/Trail_Crownreach:triangle1773:sample1,3.08619999885559,15.8348007202148,-71.5999450683594,15.734375,15.697509765625,-0.036865234375,0.137290954589844,0.000425720214843744,0.0372909545898437,Terrain/Ground_0_-1/Collision,Terrain/Ground_0_-1/Collision
road,LandDetails/Trail_Crownreach,Model/Trail_Crownreach:triangle1773:sample2,3.12527990341187,15.8382396697998,-71.698860168457,15.737548828125,15.70068359375,-0.036865234375,0.137556076049805,0.000690841674804682,0.0375560760498047,Terrain/Ground_0_-1/Collision,Terrain/Ground_0_-1/Collision
road,LandDetails/Trail_Crownreach,Model/Trail_Crownreach:triangle1773:sample3,3.51512002944946,15.917760848999,-71.538703918457,15.817138671875,15.77685546875,-0.040283203125,0.140905380249023,0.000622177124023432,0.0409053802490234,Terrain/Ground_0_-1/Collision,Terrain/Ground_0_-1/Collision
road,LandDetails/Trail_Crownreach,Model/Trail_Crownreach:triangle1773:sample4,2.90105009078979,15.7958993911743,-71.7047500610352,15.695556640625,15.660400390625,-0.03515625,0.135499000549316,0.000342750549316401,0.0354990005493164,Terrain/Ground_0_-1/Collision,Terrain/Ground_0_-1/Collision
road,LandDetails/Trail_Crownreach,Model/Trail_Crownreach:triangle1773:sample5,3.43720006942749,15.8995990753174,-71.6282043457031,15.799072265625,15.75927734375,-0.039794921875,0.140321731567383,0.000526809692382807,0.0403217315673828,Terrain/Ground_0_-1/Collision,Terrain/Ground_0_-1/Collision
road,LandDetails/Trail_Crownreach,Model/Trail_Crownreach:triangle1773:sample6,3.38835000991821,15.895299911499,-71.5045471191406,15.794921875,15.75537109375,-0.03955078125,0.139928817749023,0.000378036499023432,0.0399288177490234,Terrain/Ground_0_-1/Collision,Terrain/Ground_0_-1/Collision
road,LandDetails/Trail_Crownreach,Model/Trail_Crownreach:triangle1774:sample0,4.05723333358765,16.0212001800537,-71.490837097168,15.920654296875,15.875732421875,-0.044921875,0.145467758178711,0.000545883178710932,0.0454677581787109,Terrain/Ground_0_-1/Collision,Terrain/Ground_0_-1/Collision
road,LandDetails/Trail_Crownreach,Model/Trail_Crownreach:triangle1774:sample1,4.55325984954834,16.118480682373,-71.3809356689453,16.01806640625,15.968505859375,-0.049560546875,0.149974822998047,0.000414276123046869,0.0499748229980469,Terrain/Ground_0_-1/Collision,Terrain/Ground_0_-1/Collision
road,LandDetails/Trail_Crownreach,Model/Trail_Crownreach:triangle1774:sample2,4.00414037704468,16.012321472168,-71.4656982421875,15.91162109375,15.8671875,-0.04443359375,0.145133972167969,0.000700378417968744,0.0451339721679687,Terrain/Ground_0_-1/Collision,Terrain/Ground_0_-1/Collision
road,LandDetails/Trail_Crownreach,Model/Trail_Crownreach:triangle1774:sample3,3.61430025100708,15.9328002929688,-71.625862121582,15.832275390625,15.791015625,-0.041259765625,0.14178466796875,0.000524902343749994,0.04178466796875,Terrain/Ground_0_-1/Collision,Terrain/Ground_0_-1/Collision
road,LandDetails/Trail_Crownreach,Model/Trail_Crownreach:triangle1774:sample4,4.61089992523193,16.1317005157471,-71.3220520019531,16.031005859375,15.981201171875,-0.0498046875,0.15049934387207,0.000694656372070307,0.0504993438720703,Terrain/Ground_0_-1/Collision,Terrain/Ground_0_-1/Collision
road,LandDetails/Trail_Crownreach,Model/Trail_Crownreach:triangle1774:sample5,3.43720006942749,15.8995990753174,-71.6282043457031,15.799072265625,15.75927734375,-0.039794921875,0.140321731567383,0.000526809692382807,0.0403217315673828,Terrain/Ground_0_-1/Collision,Terrain/Ground_0_-1/Collision
road,LandDetails/Trail_Crownreach,Model/Trail_Crownreach:triangle1774:sample6,4.12360000610352,16.032299041748,-71.5222473144531,15.931640625,15.88623046875,-0.04541015625,0.146068572998047,0.000658416748046869,0.0460685729980469,Terrain/Ground_0_-1/Collision,Terrain/Ground_0_-1/Collision
road,LandDetails/Trail_Crownreach,Model/Trail_Crownreach:triangle1775:sample0,3.86996650695801,15.9671325683594,-71.9540023803711,15.86669921875,15.823974609375,-0.042724609375,0.143157958984375,0.000433349609374994,0.043157958984375,Terrain/Ground_0_-1/Collision,Terrain/Ground_0_-1/Collision
road,LandDetails/Trail_Crownreach,Model/Trail_Crownreach:triangle1775:sample1,4.44090032577515,16.0860404968262,-71.6588439941406,15.985595703125,15.9375,-0.048095703125,0.148540496826172,0.000444793701171869,0.0485404968261719,Terrain/Ground_0_-1/Collision,Terrain/Ground_0_-1/Collision
road,LandDetails/Trail_Crownreach,Model/Trail_Crownreach:triangle1775:sample2,3.50194001197815,15.9003601074219,-71.9037628173828,15.7998046875,15.76025390625,-0.03955078125,0.140106201171875,0.000555419921874994,0.040106201171875,Terrain/Ground_0_-1/Collision,Terrain/Ground_0_-1/Collision
road,LandDetails/Trail_Crownreach,Model/Trail_Crownreach:triangle1775:sample3,3.66706013679504,15.914999961853,-72.2993927001953,15.814697265625,15.77392578125,-0.040771484375,0.141074180603027,0.000302696228027338,0.0410741806030273,Terrain/Ground_0_-1/Collision,Terrain/Ground_0_-1/Collision
road,LandDetails/Trail_Crownreach,Model/Trail_Crownreach:triangle1775:sample4,4.12360000610352,16.032299041748,-71.5222473144531,15.931640625,15.88623046875,-0.04541015625,0.146068572998047,0.000658416748046869,0.0460685729980469,Terrain/Ground_0_-1/Collision,Terrain/Ground_0_-1/Collision
road,LandDetails/Trail_Crownreach,Model/Trail_Crownreach:triangle1775:sample5,3.15630006790161,15.8184995651245,-72.3229522705078,15.718017578125,15.681884765625,-0.0361328125,0.136614799499512,0.000481986999511713,0.0366147994995117,Terrain/Ground_0_-1/Collision,Terrain/Ground_0_-1/Collision
road,LandDetails/Trail_Crownreach,Model/Trail_Crownreach:triangle1775:sample6,4.32999992370605,16.0506000518799,-72.0167999267578,15.950439453125,15.903564453125,-0.046875,0.147035598754883,0.000160598754882807,0.0470355987548828,Terrain/Ground_0_-1/Collision,Terrain/Ground_0_-1/Collision
road,LandDetails/Trail_Crownreach,Model/Trail_Crownreach:triangle1776:sample0,4.74606657028198,16.1301670074463,-71.9775314331055,16.030029296875,15.979736328125,-0.05029296875,0.150430679321289,0.000137710571289057,0.0504306793212891,Terrain/Ground_0_-1/Collision,Terrain/Ground_0_-1/Collision
road,LandDetails/Trail_Crownreach,Model/Trail_Crownreach:triangle1776:sample1,4.96655988693237,16.1838607788086,-71.6729583740234,16.08349609375,16.031005859375,-0.052490234375,0.152854919433594,0.000364685058593744,0.0528549194335937,Terrain/Ground_0_-1/Collision,Terrain/Ground_0_-1/Collision
road,LandDetails/Trail_Crownreach,Model/Trail_Crownreach:triangle1776:sample2,4.19272041320801,16.0128192901611,-72.3135147094727,15.91259765625,15.867431640625,-0.045166015625,0.145387649536133,0.000221633911132807,0.0453876495361328,Terrain/Ground_0_-1/Collision,Terrain/Ground_0_-1/Collision
road,LandDetails/Trail_Crownreach,Model/Trail_Crownreach:triangle1776:sample3,5.07892036437988,16.1938209533691,-71.9461135864258,16.09326171875,16.040771484375,-0.052490234375,0.153049468994141,0.000559234619140619,0.0530494689941406,Terrain/Ground_0_-1/Collision,Terrain/Ground_0_-1/Collision
road,LandDetails/Trail_Crownreach,Model/Trail_Crownreach:triangle1776:sample4,4.32999992370605,16.0506000518799,-72.0167999267578,15.950439453125,15.903564453125,-0.046875,0.147035598754883,0.000160598754882807,0.0470355987548828,Terrain/Ground_0_-1/Collision,Terrain/Ground_0_-1/Collision
road,LandDetails/Trail_Crownreach,Model/Trail_Crownreach:triangle1776:sample5,4.47044992446899,16.0630493164063,-72.3582458496094,15.962646484375,15.91552734375,-0.047119140625,0.14752197265625,0.000402832031249994,0.04752197265625,Terrain/Ground_0_-1/Collision,Terrain/Ground_0_-1/Collision
road,LandDetails/Trail_Crownreach,Model/Trail_Crownreach:triangle1776:sample6,5.4377498626709,16.2768497467041,-71.5575408935547,16.176513671875,16.119873046875,-0.056640625,0.156976699829102,0.000336074829101557,0.0569766998291016,Terrain/Ground_0_-1/Collision,Terrain/Ground_0_-1/Collision
road,LandDetails/Trail_Crownreach,Model/Trail_Crownreach:triangle1777:sample0,4.23880004882813,15.9999656677246,-72.8449935913086,15.8994140625,15.854736328125,-0.044677734375,0.145229339599609,0.000551605224609369,0.0452293395996094,Terrain/Ground_0_-1/Collision,Terrain/Ground_0_-1/Collision
road,LandDetails/Trail_Crownreach,Model/Trail_Crownreach:triangle1777:sample1,4.77455997467041,16.1156997680664,-72.4665985107422,16.015380859375,15.965576171875,-0.0498046875,0.150123596191406,0.000318908691406244,0.0501235961914062,Terrain/Ground_0_-1/Collision,Terrain/Ground_0_-1/Collision
road,LandDetails/Trail_Crownreach,Model/Trail_Crownreach:triangle1777:sample2,3.88836026191711,15.934700012207,-72.8339996337891,15.834228515625,15.792724609375,-0.04150390625,0.141975402832031,0.000471496582031244,0.0419754028320312,Terrain/Ground_0_-1/Collision,Terrain/Ground_0_-1/Collision
road,LandDetails/Trail_Crownreach,Model/Trail_Crownreach:triangle1777:sample3,4.05348014831543,15.949499130249,-73.2343978881836,15.848876953125,15.80615234375,-0.042724609375,0.143346786499023,0.000622177124023432,0.0433467864990234,Terrain/Ground_0_-1/Collision,Terrain/Ground_0_-1/Collision
road,LandDetails/Trail_Crownreach,Model/Trail_Crownreach:triangle1777:sample4,4.47044992446899,16.0630493164063,-72.3582458496094,15.962646484375,15.91552734375,-0.047119140625,0.14752197265625,0.000402832031249994,0.04752197265625,Terrain/Ground_0_-1/Collision,Terrain/Ground_0_-1/Collision
road,LandDetails/Trail_Crownreach,Model/Trail_Crownreach:triangle1777:sample5,3.56909990310669,15.8552989959717,-73.3179931640625,15.7548828125,15.71630859375,-0.03857421875,0.13899040222168,0.000416183471679682,0.0389904022216797,Terrain/Ground_0_-1/Collision,Terrain/Ground_0_-1/Collision
road,LandDetails/Trail_Crownreach,Model/Trail_Crownreach:triangle1777:sample6,4.67684984207153,16.0815486907959,-72.8587493896484,15.980712890625,15.9326171875,-0.048095703125,0.148931503295898,0.000835800170898432,0.0489315032958984,Terrain/Ground_0_-1/Collision,Terrain/Ground_0_-1/Collision
road,LandDetails/Trail_Crownreach,Model/Trail_Crownreach:triangle1778:sample0,5.1149001121521,16.163064956665,-72.8685684204102,16.0625,16.010498046875,-0.052001953125,0.152566909790039,0.000564956665039057,0.0525669097900391,Terrain/Ground_0_-1/Collision,Terrain/Ground_0_-1/Collision
road,LandDetails/Trail_Crownreach,Model/Trail_Crownreach:triangle1778:sample1,5.30021953582764,16.2135601043701,-72.4807357788086,16.113037109375,16.058837890625,-0.05419921875,0.154722213745117,0.000522994995117182,0.0547222137451172,Terrain/Ground_0_-1/Collision,Terrain/Ground_0_-1/Collision
road,LandDetails/Trail_Crownreach,Model/Trail_Crownreach:triangle1778:sample2,4.57913970947266,16.0473594665527,-73.24853515625,15.94677734375,15.899658203125,-0.047119140625,0.147701263427734,0.000582122802734369,0.0477012634277344,Terrain/Ground_0_-1/Collision,Terrain/Ground_0_-1/Collision
road,LandDetails/Trail_Crownreach,Model/Trail_Crownreach:triangle1778:sample3,5.46533966064453,16.2282791137695,-72.8764190673828,16.1279296875,16.072998046875,-0.054931640625,0.155281066894531,0.000349426269531244,0.0552810668945312,Terrain/Ground_0_-1/Collision,Terrain/Ground_0_-1/Collision
road,LandDetails/Trail_Crownreach,Model/Trail_Crownreach:triangle1778:sample4,4.67684984207153,16.0815486907959,-72.8587493896484,15.980712890625,15.9326171875,-0.048095703125,0.148931503295898,0.000835800170898432,0.0489315032958984,Terrain/Ground_0_-1/Collision,Terrain/Ground_0_-1/Collision
road,LandDetails/Trail_Crownreach,Model/Trail_Crownreach:triangle1778:sample5,4.88324975967407,16.0999488830566,-73.3533477783203,15.99951171875,15.949951171875,-0.049560546875,0.149997711181641,0.000437164306640619,0.0499977111816406,Terrain/Ground_0_-1/Collision,Terrain/Ground_0_-1/Collision
road,LandDetails/Trail_Crownreach,Model/Trail_Crownreach:triangle1778:sample6,5.78459978103638,16.3076992034912,-72.3936004638672,16.207275390625,16.14892578125,-0.058349609375,0.158773422241211,0.000423812866210932,0.0587734222412109,Terrain/Ground_0_-1/Collision,Terrain/Ground_0_-1/Collision
road,LandDetails/Trail_Crownreach,Model/Trail_Crownreach:triangle1779:sample0,4.65243291854858,16.0370655059814,-73.8380966186523,15.9365234375,15.8896484375,-0.046875,0.147417068481445,0.000542068481445307,0.0474170684814453,Terrain/Ground_0_-1/Collision,Terrain/Ground_0_-1/Collision
road,LandDetails/Trail_Crownreach,Model/Trail_Crownreach:triangle1779:sample1,5.18786001205444,16.1526794433594,-73.458137512207,16.05224609375,16.00048828125,-0.0517578125,0.152191162109375,0.000433349609374994,0.052191162109375,Terrain/Ground_0_-1/Collision,Terrain/Ground_0_-1/Collision
road,LandDetails/Trail_Crownreach,Model/Trail_Crownreach:triangle1779:sample2,4.30166006088257,15.9717597961426,-73.8302612304688,15.871337890625,15.8271484375,-0.044189453125,0.144611358642578,0.000421905517578119,0.0446113586425781,Terrain/Ground_0_-1/Collision,Terrain/Ground_0_-1/Collision
road,LandDetails/Trail_Crownreach,Model/Trail_Crownreach:triangle1779:sample3,4.46778011322021,15.9867601394653,-74.2258987426758,15.88623046875,15.84130859375,-0.044921875,0.145451545715332,0.000529670715332026,0.045451545715332,Terrain/Ground_0_-1/Collision,Terrain/Ground_0_-1/Collision
road,LandDetails/Trail_Crownreach,Model/Trail_Crownreach:triangle1779:sample4,4.88324975967407,16.0999488830566,-73.3533477783203,15.99951171875,15.949951171875,-0.049560546875,0.149997711181641,0.000437164306640619,0.0499977111816406,Terrain/Ground_0_-1/Collision,Terrain/Ground_0_-1/Collision
road,LandDetails/Trail_Crownreach,Model/Trail_Crownreach:triangle1779:sample5,3.983149766922,15.8925495147705,-74.3130493164063,15.791748046875,15.7509765625,-0.040771484375,0.141572952270508,0.000801467895507807,0.0415729522705078,Terrain/Ground_0_-1/Collision,Terrain/Ground_0_-1/Collision
road,LandDetails/Trail_Crownreach,Model/Trail_Crownreach:triangle1779:sample6,5.09089946746826,16.1187000274658,-73.847900390625,16.018310546875,15.9677734375,-0.050537109375,0.15092658996582,0.000389480590820307,0.0509265899658203,Terrain/Ground_0_-1/Collision,Terrain/Ground_0_-1/Collision
road,LandDetails/Trail_Crownreach,Model/Trail_Crownreach:triangle1780:sample0,5.5285325050354,16.2002658843994,-73.8577346801758,16.099609375,16.045654296875,-0.053955078125,0.154611587524414,0.000656509399414057,0.0546115875244141,Terrain/Ground_0_-1/Collision,Terrain/Ground_0_-1/Collision
road,LandDetails/Trail_Crownreach,Model/Trail_Crownreach:triangle1780:sample1,5.71352005004883,16.2506008148193,-73.4699249267578,16.150146484375,16.093994140625,-0.05615234375,0.156606674194336,0.000454330444335932,0.0566066741943359,Terrain/Ground_0_-1/Collision,Terrain/Ground_0_-1/Collision
road,LandDetails/Trail_Crownreach,Model/Trail_Crownreach:triangle1780:sample2,4.99343967437744,16.084680557251,-74.237678527832,15.984130859375,15.934814453125,-0.04931640625,0.149866104125977,0.000549697875976557,0.0498661041259766,Terrain/Ground_0_-1/Collision,Terrain/Ground_0_-1/Collision
road,LandDetails/Trail_Crownreach,Model/Trail_Crownreach:triangle1780:sample3,5.87864017486572,16.2655200958252,-73.8656005859375,16.1650390625,16.10791015625,-0.05712890625,0.157609939575195,0.000481033325195307,0.0576099395751953,Terrain/Ground_0_-1/Collision,Terrain/Ground_0_-1/Collision
road,LandDetails/Trail_Crownreach,Model/Trail_Crownreach:triangle1780:sample4,5.09089946746826,16.1187000274658,-73.847900390625,16.018310546875,15.9677734375,-0.050537109375,0.15092658996582,0.000389480590820307,0.0509265899658203,Terrain/Ground_0_-1/Collision,Terrain/Ground_0_-1/Collision
road,LandDetails/Trail_Crownreach,Model/Trail_Crownreach:triangle1780:sample5,5.29729986190796,16.1373500823975,-74.3424987792969,16.03662109375,15.985107421875,-0.051513671875,0.152242660522461,0.000728988647460932,0.0522426605224609,Terrain/Ground_0_-1/Collision,Terrain/Ground_0_-1/Collision
road,LandDetails/Trail_Crownreach,Model/Trail_Crownreach:triangle1780:sample6,6.19740009307861,16.3447494506836,-73.3827972412109,16.244140625,16.18408203125,-0.06005859375,0.160667419433594,0.000608825683593744,0.0606674194335937,Terrain/Ground_0_-1/Collision,Terrain/Ground_0_-1/Collision
road,LandDetails/Trail_Crownreach,Model/Trail_Crownreach:triangle1781:sample0,5.06686639785767,16.0745677947998,-74.827262878418,15.973876953125,15.9248046875,-0.049072265625,0.149763107299805,0.000690841674804682,0.0497631072998047,Terrain/Ground_0_-1/Collision,Terrain/Ground_0_-1/Collision
road,LandDetails/Trail_Crownreach,Model/Trail_Crownreach:triangle1781:sample1,5.60163974761963,16.1900997161865,-74.4473190307617,16.08935546875,16.035400390625,-0.053955078125,0.154699325561523,0.000744247436523432,0.0546993255615234,Terrain/Ground_0_-1/Collision,Terrain/Ground_0_-1/Collision
road,LandDetails/Trail_Crownreach,Model/Trail_Crownreach:triangle1781:sample2,4.71643972396851,16.0092601776123,-74.8193969726563,15.90869140625,15.8623046875,-0.04638671875,0.146955490112305,0.000568771362304682,0.0469554901123047,Terrain/Ground_0_-1/Collision,Terrain/Ground_0_-1/Collision
road,LandDetails/Trail_Crownreach,Model/Trail_Crownreach:triangle1781:sample3,4.88252019882202,16.0243396759033,-75.2150802612305,15.923828125,15.87646484375,-0.04736328125,0.14787483215332,0.000511550903320307,0.0478748321533203,Terrain/Ground_0_-1/Collision,Terrain/Ground_0_-1/Collision
road,LandDetails/Trail_Crownreach,Model/Trail_Crownreach:triangle1781:sample4,5.29729986190796,16.1373500823975,-74.3424987792969,16.03662109375,15.985107421875,-0.051513671875,0.152242660522461,0.000728988647460932,0.0522426605224609,Terrain/Ground_0_-1/Collision,Terrain/Ground_0_-1/Collision
road,LandDetails/Trail_Crownreach,Model/Trail_Crownreach:triangle1781:sample5,4.3983998298645,15.9301490783691,-75.3022003173828,15.829345703125,15.78662109375,-0.042724609375,0.143527984619141,0.000803375244140619,0.0435279846191406,Terrain/Ground_0_-1/Collision,Terrain/Ground_0_-1/Collision
road,LandDetails/Trail_Crownreach,Model/Trail_Crownreach:triangle1781:sample6,5.5048999786377,16.1562004089355,-74.8370971679688,16.055419921875,16.0029296875,-0.052490234375,0.153270721435547,0.000780487060546869,0.0532707214355469,Terrain/Ground_0_-1/Collision,Terrain/Ground_0_-1/Collision
road,LandDetails/Trail_Crownreach,Model/Trail_Crownreach:triangle1782:sample0,5.94293355941772,16.2378005981445,-74.8429641723633,16.137451171875,16.080810546875,-0.056640625,0.156990051269531,0.000349426269531244,0.0569900512695312,Terrain/Ground_0_-1/Collision,Terrain/Ground_0_-1/Collision
road,LandDetails/Trail_Crownreach,Model/Trail_Crownreach:triangle1782:sample1,6.12728023529053,16.2880401611328,-74.4567413330078,16.1875,16.12890625,-0.05859375,0.159133911132813,0.000540161132812494,0.0591339111328125,Terrain/Ground_0_-1/Collision,Terrain/Ground_0_-1/Collision
road,LandDetails/Trail_Crownreach,Model/Trail_Crownreach:triangle1782:sample2,5.40816020965576,16.1222801208496,-75.2245025634766,16.021728515625,15.969970703125,-0.0517578125,0.152309417724609,0.000551605224609369,0.0523094177246094,Terrain/Ground_0_-1/Collision,Terrain/Ground_0_-1/Collision
road,LandDetails/Trail_Crownreach,Model/Trail_Crownreach:triangle1782:sample3,6.29336023330688,16.3030796051025,-74.84765625,16.20263671875,16.143310546875,-0.059326171875,0.159769058227539,0.000442886352539057,0.0597690582275391,Terrain/Ground_0_-1/Collision,Terrain/Ground_0_-1/Collision
road,LandDetails/Trail_Crownreach,Model/Trail_Crownreach:triangle1782:sample4,5.5048999786377,16.1562004089355,-74.8370971679688,16.055419921875,16.0029296875,-0.052490234375,0.153270721435547,0.000780487060546869,0.0532707214355469,Terrain/Ground_0_-1/Collision,Terrain/Ground_0_-1/Collision
road,LandDetails/Trail_Crownreach,Model/Trail_Crownreach:triangle1782:sample5,5.71249961853027,16.1749992370605,-75.3257446289063,16.07421875,16.020751953125,-0.053466796875,0.154247283935547,0.000780487060546869,0.0542472839355469,Terrain/Ground_0_-1/Collision,Terrain/Ground_0_-1/Collision
road,LandDetails/Trail_Crownreach,Model/Trail_Crownreach:triangle1782:sample6,6.61139965057373,16.3821983337402,-74.3660430908203,16.281982421875,16.21923828125,-0.062744140625,0.162960052490234,0.000215911865234369,0.0629600524902344,Terrain/Ground_0_-1/Collision,Terrain/Ground_0_-1/Collision
road,LandDetails/Trail_Crownreach,Model/Trail_Crownreach:triangle1783:sample0,5.48206663131714,16.1121997833252,-75.8085632324219,16.011474609375,15.960205078125,-0.05126953125,0.151994705200195,0.000725173950195307,0.0519947052001953,Terrain/Ground_0_-1/Collision,Terrain/Ground_0_-1/Collision
road,LandDetails/Trail_Crownreach,Model/Trail_Crownreach:triangle1783:sample1,6.0168399810791,16.2277202606201,-75.4270172119141,16.12744140625,16.071044921875,-0.056396484375,0.156675338745117,0.000278854370117182,0.0566753387451172,Terrain/Ground_0_-1/Collision,Terrain/Ground_0_-1/Collision
road,LandDetails/Trail_Crownreach,Model/Trail_Crownreach:triangle1783:sample2,5.13163995742798,16.0469207763672,-75.8038635253906,15.9462890625,15.89794921875,-0.04833984375,0.148971557617188,0.000631713867187494,0.0489715576171875,Terrain/Ground_0_-1/Collision,Terrain/Ground_0_-1/Collision
road,LandDetails/Trail_Crownreach,Model/Trail_Crownreach:triangle1783:sample3,5.29771995544434,16.0619602203369,-76.19482421875,15.96142578125,15.912109375,-0.04931640625,0.149850845336914,0.000534439086914057,0.0498508453369141,Terrain/Ground_0_-1/Collision,Terrain/Ground_0_-1/Collision
road,LandDetails/Trail_Crownreach,Model/Trail_Crownreach:triangle1783:sample4,5.71249961853027,16.1749992370605,-75.3257446289063,16.07421875,16.020751953125,-0.053466796875,0.154247283935547,0.000780487060546869,0.0542472839355469,Terrain/Ground_0_-1/Collision,Terrain/Ground_0_-1/Collision
road,LandDetails/Trail_Crownreach,Model/Trail_Crownreach:triangle1783:sample5,4.81359958648682,15.9678001403809,-76.2854995727539,15.8671875,15.822021484375,-0.045166015625,0.145778656005859,0.000612640380859369,0.0457786560058594,Terrain/Ground_0_-1/Collision,Terrain/Ground_0_-1/Collision
road,LandDetails/Trail_Crownreach,Model/Trail_Crownreach:triangle1783:sample6,5.92009973526001,16.1937999725342,-75.814453125,16.09326171875,16.038330078125,-0.054931640625,0.15546989440918,0.000538253784179682,0.0554698944091797,Terrain/Ground_0_-1/Collision,Terrain/Ground_0_-1/Collision
road,LandDetails/Trail_Crownreach,Model/Trail_Crownreach:triangle1784:sample0,6.35733270645142,16.2753658294678,-75.8203353881836,16.175048828125,16.116455078125,-0.05859375,0.158910751342773,0.000317001342773432,0.0589107513427734,Terrain/Ground_0_-1/Collision,Terrain/Ground_0_-1/Collision
road,LandDetails/Trail_Crownreach,Model/Trail_Crownreach:triangle1784:sample1,6.54200029373169,16.3256206512451,-75.43408203125,16.225341796875,16.16455078125,-0.060791015625,0.161069869995117,0.000278854370117182,0.0610698699951172,Terrain/Ground_0_-1/Collision,Terrain/Ground_0_-1/Collision
road,LandDetails/Trail_Crownreach,Model/Trail_Crownreach:triangle1784:sample2,5.82287979125977,16.1598606109619,-76.2018814086914,16.059814453125,16.005859375,-0.053955078125,0.154001235961914,4.61578369140569e-05,0.0540012359619141,Terrain/Ground_0_-1/Collision,Terrain/Ground_0_-1/Collision
road,LandDetails/Trail_Crownreach,Model/Trail_Crownreach:triangle1784:sample3,6.70711994171143,16.3406200408936,-75.8250427246094,16.240234375,16.178955078125,-0.061279296875,0.161664962768555,0.000385665893554682,0.0616649627685547,Terrain/Ground_0_-1/Collision,Terrain/Ground_0_-1/Collision
road,LandDetails/Trail_Crownreach,Model/Trail_Crownreach:triangle1784:sample4,5.92009973526001,16.1937999725342,-75.814453125,16.09326171875,16.038330078125,-0.054931640625,0.15546989440918,0.000538253784179682,0.0554698944091797,Terrain/Ground_0_-1/Collision,Terrain/Ground_0_-1/Collision
road,LandDetails/Trail_Crownreach,Model/Trail_Crownreach:triangle1784:sample5,6.12649965286255,16.2125492095947,-76.3031463623047,16.1123046875,16.05615234375,-0.05615234375,0.156396865844727,0.000244522094726557,0.0563968658447266,Terrain/Ground_0_-1/Collision,Terrain/Ground_0_-1/Collision
road,LandDetails/Trail_Crownreach,Model/Trail_Crownreach:triangle1784:sample6,7.02539968490601,16.419750213623,-75.3433990478516,16.319580078125,16.2548828125,-0.064697265625,0.164867401123047,0.000170135498046869,0.0648674011230469,Terrain/Ground_0_-1/Collision,Terrain/Ground_0_-1/Collision
road,LandDetails/Trail_Crownreach,Model/Trail_Crownreach:triangle1785:sample0,5.89566659927368,16.1497325897217,-76.7819976806641,16.04931640625,15.995849609375,-0.053466796875,0.15388298034668,0.000416183471679682,0.0538829803466797,Terrain/Ground_0_-1/Collision,Terrain/Ground_0_-1/Collision
road,LandDetails/Trail_Crownreach,Model/Trail_Crownreach:triangle1785:sample1,6.43011999130249,16.2652397155762,-76.4020385742188,16.1650390625,16.106689453125,-0.058349609375,0.158550262451172,0.000200653076171869,0.0585502624511719,Terrain/Ground_0_-1/Collision,Terrain/Ground_0_-1/Collision
road,LandDetails/Trail_Crownreach,Model/Trail_Crownreach:triangle1785:sample2,5.54587984085083,16.0844802856445,-76.7788848876953,15.984130859375,15.933837890625,-0.05029296875,0.150642395019531,0.000349426269531244,0.0506423950195312,Terrain/Ground_0_-1/Collision,Terrain/Ground_0_-1/Collision
road,LandDetails/Trail_Crownreach,Model/Trail_Crownreach:triangle1785:sample3,5.71099996566772,16.099479675293,-77.1650848388672,15.99951171875,15.947998046875,-0.051513671875,0.151481628417969,-3.20434570312556e-05,0.0514816284179687,Terrain/Ground_0_-1/Collision,Terrain/Ground_0_-1/Collision
road,LandDetails/Trail_Crownreach,Model/Trail_Crownreach:triangle1785:sample4,6.12649965286255,16.2125492095947,-76.3031463623047,16.1123046875,16.05615234375,-0.05615234375,0.156396865844727,0.000244522094726557,0.0563968658447266,Terrain/Ground_0_-1/Collision,Terrain/Ground_0_-1/Collision
road,LandDetails/Trail_Crownreach,Model/Trail_Crownreach:triangle1785:sample5,5.22760009765625,16.005350112915,-77.256950378418,15.905029296875,15.857666015625,-0.04736328125,0.147684097290039,0.000320816040039057,0.0476840972900391,Terrain/Ground_0_-1/Collision,Terrain/Ground_0_-1/Collision
road,LandDetails/Trail_Crownreach,Model/Trail_Crownreach:triangle1785:sample6,6.33290004730225,16.2313003540039,-76.7859039306641,16.131103515625,16.07421875,-0.056884765625,0.157081604003906,0.000196838378906244,0.0570816040039062,Terrain/Ground_0_-1/Collision,Terrain/Ground_0_-1/Collision
road,LandDetails/Trail_Crownreach,Model/Trail_Crownreach:triangle1786:sample0,6.76929998397827,16.3128986358643,-76.7937698364258,16.212646484375,16.151611328125,-0.06103515625,0.161287307739258,0.000252151489257807,0.0612873077392578,Terrain/Ground_0_-1/Collision,Terrain/Ground_0_-1/Collision
road,LandDetails/Trail_Crownreach,Model/Trail_Crownreach:triangle1786:sample1,6.95429992675781,16.3631401062012,-76.4091033935547,16.262939453125,16.2001953125,-0.062744140625,0.162944793701172,0.000200653076171869,0.0629447937011719,Terrain/Ground_0_-1/Collision,Terrain/Ground_0_-1/Collision
road,LandDetails/Trail_Crownreach,Model/Trail_Crownreach:triangle1786:sample2,6.23517990112305,16.197380065918,-77.1721420288086,16.097412109375,16.04150390625,-0.055908203125,0.155876159667969,-3.20434570312556e-05,0.0558761596679687,Terrain/Ground_0_-1/Collision,Terrain/Ground_0_-1/Collision
road,LandDetails/Trail_Crownreach,Model/Trail_Crownreach:triangle1786:sample3,7.1184196472168,16.3781795501709,-76.8000640869141,16.27783203125,16.21435546875,-0.0634765625,0.163824081420898,0.000347518920898432,0.0638240814208984,Terrain/Ground_0_-1/Collision,Terrain/Ground_0_-1/Collision
road,LandDetails/Trail_Crownreach,Model/Trail_Crownreach:triangle1786:sample4,6.33290004730225,16.2313003540039,-76.7859039306641,16.131103515625,16.07421875,-0.056884765625,0.157081604003906,0.000196838378906244,0.0570816040039062,Terrain/Ground_0_-1/Collision,Terrain/Ground_0_-1/Collision
road,LandDetails/Trail_Crownreach,Model/Trail_Crownreach:triangle1786:sample5,6.53804969787598,16.2500991821289,-77.2745971679688,16.14990234375,16.091552734375,-0.058349609375,0.158546447753906,0.000196838378906244,0.0585464477539062,Terrain/Ground_0_-1/Collision,Terrain/Ground_0_-1/Collision
road,LandDetails/Trail_Crownreach,Model/Trail_Crownreach:triangle1786:sample6,7.43694972991943,16.4572982788086,-76.32080078125,16.35693359375,16.289794921875,-0.067138671875,0.167503356933594,0.000364685058593744,0.0675033569335937,Terrain/Ground_0_-1/Collision,Terrain/Ground_0_-1/Collision
road,LandDetails/Trail_Crownreach,Model/Trail_Crownreach:triangle1787:sample0,6.30603265762329,16.1871662139893,-77.7514953613281,16.0869140625,16.031005859375,-0.055908203125,0.156160354614258,0.000252151489257807,0.0561603546142578,Terrain/Ground_0_-1/Collision,Terrain/Ground_0_-1/Collision
road,LandDetails/Trail_Crownreach,Model/Trail_Crownreach:triangle1787:sample1,6.8404598236084,16.3027400970459,-77.3747024536133,16.202392578125,16.1416015625,-0.060791015625,0.161138534545898,0.000347518920898432,0.0611385345458984,Terrain/Ground_0_-1/Collision,Terrain/Ground_0_-1/Collision
road,LandDetails/Trail_Crownreach,Model/Trail_Crownreach:triangle1787:sample2,5.95722007751465,16.1219387054443,-77.7467803955078,16.02197265625,15.968994140625,-0.052978515625,0.152944564819336,-3.39508056640681e-05,0.0529445648193359,Terrain/Ground_0_-1/Collision,Terrain/Ground_0_-1/Collision
road,LandDetails/Trail_Crownreach,Model/Trail_Crownreach:triangle1787:sample3,6.12042045593262,16.1368217468262,-78.1330261230469,16.03662109375,15.98291015625,-0.0537109375,0.153911590576172,0.000200653076171869,0.0539115905761719,Terrain/Ground_0_-1/Collision,Terrain/Ground_0_-1/Collision
road,LandDetails/Trail_Crownreach,Model/Trail_Crownreach:triangle1787:sample4,6.53804969787598,16.2500991821289,-77.2745971679688,16.14990234375,16.091552734375,-0.058349609375,0.158546447753906,0.000196838378906244,0.0585464477539062,Terrain/Ground_0_-1/Collision,Terrain/Ground_0_-1/Collision
road,LandDetails/Trail_Crownreach,Model/Trail_Crownreach:triangle1787:sample5,5.63800001144409,16.0426998138428,-78.2225036621094,15.942626953125,15.893310546875,-0.04931640625,0.149389266967773,7.28607177734319e-05,0.0493892669677734,Terrain/Ground_0_-1/Collision,Terrain/Ground_0_-1/Collision
road,LandDetails/Trail_Crownreach,Model/Trail_Crownreach:triangle1787:sample6,6.74205017089844,16.2686996459961,-77.7574005126953,16.168212890625,16.10888671875,-0.059326171875,0.159812927246094,0.000486755371093744,0.0598129272460937,Terrain/Ground_0_-1/Collision,Terrain/Ground_0_-1/Collision
road,LandDetails/Trail_Crownreach,Model/Trail_Crownreach:triangle1788:sample0,7.17806625366211,16.3502655029297,-77.7593688964844,16.25,16.186767578125,-0.063232421875,0.163497924804688,0.000265502929687494,0.0634979248046875,Terrain/Ground_0_-1/Collision,Terrain/Ground_0_-1/Collision
road,LandDetails/Trail_Crownreach,Model/Trail_Crownreach:triangle1788:sample1,7.36367988586426,16.4006004333496,-77.3794174194336,16.30029296875,16.235107421875,-0.065185546875,0.165493011474609,0.000307464599609369,0.0654930114746094,Terrain/Ground_0_-1/Collision,Terrain/Ground_0_-1/Collision
road,LandDetails/Trail_Crownreach,Model/Trail_Crownreach:triangle1788:sample2,6.64363956451416,16.2346801757813,-78.1377410888672,16.13427734375,16.076416015625,-0.057861328125,0.15826416015625,0.000402832031249994,0.05826416015625,Terrain/Ground_0_-1/Collision,Terrain/Ground_0_-1/Collision
road,LandDetails/Trail_Crownreach,Model/Trail_Crownreach:triangle1788:sample3,7.52688026428223,16.4155197143555,-77.7609405517578,16.315185546875,16.2490234375,-0.066162109375,0.166496276855469,0.000334167480468744,0.0664962768554687,Terrain/Ground_0_-1/Collision,Terrain/Ground_0_-1/Collision
road,LandDetails/Trail_Crownreach,Model/Trail_Crownreach:triangle1788:sample4,6.74205017089844,16.2686996459961,-77.7574005126953,16.168212890625,16.10888671875,-0.059326171875,0.159812927246094,0.000486755371093744,0.0598129272460937,Terrain/Ground_0_-1/Collision,Terrain/Ground_0_-1/Collision
road,LandDetails/Trail_Crownreach,Model/Trail_Crownreach:triangle1788:sample5,6.94604969024658,16.2873497009277,-78.2342987060547,16.187255859375,16.126708984375,-0.060546875,0.160640716552734,9.38415527343694e-05,0.0606407165527344,Terrain/Ground_0_-1/Collision,Terrain/Ground_0_-1/Collision
road,LandDetails/Trail_Crownreach,Model/Trail_Crownreach:triangle1788:sample6,7.84609985351563,16.4947490692139,-77.2863998413086,16.39404296875,16.3251953125,-0.06884765625,0.169553756713867,0.000706100463867182,0.0695537567138672,Terrain/Ground_0_-1/Collision,Terrain/Ground_0_-1/Collision
road,LandDetails/Trail_Crownreach,Model/Trail_Crownreach:triangle1789:sample0,6.71236658096313,16.2242660522461,-78.7092666625977,16.123779296875,16.066162109375,-0.0576171875,0.158103942871094,0.000486755371093744,0.0581039428710937,Terrain/Ground_0_-1/Collision,Terrain/Ground_0_-1/Collision
road,LandDetails/Trail_Crownreach,Model/Trail_Crownreach:triangle1789:sample1,7.24745988845825,16.3399200439453,-78.3308792114258,16.239501953125,16.177001953125,-0.0625,0.162918090820313,0.000418090820312494,0.0629180908203125,Terrain/Ground_0_-1/Collision,Terrain/Ground_0_-1/Collision
road,LandDetails/Trail_Crownreach,Model/Trail_Crownreach:triangle1789:sample2,6.3642201423645,16.1590805053711,-78.7076797485352,16.058837890625,16.004150390625,-0.0546875,0.154930114746094,0.000242614746093744,0.0549301147460937,Terrain/Ground_0_-1/Collision,Terrain/Ground_0_-1/Collision
road,LandDetails/Trail_Crownreach,Model/Trail_Crownreach:triangle1789:sample3,6.52542018890381,16.1737995147705,-79.0892333984375,16.073486328125,16.017578125,-0.055908203125,0.156221389770508,0.000313186645507807,0.0562213897705078,Terrain/Ground_0_-1/Collision,Terrain/Ground_0_-1/Collision
road,LandDetails/Trail_Crownreach,Model/Trail_Crownreach:triangle1789:sample4,6.94604969024658,16.2873497009277,-78.2342987060547,16.187255859375,16.126708984375,-0.060546875,0.160640716552734,9.38415527343694e-05,0.0606407165527344,Terrain/Ground_0_-1/Collision,Terrain/Ground_0_-1/Collision
road,LandDetails/Trail_Crownreach,Model/Trail_Crownreach:triangle1789:sample5,6.04349994659424,16.0797004699707,-79.1822509765625,15.9794921875,15.927734375,-0.0517578125,0.151966094970703,0.000208282470703119,0.0519660949707031,Terrain/Ground_0_-1/Collision,Terrain/Ground_0_-1/Collision
road,LandDetails/Trail_Crownreach,Model/Trail_Crownreach:triangle1789:sample6,7.14754962921143,16.3057479858398,-78.7112426757813,16.20556640625,16.14404296875,-0.0615234375,0.161705017089844,0.000181579589843744,0.0617050170898437,Terrain/Ground_0_-1/Collision,Terrain/Ground_0_-1/Collision
road,LandDetails/Trail_Crownreach,Model/Trail_Crownreach:triangle1790:sample0,7.58353281021118,16.3872318267822,-78.7131958007813,16.287109375,16.2216796875,-0.0654296875,0.165552139282227,0.000122451782226557,0.0655521392822266,Terrain/Ground_0_-1/Collision,Terrain/Ground_0_-1/Collision
road,LandDetails/Trail_Crownreach,Model/Trail_Crownreach:triangle1790:sample1,7.77016019821167,16.4377002716064,-78.3332366943359,16.33740234375,16.270263671875,-0.067138671875,0.167436599731445,0.000297927856445307,0.0674365997314453,Terrain/Ground_0_-1/Collision,Terrain/Ground_0_-1/Collision
road,LandDetails/Trail_Crownreach,Model/Trail_Crownreach:triangle1790:sample2,7.04812002182007,16.2715797424316,-79.0915908813477,16.17138671875,16.111083984375,-0.060302734375,0.160495758056641,0.000193023681640619,0.0604957580566406,Terrain/Ground_0_-1/Collision,Terrain/Ground_0_-1/Collision
road,LandDetails/Trail_Crownreach,Model/Trail_Crownreach:triangle1790:sample3,7.93231964111328,16.4524192810059,-78.7147598266602,16.35205078125,16.2841796875,-0.06787109375,0.168239593505859,0.000368499755859369,0.0682395935058594,Terrain/Ground_0_-1/Collision,Terrain/Ground_0_-1/Collision
road,LandDetails/Trail_Crownreach,Model/Trail_Crownreach:triangle1790:sample4,7.14754962921143,16.3057479858398,-78.7112426757813,16.20556640625,16.14404296875,-0.0615234375,0.161705017089844,0.000181579589843744,0.0617050170898437,Terrain/Ground_0_-1/Collision,Terrain/Ground_0_-1/Collision
road,LandDetails/Trail_Crownreach,Model/Trail_Crownreach:triangle1790:sample5,7.35024976730347,16.3241500854492,-79.1881408691406,16.22412109375,16.161376953125,-0.062744140625,0.162773132324219,2.89916992187444e-05,0.0627731323242187,Terrain/Ground_0_-1/Collision,Terrain/Ground_0_-1/Collision
road,LandDetails/Trail_Crownreach,Model/Trail_Crownreach:triangle1790:sample6,8.25279998779297,16.5317993164063,-78.2401962280273,16.431640625,16.3603515625,-0.0712890625,0.17144775390625,0.000158691406249994,0.07144775390625,Terrain/Ground_0_-1/Collision,Terrain/Ground_0_-1/Collision
road,LandDetails/Trail_Crownreach,Model/Trail_Crownreach:triangle1791:sample0,7.11453294754028,16.2608337402344,-79.6591567993164,16.16064453125,16.100830078125,-0.059814453125,0.160003662109375,0.000189208984374994,0.060003662109375,Terrain/Ground_0_-1/Collision,Terrain/Ground_0_-1/Collision
road,LandDetails/Trail_Crownreach,Model/Trail_Crownreach:triangle1791:sample1,7.65091991424561,16.376579284668,-79.2823333740234,16.2763671875,16.21142578125,-0.06494140625,0.165153503417969,0.000212097167968744,0.0651535034179687,Terrain/Ground_0_-1/Collision,Terrain/Ground_0_-1/Collision
road,LandDetails/Trail_Crownreach,Model/Trail_Crownreach:triangle1791:sample2,6.76671981811523,16.1957378387451,-79.6591796875,16.095703125,16.03857421875,-0.05712890625,0.157163619995117,3.47137451171819e-05,0.0571636199951172,Terrain/Ground_0_-1/Collision,Terrain/Ground_0_-1/Collision
road,LandDetails/Trail_Crownreach,Model/Trail_Crownreach:triangle1791:sample3,6.92596006393433,16.2101802825928,-80.0359802246094,16.110107421875,16.05224609375,-0.057861328125,0.157934188842773,7.28607177734319e-05,0.0579341888427734,Terrain/Ground_0_-1/Collision,Terrain/Ground_0_-1/Collision
road,LandDetails/Trail_Crownreach,Model/Trail_Crownreach:triangle1791:sample4,7.35024976730347,16.3241500854492,-79.1881408691406,16.22412109375,16.161376953125,-0.062744140625,0.162773132324219,2.89916992187444e-05,0.0627731323242187,Terrain/Ground_0_-1/Collision,Terrain/Ground_0_-1/Collision
road,LandDetails/Trail_Crownreach,Model/Trail_Crownreach:triangle1791:sample5,6.44404983520508,16.1161499023438,-80.1301956176758,16.015625,15.962158203125,-0.053466796875,0.15399169921875,0.000524902343749994,0.05399169921875,Terrain/Ground_0_-1/Collision,Terrain/Ground_0_-1/Collision
road,LandDetails/Trail_Crownreach,Model/Trail_Crownreach:triangle1791:sample6,7.54929971694946,16.3421993255615,-79.6591491699219,16.242431640625,16.1787109375,-0.063720703125,0.163488388061523,-0.000232315063476568,0.0634883880615234,Terrain/Ground_0_-1/Collision,Terrain/Ground_0_-1/Collision
road,LandDetails/Trail_Crownreach,Model/Trail_Crownreach:triangle1792:sample0,7.98409986495972,16.4235992431641,-79.6591644287109,16.323486328125,16.256103515625,-0.0673828125,0.167495727539063,0.000112915039062494,0.0674957275390625,Terrain/Ground_0_-1/Collision,Terrain/Ground_0_-1/Collision
road,LandDetails/Trail_Crownreach,Model/Trail_Crownreach:triangle1792:sample1,8.1726598739624,16.4742393493652,-79.2823333740234,16.3740234375,16.304931640625,-0.069091796875,0.169307708740234,0.000215911865234369,0.0693077087402344,Terrain/Ground_0_-1/Collision,Terrain/Ground_0_-1/Collision
road,LandDetails/Trail_Crownreach,Model/Trail_Crownreach:triangle1792:sample2,7.44770002365112,16.30784034729,-80.0359802246094,16.207763671875,16.1455078125,-0.062255859375,0.162332534790039,7.66754150390569e-05,0.0623325347900391,Terrain/Ground_0_-1/Collision,Terrain/Ground_0_-1/Collision
road,LandDetails/Trail_Crownreach,Model/Trail_Crownreach:triangle1792:sample3,8.33193969726563,16.4887199401855,-79.6591796875,16.388671875,16.318359375,-0.0703125,0.170360565185547,4.80651855468694e-05,0.0703605651855469,Terrain/Ground_0_-1/Collision,Terrain/Ground_0_-1/Collision
road,LandDetails/Trail_Crownreach,Model/Trail_Crownreach:triangle1792:sample4,7.54929971694946,16.3421993255615,-79.6591491699219,16.242431640625,16.1787109375,-0.063720703125,0.163488388061523,-0.000232315063476568,0.0634883880615234,Terrain/Ground_0_-1/Collision,Terrain/Ground_0_-1/Collision
road,LandDetails/Trail_Crownreach,Model/Trail_Crownreach:triangle1792:sample5,7.74839973449707,16.3602981567383,-80.1301956176758,16.26025390625,16.195556640625,-0.064697265625,0.164741516113281,4.42504882812444e-05,0.0647415161132812,Terrain/Ground_0_-1/Collision,Terrain/Ground_0_-1/Collision
road,LandDetails/Trail_Crownreach,Model/Trail_Crownreach:triangle1792:sample6,8.65460014343262,16.5682983398438,-79.1881408691406,16.468017578125,16.394775390625,-0.0732421875,0.17352294921875,0.000280761718749994,0.07352294921875,Terrain/Ground_0_-1/Collision,Terrain/Ground_0_-1/Collision
road,LandDetails/Trail_Crownreach,Model/Trail_Crownreach:triangle1793:sample0,7.63726663589478,16.308198928833,-80.899528503418,16.2080078125,16.145263671875,-0.062744140625,0.162935256958008,0.000191116333007807,0.0629352569580078,Terrain/Ground_0_-1/Collision,Terrain/Ground_0_-1/Collision
road,LandDetails/Trail_Crownreach,Model/Trail_Crownreach:triangle1793:sample1,8.12384033203125,16.4194793701172,-80.4033966064453,16.3193359375,16.251708984375,-0.067626953125,0.167770385742188,0.000143432617187494,0.0677703857421875,Terrain/Ground_0_-1/Collision,Terrain/Ground_0_-1/Collision
road,LandDetails/Trail_Crownreach,Model/Trail_Crownreach:triangle1793:sample2,7.23960018157959,16.2385997772217,-80.7801971435547,16.138671875,16.078857421875,-0.059814453125,0.15974235534668,-7.20977783203181e-05,0.0597423553466797,Terrain/Ground_0_-1/Collision,Terrain/Ground_0_-1/Collision
road,LandDetails/Trail_Crownreach,Model/Trail_Crownreach:triangle1793:sample3,7.5483603477478,16.2665214538574,-81.5149993896484,16.166259765625,16.105224609375,-0.06103515625,0.161296844482422,0.000261688232421869,0.0612968444824219,Terrain/Ground_0_-1/Collision,Terrain/Ground_0_-1/Collision
road,LandDetails/Trail_Crownreach,Model/Trail_Crownreach:triangle1793:sample4,7.74839973449707,16.3602981567383,-80.1301956176758,16.26025390625,16.195556640625,-0.064697265625,0.164741516113281,4.42504882812444e-05,0.0647415161132812,Terrain/Ground_0_-1/Collision,Terrain/Ground_0_-1/Collision
road,LandDetails/Trail_Crownreach,Model/Trail_Crownreach:triangle1793:sample5,7.02904987335205,16.1690998077393,-81.5196990966797,16.06884765625,16.01220703125,-0.056640625,0.156892776489258,0.000252151489257807,0.0568927764892578,Terrain/Ground_0_-1/Collision,Terrain/Ground_0_-1/Collision
road,LandDetails/Trail_Crownreach,Model/Trail_Crownreach:triangle1793:sample6,8.13434982299805,16.3951988220215,-81.0486907958984,16.294921875,16.228515625,-0.06640625,0.166683197021484,0.000276947021484369,0.0666831970214844,Terrain/Ground_0_-1/Collision,Terrain/Ground_0_-1/Collision
road,LandDetails/Trail_Crownreach,Model/Trail_Crownreach:triangle1794:sample0,8.63303279876709,16.48219871521,-81.2017593383789,16.382080078125,16.311767578125,-0.0703125,0.170431137084961,0.000118637084960932,0.0704311370849609,Terrain/Ground_0_-1/Collision,Terrain/Ground_0_-1/Collision
road,LandDetails/Trail_Crownreach,Model/Trail_Crownreach:triangle1794:sample1,8.72130012512207,16.5238800048828,-80.5847396850586,16.423828125,16.3515625,-0.072265625,0.172317504882813,5.18798828124944e-05,0.0723175048828125,Terrain/Ground_0_-1/Collision,Terrain/Ground_0_-1/Collision
road,LandDetails/Trail_Crownreach,Model/Trail_Crownreach:triangle1794:sample2,8.14582061767578,16.3709201812744,-81.6963424682617,16.270751953125,16.204833984375,-0.06591796875,0.166086196899414,0.000168228149414057,0.0660861968994141,Terrain/Ground_0_-1/Collision,Terrain/Ground_0_-1/Collision
road,LandDetails/Trail_Crownreach,Model/Trail_Crownreach:triangle1794:sample3,9.03198051452637,16.5517997741699,-81.32421875,16.451904296875,16.378173828125,-0.07373046875,0.173625946044922,-0.000104522705078131,0.0736259460449219,Terrain/Ground_0_-1/Collision,Terrain/Ground_0_-1/Collision
road,LandDetails/Trail_Crownreach,Model/Trail_Crownreach:triangle1794:sample4,8.13434982299805,16.3951988220215,-81.0486907958984,16.294921875,16.228515625,-0.06640625,0.166683197021484,0.000276947021484369,0.0666831970214844,Terrain/Ground_0_-1/Collision,Terrain/Ground_0_-1/Collision
road,LandDetails/Trail_Crownreach,Model/Trail_Crownreach:triangle1794:sample5,8.5226993560791,16.4300994873047,-81.9730453491211,16.330078125,16.261474609375,-0.068603515625,0.168624877929688,2.13623046874944e-05,0.0686248779296875,Terrain/Ground_0_-1/Collision,Terrain/Ground_0_-1/Collision
road,LandDetails/Trail_Crownreach,Model/Trail_Crownreach:triangle1794:sample6,9.24205017089844,16.6212997436523,-80.5835418701172,16.521240234375,16.44482421875,-0.076416015625,0.176475524902344,5.95092773437444e-05,0.0764755249023437,Terrain/Ground_0_-1/Collision,Terrain/Ground_0_-1/Collision
road,LandDetails/Trail_Crownreach,Model/Trail_Crownreach:triangle1795:sample0,9.07839965820313,16.5221004486084,-82.269401550293,16.422119140625,16.349365234375,-0.07275390625,0.172735214233398,-1.86920166015681e-05,0.0727352142333984,Terrain/Ground_0_-1/Collision,Terrain/Ground_0_-1/Collision
road,LandDetails/Trail_Crownreach,Model/Trail_Crownreach:triangle1795:sample1,9.52295970916748,16.5957012176514,-82.5064849853516,16.49560546875,16.41943359375,-0.076171875,0.176267623901367,9.57489013671819e-05,0.0762676239013672,Terrain/Ground_0_-1/Collision,Terrain/Ground_0_-1/Collision
road,LandDetails/Trail_Crownreach,Model/Trail_Crownreach:triangle1795:sample2,9.2992000579834,16.575740814209,-81.9647979736328,16.47607421875,16.40087890625,-0.0751953125,0.174861907958984,-0.000333404541015631,0.0748619079589844,Terrain/Ground_0_-1/Collision,Terrain/Ground_0_-1/Collision
road,LandDetails/Trail_Crownreach,Model/Trail_Crownreach:triangle1795:sample3,8.41304016113281,16.3948612213135,-82.3369140625,16.294921875,16.227783203125,-0.067138671875,0.167078018188477,-6.06536865234431e-05,0.0670780181884766,Terrain/Ground_0_-1/Collision,Terrain/Ground_0_-1/Collision
road,LandDetails/Trail_Crownreach,Model/Trail_Crownreach:triangle1795:sample4,9.91009902954102,16.6811504364014,-82.1849975585938,16.58154296875,16.50146484375,-0.080078125,0.179685592651367,-0.000392532348632818,0.0796855926513672,Terrain/Ground_0_-1/Collision,Terrain/Ground_0_-1/Collision
road,LandDetails/Trail_Crownreach,Model/Trail_Crownreach:triangle1795:sample5,8.5226993560791,16.4300994873047,-81.9730453491211,16.330078125,16.261474609375,-0.068603515625,0.168624877929688,2.13623046874944e-05,0.0686248779296875,Terrain/Ground_0_-1/Collision,Terrain/Ground_0_-1/Collision
road,LandDetails/Trail_Crownreach,Model/Trail_Crownreach:triangle1795:sample6,8.80239963531494,16.4550514221191,-82.650146484375,16.35498046875,16.28466796875,-0.0703125,0.170383453369141,7.09533691406194e-05,0.0703834533691406,Terrain/Ground_0_-1/Collision,Terrain/Ground_0_-1/Collision
road,LandDetails/Trail_Crownreach,Model/Trail_Crownreach:triangle1796:sample0,8.58419895172119,16.3929996490479,-83.1682968139648,16.29296875,16.2255859375,-0.0673828125,0.167413711547852,3.08990478515569e-05,0.0674137115478516,Terrain/Ground_0_-1/Collision,Terrain/Ground_0_-1/Collision
road,LandDetails/Trail_Crownreach,Model/Trail_Crownreach:triangle1796:sample1,9.22643947601318,16.5182399749756,-83.0458221435547,16.418212890625,16.344970703125,-0.0732421875,0.173269271850586,2.70843505859319e-05,0.0732692718505859,Terrain/Ground_0_-1/Collision,Terrain/Ground_0_-1/Collision
road,LandDetails/Trail_Crownreach,Model/Trail_Crownreach:triangle1796:sample2,8.11651992797852,16.3173999786377,-82.8762588500977,16.21728515625,16.1533203125,-0.06396484375,0.164079666137695,0.000114822387695307,0.0640796661376953,Terrain/Ground_0_-1/Collision,Terrain/Ground_0_-1/Collision
road,LandDetails/Trail_Crownreach,Model/Trail_Crownreach:triangle1796:sample3,8.40963935852051,16.3433609008789,-83.5828247070313,16.243408203125,16.177734375,-0.065673828125,0.165626525878906,-4.73022460937556e-05,0.0656265258789062,Terrain/Ground_0_-1/Collision,Terrain/Ground_0_-1/Collision
road,LandDetails/Trail_Crownreach,Model/Trail_Crownreach:triangle1796:sample4,8.80239963531494,16.4550514221191,-82.650146484375,16.35498046875,16.28466796875,-0.0703125,0.170383453369141,7.09533691406194e-05,0.0703834533691406,Terrain/Ground_0_-1/Collision,Terrain/Ground_0_-1/Collision
road,LandDetails/Trail_Crownreach,Model/Trail_Crownreach:triangle1796:sample5,7.78139972686768,16.2364501953125,-83.3213958740234,16.136474609375,16.075439453125,-0.06103515625,0.1610107421875,-2.44140625000056e-05,0.0610107421875,Terrain/Ground_0_-1/Collision,Terrain/Ground_0_-1/Collision
road,LandDetails/Trail_Crownreach,Model/Trail_Crownreach:triangle1796:sample6,9.16879940032959,16.4874992370605,-83.5333480834961,16.387451171875,16.3154296875,-0.072021484375,0.172069549560547,4.80651855468694e-05,0.0720695495605469,Terrain/Ground_0_-1/Collision,Terrain/Ground_0_-1/Collision
road,LandDetails/Trail_Crownreach,Model/Trail_Crownreach:triangle1797:sample0,9.40653324127197,16.5325660705566,-83.5215682983398,16.432373046875,16.3583984375,-0.073974609375,0.174167633056641,0.000193023681640619,0.0741676330566406,Terrain/Ground_0_-1/Collision,Terrain/Ground_0_-1/Collision
road,LandDetails/Trail_Crownreach,Model/Trail_Crownreach:triangle1797:sample1,9.71984004974365,16.6019802093506,-83.2577819824219,16.501953125,16.425048828125,-0.076904296875,0.176931381225586,2.70843505859319e-05,0.0769313812255859,Terrain/Ground_0_-1/Collision,Terrain/Ground_0_-1/Collision
road,LandDetails/Trail_Crownreach,Model/Trail_Crownreach:triangle1797:sample2,8.90303993225098,16.4270992279053,-83.7947845458984,16.327392578125,16.2578125,-0.069580078125,0.169286727905273,-0.000293350219726568,0.0692867279052734,Terrain/Ground_0_-1/Collision,Terrain/Ground_0_-1/Collision
road,LandDetails/Trail_Crownreach,Model/Trail_Crownreach:triangle1797:sample3,9.59671974182129,16.5686206817627,-83.5121459960938,16.468505859375,16.392822265625,-0.07568359375,0.175798416137695,0.000114822387695307,0.0757984161376953,Terrain/Ground_0_-1/Collision,Terrain/Ground_0_-1/Collision
road,LandDetails/Trail_Crownreach,Model/Trail_Crownreach:triangle1797:sample4,9.16879940032959,16.4874992370605,-83.5333480834961,16.387451171875,16.3154296875,-0.072021484375,0.172069549560547,4.80651855468694e-05,0.0720695495605469,Terrain/Ground_0_-1/Collision,Terrain/Ground_0_-1/Collision
road,LandDetails/Trail_Crownreach,Model/Trail_Crownreach:triangle1797:sample5,9.01490020751953,16.44580078125,-83.8513031005859,16.345947265625,16.275634765625,-0.0703125,0.170166015625,-0.000146484375000006,0.070166015625,Terrain/Ground_0_-1/Collision,Terrain/Ground_0_-1/Collision
road,LandDetails/Trail_Crownreach,Model/Trail_Crownreach:triangle1797:sample6,10.0359001159668,16.664400100708,-83.1800537109375,16.564453125,16.484619140625,-0.079833984375,0.179780960083008,-5.30242919921931e-05,0.0797809600830078,Terrain/Ground_0_-1/Collision,Terrain/Ground_0_-1/Collision
road,LandDetails/Trail_Crownreach,Model/Trail_Crownreach:triangle1798:sample0,8.93509960174561,16.4049663543701,-84.4871673583984,16.304931640625,16.236083984375,-0.06884765625,0.168882369995117,3.47137451171819e-05,0.0688823699951172,Terrain/Ground_0_-1/Collision,Terrain/Ground_0_-1/Collision
road,LandDetails/Trail_Crownreach,Model/Trail_Crownreach:triangle1798:sample1,9.3138599395752,16.4920616149902,-84.0915069580078,16.39208984375,16.319580078125,-0.072509765625,0.172481536865234,-2.82287597656306e-05,0.0724815368652344,Terrain/Ground_0_-1/Collision,Terrain/Ground_0_-1/Collision
road,LandDetails/Trail_Crownreach,Model/Trail_Crownreach:triangle1798:sample2,8.62018013000488,16.3505401611328,-84.3741455078125,16.250732421875,16.184326171875,-0.06640625,0.166213989257813,-0.000192260742187506,0.0662139892578125,Terrain/Ground_0_-1/Collision,Terrain/Ground_0_-1/Collision
road,LandDetails/Trail_Crownreach,Model/Trail_Crownreach:triangle1798:sample3,8.87125968933105,16.3722991943359,-84.9958648681641,16.2724609375,16.20458984375,-0.06787109375,0.167709350585938,-0.000161743164062506,0.0677093505859375,Terrain/Ground_0_-1/Collision,Terrain/Ground_0_-1/Collision
road,LandDetails/Trail_Crownreach,Model/Trail_Crownreach:triangle1798:sample4,9.01490020751953,16.44580078125,-83.8513031005859,16.345947265625,16.275634765625,-0.0703125,0.170166015625,-0.000146484375000006,0.070166015625,Terrain/Ground_0_-1/Collision,Terrain/Ground_0_-1/Collision
road,LandDetails/Trail_Crownreach,Model/Trail_Crownreach:triangle1798:sample5,8.46164894104004,16.2961006164551,-84.9817504882813,16.196044921875,16.132080078125,-0.06396484375,0.164020538330078,5.56945800781194e-05,0.0640205383300781,Terrain/Ground_0_-1/Collision,Terrain/Ground_0_-1/Collision
road,LandDetails/Trail_Crownreach,Model/Trail_Crownreach:triangle1798:sample6,9.32874965667725,16.4729995727539,-84.6284484863281,16.373046875,16.301025390625,-0.072021484375,0.171974182128906,-4.73022460937556e-05,0.0719741821289062,Terrain/Ground_0_-1/Collision,Terrain/Ground_0_-1/Collision
road,LandDetails/Trail_Crownreach,Model/Trail_Crownreach:triangle1799:sample0,10.1466331481934,16.6847324371338,-83.2192993164063,16.5849609375,16.503662109375,-0.081298828125,0.181070327758789,-0.000228500366210943,0.0810703277587891,Terrain/Ground_0_-1/Collision,Terrain/Ground_0_-1/Collision
road,LandDetails/Trail_Crownreach,Model/Trail_Crownreach:triangle1799:sample1,10.1638994216919,16.6932811737061,-83.0764236450195,16.59326171875,16.51220703125,-0.0810546875,0.181074142456055,1.94549560546819e-05,0.0810741424560547,Terrain/Ground_0_-1/Collision,Terrain/Ground_0_-1/Collision
road,LandDetails/Trail_Crownreach,Model/Trail_Crownreach:triangle1799:sample2,10.0407800674438,16.6599197387695,-83.3307876586914,16.56005859375,16.480224609375,-0.079833984375,0.179695129394531,-0.000138854980468756,0.0796951293945312,Terrain/Ground_0_-1/Collision,Terrain/Ground_0_-1/Collision
road,LandDetails/Trail_Crownreach,Model/Trail_Crownreach:triangle1799:sample3,10.2352199554443,16.701000213623,-83.2507019042969,16.60107421875,16.518798828125,-0.082275390625,0.182201385498047,-7.40051269531306e-05,0.0822013854980469,Terrain/Ground_0_-1/Collision,Terrain/Ground_0_-1/Collision
road,LandDetails/Trail_Crownreach,Model/Trail_Crownreach:triangle1799:sample4,10.0359001159668,16.664400100708,-83.1800537109375,16.564453125,16.484619140625,-0.079833984375,0.179780960083008,-5.30242919921931e-05,0.0797809600830078,Terrain/Ground_0_-1/Collision,Terrain/Ground_0_-1/Collision
road,LandDetails/Trail_Crownreach,Model/Trail_Crownreach:triangle1799:sample5,10.1250495910645,16.6740493774414,-83.3979034423828,16.57421875,16.4931640625,-0.0810546875,0.180885314941406,-0.000169372558593756,0.0808853149414062,Terrain/Ground_0_-1/Collision,Terrain/Ground_0_-1/Collision
road,LandDetails/Trail_Crownreach,Model/Trail_Crownreach:triangle1799:sample6,10.2789497375488,16.7157497406006,-83.079948425293,16.615966796875,16.533203125,-0.082763671875,0.182546615600586,-0.000217056274414068,0.0825466156005859,Terrain/Ground_0_-1/Collision,Terrain/Ground_0_-1/Collision
road,LandDetails/Trail_Crownreach,Model/Trail_Crownreach:triangle1800:sample0,9.67519950866699,16.5571327209473,-84.1848983764648,16.457275390625,16.381591796875,-0.07568359375,0.175540924072266,-0.000142669677734381,0.0755409240722656,Terrain/Ground_0_-1/Collision,Terrain/Ground_0_-1/Collision
road,LandDetails/Trail_Crownreach,Model/Trail_Crownreach:triangle1800:sample1,9.95236110687256,16.624439239502,-83.8300628662109,16.524658203125,16.4453125,-0.079345703125,0.179126739501953,-0.000218963623046881,0.0791267395019531,Terrain/Ground_0_-1/Collision,Terrain/Ground_0_-1/Collision
road,LandDetails/Trail_Crownreach,Model/Trail_Crownreach:triangle1800:sample2,9.75792026519775,16.5833606719971,-83.9101409912109,16.4833984375,16.40673828125,-0.07666015625,0.17662239074707,-3.77655029296931e-05,0.0766223907470703,Terrain/Ground_0_-1/Collision,Terrain/Ground_0_-1/Collision
road,LandDetails/Trail_Crownreach,Model/Trail_Crownreach:triangle1800:sample3,9.31532001495361,16.4636001586914,-84.8144989013672,16.364013671875,16.291748046875,-0.072265625,0.171852111816406,-0.000413513183593756,0.0718521118164062,Terrain/Ground_0_-1/Collision,Terrain/Ground_0_-1/Collision
road,LandDetails/Trail_Crownreach,Model/Trail_Crownreach:triangle1800:sample4,10.1250495910645,16.6740493774414,-83.3979034423828,16.57421875,16.4931640625,-0.0810546875,0.180885314941406,-0.000169372558593756,0.0808853149414062,Terrain/Ground_0_-1/Collision,Terrain/Ground_0_-1/Collision
road,LandDetails/Trail_Crownreach,Model/Trail_Crownreach:triangle1800:sample5,9.32874965667725,16.4729995727539,-84.6284484863281,16.373046875,16.301025390625,-0.072021484375,0.171974182128906,-4.73022460937556e-05,0.0719741821289062,Terrain/Ground_0_-1/Collision,Terrain/Ground_0_-1/Collision
road,LandDetails/Trail_Crownreach,Model/Trail_Crownreach:triangle1800:sample6,9.57180023193359,16.5243492126465,-84.5283508300781,16.424560546875,16.349609375,-0.074951171875,0.174739837646484,-0.000211334228515631,0.0747398376464844,Terrain/Ground_0_-1/Collision,Terrain/Ground_0_-1/Collision
road,LandDetails/Trail_Crownreach,Model/Trail_Crownreach:triangle1801:sample0,9.32429981231689,16.4592990875244,-84.9856643676758,16.359375,16.287109375,-0.072265625,0.172189712524414,-7.59124755859431e-05,0.0721897125244141,Terrain/Ground_0_-1/Collision,Terrain/Ground_0_-1/Collision
road,LandDetails/Trail_Crownreach,Model/Trail_Crownreach:triangle1801:sample1,9.74182033538818,16.5657405853271,-84.3105239868164,16.465576171875,16.388671875,-0.076904296875,0.177068710327148,0.000164413452148432,0.0770687103271484,Terrain/Ground_0_-1/Collision,Terrain/Ground_0_-1/Collision
road,LandDetails/Trail_Crownreach,Model/Trail_Crownreach:triangle1801:sample2,9.10477924346924,16.404899597168,-85.2949600219727,16.30517578125,16.235107421875,-0.070068359375,0.169792175292969,-0.000276184082031256,0.0697921752929687,Terrain/Ground_0_-1/Collision,Terrain/Ground_0_-1/Collision
road,LandDetails/Trail_Crownreach,Model/Trail_Crownreach:triangle1801:sample3,9.12630081176758,16.4072589874268,-85.3515167236328,16.30712890625,16.237060546875,-0.070068359375,0.170198440551758,0.000130081176757807,0.0701984405517578,Terrain/Ground_0_-1/Collision,Terrain/Ground_0_-1/Collision
road,LandDetails/Trail_Crownreach,Model/Trail_Crownreach:triangle1801:sample4,9.57180023193359,16.5243492126465,-84.5283508300781,16.424560546875,16.349609375,-0.074951171875,0.174739837646484,-0.000211334228515631,0.0747398376464844,Terrain/Ground_0_-1/Collision,Terrain/Ground_0_-1/Collision
road,LandDetails/Trail_Crownreach,Model/Trail_Crownreach:triangle1801:sample5,8.80239963531494,16.3262481689453,-85.8295974731445,16.226318359375,16.159912109375,-0.06640625,0.166336059570313,-7.01904296875056e-05,0.0663360595703125,Terrain/Ground_0_-1/Collision,Terrain/Ground_0_-1/Collision
road,LandDetails/Trail_Crownreach,Model/Trail_Crownreach:triangle1801:sample6,9.59869956970215,16.5272979736328,-84.5990447998047,16.42724609375,16.351806640625,-0.075439453125,0.175491333007813,5.18798828124944e-05,0.0754913330078125,Terrain/Ground_0_-1/Collision,Terrain/Ground_0_-1/Collision
road,LandDetails/Trail_Crownreach,Model/Trail_Crownreach:triangle1802:sample0,10.0864000320435,16.6180324554443,-84.738395690918,16.51806640625,16.4365234375,-0.08154296875,0.181509017944336,-3.39508056640681e-05,0.0815090179443359,Terrain/Ground_0_-1/Collision,Terrain/Ground_0_-1/Collision
road,LandDetails/Trail_Crownreach,Model/Trail_Crownreach:triangle1802:sample1,10.1990804672241,16.6609802246094,-84.1621551513672,16.56103515625,16.478515625,-0.08251953125,0.182464599609375,-5.49316406250056e-05,0.082464599609375,Terrain/Ground_0_-1/Collision,Terrain/Ground_0_-1/Collision
road,LandDetails/Trail_Crownreach,Model/Trail_Crownreach:triangle1802:sample2,9.58356094360352,16.502498626709,-85.2031555175781,16.402587890625,16.326904296875,-0.07568359375,0.175594329833984,-8.92639160156306e-05,0.0755943298339844,Terrain/Ground_0_-1/Collision,Terrain/Ground_0_-1/Collision
road,LandDetails/Trail_Crownreach,Model/Trail_Crownreach:triangle1802:sample3,10.4765605926514,16.6906204223633,-84.8498840332031,16.590576171875,16.504150390625,-0.08642578125,0.186470031738281,4.42504882812444e-05,0.0864700317382812,Terrain/Ground_0_-1/Collision,Terrain/Ground_0_-1/Collision
road,LandDetails/Trail_Crownreach,Model/Trail_Crownreach:triangle1802:sample4,9.59869956970215,16.5272979736328,-84.5990447998047,16.42724609375,16.351806640625,-0.075439453125,0.175491333007813,5.18798828124944e-05,0.0754913330078125,Terrain/Ground_0_-1/Collision,Terrain/Ground_0_-1/Collision
road,LandDetails/Trail_Crownreach,Model/Trail_Crownreach:triangle1802:sample5,9.94554996490479,16.5643501281738,-85.4586944580078,16.46435546875,16.384033203125,-0.080322265625,0.180316925048828,-5.34057617188055e-06,0.0803169250488281,Terrain/Ground_0_-1/Collision,Terrain/Ground_0_-1/Collision
road,LandDetails/Trail_Crownreach,Model/Trail_Crownreach:triangle1802:sample6,10.7149505615234,16.7624492645264,-84.1574478149414,16.662353515625,16.57373046875,-0.088623046875,0.188718795776367,9.57489013671819e-05,0.0887187957763672,Terrain/Ground_0_-1/Collision,Terrain/Ground_0_-1/Collision
road,LandDetails/Trail_Crownreach,Model/Trail_Crownreach:triangle1803:sample0,9.7834997177124,16.5076675415039,-86.1436233520508,16.40771484375,16.328857421875,-0.078857421875,0.178810119628906,-4.73022460937556e-05,0.0788101196289062,Terrain/Ground_0_-1/Collision,Terrain/Ground_0_-1/Collision
road,LandDetails/Trail_Crownreach,Model/Trail_Crownreach:triangle1803:sample1,10.2948198318481,16.6244010925293,-85.6930236816406,16.524658203125,16.439697265625,-0.0849609375,0.184703826904297,-0.000257110595703131,0.0847038269042969,Terrain/Ground_0_-1/Collision,Terrain/Ground_0_-1/Collision
road,LandDetails/Trail_Crownreach,Model/Trail_Crownreach:triangle1803:sample2,9.40182018280029,16.436279296875,-86.0463027954102,16.33642578125,16.262451171875,-0.073974609375,0.173828125,-0.000146484375000006,0.073828125,Terrain/Ground_0_-1/Collision,Terrain/Ground_0_-1/Collision
road,LandDetails/Trail_Crownreach,Model/Trail_Crownreach:triangle1803:sample3,9.65386009216309,16.4623203277588,-86.6915740966797,16.362548828125,16.28515625,-0.077392578125,0.177164077758789,-0.000228500366210943,0.0771640777587891,Terrain/Ground_0_-1/Collision,Terrain/Ground_0_-1/Collision
road,LandDetails/Trail_Crownreach,Model/Trail_Crownreach:triangle1803:sample4,9.94554996490479,16.5643501281738,-85.4586944580078,16.46435546875,16.384033203125,-0.080322265625,0.180316925048828,-5.34057617188055e-06,0.0803169250488281,Terrain/Ground_0_-1/Collision,Terrain/Ground_0_-1/Collision
road,LandDetails/Trail_Crownreach,Model/Trail_Crownreach:triangle1803:sample5,9.14435005187988,16.3617496490479,-86.7068939208984,16.26171875,16.1904296875,-0.0712890625,0.171319961547852,3.08990478515569e-05,0.0713199615478516,Terrain/Ground_0_-1/Collision,Terrain/Ground_0_-1/Collision
road,LandDetails/Trail_Crownreach,Model/Trail_Crownreach:triangle1803:sample6,10.2606000900269,16.5969009399414,-86.2652969360352,16.497314453125,16.412353515625,-0.0849609375,0.184547424316406,-0.000413513183593756,0.0845474243164062,Terrain/Ground_0_-1/Collision,Terrain/Ground_0_-1/Collision
road,LandDetails/Trail_Crownreach,Model/Trail_Crownreach:triangle1804:sample0,10.7385330200195,16.6863670349121,-86.386962890625,16.586669921875,16.495849609375,-0.0908203125,0.190517425537109,-0.000302886962890631,0.0905174255371094,Terrain/Ground_0_-1/Collision,Terrain/Ground_0_-1/Collision
road,LandDetails/Trail_Crownreach,Model/Trail_Crownreach:triangle1804:sample1,10.8678398132324,16.7316207885742,-85.8390197753906,16.6318359375,16.5400390625,-0.091796875,0.191581726074219,-0.000215148925781256,0.0915817260742187,Terrain/Ground_0_-1/Collision,Terrain/Ground_0_-1/Collision
road,LandDetails/Trail_Crownreach,Model/Trail_Crownreach:triangle1804:sample2,10.2268810272217,16.5695400238037,-86.8375778198242,16.4697265625,16.385009765625,-0.084716796875,0.184530258178711,-0.000186538696289068,0.0845302581787109,Terrain/Ground_0_-1/Collision,Terrain/Ground_0_-1/Collision
road,LandDetails/Trail_Crownreach,Model/Trail_Crownreach:triangle1804:sample3,11.1208801269531,16.7579402923584,-86.4842987060547,16.658203125,16.562744140625,-0.095458984375,0.195196151733398,-0.000262832641601568,0.0951961517333984,Terrain/Ground_0_-1/Collision,Terrain/Ground_0_-1/Collision
road,LandDetails/Trail_Crownreach,Model/Trail_Crownreach:triangle1804:sample4,10.2606000900269,16.5969009399414,-86.2652969360352,16.497314453125,16.412353515625,-0.0849609375,0.184547424316406,-0.000413513183593756,0.0845474243164062,Terrain/Ground_0_-1/Collision,Terrain/Ground_0_-1/Collision
road,LandDetails/Trail_Crownreach,Model/Trail_Crownreach:triangle1804:sample5,10.5769004821777,16.6297988891602,-87.0718994140625,16.530029296875,16.440673828125,-0.08935546875,0.189125061035156,-0.000230407714843756,0.0891250610351562,Terrain/Ground_0_-1/Collision,Terrain/Ground_0_-1/Collision
road,LandDetails/Trail_Crownreach,Model/Trail_Crownreach:triangle1804:sample6,11.3780994415283,16.8323993682861,-85.8236999511719,16.732666015625,16.63427734375,-0.098388671875,0.198122024536133,-0.000266647338867193,0.0981220245361328,Terrain/Ground_0_-1/Collision,Terrain/Ground_0_-1/Collision
road,LandDetails/Trail_Crownreach,Model/Trail_Crownreach:triangle1805:sample0,10.412034034729,16.5729312896729,-87.7490005493164,16.47314453125,16.385498046875,-0.087646484375,0.187433242797852,-0.000213241577148443,0.0874332427978516,Terrain/Ground_0_-1/Collision,Terrain/Ground_0_-1/Collision
road,LandDetails/Trail_Crownreach,Model/Trail_Crownreach:triangle1805:sample1,10.9249801635742,16.6898803710938,-87.3015213012695,16.590087890625,16.496337890625,-0.09375,0.19354248046875,-0.000207519531250006,0.09354248046875,Terrain/Ground_0_-1/Collision,Terrain/Ground_0_-1/Collision
road,LandDetails/Trail_Crownreach,Model/Trail_Crownreach:triangle1805:sample2,10.0309810638428,16.5014801025391,-87.6548004150391,16.40185546875,16.31884765625,-0.0830078125,0.182632446289063,-0.000375366210937506,0.0826324462890625,Terrain/Ground_0_-1/Collision,Terrain/Ground_0_-1/Collision
road,LandDetails/Trail_Crownreach,Model/Trail_Crownreach:triangle1805:sample3,10.2801399230957,16.5274410247803,-88.2906799316406,16.427734375,16.341064453125,-0.086669921875,0.186376571655273,-0.000293350219726568,0.0863765716552734,Terrain/Ground_0_-1/Collision,Terrain/Ground_0_-1/Collision
road,LandDetails/Trail_Crownreach,Model/Trail_Crownreach:triangle1805:sample4,10.5769004821777,16.6297988891602,-87.0718994140625,16.530029296875,16.440673828125,-0.08935546875,0.189125061035156,-0.000230407714843756,0.0891250610351562,Terrain/Ground_0_-1/Collision,Terrain/Ground_0_-1/Collision
road,LandDetails/Trail_Crownreach,Model/Trail_Crownreach:triangle1805:sample5,9.77085018157959,16.4267501831055,-88.308349609375,16.326904296875,16.24658203125,-0.080322265625,0.180168151855469,-0.000154113769531256,0.0801681518554687,Terrain/Ground_0_-1/Collision,Terrain/Ground_0_-1/Collision
road,LandDetails/Trail_Crownreach,Model/Trail_Crownreach:triangle1805:sample6,10.8883495330811,16.6622505187988,-87.8667449951172,16.562255859375,16.46875,-0.093505859375,0.193500518798828,-5.34057617188055e-06,0.0935005187988281,Terrain/Ground_0_-1/Collision,Terrain/Ground_0_-1/Collision
road,LandDetails/Trail_Crownreach,Model/Trail_Crownreach:triangle1806:sample0,11.3630332946777,16.7512989044189,-87.9844970703125,16.651611328125,16.552001953125,-0.099609375,0.199296951293945,-0.000312423706054693,0.0992969512939453,Terrain/Ground_0_-1/Collision,Terrain/Ground_0_-1/Collision
road,LandDetails/Trail_Crownreach,Model/Trail_Crownreach:triangle1806:sample1,11.4955806732178,16.7968997955322,-87.4428253173828,16.697509765625,16.596435546875,-0.10107421875,0.200464248657227,-0.000609970092773443,0.100464248657227,Terrain/Ground_0_-1/Collision,Terrain/Ground_0_-1/Collision
road,LandDetails/Trail_Crownreach,Model/Trail_Crownreach:triangle1806:sample2,10.8507404327393,16.6344604492188,-88.4319763183594,16.534423828125,16.441162109375,-0.09326171875,0.19329833984375,3.66210937499944e-05,0.09329833984375,Terrain/Ground_0_-1/Collision,Terrain/Ground_0_-1/Collision
road,LandDetails/Trail_Crownreach,Model/Trail_Crownreach:triangle1806:sample3,11.7427806854248,16.8225402832031,-88.0787048339844,16.72265625,16.618408203125,-0.104248046875,0.204132080078125,-0.000115966796875006,0.104132080078125,Terrain/Ground_0_-1/Collision,Terrain/Ground_0_-1/Collision
road,LandDetails/Trail_Crownreach,Model/Trail_Crownreach:triangle1806:sample4,10.8883495330811,16.6622505187988,-87.8667449951172,16.562255859375,16.46875,-0.093505859375,0.193500518798828,-5.34057617188055e-06,0.0935005187988281,Terrain/Ground_0_-1/Collision,Terrain/Ground_0_-1/Collision
road,LandDetails/Trail_Crownreach,Model/Trail_Crownreach:triangle1806:sample5,11.1973495483398,16.694299697876,-88.6615982055664,16.594482421875,16.496337890625,-0.09814453125,0.197961807250977,-0.000182723999023443,0.0979618072509766,Terrain/Ground_0_-1/Collision,Terrain/Ground_0_-1/Collision
road,LandDetails/Trail_Crownreach,Model/Trail_Crownreach:triangle1806:sample6,12.003399848938,16.8973503112793,-87.4251480102539,16.797607421875,16.6904296875,-0.107177734375,0.206920623779297,-0.000257110595703131,0.106920623779297,Terrain/Ground_0_-1/Collision,Terrain/Ground_0_-1/Collision
road,LandDetails/Trail_Crownreach,Model/Trail_Crownreach:triangle1807:sample0,11.6358003616333,16.7798671722412,-88.6753616333008,16.680419921875,16.576904296875,-0.103515625,0.202962875366211,-0.000552749633789068,0.102962875366211,Terrain/Ground_0_-1/Collision,Terrain/Ground_0_-1/Collision
road,LandDetails/Trail_Crownreach,Model/Trail_Crownreach:triangle1807:sample1,11.9865608215332,16.8483200073242,-88.6863784790039,16.748779296875,16.64111328125,-0.107666015625,0.207206726074219,-0.000459289550781256,0.107206726074219,Terrain/Ground_0_-1/Collision,Terrain/Ground_0_-1/Collision
road,LandDetails/Trail_Crownreach,Model/Trail_Crownreach:triangle1807:sample2,11.9064407348633,16.8396797180176,-88.4932250976563,16.739990234375,16.63330078125,-0.106689453125,0.206378936767578,-0.000310516357421881,0.106378936767578,Terrain/Ground_0_-1/Collision,Terrain/Ground_0_-1/Collision
road,LandDetails/Trail_Crownreach,Model/Trail_Crownreach:triangle1807:sample3,11.0144004821777,16.6515998840332,-88.8464965820313,16.5517578125,16.455810546875,-0.095947265625,0.195789337158203,-0.000157928466796881,0.0957893371582031,Terrain/Ground_0_-1/Collision,Terrain/Ground_0_-1/Collision
road,LandDetails/Trail_Crownreach,Model/Trail_Crownreach:triangle1807:sample4,12.4125499725342,16.9402008056641,-88.4614486694336,16.8408203125,16.727783203125,-0.113037109375,0.212417602539063,-0.000619506835937506,0.112417602539062,Terrain/Ground_0_-1/Collision,Terrain/Ground_0_-1/Collision
road,LandDetails/Trail_Crownreach,Model/Trail_Crownreach:triangle1807:sample5,11.1973495483398,16.694299697876,-88.6615982055664,16.594482421875,16.496337890625,-0.09814453125,0.197961807250977,-0.000182723999023443,0.0979618072509766,Terrain/Ground_0_-1/Collision,Terrain/Ground_0_-1/Collision
road,LandDetails/Trail_Crownreach,Model/Trail_Crownreach:triangle1807:sample6,11.2975006103516,16.7051010131836,-88.9030456542969,16.605712890625,16.505859375,-0.099853515625,0.199241638183594,-0.000611877441406256,0.0992416381835937,Terrain/Ground_0_-1/Collision,Terrain/Ground_0_-1/Collision
road,LandDetails/Trail_Crownreach,Model/Trail_Crownreach:triangle1808:sample0,11.1277322769165,16.7765331268311,-89.5506973266602,16.67626953125,16.572509765625,-0.103759765625,0.204023361206055,0.000263595581054682,0.104023361206055,Terrain/Ground_0_-1/Collision,Terrain/Ground_0_-1/Collision
road,LandDetails/Trail_Crownreach,Model/Trail_Crownreach:triangle1808:sample1,11.6817197799683,16.846321105957,-89.2115859985352,16.745849609375,16.637939453125,-0.10791015625,0.208381652832031,0.000471496582031244,0.108381652832031,Terrain/Ground_0_-1/Collision,Terrain/Ground_0_-1/Collision
road,LandDetails/Trail_Crownreach,Model/Trail_Crownreach:triangle1808:sample2,10.7261600494385,16.6513195037842,-89.4141006469727,16.551513671875,16.455078125,-0.096435546875,0.19624137878418,-0.000194168090820318,0.0962413787841797,Terrain/Ground_0_-1/Collision,Terrain/Ground_0_-1/Collision
road,LandDetails/Trail_Crownreach,Model/Trail_Crownreach:triangle1808:sample3,10.9753198623657,16.8319606781006,-90.0264205932617,16.7314453125,16.624755859375,-0.106689453125,0.207204818725586,0.000515365600585932,0.107204818725586,Terrain/Ground_0_-1/Collision,Terrain/Ground_0_-1/Collision
road,LandDetails/Trail_Crownreach,Model/Trail_Crownreach:triangle1808:sample4,11.3182497024536,16.7072486877441,-88.9560470581055,16.607666015625,16.508056640625,-0.099609375,0.199192047119141,-0.000417327880859381,0.0991920471191406,Terrain/Ground_0_-1/Collision,Terrain/Ground_0_-1/Collision
road,LandDetails/Trail_Crownreach,Model/Trail_Crownreach:triangle1808:sample5,10.4352493286133,16.6893005371094,-89.9745941162109,16.589111328125,16.49072265625,-0.098388671875,0.198577880859375,0.000189208984374994,0.098577880859375,Terrain/Ground_0_-1/Collision,Terrain/Ground_0_-1/Collision
road,LandDetails/Trail_Crownreach,Model/Trail_Crownreach:triangle1808:sample6,11.6296997070313,16.9330501556396,-89.7214508056641,16.83203125,16.71923828125,-0.11279296875,0.213811874389648,0.00101890563964843,0.113811874389648,Terrain/Ground_0_-1/Collision,Terrain/Ground_0_-1/Collision
road,LandDetails/Trail_Crownreach,Model/Trail_Crownreach:triangle1809:sample0,12.0754661560059,17.0486660003662,-89.7547988891602,16.947509765625,16.82763671875,-0.119873046875,0.221029281616211,0.00115623474121093,0.121029281616211,Terrain/Ground_0_-1/Collision,Terrain/Ground_0_-1/Collision
road,LandDetails/Trail_Crownreach,Model/Trail_Crownreach:triangle1809:sample1,12.2503604888916,17.0096015930176,-89.3340454101563,16.908447265625,16.791015625,-0.117431640625,0.218585968017578,0.00115432739257812,0.118585968017578,Terrain/Ground_0_-1/Collision,Terrain/Ground_0_-1/Collision
road,LandDetails/Trail_Crownreach,Model/Trail_Crownreach:triangle1809:sample2,11.5439596176147,16.9952411651611,-90.1488800048828,16.89404296875,16.777587890625,-0.116455078125,0.217653274536133,0.00119819641113281,0.117653274536133,Terrain/Ground_0_-1/Collision,Terrain/Ground_0_-1/Collision
road,LandDetails/Trail_Crownreach,Model/Trail_Crownreach:triangle1809:sample3,12.4320812225342,17.1411590576172,-89.7814788818359,17.03955078125,16.91455078125,-0.125,0.226608276367188,0.00160827636718749,0.126608276367187,Terrain/Ground_0_-1/Collision,Terrain/Ground_0_-1/Collision
road,LandDetails/Trail_Crownreach,Model/Trail_Crownreach:triangle1809:sample4,11.6296997070313,16.9330501556396,-89.7214508056641,16.83203125,16.71923828125,-0.11279296875,0.213811874389648,0.00101890563964843,0.113811874389648,Terrain/Ground_0_-1/Collision,Terrain/Ground_0_-1/Collision
road,LandDetails/Trail_Crownreach,Model/Trail_Crownreach:triangle1809:sample5,11.8568496704102,17.0974998474121,-90.2807464599609,16.99609375,16.87353515625,-0.12255859375,0.223964691162109,0.00140609741210937,0.123964691162109,Terrain/Ground_0_-1/Collision,Terrain/Ground_0_-1/Collision
road,LandDetails/Trail_Crownreach,Model/Trail_Crownreach:triangle1809:sample6,12.7398500442505,17.1154499053955,-89.2621917724609,17.01416015625,16.89013671875,-0.1240234375,0.225313186645508,0.00128974914550781,0.125313186645508,Terrain/Ground_0_-1/Collision,Terrain/Ground_0_-1/Collision
road,LandDetails/Trail_Crownreach,Model/Trail_Crownreach:triangle1810:sample0,12.2659997940063,17.1865329742432,-90.2257995605469,17.085205078125,16.957763671875,-0.12744140625,0.228769302368164,0.00132789611816406,0.128769302368164,Terrain/Ground_0_-1/Collision,Terrain/Ground_0_-1/Collision
road,LandDetails/Trail_Crownreach,Model/Trail_Crownreach:triangle1810:sample1,12.5933198928833,17.2577610015869,-90.1818466186523,17.156982421875,17.024658203125,-0.13232421875,0.233102798461914,0.000778579711914057,0.133102798461914,Terrain/Ground_0_-1/Collision,Terrain/Ground_0_-1/Collision
road,LandDetails/Trail_Crownreach,Model/Trail_Crownreach:triangle1810:sample2,12.5464000701904,17.2238807678223,-90.064079284668,17.122314453125,16.992431640625,-0.1298828125,0.231449127197266,0.00156631469726562,0.131449127197266,Terrain/Ground_0_-1/Collision,Terrain/Ground_0_-1/Collision
road,LandDetails/Trail_Crownreach,Model/Trail_Crownreach:triangle1810:sample3,11.6582803726196,17.0779609680176,-90.4314804077148,16.9765625,16.85546875,-0.12109375,0.222492218017578,0.00139846801757812,0.122492218017578,Terrain/Ground_0_-1/Collision,Terrain/Ground_0_-1/Collision
road,LandDetails/Trail_Crownreach,Model/Trail_Crownreach:triangle1810:sample4,13.0256500244141,17.3222503662109,-89.9686965942383,17.22119140625,17.085205078125,-0.135986328125,0.237045288085938,0.00105895996093749,0.137045288085937,Terrain/Ground_0_-1/Collision,Terrain/Ground_0_-1/Collision
road,LandDetails/Trail_Crownreach,Model/Trail_Crownreach:triangle1810:sample5,11.8568496704102,17.0974998474121,-90.2807464599609,16.99609375,16.87353515625,-0.12255859375,0.223964691162109,0.00140609741210937,0.123964691162109,Terrain/Ground_0_-1/Collision,Terrain/Ground_0_-1/Collision
road,LandDetails/Trail_Crownreach,Model/Trail_Crownreach:triangle1810:sample6,11.9154996871948,17.1398506164551,-90.4279479980469,17.0390625,16.914306640625,-0.124755859375,0.225543975830078,0.000788116455078119,0.125543975830078,Terrain/Ground_0_-1/Collision,Terrain/Ground_0_-1/Collision
road,LandDetails/Trail_Crownreach,Model/Trail_Crownreach:triangle1811:sample0,11.5698661804199,17.0961666107178,-90.6379623413086,16.995361328125,16.873291015625,-0.1220703125,0.222875595092773,0.000805282592773432,0.122875595092773,Terrain/Ground_0_-1/Collision,Terrain/Ground_0_-1/Collision
road,LandDetails/Trail_Crownreach,Model/Trail_Crownreach:triangle1811:sample1,12.1756401062012,17.203540802002,-90.4291458129883,17.102783203125,16.97412109375,-0.128662109375,0.229419708251953,0.000757598876953119,0.129419708251953,Terrain/Ground_0_-1/Collision,Terrain/Ground_0_-1/Collision
road,LandDetails/Trail_Crownreach,Model/Trail_Crownreach:triangle1811:sample2,11.2406005859375,17.0237407684326,-90.6787796020508,16.922607421875,16.8046875,-0.117919921875,0.219053268432617,0.00113334655761718,0.119053268432617,Terrain/Ground_0_-1/Collision,Terrain/Ground_0_-1/Collision
road,LandDetails/Trail_Crownreach,Model/Trail_Crownreach:triangle1811:sample3,11.2933597564697,17.0612201690674,-90.8059844970703,16.96044921875,16.84033203125,-0.1201171875,0.220888137817383,0.000770950317382807,0.120888137817383,Terrain/Ground_0_-1/Collision,Terrain/Ground_0_-1/Collision
road,LandDetails/Trail_Crownreach,Model/Trail_Crownreach:triangle1811:sample4,11.9154996871948,17.1398506164551,-90.4279479980469,17.0390625,16.914306640625,-0.124755859375,0.225543975830078,0.000788116455078119,0.125543975830078,Terrain/Ground_0_-1/Collision,Terrain/Ground_0_-1/Collision
road,LandDetails/Trail_Crownreach,Model/Trail_Crownreach:triangle1811:sample5,10.8126497268677,16.961950302124,-90.8990020751953,16.860595703125,16.74658203125,-0.114013671875,0.215368270874023,0.00135459899902343,0.115368270874023,Terrain/Ground_0_-1/Collision,Terrain/Ground_0_-1/Collision
road,LandDetails/Trail_Crownreach,Model/Trail_Crownreach:triangle1811:sample6,11.9814500808716,17.1866989135742,-90.5869445800781,17.085693359375,16.958251953125,-0.12744140625,0.228446960449219,0.00100555419921874,0.128446960449219,Terrain/Ground_0_-1/Collision,Terrain/Ground_0_-1/Collision
road,LandDetails/Trail_Crownreach,Model/Trail_Crownreach:triangle1812:sample0,10.9062662124634,16.6245670318604,-89.0050964355469,16.52490234375,16.43017578125,-0.0947265625,0.194391250610352,-0.000335311889648443,0.0943912506103516,Terrain/Ground_0_-1/Collision,Terrain/Ground_0_-1/Collision
road,LandDetails/Trail_Crownreach,Model/Trail_Crownreach:triangle1812:sample1,11.5488405227661,16.7551403045654,-88.8842239379883,16.65576171875,16.55322265625,-0.1025390625,0.20191764831543,-0.000621414184570318,0.10191764831543,Terrain/Ground_0_-1/Collision,Terrain/Ground_0_-1/Collision
road,LandDetails/Trail_Crownreach,Model/Trail_Crownreach:triangle1812:sample2,10.5766801834106,16.5584201812744,-89.0443420410156,16.458740234375,16.3681640625,-0.090576171875,0.190256118774414,-0.000320053100585943,0.0902561187744141,Terrain/Ground_0_-1/Collision,Terrain/Ground_0_-1/Collision
road,LandDetails/Trail_Crownreach,Model/Trail_Crownreach:triangle1812:sample3,10.593279838562,16.5601387023926,-89.0867385864258,16.460205078125,16.36962890625,-0.090576171875,0.190509796142578,-6.63757324218806e-05,0.0905097961425781,Terrain/Ground_0_-1/Collision,Terrain/Ground_0_-1/Collision
road,LandDetails/Trail_Crownreach,Model/Trail_Crownreach:triangle1812:sample4,11.2975006103516,16.7051010131836,-88.9030456542969,16.605712890625,16.505859375,-0.099853515625,0.199241638183594,-0.000611877441406256,0.0992416381835937,Terrain/Ground_0_-1/Collision,Terrain/Ground_0_-1/Collision
road,LandDetails/Trail_Crownreach,Model/Trail_Crownreach:triangle1812:sample5,10.1030502319336,16.4613494873047,-89.1561965942383,16.361572265625,16.27685546875,-0.084716796875,0.184494018554688,-0.000222778320312506,0.0844940185546875,Terrain/Ground_0_-1/Collision,Terrain/Ground_0_-1/Collision
road,LandDetails/Trail_Crownreach,Model/Trail_Crownreach:triangle1812:sample6,11.3182497024536,16.7072486877441,-88.9560470581055,16.607666015625,16.508056640625,-0.099609375,0.199192047119141,-0.000417327880859381,0.0991920471191406,Terrain/Ground_0_-1/Collision,Terrain/Ground_0_-1/Collision
road,LandDetails/Trail_Crownreach,Model/Trail_Crownreach:triangle1813:sample0,11.8027334213257,17.1032333374023,-91.1953659057617,17.00244140625,16.880859375,-0.12158203125,0.222373962402344,0.000791931152343744,0.122373962402344,Terrain/Ground_0_-1/Collision,Terrain/Ground_0_-1/Collision
road,LandDetails/Trail_Crownreach,Model/Trail_Crownreach:triangle1813:sample1,12.3153610229492,17.2077808380127,-90.7635803222656,17.10693359375,16.978271484375,-0.128662109375,0.229509353637695,0.000847244262695307,0.129509353637695,Terrain/Ground_0_-1/Collision,Terrain/Ground_0_-1/Collision
road,LandDetails/Trail_Crownreach,Model/Trail_Crownreach:triangle1813:sample2,11.4330806732178,17.0654602050781,-91.1404266357422,16.96484375,16.844970703125,-0.119873046875,0.220489501953125,0.000616455078124994,0.120489501953125,Terrain/Ground_0_-1/Collision,Terrain/Ground_0_-1/Collision
road,LandDetails/Trail_Crownreach,Model/Trail_Crownreach:triangle1813:sample3,11.6597604751587,17.0364608764648,-91.6820983886719,16.935791015625,16.818603515625,-0.1171875,0.217857360839844,0.000669860839843744,0.117857360839844,Terrain/Ground_0_-1/Collision,Terrain/Ground_0_-1/Collision
road,LandDetails/Trail_Crownreach,Model/Trail_Crownreach:triangle1813:sample4,11.9814500808716,17.1866989135742,-90.5869445800781,17.085693359375,16.958251953125,-0.12744140625,0.228446960449219,0.00100555419921874,0.128446960449219,Terrain/Ground_0_-1/Collision,Terrain/Ground_0_-1/Collision
road,LandDetails/Trail_Crownreach,Model/Trail_Crownreach:triangle1813:sample5,11.1619501113892,16.9725494384766,-91.7350997924805,16.871826171875,16.75830078125,-0.113525390625,0.214248657226563,0.000723266601562494,0.114248657226562,Terrain/Ground_0_-1/Collision,Terrain/Ground_0_-1/Collision
road,LandDetails/Trail_Crownreach,Model/Trail_Crownreach:triangle1813:sample6,12.2648000717163,17.1504497528076,-91.2640533447266,17.0498046875,16.925537109375,-0.124267578125,0.224912643432617,0.000645065307617182,0.124912643432617,Terrain/Ground_0_-1/Collision,Terrain/Ground_0_-1/Collision
road,LandDetails/Trail_Crownreach,Model/Trail_Crownreach:triangle1814:sample0,12.7284669876099,17.1973323822021,-91.336669921875,17.096435546875,16.969970703125,-0.12646484375,0.227361679077148,0.000896835327148432,0.127361679077148,Terrain/Ground_0_-1/Collision,Terrain/Ground_0_-1/Collision
road,LandDetails/Trail_Crownreach,Model/Trail_Crownreach:triangle1814:sample1,12.8708009719849,17.2642402648926,-90.8483657836914,17.1630859375,17.03173828125,-0.13134765625,0.232501983642578,0.00115432739257812,0.132501983642578,Terrain/Ground_0_-1/Collision,Terrain/Ground_0_-1/Collision
road,LandDetails/Trail_Crownreach,Model/Trail_Crownreach:triangle1814:sample2,12.2152004241943,17.0929203033447,-91.7668838500977,16.9921875,16.87255859375,-0.11962890625,0.220361709594727,0.000732803344726557,0.120361709594727,Terrain/Ground_0_-1/Collision,Terrain/Ground_0_-1/Collision
road,LandDetails/Trail_Crownreach,Model/Trail_Crownreach:triangle1814:sample3,13.0994005203247,17.2348403930664,-91.3947601318359,17.1337890625,17.005615234375,-0.128173828125,0.229225158691406,0.00105133056640624,0.129225158691406,Terrain/Ground_0_-1/Collision,Terrain/Ground_0_-1/Collision
road,LandDetails/Trail_Crownreach,Model/Trail_Crownreach:triangle1814:sample4,12.2648000717163,17.1504497528076,-91.2640533447266,17.0498046875,16.925537109375,-0.124267578125,0.224912643432617,0.000645065307617182,0.124912643432617,Terrain/Ground_0_-1/Collision,Terrain/Ground_0_-1/Collision
road,LandDetails/Trail_Crownreach,Model/Trail_Crownreach:triangle1814:sample5,12.5505504608154,17.1137008666992,-91.9470520019531,17.01318359375,16.892578125,-0.12060546875,0.221122741699219,0.000517272949218744,0.121122741699219,Terrain/Ground_0_-1/Collision,Terrain/Ground_0_-1/Collision
road,LandDetails/Trail_Crownreach,Model/Trail_Crownreach:triangle1814:sample6,13.3700504302979,17.3278503417969,-90.7988967895508,17.226806640625,17.091796875,-0.135009765625,0.236053466796875,0.00104370117187499,0.136053466796875,Terrain/Ground_0_-1/Collision,Terrain/Ground_0_-1/Collision
road,LandDetails/Trail_Crownreach,Model/Trail_Crownreach:triangle1815:sample0,13.0712327957153,17.1539669036865,-92.1492004394531,17.053466796875,16.93115234375,-0.122314453125,0.222814559936523,0.000500106811523432,0.122814559936523,Terrain/Ground_0_-1/Collision,Terrain/Ground_0_-1/Collision
road,LandDetails/Trail_Crownreach,Model/Trail_Crownreach:triangle1815:sample1,13.4877796173096,17.1861801147461,-92.3109130859375,17.085693359375,16.9619140625,-0.123779296875,0.224266052246094,0.000486755371093744,0.124266052246094,Terrain/Ground_0_-1/Collision,Terrain/Ground_0_-1/Collision
road,LandDetails/Trail_Crownreach,Model/Trail_Crownreach:triangle1815:sample2,13.305061340332,17.2088203430176,-91.8822784423828,17.108154296875,16.98193359375,-0.126220703125,0.226886749267578,0.000666046142578119,0.126886749267578,Terrain/Ground_0_-1/Collision,Terrain/Ground_0_-1/Collision
road,LandDetails/Trail_Crownreach,Model/Trail_Crownreach:triangle1815:sample3,12.4208602905273,17.0669002532959,-92.2544021606445,16.96630859375,16.84912109375,-0.1171875,0.217779159545898,0.000591659545898432,0.117779159545898,Terrain/Ground_0_-1/Collision,Terrain/Ground_0_-1/Collision
road,LandDetails/Trail_Crownreach,Model/Trail_Crownreach:triangle1815:sample4,13.8841991424561,17.2627983093262,-92.0177001953125,17.162109375,17.03369140625,-0.12841796875,0.229106903076172,0.000688934326171869,0.129106903076172,Terrain/Ground_0_-1/Collision,Terrain/Ground_0_-1/Collision
road,LandDetails/Trail_Crownreach,Model/Trail_Crownreach:triangle1815:sample5,12.5505504608154,17.1137008666992,-91.9470520019531,17.01318359375,16.892578125,-0.12060546875,0.221122741699219,0.000517272949218744,0.121122741699219,Terrain/Ground_0_-1/Collision,Terrain/Ground_0_-1/Collision
road,LandDetails/Trail_Crownreach,Model/Trail_Crownreach:triangle1815:sample6,12.7789497375488,17.0853996276855,-92.4828491210938,16.98486328125,16.866943359375,-0.117919921875,0.218456268310547,0.000536346435546869,0.118456268310547,Terrain/Ground_0_-1/Collision,Terrain/Ground_0_-1/Collision
road,LandDetails/Trail_Crownreach,Model/Trail_Crownreach:triangle1816:sample0,12.4296674728394,17.0237655639648,-92.6830368041992,16.92333984375,16.8095703125,-0.11376953125,0.214195251464844,0.000425720214843744,0.114195251464844,Terrain/Ground_0_-1/Collision,Terrain/Ground_0_-1/Collision
road,LandDetails/Trail_Crownreach,Model/Trail_Crownreach:triangle1816:sample1,13.102840423584,17.108060836792,-92.6312255859375,17.007568359375,16.888916015625,-0.11865234375,0.219144821166992,0.000492477416992182,0.119144821166992,Terrain/Ground_0_-1/Collision,Terrain/Ground_0_-1/Collision
road,LandDetails/Trail_Crownreach,Model/Trail_Crownreach:triangle1816:sample2,12.0359201431274,16.9887809753418,-92.57470703125,16.88818359375,16.776123046875,-0.112060546875,0.212657928466797,0.000597381591796869,0.112657928466797,Terrain/Ground_0_-1/Collision,Terrain/Ground_0_-1/Collision
road,LandDetails/Trail_Crownreach,Model/Trail_Crownreach:triangle1816:sample3,12.150239944458,16.9744606018066,-92.8431854248047,16.8740234375,16.762939453125,-0.111083984375,0.211521148681641,0.000437164306640619,0.111521148681641,Terrain/Ground_0_-1/Collision,Terrain/Ground_0_-1/Collision
road,LandDetails/Trail_Crownreach,Model/Trail_Crownreach:triangle1816:sample4,12.7789497375488,17.0853996276855,-92.4828491210938,16.98486328125,16.866943359375,-0.117919921875,0.218456268310547,0.000536346435546869,0.118456268310547,Terrain/Ground_0_-1/Collision,Terrain/Ground_0_-1/Collision
road,LandDetails/Trail_Crownreach,Model/Trail_Crownreach:triangle1816:sample5,11.5881996154785,16.918399810791,-92.747802734375,16.818115234375,16.709716796875,-0.1083984375,0.208683013916016,0.000284576416015619,0.108683013916016,Terrain/Ground_0_-1/Collision,Terrain/Ground_0_-1/Collision
road,LandDetails/Trail_Crownreach,Model/Trail_Crownreach:triangle1816:sample6,12.9218502044678,17.0674991607666,-92.8184509277344,16.967041015625,16.85107421875,-0.115966796875,0.216424942016602,0.000458145141601557,0.116424942016602,Terrain/Ground_0_-1/Collision,Terrain/Ground_0_-1/Collision
road,LandDetails/Trail_Crownreach,Model/Trail_Crownreach:triangle1817:sample0,13.3261003494263,17.1240997314453,-92.7458267211914,17.023681640625,16.904296875,-0.119384765625,0.219802856445313,0.000418090820312494,0.119802856445312,Terrain/Ground_0_-1/Collision,Terrain/Ground_0_-1/Collision
road,LandDetails/Trail_Crownreach,Model/Trail_Crownreach:triangle1817:sample1,13.6495008468628,17.1693801879883,-92.687744140625,17.069091796875,16.947021484375,-0.1220703125,0.222358703613281,0.000288391113281244,0.122358703613281,Terrain/Ground_0_-1/Collision,Terrain/Ground_0_-1/Collision
road,LandDetails/Trail_Crownreach,Model/Trail_Crownreach:triangle1817:sample2,13.6406993865967,17.1682605743408,-92.6688995361328,17.06787109375,16.94580078125,-0.1220703125,0.22245979309082,0.000389480590820307,0.12245979309082,Terrain/Ground_0_-1/Collision,Terrain/Ground_0_-1/Collision
road,LandDetails/Trail_Crownreach,Model/Trail_Crownreach:triangle1817:sample3,12.6881008148193,17.0346603393555,-92.880859375,16.93408203125,16.81982421875,-0.1142578125,0.214836120605469,0.000578308105468744,0.114836120605469,Terrain/Ground_0_-1/Collision,Terrain/Ground_0_-1/Collision
road,LandDetails/Trail_Crownreach,Model/Trail_Crownreach:triangle1817:sample4,14.1236000061035,17.2358989715576,-92.5770492553711,17.135498046875,17.009521484375,-0.1259765625,0.226377487182617,0.000400924682617182,0.126377487182617,Terrain/Ground_0_-1/Collision,Terrain/Ground_0_-1/Collision
road,LandDetails/Trail_Crownreach,Model/Trail_Crownreach:triangle1817:sample5,12.9218502044678,17.0674991607666,-92.8184509277344,16.967041015625,16.85107421875,-0.115966796875,0.216424942016602,0.000458145141601557,0.116424942016602,Terrain/Ground_0_-1/Collision,Terrain/Ground_0_-1/Collision
road,LandDetails/Trail_Crownreach,Model/Trail_Crownreach:triangle1817:sample6,12.9328498840332,17.0688991546631,-92.8419952392578,16.968505859375,16.852294921875,-0.1162109375,0.216604232788086,0.000393295288085932,0.116604232788086,Terrain/Ground_0_-1/Collision,Terrain/Ground_0_-1/Collision
road,LandDetails/Trail_Crownreach,Model/Trail_Crownreach:triangle1818:sample0,12.5444669723511,17.0144653320313,-92.953857421875,16.9140625,16.801025390625,-0.113037109375,0.21343994140625,0.000402832031249994,0.11343994140625,Terrain/Ground_0_-1/Collision,Terrain/Ground_0_-1/Collision
road,LandDetails/Trail_Crownreach,Model/Trail_Crownreach:triangle1818:sample1,13.1805210113525,17.1035995483398,-92.8125686645508,17.00341796875,16.885009765625,-0.118408203125,0.218589782714844,0.000181579589843744,0.118589782714844,Terrain/Ground_0_-1/Collision,Terrain/Ground_0_-1/Collision
road,LandDetails/Trail_Crownreach,Model/Trail_Crownreach:triangle1818:sample2,12.2191200256348,16.968879699707,-93.0056838989258,16.868408203125,16.758056640625,-0.1103515625,0.210823059082031,0.000471496582031244,0.110823059082031,Terrain/Ground_0_-1/Collision,Terrain/Ground_0_-1/Collision
road,LandDetails/Trail_Crownreach,Model/Trail_Crownreach:triangle1818:sample3,12.2337598800659,16.9709205627441,-93.0433654785156,16.87060546875,16.759765625,-0.11083984375,0.211154937744141,0.000315093994140619,0.111154937744141,Terrain/Ground_0_-1/Collision,Terrain/Ground_0_-1/Collision
road,LandDetails/Trail_Crownreach,Model/Trail_Crownreach:triangle1818:sample4,12.9328498840332,17.0688991546631,-92.8419952392578,16.968505859375,16.852294921875,-0.1162109375,0.216604232788086,0.000393295288085932,0.116604232788086,Terrain/Ground_0_-1/Collision,Terrain/Ground_0_-1/Collision
road,LandDetails/Trail_Crownreach,Model/Trail_Crownreach:triangle1818:sample5,11.7493991851807,16.9030494689941,-93.1304931640625,16.80224609375,16.696044921875,-0.106201171875,0.207004547119141,0.000803375244140619,0.107004547119141,Terrain/Ground_0_-1/Collision,Terrain/Ground_0_-1/Collision
road,LandDetails/Trail_Crownreach,Model/Trail_Crownreach:triangle1818:sample6,12.9511489868164,17.0714492797852,-92.8890991210938,16.970947265625,16.8544921875,-0.116455078125,0.216957092285156,0.000502014160156244,0.116957092285156,Terrain/Ground_0_-1/Collision,Terrain/Ground_0_-1/Collision
road,LandDetails/Trail_Crownreach,Model/Trail_Crownreach:triangle1819:sample0,12.6901998519897,17.0319652557373,-93.2953262329102,16.931396484375,16.81787109375,-0.113525390625,0.214094161987305,0.000568771362304682,0.114094161987305,Terrain/Ground_0_-1/Collision,Terrain/Ground_0_-1/Collision
road,LandDetails/Trail_Crownreach,Model/Trail_Crownreach:triangle1819:sample1,13.2679615020752,17.1140995025635,-93.0174407958984,17.013671875,16.89501953125,-0.11865234375,0.219079971313477,0.000427627563476557,0.119079971313477,Terrain/Ground_0_-1/Collision,Terrain/Ground_0_-1/Collision
road,LandDetails/Trail_Crownreach,Model/Trail_Crownreach:triangle1819:sample2,12.3211994171143,16.9814205169678,-93.2482452392578,16.880615234375,16.769775390625,-0.11083984375,0.211645126342773,0.000805282592773432,0.111645126342773,Terrain/Ground_0_-1/Collision,Terrain/Ground_0_-1/Collision
road,LandDetails/Trail_Crownreach,Model/Trail_Crownreach:triangle1819:sample3,12.4814395904541,17.0003795623779,-93.6203155517578,16.899658203125,16.788818359375,-0.11083984375,0.21156120300293,0.000721359252929682,0.11156120300293,Terrain/Ground_0_-1/Collision,Terrain/Ground_0_-1/Collision
road,LandDetails/Trail_Crownreach,Model/Trail_Crownreach:triangle1819:sample4,12.9511489868164,17.0714492797852,-92.8890991210938,16.970947265625,16.8544921875,-0.116455078125,0.216957092285156,0.000502014160156244,0.116957092285156,Terrain/Ground_0_-1/Collision,Terrain/Ground_0_-1/Collision
road,LandDetails/Trail_Crownreach,Model/Trail_Crownreach:triangle1819:sample5,11.967999458313,16.9292984008789,-93.6427001953125,16.82861328125,16.721435546875,-0.107177734375,0.207862854003906,0.000685119628906244,0.107862854003906,Terrain/Ground_0_-1/Collision,Terrain/Ground_0_-1/Collision
road,LandDetails/Trail_Crownreach,Model/Trail_Crownreach:triangle1819:sample6,13.1514492034912,17.0951499938965,-93.3542022705078,16.994384765625,16.8779296875,-0.116455078125,0.217220306396484,0.000765228271484369,0.117220306396484,Terrain/Ground_0_-1/Collision,Terrain/Ground_0_-1/Collision
road,LandDetails/Trail_Crownreach,Model/Trail_Crownreach:triangle1820:sample0,13.5597658157349,17.152099609375,-93.2953262329102,17.0517578125,16.931396484375,-0.120361328125,0.220703125,0.000341796874999994,0.120703125,Terrain/Ground_0_-1/Collision,Terrain/Ground_0_-1/Collision
road,LandDetails/Trail_Crownreach,Model/Trail_Crownreach:triangle1820:sample1,13.789701461792,17.1861801147461,-93.017448425293,17.0859375,16.96337890625,-0.12255859375,0.222801208496094,0.000242614746093744,0.122801208496094,Terrain/Ground_0_-1/Collision,Terrain/Ground_0_-1/Collision
road,LandDetails/Trail_Crownreach,Model/Trail_Crownreach:triangle1820:sample2,13.0031805038452,17.0724601745605,-93.6203231811523,16.971923828125,16.856689453125,-0.115234375,0.215770721435547,0.000536346435546869,0.115770721435547,Terrain/Ground_0_-1/Collision,Terrain/Ground_0_-1/Collision
road,LandDetails/Trail_Crownreach,Model/Trail_Crownreach:triangle1820:sample3,13.886420249939,17.197660446167,-93.2482452392578,17.09716796875,16.974365234375,-0.122802734375,0.223295211791992,0.000492477416992182,0.123295211791992,Terrain/Ground_0_-1/Collision,Terrain/Ground_0_-1/Collision
road,LandDetails/Trail_Crownreach,Model/Trail_Crownreach:triangle1820:sample4,13.1514492034912,17.0951499938965,-93.3542022705078,16.994384765625,16.8779296875,-0.116455078125,0.217220306396484,0.000765228271484369,0.117220306396484,Terrain/Ground_0_-1/Collision,Terrain/Ground_0_-1/Collision
road,LandDetails/Trail_Crownreach,Model/Trail_Crownreach:triangle1820:sample5,13.2723503112793,17.1094989776611,-93.6427001953125,17.009033203125,16.891845703125,-0.1171875,0.217653274536133,0.000465774536132807,0.117653274536133,Terrain/Ground_0_-1/Collision,Terrain/Ground_0_-1/Collision
road,LandDetails/Trail_Crownreach,Model/Trail_Crownreach:triangle1820:sample6,14.2554998397827,17.2516479492188,-92.8890991210938,17.1513671875,17.02490234375,-0.12646484375,0.22674560546875,0.000280761718749994,0.12674560546875,Terrain/Ground_0_-1/Collision,Terrain/Ground_0_-1/Collision
road,LandDetails/Trail_Crownreach,Model/Trail_Crownreach:triangle1821:sample0,13.1518335342407,17.0867671966553,-94.378662109375,16.986083984375,16.871826171875,-0.1142578125,0.214941024780273,0.000683212280273432,0.114941024780273,Terrain/Ground_0_-1/Collision,Terrain/Ground_0_-1/Collision
road,LandDetails/Trail_Crownreach,Model/Trail_Crownreach:triangle1821:sample1,13.6416597366333,17.1584606170654,-93.8982391357422,17.05810546875,16.938720703125,-0.119384765625,0.21973991394043,0.000355148315429682,0.11973991394043,Terrain/Ground_0_-1/Collision,Terrain/Ground_0_-1/Collision
road,LandDetails/Trail_Crownreach,Model/Trail_Crownreach:triangle1821:sample2,12.7584199905396,17.033260345459,-94.2703170776367,16.9326171875,16.821044921875,-0.111572265625,0.212215423583984,0.000643157958984369,0.112215423583984,Terrain/Ground_0_-1/Collision,Terrain/Ground_0_-1/Collision
road,LandDetails/Trail_Crownreach,Model/Trail_Crownreach:triangle1821:sample3,13.055419921875,17.0685806274414,-94.9674377441406,16.96826171875,16.85546875,-0.11279296875,0.213111877441406,0.000318908691406244,0.113111877441406,Terrain/Ground_0_-1/Collision,Terrain/Ground_0_-1/Collision
road,LandDetails/Trail_Crownreach,Model/Trail_Crownreach:triangle1821:sample4,13.2723503112793,17.1094989776611,-93.6427001953125,17.009033203125,16.891845703125,-0.1171875,0.217653274536133,0.000465774536132807,0.117653274536133,Terrain/Ground_0_-1/Collision,Terrain/Ground_0_-1/Collision
road,LandDetails/Trail_Crownreach,Model/Trail_Crownreach:triangle1821:sample5,12.5395498275757,16.9971504211426,-94.9792022705078,16.896728515625,16.7880859375,-0.108642578125,0.209064483642578,0.000421905517578119,0.109064483642578,Terrain/Ground_0_-1/Collision,Terrain/Ground_0_-1/Collision
road,LandDetails/Trail_Crownreach,Model/Trail_Crownreach:triangle1821:sample6,13.6436004638672,17.1536483764648,-94.5140991210938,17.05322265625,16.935302734375,-0.117919921875,0.218345642089844,0.000425720214843744,0.118345642089844,Terrain/Ground_0_-1/Collision,Terrain/Ground_0_-1/Collision
road,LandDetails/Trail_Crownreach,Model/Trail_Crownreach:triangle1822:sample0,14.1345672607422,17.2205657958984,-94.6455993652344,17.1201171875,16.998779296875,-0.121337890625,0.221786499023438,0.000448608398437494,0.121786499023437,Terrain/Ground_0_-1/Collision,Terrain/Ground_0_-1/Collision
road,LandDetails/Trail_Crownreach,Model/Trail_Crownreach:triangle1822:sample1,14.2313003540039,17.2387409210205,-94.0583953857422,17.138427734375,17.0146484375,-0.123779296875,0.224092483520508,0.000313186645507807,0.124092483520508,Terrain/Ground_0_-1/Collision,Terrain/Ground_0_-1/Collision
road,LandDetails/Trail_Crownreach,Model/Trail_Crownreach:triangle1822:sample2,13.6450605392456,17.1488609313965,-95.1276016235352,17.04833984375,16.931640625,-0.11669921875,0.217220306396484,0.000521087646484369,0.117220306396484,Terrain/Ground_0_-1/Collision,Terrain/Ground_0_-1/Collision
road,LandDetails/Trail_Crownreach,Model/Trail_Crownreach:triangle1822:sample3,14.5273408889771,17.2740993499756,-94.7508087158203,17.173828125,17.04931640625,-0.12451171875,0.224782943725586,0.000271224975585932,0.124782943725586,Terrain/Ground_0_-1/Collision,Terrain/Ground_0_-1/Collision
road,LandDetails/Trail_Crownreach,Model/Trail_Crownreach:triangle1822:sample4,13.6436004638672,17.1536483764648,-94.5140991210938,17.05322265625,16.935302734375,-0.117919921875,0.218345642089844,0.000425720214843744,0.118345642089844,Terrain/Ground_0_-1/Collision,Terrain/Ground_0_-1/Collision
road,LandDetails/Trail_Crownreach,Model/Trail_Crownreach:triangle1822:sample5,14.0136499404907,17.1978492736816,-95.3796005249023,17.097412109375,16.978271484375,-0.119140625,0.219577789306641,0.000437164306640619,0.119577789306641,Terrain/Ground_0_-1/Collision,Terrain/Ground_0_-1/Collision
road,LandDetails/Trail_Crownreach,Model/Trail_Crownreach:triangle1822:sample6,14.7464504241943,17.3101997375488,-94.043098449707,17.209716796875,17.082275390625,-0.12744140625,0.227924346923828,0.000482940673828119,0.127924346923828,Terrain/Ground_0_-1/Collision,Terrain/Ground_0_-1/Collision
road,LandDetails/Trail_Crownreach,Model/Trail_Crownreach:triangle1823:sample0,13.7486333847046,17.1578998565674,-95.7760620117188,17.057373046875,16.941162109375,-0.1162109375,0.216737747192383,0.000526809692382807,0.116737747192383,Terrain/Ground_0_-1/Collision,Terrain/Ground_0_-1/Collision
road,LandDetails/Trail_Crownreach,Model/Trail_Crownreach:triangle1823:sample1,14.2957801818848,17.236499786377,-95.4290771484375,17.135986328125,17.014892578125,-0.12109375,0.221607208251953,0.000513458251953119,0.121607208251953,Terrain/Ground_0_-1/Collision,Terrain/Ground_0_-1/Collision
road,LandDetails/Trail_Crownreach,Model/Trail_Crownreach:triangle1823:sample2,13.4134998321533,17.1112594604492,-95.8058776855469,17.010986328125,16.8974609375,-0.113525390625,0.213798522949219,0.000273132324218744,0.113798522949219,Terrain/Ground_0_-1/Collision,Terrain/Ground_0_-1/Collision
road,LandDetails/Trail_Crownreach,Model/Trail_Crownreach:triangle1823:sample3,13.5366201400757,17.1259384155273,-96.0932464599609,17.025634765625,16.911865234375,-0.11376953125,0.214073181152344,0.000303649902343744,0.114073181152344,Terrain/Ground_0_-1/Collision,Terrain/Ground_0_-1/Collision
road,LandDetails/Trail_Crownreach,Model/Trail_Crownreach:triangle1823:sample4,14.0136499404907,17.1978492736816,-95.3796005249023,17.097412109375,16.978271484375,-0.119140625,0.219577789306641,0.000437164306640619,0.119577789306641,Terrain/Ground_0_-1/Collision,Terrain/Ground_0_-1/Collision
road,LandDetails/Trail_Crownreach,Model/Trail_Crownreach:triangle1823:sample5,13.0646991729736,17.0596504211426,-96.2098007202148,16.959228515625,16.849365234375,-0.10986328125,0.210285186767578,0.000421905517578119,0.110285186767578,Terrain/Ground_0_-1/Collision,Terrain/Ground_0_-1/Collision
road,LandDetails/Trail_Crownreach,Model/Trail_Crownreach:triangle1823:sample6,14.1675491333008,17.2161979675293,-95.7388000488281,17.11572265625,16.99658203125,-0.119140625,0.219615936279297,0.000475311279296869,0.119615936279297,Terrain/Ground_0_-1/Collision,Terrain/Ground_0_-1/Collision
road,LandDetails/Trail_Crownreach,Model/Trail_Crownreach:triangle1824:sample0,14.7362661361694,17.2922306060791,-96.0547714233398,17.19189453125,17.06884765625,-0.123046875,0.223382949829102,0.000336074829101557,0.123382949829102,Terrain/Ground_0_-1/Collision,Terrain/Ground_0_-1/Collision
road,LandDetails/Trail_Crownreach,Model/Trail_Crownreach:triangle1824:sample1,14.8883600234985,17.3170986175537,-95.596305847168,17.216552734375,17.091552734375,-0.125,0.225545883178711,0.000545883178710932,0.125545883178711,Terrain/Ground_0_-1/Collision,Terrain/Ground_0_-1/Collision
road,LandDetails/Trail_Crownreach,Model/Trail_Crownreach:triangle1824:sample2,14.1291999816895,17.2065391540527,-96.2604675292969,17.10595703125,16.98828125,-0.11767578125,0.218257904052734,0.000582122802734369,0.118257904052734,Terrain/Ground_0_-1/Collision,Terrain/Ground_0_-1/Collision
road,LandDetails/Trail_Crownreach,Model/Trail_Crownreach:triangle1824:sample3,15.1912393569946,17.3530597686768,-96.3075408935547,17.252685546875,17.12646484375,-0.126220703125,0.226594924926758,0.000374221801757807,0.126594924926758,Terrain/Ground_0_-1/Collision,Terrain/Ground_0_-1/Collision
road,LandDetails/Trail_Crownreach,Model/Trail_Crownreach:triangle1824:sample4,14.1675491333008,17.2161979675293,-95.7388000488281,17.11572265625,16.99658203125,-0.119140625,0.219615936279297,0.000475311279296869,0.119615936279297,Terrain/Ground_0_-1/Collision,Terrain/Ground_0_-1/Collision
road,LandDetails/Trail_Crownreach,Model/Trail_Crownreach:triangle1824:sample5,14.5461492538452,17.2611503601074,-96.6278533935547,17.16064453125,17.04052734375,-0.1201171875,0.220623016357422,0.000505828857421869,0.120623016357422,Terrain/Ground_0_-1/Collision,Terrain/Ground_0_-1/Collision
road,LandDetails/Trail_Crownreach,Model/Trail_Crownreach:triangle1824:sample6,15.4951000213623,17.3993492126465,-95.7976531982422,17.298828125,17.16943359375,-0.12939453125,0.229915618896484,0.000521087646484369,0.129915618896484,Terrain/Ground_0_-1/Collision,Terrain/Ground_0_-1/Collision
road,LandDetails/Trail_Crownreach,Model/Trail_Crownreach:triangle1825:sample0,15.6220998764038,17.4144668579102,-96.0940017700195,17.314208984375,17.184326171875,-0.1298828125,0.230140686035156,0.000257873535156244,0.130140686035156,Terrain/Ground_0_-1/Collision,Terrain/Ground_0_-1/Collision
road,LandDetails/Trail_Crownreach,Model/Trail_Crownreach:triangle1825:sample1,15.4198608398438,17.3904399871826,-95.6198425292969,17.2900390625,17.16064453125,-0.12939453125,0.229795455932617,0.000400924682617182,0.129795455932617,Terrain/Ground_0_-1/Collision,Terrain/Ground_0_-1/Collision
road,LandDetails/Trail_Crownreach,Model/Trail_Crownreach:triangle1825:sample2,15.7227401733398,17.426399230957,-96.3310852050781,17.32568359375,17.196044921875,-0.129638671875,0.230354309082031,0.000715637207031244,0.130354309082031,Terrain/Ground_0_-1/Collision,Terrain/Ground_0_-1/Collision
road,LandDetails/Trail_Crownreach,Model/Trail_Crownreach:triangle1825:sample3,15.7237005233765,17.4265594482422,-96.3310852050781,17.325927734375,17.1962890625,-0.129638671875,0.230270385742188,0.000631713867187494,0.130270385742187,Terrain/Ground_0_-1/Collision,Terrain/Ground_0_-1/Collision
road,LandDetails/Trail_Crownreach,Model/Trail_Crownreach:triangle1825:sample4,15.4951000213623,17.3993492126465,-95.7976531982422,17.298828125,17.16943359375,-0.12939453125,0.229915618896484,0.000521087646484369,0.129915618896484,Terrain/Ground_0_-1/Collision,Terrain/Ground_0_-1/Collision
road,LandDetails/Trail_Crownreach,Model/Trail_Crownreach:triangle1825:sample5,15.8748989105225,17.4444999694824,-96.6866989135742,17.34375,17.21435546875,-0.12939453125,0.230144500732422,0.000749969482421869,0.130144500732422,Terrain/Ground_0_-1/Collision,Terrain/Ground_0_-1/Collision
road,LandDetails/Trail_Crownreach,Model/Trail_Crownreach:triangle1825:sample6,15.4962997436523,17.3995494842529,-95.7976531982422,17.299072265625,17.169677734375,-0.12939453125,0.22987174987793,0.000477218627929682,0.12987174987793,Terrain/Ground_0_-1/Collision,Terrain/Ground_0_-1/Collision
road,LandDetails/Trail_Crownreach,Model/Trail_Crownreach:triangle1826:sample0,14.2534332275391,17.2051639556885,-96.9575729370117,17.104736328125,16.98828125,-0.116455078125,0.216882705688477,0.000427627563476557,0.116882705688477,Terrain/Ground_0_-1/Collision,Terrain/Ground_0_-1/Collision
road,LandDetails/Trail_Crownreach,Model/Trail_Crownreach:triangle1826:sample1,13.8394994735718,17.1542987823486,-96.8021392822266,17.053955078125,16.940185546875,-0.11376953125,0.214113235473633,0.000343704223632807,0.114113235473633,Terrain/Ground_0_-1/Collision,Terrain/Ground_0_-1/Collision
road,LandDetails/Trail_Crownreach,Model/Trail_Crownreach:triangle1826:sample2,14.0192594528198,17.16037940979,-97.2213439941406,17.060302734375,16.946533203125,-0.11376953125,0.213846206665039,7.66754150390569e-05,0.113846206665039,Terrain/Ground_0_-1/Collision,Terrain/Ground_0_-1/Collision
road,LandDetails/Trail_Crownreach,Model/Trail_Crownreach:triangle1826:sample3,14.901538848877,17.3008193969727,-96.8492202758789,17.200439453125,17.07861328125,-0.121826171875,0.222206115722656,0.000379943847656244,0.122206115722656,Terrain/Ground_0_-1/Collision,Terrain/Ground_0_-1/Collision
road,LandDetails/Trail_Crownreach,Model/Trail_Crownreach:triangle1826:sample4,13.4432992935181,17.0855979919434,-97.0930023193359,16.9853515625,16.87548828125,-0.10986328125,0.210109710693359,0.000246429443359369,0.110109710693359,Terrain/Ground_0_-1/Collision,Terrain/Ground_0_-1/Collision
road,LandDetails/Trail_Crownreach,Model/Trail_Crownreach:triangle1826:sample5,14.7708492279053,17.2687492370605,-97.1518478393555,17.16845703125,17.048828125,-0.11962890625,0.219921112060547,0.000292205810546869,0.119921112060547,Terrain/Ground_0_-1/Collision,Terrain/Ground_0_-1/Collision
road,LandDetails/Trail_Crownreach,Model/Trail_Crownreach:triangle1826:sample6,14.5461492538452,17.2611503601074,-96.6278533935547,17.16064453125,17.04052734375,-0.1201171875,0.220623016357422,0.000505828857421869,0.120623016357422,Terrain/Ground_0_-1/Collision,Terrain/Ground_0_-1/Collision
road,LandDetails/Trail_Crownreach,Model/Trail_Crownreach:triangle1827:sample0,15.3810987472534,17.3353652954102,-97.5659713745117,17.235107421875,17.1123046875,-0.122802734375,0.223060607910156,0.000257873535156244,0.123060607910156,Terrain/Ground_0_-1/Collision,Terrain/Ground_0_-1/Collision
road,LandDetails/Trail_Crownreach,Model/Trail_Crownreach:triangle1827:sample1,15.8692989349365,17.3886604309082,-97.8972549438477,17.28857421875,17.162841796875,-0.125732421875,0.225818634033203,8.62121582031194e-05,0.125818634033203,Terrain/Ground_0_-1/Collision,Terrain/Ground_0_-1/Collision
road,LandDetails/Trail_Crownreach,Model/Trail_Crownreach:triangle1827:sample2,15.5781393051147,17.3789405822754,-97.2142562866211,17.278564453125,17.15283203125,-0.125732421875,0.226108551025391,0.000376129150390619,0.126108551025391,Terrain/Ground_0_-1/Collision,Terrain/Ground_0_-1/Collision
road,LandDetails/Trail_Crownreach,Model/Trail_Crownreach:triangle1827:sample3,14.6958599090576,17.2384986877441,-97.5863800048828,17.138427734375,17.0205078125,-0.117919921875,0.217990875244141,7.09533691406194e-05,0.117990875244141,Terrain/Ground_0_-1/Collision,Terrain/Ground_0_-1/Collision
road,LandDetails/Trail_Crownreach,Model/Trail_Crownreach:triangle1827:sample4,16.2376480102539,17.456449508667,-97.5404510498047,17.35595703125,17.226318359375,-0.129638671875,0.230131149291992,0.000492477416992182,0.130131149291992,Terrain/Ground_0_-1/Collision,Terrain/Ground_0_-1/Collision
road,LandDetails/Trail_Crownreach,Model/Trail_Crownreach:triangle1827:sample5,14.7708492279053,17.2687492370605,-97.1518478393555,17.16845703125,17.048828125,-0.11962890625,0.219921112060547,0.000292205810546869,0.119921112060547,Terrain/Ground_0_-1/Collision,Terrain/Ground_0_-1/Collision
road,LandDetails/Trail_Crownreach,Model/Trail_Crownreach:triangle1827:sample6,15.1347990036011,17.2808990478516,-98.0055999755859,17.180908203125,17.060791015625,-0.1201171875,0.220108032226563,-9.15527343750555e-06,0.120108032226562,Terrain/Ground_0_-1/Collision,Terrain/Ground_0_-1/Collision
road,LandDetails/Trail_Crownreach,Model/Trail_Crownreach:triangle1828:sample0,14.9007329940796,17.2266998291016,-98.4805297851563,17.12646484375,17.01025390625,-0.1162109375,0.216445922851563,0.000234985351562494,0.116445922851562,Terrain/Ground_0_-1/Collision,Terrain/Ground_0_-1/Collision
road,LandDetails/Trail_Crownreach,Model/Trail_Crownreach:triangle1828:sample1,15.5810794830322,17.3234596252441,-98.4459991455078,17.223388671875,17.101806640625,-0.12158203125,0.221652984619141,7.09533691406194e-05,0.121652984619141,Terrain/Ground_0_-1/Collision,Terrain/Ground_0_-1/Collision
road,LandDetails/Trail_Crownreach,Model/Trail_Crownreach:triangle1828:sample2,14.4076404571533,17.1732997894287,-98.1351165771484,17.0732421875,16.959716796875,-0.113525390625,0.213582992553711,5.76019287109319e-05,0.113582992553711,Terrain/Ground_0_-1/Collision,Terrain/Ground_0_-1/Collision
road,LandDetails/Trail_Crownreach,Model/Trail_Crownreach:triangle1828:sample3,14.7134799957275,17.1833400726318,-98.860481262207,17.08349609375,16.9697265625,-0.11376953125,0.213613510131836,-0.000156021118164068,0.113613510131836,Terrain/Ground_0_-1/Collision,Terrain/Ground_0_-1/Collision
road,LandDetails/Trail_Crownreach,Model/Trail_Crownreach:triangle1828:sample4,15.1347990036011,17.2808990478516,-98.0055999755859,17.180908203125,17.060791015625,-0.1201171875,0.220108032226563,-9.15527343750555e-06,0.120108032226562,Terrain/Ground_0_-1/Collision,Terrain/Ground_0_-1/Collision
road,LandDetails/Trail_Crownreach,Model/Trail_Crownreach:triangle1828:sample5,14.0502996444702,17.105749130249,-98.5236968994141,17.005615234375,16.89599609375,-0.109619140625,0.209753036499023,0.000133895874023432,0.109753036499023,Terrain/Ground_0_-1/Collision,Terrain/Ground_0_-1/Collision
road,LandDetails/Trail_Crownreach,Model/Trail_Crownreach:triangle1828:sample6,15.5170993804932,17.2934494018555,-98.9122924804688,17.193115234375,17.07373046875,-0.119384765625,0.219718933105469,0.000334167480468744,0.119718933105469,Terrain/Ground_0_-1/Collision,Terrain/Ground_0_-1/Collision
road,LandDetails/Trail_Crownreach,Model/Trail_Crownreach:triangle1829:sample0,15.7743654251099,17.3334331512451,-98.825927734375,17.233154296875,17.111328125,-0.121826171875,0.222105026245117,0.000278854370117182,0.122105026245117,Terrain/Ground_0_-1/Collision,Terrain/Ground_0_-1/Collision
road,LandDetails/Trail_Crownreach,Model/Trail_Crownreach:triangle1829:sample1,16.1052589416504,17.3875007629395,-98.6532440185547,17.287353515625,17.162109375,-0.125244140625,0.225391387939453,0.000147247314453119,0.125391387939453,Terrain/Ground_0_-1/Collision,Terrain/Ground_0_-1/Collision
road,LandDetails/Trail_Crownreach,Model/Trail_Crownreach:triangle1829:sample2,15.23766040802,17.2473793029785,-99.0677185058594,17.147216796875,17.0302734375,-0.116943359375,0.217105865478516,0.000162506103515619,0.117105865478516,Terrain/Ground_0_-1/Collision,Terrain/Ground_0_-1/Collision
road,LandDetails/Trail_Crownreach,Model/Trail_Crownreach:triangle1829:sample3,15.9801807403564,17.3654193878174,-98.7568359375,17.26513671875,17.1416015625,-0.12353515625,0.223817825317383,0.000282669067382807,0.123817825317383,Terrain/Ground_0_-1/Collision,Terrain/Ground_0_-1/Collision
road,LandDetails/Trail_Crownreach,Model/Trail_Crownreach:triangle1829:sample4,15.5170993804932,17.2934494018555,-98.9122924804688,17.193115234375,17.07373046875,-0.119384765625,0.219718933105469,0.000334167480468744,0.119718933105469,Terrain/Ground_0_-1/Collision,Terrain/Ground_0_-1/Collision
road,LandDetails/Trail_Crownreach,Model/Trail_Crownreach:triangle1829:sample5,15.3607501983643,17.2658500671387,-99.0417938232422,17.16552734375,17.047607421875,-0.117919921875,0.218242645263672,0.000322723388671869,0.118242645263672,Terrain/Ground_0_-1/Collision,Terrain/Ground_0_-1/Collision
road,LandDetails/Trail_Crownreach,Model/Trail_Crownreach:triangle1829:sample6,16.4452495574951,17.4409980773926,-98.5236968994141,17.341552734375,17.213134765625,-0.12841796875,0.227863311767578,-0.000554656982421881,0.127863311767578,Terrain/Ground_0_-1/Collision,Terrain/Ground_0_-1/Collision
road,LandDetails/Trail_Crownreach,Model/Trail_Crownreach:triangle1830:sample0,15.1270666122437,17.2190990447998,-99.3518981933594,17.11865234375,17.003662109375,-0.114990234375,0.215436935424805,0.000446701049804682,0.115436935424805,Terrain/Ground_0_-1/Collision,Terrain/Ground_0_-1/Collision
road,LandDetails/Trail_Crownreach,Model/Trail_Crownreach:triangle1830:sample1,15.5918006896973,17.2968196868896,-99.0724258422852,17.196533203125,17.076904296875,-0.11962890625,0.219915390014648,0.000286483764648432,0.119915390014648,Terrain/Ground_0_-1/Collision,Terrain/Ground_0_-1/Collision
road,LandDetails/Trail_Crownreach,Model/Trail_Crownreach:triangle1830:sample2,14.8492803573608,17.1787796020508,-99.3833084106445,17.07861328125,16.9658203125,-0.11279296875,0.212959289550781,0.000166320800781244,0.112959289550781,Terrain/Ground_0_-1/Collision,Terrain/Ground_0_-1/Collision
road,LandDetails/Trail_Crownreach,Model/Trail_Crownreach:triangle1830:sample3,14.9401206970215,17.1816997528076,-99.599983215332,17.081787109375,16.96875,-0.113037109375,0.212949752807617,-8.73565673828181e-05,0.112949752807617,Terrain/Ground_0_-1/Collision,Terrain/Ground_0_-1/Collision
road,LandDetails/Trail_Crownreach,Model/Trail_Crownreach:triangle1830:sample4,15.3607501983643,17.2658500671387,-99.0417938232422,17.16552734375,17.047607421875,-0.117919921875,0.218242645263672,0.000322723388671869,0.118242645263672,Terrain/Ground_0_-1/Collision,Terrain/Ground_0_-1/Collision
road,LandDetails/Trail_Crownreach,Model/Trail_Crownreach:triangle1830:sample5,14.5461502075195,17.1219482421875,-99.7012481689453,17.021728515625,16.912353515625,-0.109375,0.2095947265625,0.000219726562499994,0.1095947265625,Terrain/Ground_0_-1/Collision,Terrain/Ground_0_-1/Collision
road,LandDetails/Trail_Crownreach,Model/Trail_Crownreach:triangle1830:sample6,15.4743003845215,17.2694988250732,-99.3126525878906,17.169677734375,17.051513671875,-0.1181640625,0.217985153198242,-0.000178909301757818,0.117985153198242,Terrain/Ground_0_-1/Collision,Terrain/Ground_0_-1/Collision
road,LandDetails/Trail_Crownreach,Model/Trail_Crownreach:triangle1831:sample0,16.5120334625244,17.4570980072021,-98.5158309936523,17.357421875,17.228515625,-0.12890625,0.228582382202148,-0.000323867797851568,0.128582382202148,Terrain/Ground_0_-1/Collision,Terrain/Ground_0_-1/Collision
road,LandDetails/Trail_Crownreach,Model/Trail_Crownreach:triangle1831:sample1,16.5478591918945,17.4617004394531,-98.4671783447266,17.362060546875,17.232421875,-0.129638671875,0.229278564453125,-0.000360107421875006,0.129278564453125,Terrain/Ground_0_-1/Collision,Terrain/Ground_0_-1/Collision
road,LandDetails/Trail_Crownreach,Model/Trail_Crownreach:triangle1831:sample2,16.4227809906006,17.4396209716797,-98.5707778930664,17.340087890625,17.212158203125,-0.1279296875,0.227462768554688,-0.000466918945312506,0.127462768554687,Terrain/Ground_0_-1/Collision,Terrain/Ground_0_-1/Collision
road,LandDetails/Trail_Crownreach,Model/Trail_Crownreach:triangle1831:sample3,16.5654602050781,17.4699783325195,-98.5095367431641,17.370361328125,17.24072265625,-0.129638671875,0.229255676269531,-0.000382995605468756,0.129255676269531,Terrain/Ground_0_-1/Collision,Terrain/Ground_0_-1/Collision
road,LandDetails/Trail_Crownreach,Model/Trail_Crownreach:triangle1831:sample4,16.4452495574951,17.4409980773926,-98.5236968994141,17.341552734375,17.213134765625,-0.12841796875,0.227863311767578,-0.000554656982421881,0.127863311767578,Terrain/Ground_0_-1/Collision,Terrain/Ground_0_-1/Collision
road,LandDetails/Trail_Crownreach,Model/Trail_Crownreach:triangle1831:sample5,16.4672508239746,17.4513492584229,-98.5766448974609,17.3515625,17.22314453125,-0.12841796875,0.228204727172852,-0.000213241577148443,0.128204727172852,Terrain/Ground_0_-1/Collision,Terrain/Ground_0_-1/Collision
road,LandDetails/Trail_Crownreach,Model/Trail_Crownreach:triangle1831:sample6,16.6236000061035,17.4789505004883,-98.4471435546875,17.379150390625,17.248779296875,-0.13037109375,0.230171203613281,-0.000199890136718756,0.130171203613281,Terrain/Ground_0_-1/Collision,Terrain/Ground_0_-1/Collision
road,LandDetails/Trail_Crownreach,Model/Trail_Crownreach:triangle1832:sample0,15.8647336959839,17.3427658081055,-99.0418014526367,17.2431640625,17.120849609375,-0.122314453125,0.221916198730469,-0.000398254394531256,0.121916198730469,Terrain/Ground_0_-1/Collision,Terrain/Ground_0_-1/Collision
road,LandDetails/Trail_Crownreach,Model/Trail_Crownreach:triangle1832:sample1,16.1770801544189,17.4013786315918,-98.8251266479492,17.3017578125,17.176025390625,-0.125732421875,0.225353240966797,-0.000379180908203131,0.125353240966797,Terrain/Ground_0_-1/Collision,Terrain/Ground_0_-1/Collision
road,LandDetails/Trail_Crownreach,Model/Trail_Crownreach:triangle1832:sample2,16.0343990325928,17.3710193634033,-98.886360168457,17.271728515625,17.1474609375,-0.124267578125,0.22355842590332,-0.000709152221679693,0.12355842590332,Terrain/Ground_0_-1/Collision,Terrain/Ground_0_-1/Collision
road,LandDetails/Trail_Crownreach,Model/Trail_Crownreach:triangle1832:sample3,15.3827199935913,17.2558994293213,-99.4139251708984,17.156005859375,17.038818359375,-0.1171875,0.217081069946289,-0.000106430053710943,0.117081069946289,Terrain/Ground_0_-1/Collision,Terrain/Ground_0_-1/Collision
road,LandDetails/Trail_Crownreach,Model/Trail_Crownreach:triangle1832:sample4,16.4672508239746,17.4513492584229,-98.5766448974609,17.3515625,17.22314453125,-0.12841796875,0.228204727172852,-0.000213241577148443,0.128204727172852,Terrain/Ground_0_-1/Collision,Terrain/Ground_0_-1/Collision
road,LandDetails/Trail_Crownreach,Model/Trail_Crownreach:triangle1832:sample5,15.4743003845215,17.2694988250732,-99.3126525878906,17.169677734375,17.051513671875,-0.1181640625,0.217985153198242,-0.000178909301757818,0.117985153198242,Terrain/Ground_0_-1/Collision,Terrain/Ground_0_-1/Collision
road,LandDetails/Trail_Crownreach,Model/Trail_Crownreach:triangle1832:sample6,15.6526489257813,17.3074493408203,-99.2360992431641,17.207763671875,17.08740234375,-0.120361328125,0.220046997070313,-0.000314331054687506,0.120046997070312,Terrain/Ground_0_-1/Collision,Terrain/Ground_0_-1/Collision
road,LandDetails/Trail_Crownreach,Model/Trail_Crownreach:triangle1833:sample0,15.8753004074097,17.4445667266846,-96.6866989135742,17.343994140625,17.21435546875,-0.129638671875,0.23021125793457,0.000572586059570307,0.13021125793457,Terrain/Ground_0_-1/Collision,Terrain/Ground_0_-1/Collision
road,LandDetails/Trail_Crownreach,Model/Trail_Crownreach:triangle1833:sample1,15.8756198883057,17.4446201324463,-96.6866989135742,17.343994140625,17.21435546875,-0.129638671875,0.230264663696289,0.000625991821289057,0.130264663696289,Terrain/Ground_0_-1/Collision,Terrain/Ground_0_-1/Collision
road,LandDetails/Trail_Crownreach,Model/Trail_Crownreach:triangle1833:sample2,15.8756198883057,17.4446201324463,-96.6866989135742,17.343994140625,17.21435546875,-0.129638671875,0.230264663696289,0.000625991821289057,0.130264663696289,Terrain/Ground_0_-1/Collision,Terrain/Ground_0_-1/Collision
road,LandDetails/Trail_Crownreach,Model/Trail_Crownreach:triangle1833:sample3,15.874659538269,17.4444599151611,-96.6866989135742,17.34375,17.21435546875,-0.12939453125,0.230104446411133,0.000709915161132807,0.130104446411133,Terrain/Ground_0_-1/Collision,Terrain/Ground_0_-1/Collision
road,LandDetails/Trail_Crownreach,Model/Trail_Crownreach:triangle1833:sample4,15.8760995864868,17.4447002410889,-96.6866989135742,17.343994140625,17.21435546875,-0.129638671875,0.230344772338867,0.000706100463867182,0.130344772338867,Terrain/Ground_0_-1/Collision,Terrain/Ground_0_-1/Collision
road,LandDetails/Trail_Crownreach,Model/Trail_Crownreach:triangle1833:sample5,15.8748989105225,17.4444999694824,-96.6866989135742,17.34375,17.21435546875,-0.12939453125,0.230144500732422,0.000749969482421869,0.130144500732422,Terrain/Ground_0_-1/Collision,Terrain/Ground_0_-1/Collision
road,LandDetails/Trail_Crownreach,Model/Trail_Crownreach:triangle1833:sample6,15.8748989105225,17.4444999694824,-96.6866989135742,17.34375,17.21435546875,-0.12939453125,0.230144500732422,0.000749969482421869,0.130144500732422,Terrain/Ground_0_-1/Collision,Terrain/Ground_0_-1/Collision
road,LandDetails/Trail_Crownreach,Model/Trail_Crownreach:triangle1834:sample0,16.1171321868896,17.4525318145752,-97.2558670043945,17.35205078125,17.22216796875,-0.1298828125,0.230363845825195,0.000481033325195307,0.130363845825195,Terrain/Ground_0_-1/Collision,Terrain/Ground_0_-1/Collision
road,LandDetails/Trail_Crownreach,Model/Trail_Crownreach:triangle1834:sample1,16.3109188079834,17.4589595794678,-97.7111968994141,17.358642578125,17.22900390625,-0.129638671875,0.229955673217773,0.000317001342773432,0.129955673217773,Terrain/Ground_0_-1/Collision,Terrain/Ground_0_-1/Collision
road,LandDetails/Trail_Crownreach,Model/Trail_Crownreach:triangle1834:sample2,16.0207214355469,17.4493999481201,-97.0281982421875,17.348876953125,17.218994140625,-0.1298828125,0.230405807495117,0.000522994995117182,0.130405807495117,Terrain/Ground_0_-1/Collision,Terrain/Ground_0_-1/Collision
road,LandDetails/Trail_Crownreach,Model/Trail_Crownreach:triangle1834:sample3,16.0197601318359,17.449239730835,-97.0281982421875,17.3486328125,17.218994140625,-0.129638671875,0.230245590209961,0.000606918334960932,0.130245590209961,Terrain/Ground_0_-1/Collision,Terrain/Ground_0_-1/Collision
road,LandDetails/Trail_Crownreach,Model/Trail_Crownreach:triangle1834:sample4,16.2388496398926,17.4566497802734,-97.5404510498047,17.356201171875,17.2265625,-0.129638671875,0.230087280273438,0.000448608398437494,0.130087280273437,Terrain/Ground_0_-1/Collision,Terrain/Ground_0_-1/Collision
road,LandDetails/Trail_Crownreach,Model/Trail_Crownreach:triangle1834:sample5,15.8748989105225,17.4444999694824,-96.6866989135742,17.34375,17.21435546875,-0.12939453125,0.230144500732422,0.000749969482421869,0.130144500732422,Terrain/Ground_0_-1/Collision,Terrain/Ground_0_-1/Collision
road,LandDetails/Trail_Crownreach,Model/Trail_Crownreach:triangle1834:sample6,16.2376480102539,17.456449508667,-97.5404510498047,17.35595703125,17.226318359375,-0.129638671875,0.230131149291992,0.000492477416992182,0.130131149291992,Terrain/Ground_0_-1/Collision,Terrain/Ground_0_-1/Collision
road,LandDetails/Trail_Crownreach,Model/Trail_Crownreach:triangle1835:sample0,15.3737993240356,17.271598815918,-99.6070327758789,17.171875,17.054443359375,-0.117431640625,0.217155456542969,-0.000276184082031256,0.117155456542969,Terrain/Ground_0_-1/Collision,Terrain/Ground_0_-1/Collision
road,LandDetails/Trail_Crownreach,Model/Trail_Crownreach:triangle1835:sample1,15.8825197219849,17.358678817749,-99.1642608642578,17.259033203125,17.13623046875,-0.122802734375,0.222448348999023,-0.000354385375976568,0.122448348999023,Terrain/Ground_0_-1/Collision,Terrain/Ground_0_-1/Collision
road,LandDetails/Trail_Crownreach,Model/Trail_Crownreach:triangle1835:sample2,15.0881595611572,17.2131996154785,-99.753059387207,17.11328125,16.9990234375,-0.1142578125,0.214176177978516,-8.16345214843806e-05,0.114176177978516,Terrain/Ground_0_-1/Collision,Terrain/Ground_0_-1/Collision
road,LandDetails/Trail_Crownreach,Model/Trail_Crownreach:triangle1835:sample3,15.1507196426392,17.242919921875,-99.9037857055664,17.1435546875,17.02783203125,-0.11572265625,0.215087890625,-0.000634765625000006,0.115087890625,Terrain/Ground_0_-1/Collision,Terrain/Ground_0_-1/Collision
road,LandDetails/Trail_Crownreach,Model/Trail_Crownreach:triangle1835:sample4,15.6526489257813,17.3074493408203,-99.2360992431641,17.207763671875,17.08740234375,-0.120361328125,0.220046997070313,-0.000314331054687506,0.120046997070312,Terrain/Ground_0_-1/Collision,Terrain/Ground_0_-1/Collision
road,LandDetails/Trail_Crownreach,Model/Trail_Crownreach:triangle1835:sample5,14.7378997802734,17.1627502441406,-100.160499572754,17.06298828125,16.9521484375,-0.11083984375,0.210601806640625,-0.000238037109375006,0.110601806640625,Terrain/Ground_0_-1/Collision,Terrain/Ground_0_-1/Collision
road,LandDetails/Trail_Crownreach,Model/Trail_Crownreach:triangle1835:sample6,15.7308492660522,17.3446006774902,-99.4244995117188,17.2451171875,17.123779296875,-0.121337890625,0.220821380615234,-0.000516510009765631,0.120821380615234,Terrain/Ground_0_-1/Collision,Terrain/Ground_0_-1/Collision
road,LandDetails/Trail_Crownreach,Model/Trail_Crownreach:triangle1836:sample0,16.164400100708,17.45436668396,-99.4264602661133,17.355224609375,17.228515625,-0.126708984375,0.225851058959961,-0.000857925415039068,0.125851058959961,Terrain/Ground_0_-1/Collision,Terrain/Ground_0_-1/Collision
road,LandDetails/Trail_Crownreach,Model/Trail_Crownreach:triangle1836:sample1,16.3568801879883,17.4683399200439,-99.0559234619141,17.368896484375,17.24072265625,-0.128173828125,0.227617263793945,-0.000556564331054693,0.127617263793945,Terrain/Ground_0_-1/Collision,Terrain/Ground_0_-1/Collision
road,LandDetails/Trail_Crownreach,Model/Trail_Crownreach:triangle1836:sample2,15.6250801086426,17.3525810241699,-99.7954406738281,17.2529296875,17.132080078125,-0.120849609375,0.220500946044922,-0.000348663330078131,0.120500946044922,Terrain/Ground_0_-1/Collision,Terrain/Ground_0_-1/Collision
road,LandDetails/Trail_Crownreach,Model/Trail_Crownreach:triangle1836:sample3,16.5112400054932,17.542179107666,-99.4280395507813,17.44287109375,17.312255859375,-0.130615234375,0.229923248291016,-0.000691986083984381,0.129923248291016,Terrain/Ground_0_-1/Collision,Terrain/Ground_0_-1/Collision
road,LandDetails/Trail_Crownreach,Model/Trail_Crownreach:triangle1836:sample4,15.7308492660522,17.3446006774902,-99.4244995117188,17.2451171875,17.123779296875,-0.121337890625,0.220821380615234,-0.000516510009765631,0.120821380615234,Terrain/Ground_0_-1/Collision,Terrain/Ground_0_-1/Collision
road,LandDetails/Trail_Crownreach,Model/Trail_Crownreach:triangle1836:sample5,15.9237995147705,17.4368991851807,-99.8896484375,17.33740234375,17.213134765625,-0.124267578125,0.223764419555664,-0.000503158569335943,0.123764419555664,Terrain/Ground_0_-1/Collision,Terrain/Ground_0_-1/Collision
road,LandDetails/Trail_Crownreach,Model/Trail_Crownreach:triangle1836:sample6,16.838550567627,17.581600189209,-98.9652481079102,17.482177734375,17.3486328125,-0.133544921875,0.232967376708984,-0.000577545166015631,0.132967376708984,Terrain/Ground_0_-1/Collision,Terrain/Ground_0_-1/Collision
road,LandDetails/Trail_Crownreach,Model/Trail_Crownreach:triangle1837:sample0,15.6823663711548,17.4191665649414,-100.352836608887,17.319580078125,17.197509765625,-0.1220703125,0.221656799316406,-0.000413513183593756,0.121656799316406,Terrain/Ground_0_-1/Collision,Terrain/Ground_0_-1/Collision
road,LandDetails/Trail_Crownreach,Model/Trail_Crownreach:triangle1837:sample1,16.2220211029053,17.5210590362549,-99.9838562011719,17.421630859375,17.29345703125,-0.128173828125,0.227602005004883,-0.000571823120117193,0.127602005004883,Terrain/Ground_0_-1/Collision,Terrain/Ground_0_-1/Collision
road,LandDetails/Trail_Crownreach,Model/Trail_Crownreach:triangle1837:sample2,15.3358592987061,17.3314590454102,-100.351257324219,17.232177734375,17.114013671875,-0.1181640625,0.217445373535156,-0.000718688964843756,0.117445373535156,Terrain/Ground_0_-1/Collision,Terrain/Ground_0_-1/Collision
road,LandDetails/Trail_Crownreach,Model/Trail_Crownreach:triangle1837:sample3,15.4892206192017,17.4049797058105,-100.72338104248,17.3056640625,17.185302734375,-0.120361328125,0.219676971435547,-0.000684356689453131,0.119676971435547,Terrain/Ground_0_-1/Collision,Terrain/Ground_0_-1/Collision
road,LandDetails/Trail_Crownreach,Model/Trail_Crownreach:triangle1837:sample4,15.9237995147705,17.4368991851807,-99.8896484375,17.33740234375,17.213134765625,-0.124267578125,0.223764419555664,-0.000503158569335943,0.123764419555664,Terrain/Ground_0_-1/Collision,Terrain/Ground_0_-1/Collision
road,LandDetails/Trail_Crownreach,Model/Trail_Crownreach:triangle1837:sample5,15.0077991485596,17.2917995452881,-100.81404876709,17.1923828125,17.077392578125,-0.114990234375,0.214406967163086,-0.000583267211914068,0.114406967163086,Terrain/Ground_0_-1/Collision,Terrain/Ground_0_-1/Collision
road,LandDetails/Trail_Crownreach,Model/Trail_Crownreach:triangle1837:sample6,16.11549949646,17.5287990570068,-100.354797363281,17.429443359375,17.30224609375,-0.127197265625,0.226552963256836,-0.000644302368164068,0.126552963256836,Terrain/Ground_0_-1/Collision,Terrain/Ground_0_-1/Collision
road,LandDetails/Trail_Crownreach,Model/Trail_Crownreach:triangle1838:sample0,16.5502986907959,17.639066696167,-100.356758117676,17.53955078125,17.4072265625,-0.13232421875,0.231840133666992,-0.000484085083007818,0.131840133666992,Terrain/Ground_0_-1/Collision,Terrain/Ground_0_-1/Collision
road,LandDetails/Trail_Crownreach,Model/Trail_Crownreach:triangle1838:sample1,16.7427806854248,17.6529998779297,-99.9862213134766,17.553466796875,17.41943359375,-0.134033203125,0.233566284179688,-0.000466918945312506,0.133566284179687,Terrain/Ground_0_-1/Collision,Terrain/Ground_0_-1/Collision
road,LandDetails/Trail_Crownreach,Model/Trail_Crownreach:triangle1838:sample2,16.0099811553955,17.5369186401367,-100.725738525391,17.437255859375,17.31103515625,-0.126220703125,0.225883483886719,-0.000337219238281256,0.125883483886719,Terrain/Ground_0_-1/Collision,Terrain/Ground_0_-1/Collision
road,LandDetails/Trail_Crownreach,Model/Trail_Crownreach:triangle1838:sample3,16.8981399536133,17.7272796630859,-100.358337402344,17.627685546875,17.491455078125,-0.13623046875,0.235824584960938,-0.000405883789062506,0.135824584960937,Terrain/Ground_0_-1/Collision,Terrain/Ground_0_-1/Collision
road,LandDetails/Trail_Crownreach,Model/Trail_Crownreach:triangle1838:sample4,16.11549949646,17.5287990570068,-100.354797363281,17.429443359375,17.30224609375,-0.127197265625,0.226552963256836,-0.000644302368164068,0.126552963256836,Terrain/Ground_0_-1/Collision,Terrain/Ground_0_-1/Collision
road,LandDetails/Trail_Crownreach,Model/Trail_Crownreach:triangle1838:sample5,16.309700012207,17.6216506958008,-100.819946289063,17.52197265625,17.391845703125,-0.130126953125,0.229804992675781,-0.000321960449218756,0.129804992675781,Terrain/Ground_0_-1/Collision,Terrain/Ground_0_-1/Collision
road,LandDetails/Trail_Crownreach,Model/Trail_Crownreach:triangle1838:sample6,17.225700378418,17.7667503356934,-99.8955459594727,17.667236328125,17.527587890625,-0.1396484375,0.239162445068359,-0.000485992431640631,0.139162445068359,Terrain/Ground_0_-1/Collision,Terrain/Ground_0_-1/Collision
road,LandDetails/Trail_Crownreach,Model/Trail_Crownreach:triangle1839:sample0,16.0674667358398,17.6037998199463,-101.283134460449,17.504150390625,17.3759765625,-0.128173828125,0.227823257446289,-0.000350570678710943,0.127823257446289,Terrain/Ground_0_-1/Collision,Terrain/Ground_0_-1/Collision
road,LandDetails/Trail_Crownreach,Model/Trail_Crownreach:triangle1839:sample1,16.6084384918213,17.7061195373535,-100.914161682129,17.6064453125,17.472412109375,-0.134033203125,0.233707427978516,-0.000325775146484381,0.133707427978516,Terrain/Ground_0_-1/Collision,Terrain/Ground_0_-1/Collision
road,LandDetails/Trail_Crownreach,Model/Trail_Crownreach:triangle1839:sample2,15.7202806472778,17.5157604217529,-101.281562805176,17.416259765625,17.292236328125,-0.1240234375,0.22352409362793,-0.000499343872070318,0.12352409362793,Terrain/Ground_0_-1/Collision,Terrain/Ground_0_-1/Collision
road,LandDetails/Trail_Crownreach,Model/Trail_Crownreach:triangle1839:sample3,15.8736801147461,17.5895195007324,-101.653678894043,17.489990234375,17.363525390625,-0.12646484375,0.225994110107422,-0.000470733642578131,0.125994110107422,Terrain/Ground_0_-1/Collision,Terrain/Ground_0_-1/Collision
road,LandDetails/Trail_Crownreach,Model/Trail_Crownreach:triangle1839:sample4,16.309700012207,17.6216506958008,-100.819946289063,17.52197265625,17.391845703125,-0.130126953125,0.229804992675781,-0.000321960449218756,0.129804992675781,Terrain/Ground_0_-1/Collision,Terrain/Ground_0_-1/Collision
road,LandDetails/Trail_Crownreach,Model/Trail_Crownreach:triangle1839:sample5,15.3912496566772,17.4758987426758,-101.744346618652,17.37646484375,17.255615234375,-0.120849609375,0.220283508300781,-0.000566101074218756,0.120283508300781,Terrain/Ground_0_-1/Collision,Terrain/Ground_0_-1/Collision
road,LandDetails/Trail_Crownreach,Model/Trail_Crownreach:triangle1839:sample6,16.5014495849609,17.7138500213623,-101.285095214844,17.614013671875,17.480712890625,-0.13330078125,0.233137130737305,-0.000163650512695318,0.133137130737305,Terrain/Ground_0_-1/Collision,Terrain/Ground_0_-1/Collision
road,LandDetails/Trail_Crownreach,Model/Trail_Crownreach:triangle1840:sample0,16.9362335205078,17.824499130249,-101.290962219238,17.724365234375,17.586181640625,-0.13818359375,0.238317489624023,0.000133895874023432,0.138317489624023,Terrain/Ground_0_-1/Collision,Terrain/Ground_0_-1/Collision
road,LandDetails/Trail_Crownreach,Model/Trail_Crownreach:triangle1840:sample1,17.1296997070313,17.8385410308838,-100.918853759766,17.73876953125,17.5986328125,-0.14013671875,0.239908218383789,-0.000228500366210943,0.139908218383789,Terrain/Ground_0_-1/Collision,Terrain/Ground_0_-1/Collision
road,LandDetails/Trail_Crownreach,Model/Trail_Crownreach:triangle1840:sample2,16.3949394226074,17.7219409942627,-101.658386230469,17.622314453125,17.489501953125,-0.1328125,0.232439041137695,-0.000373458862304693,0.132439041137695,Terrain/Ground_0_-1/Collision,Terrain/Ground_0_-1/Collision
road,LandDetails/Trail_Crownreach,Model/Trail_Crownreach:triangle1840:sample3,17.2840595245361,17.9130210876465,-101.295654296875,17.813232421875,17.670654296875,-0.142578125,0.242366790771484,-0.000211334228515631,0.142366790771484,Terrain/Ground_0_-1/Collision,Terrain/Ground_0_-1/Collision
road,LandDetails/Trail_Crownreach,Model/Trail_Crownreach:triangle1840:sample4,16.5014495849609,17.7138500213623,-101.285095214844,17.614013671875,17.480712890625,-0.13330078125,0.233137130737305,-0.000163650512695318,0.133137130737305,Terrain/Ground_0_-1/Collision,Terrain/Ground_0_-1/Collision
road,LandDetails/Trail_Crownreach,Model/Trail_Crownreach:triangle1840:sample5,16.6943988800049,17.8069496154785,-101.75609588623,17.706787109375,17.57080078125,-0.135986328125,0.236148834228516,0.000162506103515619,0.136148834228516,Terrain/Ground_0_-1/Collision,Terrain/Ground_0_-1/Collision
road,LandDetails/Trail_Crownreach,Model/Trail_Crownreach:triangle1840:sample6,17.612850189209,17.9526996612549,-100.831695556641,17.8525390625,17.707275390625,-0.145263671875,0.245424270629883,0.000160598754882807,0.145424270629883,Terrain/Ground_0_-1/Collision,Terrain/Ground_0_-1/Collision
road,LandDetails/Trail_Crownreach,Model/Trail_Crownreach:triangle1841:sample0,17.3205318450928,18.0105667114258,-102.240821838379,17.910400390625,17.7666015625,-0.143798828125,0.243965148925781,0.000166320800781244,0.143965148925781,Terrain/Ground_0_-1/Collision,Terrain/Ground_0_-1/Collision
road,LandDetails/Trail_Crownreach,Model/Trail_Crownreach:triangle1841:sample1,17.5146408081055,18.0246601104736,-101.865577697754,17.924560546875,17.779052734375,-0.1455078125,0.245607376098633,9.95635986328069e-05,0.145607376098633,Terrain/Ground_0_-1/Collision,Terrain/Ground_0_-1/Collision
road,LandDetails/Trail_Crownreach,Model/Trail_Crownreach:triangle1841:sample2,16.777961730957,17.9075012207031,-102.605102539063,17.8076171875,17.66943359375,-0.13818359375,0.238067626953125,-0.000115966796875006,0.138067626953125,Terrain/Ground_0_-1/Collision,Terrain/Ground_0_-1/Collision
road,LandDetails/Trail_Crownreach,Model/Trail_Crownreach:triangle1841:sample3,17.6689987182617,18.0995407104492,-102.251815795898,17.999755859375,17.8515625,-0.148193359375,0.247978210449219,-0.000215148925781256,0.147978210449219,Terrain/Ground_0_-1/Collision,Terrain/Ground_0_-1/Collision
road,LandDetails/Trail_Crownreach,Model/Trail_Crownreach:triangle1841:sample4,16.8849487304688,17.8993492126465,-102.227096557617,17.79931640625,17.66015625,-0.13916015625,0.239192962646484,3.28063964843694e-05,0.139192962646484,Terrain/Ground_0_-1/Collision,Terrain/Ground_0_-1/Collision
road,LandDetails/Trail_Crownreach,Model/Trail_Crownreach:triangle1841:sample5,17.0778999328613,17.9929504394531,-102.709899902344,17.893310546875,17.751220703125,-0.14208984375,0.241729736328125,-0.000360107421875006,0.141729736328125,Terrain/Ground_0_-1/Collision,Terrain/Ground_0_-1/Collision
road,LandDetails/Trail_Crownreach,Model/Trail_Crownreach:triangle1841:sample6,17.9987487792969,18.1394004821777,-101.785491943359,18.039306640625,17.88818359375,-0.151123046875,0.251216888427734,9.38415527343694e-05,0.151216888427734,Terrain/Ground_0_-1/Collision,Terrain/Ground_0_-1/Collision
road,LandDetails/Trail_Crownreach,Model/Trail_Crownreach:triangle1842:sample0,16.8328323364258,17.9745998382568,-103.175025939941,17.874755859375,17.7353515625,-0.139404296875,0.239248275756836,-0.000156021118164068,0.139248275756836,Terrain/Ground_0_-1/Collision,Terrain/Ground_0_-1/Collision
road,LandDetails/Trail_Crownreach,Model/Trail_Crownreach:triangle1842:sample1,17.3763790130615,18.0779609680176,-102.812339782715,17.978271484375,17.83251953125,-0.145751953125,0.245441436767578,-0.000310516357421881,0.145441436767578,Terrain/Ground_0_-1/Collision,Terrain/Ground_0_-1/Collision
road,LandDetails/Trail_Crownreach,Model/Trail_Crownreach:triangle1842:sample2,16.4853401184082,17.8859195709229,-103.165618896484,17.785888671875,17.650390625,-0.135498046875,0.235528945922852,3.08990478515569e-05,0.135528945922852,Terrain/Ground_0_-1/Collision,Terrain/Ground_0_-1/Collision
road,LandDetails/Trail_Crownreach,Model/Trail_Crownreach:triangle1842:sample3,16.6367797851563,17.9599189758301,-103.547149658203,17.860107421875,17.721923828125,-0.13818359375,0.237995147705078,-0.000188446044921881,0.137995147705078,Terrain/Ground_0_-1/Collision,Terrain/Ground_0_-1/Collision
road,LandDetails/Trail_Crownreach,Model/Trail_Crownreach:triangle1842:sample4,17.0778999328613,17.9929504394531,-102.709899902344,17.893310546875,17.751220703125,-0.14208984375,0.241729736328125,-0.000360107421875006,0.141729736328125,Terrain/Ground_0_-1/Collision,Terrain/Ground_0_-1/Collision
road,LandDetails/Trail_Crownreach,Model/Trail_Crownreach:triangle1842:sample5,16.1534004211426,17.8453979492188,-103.628402709961,17.74560546875,17.613037109375,-0.132568359375,0.23236083984375,-0.000207519531250006,0.13236083984375,Terrain/Ground_0_-1/Collision,Terrain/Ground_0_-1/Collision
road,LandDetails/Trail_Crownreach,Model/Trail_Crownreach:triangle1842:sample6,17.2672004699707,18.08544921875,-103.186798095703,17.98583984375,17.8408203125,-0.14501953125,0.24462890625,-0.000390625000000006,0.14462890625,Terrain/Ground_0_-1/Collision,Terrain/Ground_0_-1/Collision
road,LandDetails/Trail_Crownreach,Model/Trail_Crownreach:triangle1843:sample0,17.7031993865967,18.1971340179443,-103.202491760254,18.097412109375,17.947265625,-0.150146484375,0.249868392944336,-0.000278091430664068,0.149868392944336,Terrain/Ground_0_-1/Collision,Terrain/Ground_0_-1/Collision
road,LandDetails/Trail_Crownreach,Model/Trail_Crownreach:triangle1843:sample1,17.8985996246338,18.2114791870117,-102.828819274902,18.11181640625,17.960205078125,-0.151611328125,0.251274108886719,-0.000337219238281256,0.151274108886719,Terrain/Ground_0_-1/Collision,Terrain/Ground_0_-1/Collision
road,LandDetails/Trail_Crownreach,Model/Trail_Crownreach:triangle1843:sample2,17.1590003967285,18.0934391021729,-103.563621520996,17.99365234375,17.849365234375,-0.144287109375,0.244073867797852,-0.000213241577148443,0.144073867797852,Terrain/Ground_0_-1/Collision,Terrain/Ground_0_-1/Collision
road,LandDetails/Trail_Crownreach,Model/Trail_Crownreach:triangle1843:sample3,18.0520000457764,18.2864799499512,-103.215057373047,18.1865234375,18.03271484375,-0.15380859375,0.253765106201172,-4.34875488281306e-05,0.153765106201172,Terrain/Ground_0_-1/Collision,Terrain/Ground_0_-1/Collision
road,LandDetails/Trail_Crownreach,Model/Trail_Crownreach:triangle1843:sample4,17.2672004699707,18.08544921875,-103.186798095703,17.98583984375,17.8408203125,-0.14501953125,0.24462890625,-0.000390625000000006,0.14462890625,Terrain/Ground_0_-1/Collision,Terrain/Ground_0_-1/Collision
road,LandDetails/Trail_Crownreach,Model/Trail_Crownreach:triangle1843:sample5,17.4589500427246,18.17919921875,-103.66960144043,18.079345703125,17.931396484375,-0.14794921875,0.247802734375,-0.000146484375000006,0.147802734375,Terrain/Ground_0_-1/Collision,Terrain/Ground_0_-1/Collision
road,LandDetails/Trail_Crownreach,Model/Trail_Crownreach:triangle1843:sample6,18.3834495544434,18.3267498016357,-102.751098632813,18.22705078125,18.06982421875,-0.1572265625,0.256925582885742,-0.000300979614257818,0.156925582885742,Terrain/Ground_0_-1/Collision,Terrain/Ground_0_-1/Collision
road,LandDetails/Trail_Crownreach,Model/Trail_Crownreach:triangle1844:sample0,17.2057323455811,18.1575317382813,-104.121002197266,18.0576171875,17.911865234375,-0.145751953125,0.24566650390625,-8.54492187500056e-05,0.14566650390625,Terrain/Ground_0_-1/Collision,Terrain/Ground_0_-1/Collision
road,LandDetails/Trail_Crownreach,Model/Trail_Crownreach:triangle1844:sample1,17.7535190582275,18.2627201080322,-103.766159057617,18.162841796875,18.011474609375,-0.1513671875,0.251245498657227,-0.000121688842773443,0.151245498657227,Terrain/Ground_0_-1/Collision,Terrain/Ground_0_-1/Collision
road,LandDetails/Trail_Crownreach,Model/Trail_Crownreach:triangle1844:sample2,16.8605194091797,18.0696792602539,-104.114723205566,17.9697265625,17.828125,-0.1416015625,0.241554260253906,-4.73022460937556e-05,0.141554260253906,Terrain/Ground_0_-1/Collision,Terrain/Ground_0_-1/Collision
road,LandDetails/Trail_Crownreach,Model/Trail_Crownreach:triangle1844:sample3,17.0031585693359,18.1401996612549,-104.482116699219,18.0400390625,17.896240234375,-0.143798828125,0.243959426879883,0.000160598754882807,0.143959426879883,Terrain/Ground_0_-1/Collision,Terrain/Ground_0_-1/Collision
road,LandDetails/Trail_Crownreach,Model/Trail_Crownreach:triangle1844:sample4,17.4589500427246,18.17919921875,-103.66960144043,18.079345703125,17.931396484375,-0.14794921875,0.247802734375,-0.000146484375000006,0.147802734375,Terrain/Ground_0_-1/Collision,Terrain/Ground_0_-1/Collision
road,LandDetails/Trail_Crownreach,Model/Trail_Crownreach:triangle1844:sample5,16.5209999084473,18.0260486602783,-104.564544677734,17.926025390625,17.78759765625,-0.138427734375,0.23845100402832,2.32696533203069e-05,0.13845100402832,Terrain/Ground_0_-1/Collision,Terrain/Ground_0_-1/Collision
road,LandDetails/Trail_Crownreach,Model/Trail_Crownreach:triangle1844:sample6,17.6372489929199,18.2673492431641,-104.128845214844,18.16748046875,18.016845703125,-0.150634765625,0.250503540039063,-0.000131225585937506,0.150503540039062,Terrain/Ground_0_-1/Collision,Terrain/Ground_0_-1/Collision
road,LandDetails/Trail_Crownreach,Model/Trail_Crownreach:triangle1845:sample0,17.4117336273193,18.2369327545166,-104.411460876465,18.13671875,17.988525390625,-0.148193359375,0.248407363891602,0.000214004516601557,0.148407363891602,Terrain/Ground_0_-1/Collision,Terrain/Ground_0_-1/Collision
road,LandDetails/Trail_Crownreach,Model/Trail_Crownreach:triangle1845:sample1,17.8771190643311,18.310359954834,-103.940437316895,18.21044921875,18.057373046875,-0.153076171875,0.252986907958984,-8.92639160156306e-05,0.152986907958984,Terrain/Ground_0_-1/Collision,Terrain/Ground_0_-1/Collision
road,LandDetails/Trail_Crownreach,Model/Trail_Crownreach:triangle1845:sample2,17.1267604827881,18.1878395080566,-104.656394958496,18.087646484375,17.942138671875,-0.1455078125,0.245700836181641,0.000193023681640619,0.145700836181641,Terrain/Ground_0_-1/Collision,Terrain/Ground_0_-1/Collision
road,LandDetails/Trail_Crownreach,Model/Trail_Crownreach:triangle1845:sample3,17.2313194274902,18.2126007080078,-104.637557983398,18.1123046875,17.9658203125,-0.146484375,0.246780395507813,0.000296020507812494,0.146780395507812,Terrain/Ground_0_-1/Collision,Terrain/Ground_0_-1/Collision
road,LandDetails/Trail_Crownreach,Model/Trail_Crownreach:triangle1845:sample4,17.6372489929199,18.2673492431641,-104.128845214844,18.16748046875,18.016845703125,-0.150634765625,0.250503540039063,-0.000131225585937506,0.150503540039062,Terrain/Ground_0_-1/Collision,Terrain/Ground_0_-1/Collision
road,LandDetails/Trail_Crownreach,Model/Trail_Crownreach:triangle1845:sample5,16.8299980163574,18.145149230957,-105.000244140625,18.044921875,17.90234375,-0.142578125,0.242805480957031,0.000227355957031244,0.142805480957031,Terrain/Ground_0_-1/Collision,Terrain/Ground_0_-1/Collision
road,LandDetails/Trail_Crownreach,Model/Trail_Crownreach:triangle1845:sample6,17.7679481506348,18.2982997894287,-104.10530090332,18.1982421875,18.046142578125,-0.152099609375,0.252157211303711,5.76019287109319e-05,0.152157211303711,Terrain/Ground_0_-1/Collision,Terrain/Ground_0_-1/Collision
road,LandDetails/Trail_Crownreach,Model/Trail_Crownreach:triangle1846:sample0,18.1640644073486,18.4017333984375,-104.140632629395,18.301513671875,18.145263671875,-0.15625,0.2564697265625,0.000219726562499994,0.1564697265625,Terrain/Ground_0_-1/Collision,Terrain/Ground_0_-1/Collision
road,LandDetails/Trail_Crownreach,Model/Trail_Crownreach:triangle1846:sample1,18.328519821167,18.4092407226563,-103.777938842773,18.309326171875,18.151123046875,-0.158203125,0.25811767578125,-8.54492187500056e-05,0.15811767578125,Terrain/Ground_0_-1/Collision,Terrain/Ground_0_-1/Collision
road,LandDetails/Trail_Crownreach,Model/Trail_Crownreach:triangle1846:sample2,17.6827201843262,18.3114814758301,-104.475067138672,18.211181640625,18.0595703125,-0.151611328125,0.251911163330078,0.000299835205078119,0.151911163330078,Terrain/Ground_0_-1/Collision,Terrain/Ground_0_-1/Collision
road,LandDetails/Trail_Crownreach,Model/Trail_Crownreach:triangle1846:sample3,18.4809589385986,18.4844779968262,-104.168899536133,18.384521484375,18.223876953125,-0.16064453125,0.260601043701172,-4.34875488281306e-05,0.160601043701172,Terrain/Ground_0_-1/Collision,Terrain/Ground_0_-1/Collision
road,LandDetails/Trail_Crownreach,Model/Trail_Crownreach:triangle1846:sample4,17.7679481506348,18.2982997894287,-104.10530090332,18.1982421875,18.046142578125,-0.152099609375,0.252157211303711,5.76019287109319e-05,0.152157211303711,Terrain/Ground_0_-1/Collision,Terrain/Ground_0_-1/Collision
road,LandDetails/Trail_Crownreach,Model/Trail_Crownreach:triangle1846:sample5,17.9584999084473,18.3923492431641,-104.593994140625,18.292236328125,18.136962890625,-0.1552734375,0.255386352539063,0.000112915039062494,0.155386352539062,Terrain/Ground_0_-1/Collision,Terrain/Ground_0_-1/Collision
road,LandDetails/Trail_Crownreach,Model/Trail_Crownreach:triangle1846:sample6,18.7657489776611,18.5145492553711,-103.722595214844,18.414794921875,18.25146484375,-0.163330078125,0.263084411621094,-0.000245666503906256,0.163084411621094,Terrain/Ground_0_-1/Collision,Terrain/Ground_0_-1/Collision
road,LandDetails/Trail_Crownreach,Model/Trail_Crownreach:triangle1847:sample0,18.3399333953857,18.4886322021484,-104.59203338623,18.388427734375,18.229248046875,-0.1591796875,0.259384155273438,0.000204467773437494,0.159384155273437,Terrain/Ground_0_-1/Collision,Terrain/Ground_0_-1/Collision
road,LandDetails/Trail_Crownreach,Model/Trail_Crownreach:triangle1847:sample1,18.6450805664063,18.5656604766846,-104.590461730957,18.46533203125,18.302490234375,-0.162841796875,0.26317024230957,0.000328445434570307,0.16317024230957,Terrain/Ground_0_-1/Collision,Terrain/Ground_0_-1/Collision
road,LandDetails/Trail_Crownreach,Model/Trail_Crownreach:triangle1847:sample2,18.5864791870117,18.5366191864014,-104.439735412598,18.4365234375,18.2744140625,-0.162109375,0.262205123901367,9.57489013671819e-05,0.162205123901367,Terrain/Ground_0_-1/Collision,Terrain/Ground_0_-1/Collision
road,LandDetails/Trail_Crownreach,Model/Trail_Crownreach:triangle1847:sample3,17.7882404327393,18.3636207580566,-104.745903015137,18.263427734375,18.110107421875,-0.1533203125,0.253513336181641,0.000193023681640619,0.153513336181641,Terrain/Ground_0_-1/Collision,Terrain/Ground_0_-1/Collision
road,LandDetails/Trail_Crownreach,Model/Trail_Crownreach:triangle1847:sample4,19.0295486450195,18.6448993682861,-104.399696350098,18.544677734375,18.37744140625,-0.167236328125,0.267457962036133,0.000221633911132807,0.167457962036133,Terrain/Ground_0_-1/Collision,Terrain/Ground_0_-1/Collision
road,LandDetails/Trail_Crownreach,Model/Trail_Crownreach:triangle1847:sample5,17.9584999084473,18.3923492431641,-104.593994140625,18.292236328125,18.136962890625,-0.1552734375,0.255386352539063,0.000112915039062494,0.155386352539062,Terrain/Ground_0_-1/Collision,Terrain/Ground_0_-1/Collision
road,LandDetails/Trail_Crownreach,Model/Trail_Crownreach:triangle1847:sample6,18.0317497253418,18.4286499023438,-104.78239440918,18.328369140625,18.172119140625,-0.15625,0.25653076171875,0.000280761718749994,0.15653076171875,Terrain/Ground_0_-1/Collision,Terrain/Ground_0_-1/Collision
road,LandDetails/Trail_Crownreach,Model/Trail_Crownreach:triangle1848:sample0,16.4509658813477,17.788932800293,-102.221229553223,17.68896484375,17.554931640625,-0.134033203125,0.234001159667969,-3.20434570312556e-05,0.134001159667969,Terrain/Ground_0_-1/Collision,Terrain/Ground_0_-1/Collision
road,LandDetails/Trail_Crownreach,Model/Trail_Crownreach:triangle1848:sample1,16.9929008483887,17.8916797637939,-101.853820800781,17.791748046875,17.652099609375,-0.1396484375,0.239580154418945,-6.82830810546931e-05,0.139580154418945,Terrain/Ground_0_-1/Collision,Terrain/Ground_0_-1/Collision
road,LandDetails/Trail_Crownreach,Model/Trail_Crownreach:triangle1848:sample2,16.10378074646,17.7005996704102,-102.21654510498,17.600830078125,17.470947265625,-0.1298828125,0.229652404785156,-0.000230407714843756,0.129652404785156,Terrain/Ground_0_-1/Collision,Terrain/Ground_0_-1/Collision
road,LandDetails/Trail_Crownreach,Model/Trail_Crownreach:triangle1848:sample3,16.2562198638916,17.7745208740234,-102.593338012695,17.674560546875,17.54248046875,-0.132080078125,0.232040405273438,-3.96728515625056e-05,0.132040405273437,Terrain/Ground_0_-1/Collision,Terrain/Ground_0_-1/Collision
road,LandDetails/Trail_Crownreach,Model/Trail_Crownreach:triangle1848:sample4,16.6943988800049,17.8069496154785,-101.75609588623,17.706787109375,17.57080078125,-0.135986328125,0.236148834228516,0.000162506103515619,0.136148834228516,Terrain/Ground_0_-1/Collision,Terrain/Ground_0_-1/Collision
road,LandDetails/Trail_Crownreach,Model/Trail_Crownreach:triangle1848:sample5,15.7735500335693,17.6604995727539,-102.68049621582,17.560791015625,17.43408203125,-0.126708984375,0.226417541503906,-0.000291442871093756,0.126417541503906,Terrain/Ground_0_-1/Collision,Terrain/Ground_0_-1/Collision
road,LandDetails/Trail_Crownreach,Model/Trail_Crownreach:triangle1848:sample6,16.8849487304688,17.8993492126465,-102.227096557617,17.79931640625,17.66015625,-0.13916015625,0.239192962646484,3.28063964843694e-05,0.139192962646484,Terrain/Ground_0_-1/Collision,Terrain/Ground_0_-1/Collision
road,LandDetails/Trail_Crownreach,Model/Trail_Crownreach:triangle1849:sample0,16.7921314239502,18.1350994110107,-105.023803710938,18.0361328125,17.894287109375,-0.141845703125,0.240812301635742,-0.00103340148925782,0.140812301635742,Terrain/Ground_0_-1/Collision,Terrain/Ground_0_-1/Collision
road,LandDetails/Trail_Crownreach,Model/Trail_Crownreach:triangle1849:sample1,16.7549991607666,18.1267395019531,-105.023796081543,18.02783203125,17.88623046875,-0.1416015625,0.240509033203125,-0.00109252929687501,0.140509033203125,Terrain/Ground_0_-1/Collision,Terrain/Ground_0_-1/Collision
road,LandDetails/Trail_Crownreach,Model/Trail_Crownreach:triangle1849:sample2,16.7618408203125,18.1270599365234,-105.042640686035,18.02783203125,17.88671875,-0.14111328125,0.240341186523438,-0.000772094726562506,0.140341186523437,Terrain/Ground_0_-1/Collision,Terrain/Ground_0_-1/Collision
road,LandDetails/Trail_Crownreach,Model/Trail_Crownreach:triangle1849:sample3,16.8595600128174,18.1515007019043,-105.004959106445,18.052490234375,17.90966796875,-0.142822265625,0.241832733154297,-0.000989532470703131,0.141832733154297,Terrain/Ground_0_-1/Collision,Terrain/Ground_0_-1/Collision
road,LandDetails/Trail_Crownreach,Model/Trail_Crownreach:triangle1849:sample4,16.7078495025635,18.1145992279053,-105.047348022461,18.015380859375,17.875,-0.140380859375,0.239599227905273,-0.000781631469726568,0.139599227905273,Terrain/Ground_0_-1/Collision,Terrain/Ground_0_-1/Collision
road,LandDetails/Trail_Crownreach,Model/Trail_Crownreach:triangle1849:sample5,16.838550567627,18.1455497741699,-105.023803710938,18.04638671875,17.904052734375,-0.142333984375,0.241497039794922,-0.000836944580078131,0.141497039794922,Terrain/Ground_0_-1/Collision,Terrain/Ground_0_-1/Collision
road,LandDetails/Trail_Crownreach,Model/Trail_Crownreach:triangle1849:sample6,16.8299980163574,18.145149230957,-105.000244140625,18.044921875,17.90234375,-0.142578125,0.242805480957031,0.000227355957031244,0.142805480957031,Terrain/Ground_0_-1/Collision,Terrain/Ground_0_-1/Collision
road,LandDetails/Trail_Crownreach,Model/Trail_Crownreach:triangle1850:sample0,17.5932998657227,18.3240985870361,-104.878562927246,18.224853515625,18.07421875,-0.150634765625,0.249879837036133,-0.000754928588867193,0.149879837036133,Terrain/Ground_0_-1/Collision,Terrain/Ground_0_-1/Collision
road,LandDetails/Trail_Crownreach,Model/Trail_Crownreach:triangle1850:sample1,18.1971015930176,18.4669399261475,-104.762382507324,18.36767578125,18.2099609375,-0.15771484375,0.256978988647461,-0.000735855102539068,0.156978988647461,Terrain/Ground_0_-1/Collision,Terrain/Ground_0_-1/Collision
road,LandDetails/Trail_Crownreach,Model/Trail_Crownreach:triangle1850:sample2,17.3402614593506,18.2649002075195,-104.917823791504,18.165771484375,18.017578125,-0.148193359375,0.247322082519531,-0.000871276855468756,0.147322082519531,Terrain/Ground_0_-1/Collision,Terrain/Ground_0_-1/Collision
road,LandDetails/Trail_Crownreach,Model/Trail_Crownreach:triangle1850:sample3,17.2425403594971,18.2404594421387,-104.955505371094,18.14111328125,17.994384765625,-0.146728515625,0.246074676513672,-0.000653839111328131,0.146074676513672,Terrain/Ground_0_-1/Collision,Terrain/Ground_0_-1/Collision
road,LandDetails/Trail_Crownreach,Model/Trail_Crownreach:triangle1850:sample4,18.0317497253418,18.4286499023438,-104.78239440918,18.328369140625,18.172119140625,-0.15625,0.25653076171875,0.000280761718749994,0.15653076171875,Terrain/Ground_0_-1/Collision,Terrain/Ground_0_-1/Collision
road,LandDetails/Trail_Crownreach,Model/Trail_Crownreach:triangle1850:sample5,16.838550567627,18.1455497741699,-105.023803710938,18.04638671875,17.904052734375,-0.142333984375,0.241497039794922,-0.000836944580078131,0.141497039794922,Terrain/Ground_0_-1/Collision,Terrain/Ground_0_-1/Collision
road,LandDetails/Trail_Crownreach,Model/Trail_Crownreach:triangle1850:sample6,17.9095993041992,18.398099899292,-104.829498291016,18.299072265625,18.14453125,-0.154541015625,0.253568649291992,-0.000972366333007818,0.153568649291992,Terrain/Ground_0_-1/Collision,Terrain/Ground_0_-1/Collision
road,LandDetails/Trail_Crownreach,Model/Trail_Crownreach:triangle1851:sample0,17.6356334686279,18.3088989257813,-105.23575592041,18.20947265625,18.060546875,-0.14892578125,0.24835205078125,-0.000573730468750006,0.14835205078125,Terrain/Ground_0_-1/Collision,Terrain/Ground_0_-1/Collision
road,LandDetails/Trail_Crownreach,Model/Trail_Crownreach:triangle1851:sample1,18.2224998474121,18.457820892334,-104.976699829102,18.35888671875,18.201904296875,-0.156982421875,0.255916595458984,-0.00106582641601563,0.155916595458984,Terrain/Ground_0_-1/Collision,Terrain/Ground_0_-1/Collision
road,LandDetails/Trail_Crownreach,Model/Trail_Crownreach:triangle1851:sample2,17.2679405212402,18.2313404083252,-105.169815063477,18.13232421875,17.986328125,-0.14599609375,0.245012283325195,-0.000983810424804693,0.145012283325195,Terrain/Ground_0_-1/Collision,Terrain/Ground_0_-1/Collision
road,LandDetails/Trail_Crownreach,Model/Trail_Crownreach:triangle1851:sample3,17.4164619445801,18.2375392913818,-105.560775756836,18.13818359375,17.9931640625,-0.14501953125,0.244375228881836,-0.000644302368164068,0.144375228881836,Terrain/Ground_0_-1/Collision,Terrain/Ground_0_-1/Collision
road,LandDetails/Trail_Crownreach,Model/Trail_Crownreach:triangle1851:sample4,17.9095993041992,18.398099899292,-104.829498291016,18.299072265625,18.14453125,-0.154541015625,0.253568649291992,-0.000972366333007818,0.153568649291992,Terrain/Ground_0_-1/Collision,Terrain/Ground_0_-1/Collision
road,LandDetails/Trail_Crownreach,Model/Trail_Crownreach:triangle1851:sample5,16.9020500183105,18.1227493286133,-105.559600830078,18.0234375,17.883544921875,-0.139892578125,0.239204406738281,-0.000688171386718756,0.139204406738281,Terrain/Ground_0_-1/Collision,Terrain/Ground_0_-1/Collision
road,LandDetails/Trail_Crownreach,Model/Trail_Crownreach:triangle1851:sample6,18.0952491760254,18.4058494567871,-105.31819152832,18.306640625,18.153076171875,-0.153564453125,0.252773284912109,-0.000791168212890631,0.152773284912109,Terrain/Ground_0_-1/Collision,Terrain/Ground_0_-1/Collision
road,LandDetails/Trail_Crownreach,Model/Trail_Crownreach:triangle1852:sample0,18.5084667205811,18.5009002685547,-105.278961181641,18.401611328125,18.24365234375,-0.157958984375,0.257247924804688,-0.000711059570312506,0.157247924804687,Terrain/Ground_0_-1/Collision,Terrain/Ground_0_-1/Collision
road,LandDetails/Trail_Crownreach,Model/Trail_Crownreach:triangle1852:sample1,18.7462005615234,18.57301902771,-105.002624511719,18.473876953125,18.311767578125,-0.162109375,0.261251449584961,-0.000857925415039068,0.161251449584961,Terrain/Ground_0_-1/Collision,Terrain/Ground_0_-1/Collision
road,LandDetails/Trail_Crownreach,Model/Trail_Crownreach:triangle1852:sample2,17.9401607513428,18.3527393341064,-105.586700439453,18.25341796875,18.10302734375,-0.150390625,0.249711990356445,-0.000678634643554693,0.149711990356445,Terrain/Ground_0_-1/Collision,Terrain/Ground_0_-1/Collision
road,LandDetails/Trail_Crownreach,Model/Trail_Crownreach:triangle1852:sample3,18.8390407562256,18.576940536499,-105.247589111328,18.4775390625,18.31591796875,-0.16162109375,0.261022567749023,-0.000598526000976568,0.161022567749023,Terrain/Ground_0_-1/Collision,Terrain/Ground_0_-1/Collision
road,LandDetails/Trail_Crownreach,Model/Trail_Crownreach:triangle1852:sample4,18.0952491760254,18.4058494567871,-105.31819152832,18.306640625,18.153076171875,-0.153564453125,0.252773284912109,-0.000791168212890631,0.152773284912109,Terrain/Ground_0_-1/Collision,Terrain/Ground_0_-1/Collision
road,LandDetails/Trail_Crownreach,Model/Trail_Crownreach:triangle1852:sample5,18.2112998962402,18.4107494354248,-105.624397277832,18.3115234375,18.158203125,-0.1533203125,0.252546310424805,-0.000774002075195318,0.152546310424805,Terrain/Ground_0_-1/Collision,Terrain/Ground_0_-1/Collision
road,LandDetails/Trail_Crownreach,Model/Trail_Crownreach:triangle1852:sample6,19.2188491821289,18.6861000061035,-104.894302368164,18.5869140625,18.41943359375,-0.16748046875,0.266666412353516,-0.000814056396484381,0.166666412353516,Terrain/Ground_0_-1/Collision,Terrain/Ground_0_-1/Collision
road,LandDetails/Trail_Crownreach,Model/Trail_Crownreach:triangle1853:sample0,17.9596996307373,18.3219318389893,-106.091491699219,18.22265625,18.074951171875,-0.147705078125,0.246980667114258,-0.000724411010742193,0.146980667114258,Terrain/Ground_0_-1/Collision,Terrain/Ground_0_-1/Collision
road,LandDetails/Trail_Crownreach,Model/Trail_Crownreach:triangle1853:sample1,18.5097808837891,18.4695606231689,-105.735107421875,18.370361328125,18.21484375,-0.155517578125,0.254716873168945,-0.000800704956054693,0.154716873168945,Terrain/Ground_0_-1/Collision,Terrain/Ground_0_-1/Collision
road,LandDetails/Trail_Crownreach,Model/Trail_Crownreach:triangle1853:sample2,17.6109008789063,18.2453594207764,-106.07421875,18.146240234375,18.00146484375,-0.144775390625,0.243894577026367,-0.000880813598632818,0.143894577026367,Terrain/Ground_0_-1/Collision,Terrain/Ground_0_-1/Collision
road,LandDetails/Trail_Crownreach,Model/Trail_Crownreach:triangle1853:sample3,17.7584190368652,18.2508811950684,-106.465179443359,18.152099609375,18.00830078125,-0.143798828125,0.242580413818359,-0.00121841430664063,0.142580413818359,Terrain/Ground_0_-1/Collision,Terrain/Ground_0_-1/Collision
road,LandDetails/Trail_Crownreach,Model/Trail_Crownreach:triangle1853:sample4,18.2112998962402,18.4107494354248,-105.624397277832,18.3115234375,18.158203125,-0.1533203125,0.252546310424805,-0.000774002075195318,0.152546310424805,Terrain/Ground_0_-1/Collision,Terrain/Ground_0_-1/Collision
road,LandDetails/Trail_Crownreach,Model/Trail_Crownreach:triangle1853:sample5,17.2720985412598,18.1373996734619,-106.536994934082,18.038330078125,17.89990234375,-0.138427734375,0.237497329711914,-0.000930404663085943,0.137497329711914,Terrain/Ground_0_-1/Collision,Terrain/Ground_0_-1/Collision
road,LandDetails/Trail_Crownreach,Model/Trail_Crownreach:triangle1853:sample6,18.3956985473633,18.4176502227783,-106.113098144531,18.318603515625,18.166015625,-0.152587890625,0.25163459777832,-0.000953292846679693,0.15163459777832,Terrain/Ground_0_-1/Collision,Terrain/Ground_0_-1/Collision
road,LandDetails/Trail_Crownreach,Model/Trail_Crownreach:triangle1854:sample0,18.8333320617676,18.5134334564209,-106.142539978027,18.414306640625,18.2578125,-0.156494140625,0.255620956420898,-0.000873184204101568,0.155620956420898,Terrain/Ground_0_-1/Collision,Terrain/Ground_0_-1/Collision
road,LandDetails/Trail_Crownreach,Model/Trail_Crownreach:triangle1854:sample1,19.0339603424072,18.5844612121582,-105.765724182129,18.4853515625,18.32421875,-0.1611328125,0.260242462158203,-0.000890350341796881,0.160242462158203,Terrain/Ground_0_-1/Collision,Terrain/Ground_0_-1/Collision
road,LandDetails/Trail_Crownreach,Model/Trail_Crownreach:triangle1854:sample2,18.2825984954834,18.365779876709,-106.495803833008,18.26708984375,18.117919921875,-0.149169921875,0.247859954833984,-0.00130996704101563,0.147859954833984,Terrain/Ground_0_-1/Collision,Terrain/Ground_0_-1/Collision
road,LandDetails/Trail_Crownreach,Model/Trail_Crownreach:triangle1854:sample3,19.1834411621094,18.5900611877441,-106.166084289551,18.490966796875,18.330810546875,-0.16015625,0.259250640869141,-0.000905609130859381,0.159250640869141,Terrain/Ground_0_-1/Collision,Terrain/Ground_0_-1/Collision
road,LandDetails/Trail_Crownreach,Model/Trail_Crownreach:triangle1854:sample4,18.3956985473633,18.4176502227783,-106.113098144531,18.318603515625,18.166015625,-0.152587890625,0.25163459777832,-0.000953292846679693,0.15163459777832,Terrain/Ground_0_-1/Collision,Terrain/Ground_0_-1/Collision
road,LandDetails/Trail_Crownreach,Model/Trail_Crownreach:triangle1854:sample5,18.5825500488281,18.4246501922607,-106.613548278809,18.32568359375,18.17431640625,-0.1513671875,0.250333786010742,-0.00103340148925782,0.150333786010742,Terrain/Ground_0_-1/Collision,Terrain/Ground_0_-1/Collision
road,LandDetails/Trail_Crownreach,Model/Trail_Crownreach:triangle1854:sample6,19.52174949646,18.6979999542236,-105.700950622559,18.598876953125,18.432373046875,-0.16650390625,0.265626907348633,-0.000876998901367193,0.165626907348633,Terrain/Ground_0_-1/Collision,Terrain/Ground_0_-1/Collision
road,LandDetails/Trail_Crownreach,Model/Trail_Crownreach:triangle1855:sample0,18.3276996612549,18.3351993560791,-107.084564208984,18.236083984375,18.090087890625,-0.14599609375,0.245111465454102,-0.000884628295898443,0.145111465454102,Terrain/Ground_0_-1/Collision,Terrain/Ground_0_-1/Collision
road,LandDetails/Trail_Crownreach,Model/Trail_Crownreach:triangle1855:sample1,18.8800601959229,18.4831199645996,-106.731307983398,18.384033203125,18.230224609375,-0.15380859375,0.252895355224609,-0.000913238525390631,0.152895355224609,Terrain/Ground_0_-1/Collision,Terrain/Ground_0_-1/Collision
road,LandDetails/Trail_Crownreach,Model/Trail_Crownreach:triangle1855:sample2,17.9792194366455,18.2588405609131,-107.061019897461,18.159912109375,18.017333984375,-0.142578125,0.241506576538086,-0.00107154846191407,0.141506576538086,Terrain/Ground_0_-1/Collision,Terrain/Ground_0_-1/Collision
road,LandDetails/Trail_Crownreach,Model/Trail_Crownreach:triangle1855:sample3,18.1238193511963,18.2636394500732,-107.461380004883,18.16455078125,18.022705078125,-0.141845703125,0.240934371948242,-0.000911331176757818,0.140934371948242,Terrain/Ground_0_-1/Collision,Terrain/Ground_0_-1/Collision
road,LandDetails/Trail_Crownreach,Model/Trail_Crownreach:triangle1855:sample4,18.5825500488281,18.4246501922607,-106.613548278809,18.32568359375,18.17431640625,-0.1513671875,0.250333786010742,-0.00103340148925782,0.150333786010742,Terrain/Ground_0_-1/Collision,Terrain/Ground_0_-1/Collision
road,LandDetails/Trail_Crownreach,Model/Trail_Crownreach:triangle1855:sample5,17.6372489929199,18.1502990722656,-107.526145935059,18.051513671875,17.914794921875,-0.13671875,0.235504150390625,-0.00121459960937501,0.135504150390625,Terrain/Ground_0_-1/Collision,Terrain/Ground_0_-1/Collision
road,LandDetails/Trail_Crownreach,Model/Trail_Crownreach:triangle1855:sample6,18.763298034668,18.4306488037109,-107.113998413086,18.33154296875,18.180908203125,-0.150634765625,0.249740600585938,-0.000894165039062506,0.149740600585937,Terrain/Ground_0_-1/Collision,Terrain/Ground_0_-1/Collision
road,LandDetails/Trail_Crownreach,Model/Trail_Crownreach:triangle1856:sample0,19.2005310058594,18.5261993408203,-107.147361755371,18.427001953125,18.27197265625,-0.155029296875,0.254226684570313,-0.000802612304687506,0.154226684570312,Terrain/Ground_0_-1/Collision,Terrain/Ground_0_-1/Collision
road,LandDetails/Trail_Crownreach,Model/Trail_Crownreach:triangle1856:sample1,19.4037590026855,18.5977210998535,-106.768981933594,18.49853515625,18.33935546875,-0.1591796875,0.258365631103516,-0.000814056396484381,0.158365631103516,Terrain/Ground_0_-1/Collision,Terrain/Ground_0_-1/Collision
road,LandDetails/Trail_Crownreach,Model/Trail_Crownreach:triangle1856:sample2,18.6475200653076,18.3782405853271,-107.499061584473,18.279052734375,18.1318359375,-0.147216796875,0.246404647827148,-0.000812149047851568,0.146404647827148,Terrain/Ground_0_-1/Collision,Terrain/Ground_0_-1/Collision
road,LandDetails/Trail_Crownreach,Model/Trail_Crownreach:triangle1856:sample3,19.5503196716309,18.6026420593262,-107.174057006836,18.503173828125,18.3447265625,-0.158447265625,0.257915496826172,-0.000531768798828131,0.157915496826172,Terrain/Ground_0_-1/Collision,Terrain/Ground_0_-1/Collision
road,LandDetails/Trail_Crownreach,Model/Trail_Crownreach:triangle1856:sample4,18.763298034668,18.4306488037109,-107.113998413086,18.33154296875,18.180908203125,-0.150634765625,0.249740600585938,-0.000894165039062506,0.149740600585937,Terrain/Ground_0_-1/Collision,Terrain/Ground_0_-1/Collision
road,LandDetails/Trail_Crownreach,Model/Trail_Crownreach:triangle1856:sample5,18.9464988708496,18.4368000030518,-107.620346069336,18.33740234375,18.187744140625,-0.149658203125,0.249055862426758,-0.000602340698242193,0.149055862426758,Terrain/Ground_0_-1/Collision,Terrain/Ground_0_-1/Collision
road,LandDetails/Trail_Crownreach,Model/Trail_Crownreach:triangle1856:sample6,19.8917999267578,18.7111511230469,-106.707748413086,18.611572265625,18.447021484375,-0.16455078125,0.264129638671875,-0.000421142578125006,0.164129638671875,Terrain/Ground_0_-1/Collision,Terrain/Ground_0_-1/Collision
road,LandDetails/Trail_Crownreach,Model/Trail_Crownreach:triangle1857:sample0,18.6883983612061,18.3466339111328,-108.089393615723,18.2470703125,18.10302734375,-0.14404296875,0.243606567382813,-0.000436401367187506,0.143606567382812,Terrain/Ground_0_-1/Collision,Terrain/Ground_0_-1/Collision
road,LandDetails/Trail_Crownreach,Model/Trail_Crownreach:triangle1857:sample1,19.2430400848389,18.4949016571045,-107.739273071289,18.3955078125,18.2431640625,-0.15234375,0.251737594604492,-0.000606155395507818,0.151737594604492,Terrain/Ground_0_-1/Collision,Terrain/Ground_0_-1/Collision
road,LandDetails/Trail_Crownreach,Model/Trail_Crownreach:triangle1857:sample2,18.340238571167,18.2705001831055,-108.06428527832,18.17138671875,18.030029296875,-0.141357421875,0.240470886230469,-0.000886535644531256,0.140470886230469,Terrain/Ground_0_-1/Collision,Terrain/Ground_0_-1/Collision
road,LandDetails/Trail_Crownreach,Model/Trail_Crownreach:triangle1857:sample3,18.4819202423096,18.2744998931885,-108.464645385742,18.1748046875,18.034912109375,-0.139892578125,0.239587783813477,-0.000304794311523443,0.139587783813477,Terrain/Ground_0_-1/Collision,Terrain/Ground_0_-1/Collision
road,LandDetails/Trail_Crownreach,Model/Trail_Crownreach:triangle1857:sample4,18.9464988708496,18.4368000030518,-107.620346069336,18.33740234375,18.187744140625,-0.149658203125,0.249055862426758,-0.000602340698242193,0.149055862426758,Terrain/Ground_0_-1/Collision,Terrain/Ground_0_-1/Collision
road,LandDetails/Trail_Crownreach,Model/Trail_Crownreach:triangle1857:sample5,17.9950981140137,18.1613006591797,-108.527046203613,18.06201171875,17.92724609375,-0.134765625,0.234054565429688,-0.000711059570312506,0.134054565429687,Terrain/Ground_0_-1/Collision,Terrain/Ground_0_-1/Collision
road,LandDetails/Trail_Crownreach,Model/Trail_Crownreach:triangle1857:sample6,19.1236000061035,18.4417991638184,-108.120796203613,18.342529296875,18.193359375,-0.149169921875,0.248439788818359,-0.000730133056640631,0.148439788818359,Terrain/Ground_0_-1/Collision,Terrain/Ground_0_-1/Collision
road,LandDetails/Trail_Crownreach,Model/Trail_Crownreach:triangle1858:sample0,19.562032699585,18.5370006561279,-108.160064697266,18.437255859375,18.284423828125,-0.15283203125,0.25257682800293,-0.000255203247070318,0.15257682800293,Terrain/Ground_0_-1/Collision,Terrain/Ground_0_-1/Collision
road,LandDetails/Trail_Crownreach,Model/Trail_Crownreach:triangle1858:sample1,19.767219543457,18.6091213226318,-107.781677246094,18.50927734375,18.35205078125,-0.1572265625,0.257070541381836,-0.000156021118164068,0.157070541381836,Terrain/Ground_0_-1/Collision,Terrain/Ground_0_-1/Collision
road,LandDetails/Trail_Crownreach,Model/Trail_Crownreach:triangle1858:sample2,19.0060997009277,18.3887195587158,-108.507041931152,18.289306640625,18.143798828125,-0.1455078125,0.24492073059082,-0.000587081909179693,0.14492073059082,Terrain/Ground_0_-1/Collision,Terrain/Ground_0_-1/Collision
road,LandDetails/Trail_Crownreach,Model/Trail_Crownreach:triangle1858:sample3,19.9127807617188,18.6131610870361,-108.191482543945,18.513427734375,18.357177734375,-0.15625,0.255983352661133,-0.000266647338867193,0.155983352661133,Terrain/Ground_0_-1/Collision,Terrain/Ground_0_-1/Collision
road,LandDetails/Trail_Crownreach,Model/Trail_Crownreach:triangle1858:sample4,19.1236000061035,18.4417991638184,-108.120796203613,18.342529296875,18.193359375,-0.149169921875,0.248439788818359,-0.000730133056640631,0.148439788818359,Terrain/Ground_0_-1/Collision,Terrain/Ground_0_-1/Collision
road,LandDetails/Trail_Crownreach,Model/Trail_Crownreach:triangle1858:sample5,19.305549621582,18.446849822998,-108.633041381836,18.34716796875,18.19970703125,-0.1474609375,0.247142791748047,-0.000318145751953131,0.147142791748047,Terrain/Ground_0_-1/Collision,Terrain/Ground_0_-1/Collision
road,LandDetails/Trail_Crownreach,Model/Trail_Crownreach:triangle1858:sample6,20.256950378418,18.7223510742188,-107.726348876953,18.622802734375,18.4599609375,-0.162841796875,0.26239013671875,-0.000451660156250006,0.16239013671875,Terrain/Ground_0_-1/Collision,Terrain/Ground_0_-1/Collision
road,LandDetails/Trail_Crownreach,Model/Trail_Crownreach:triangle1859:sample0,19.0441989898682,18.355899810791,-109.10213470459,18.2568359375,18.114013671875,-0.142822265625,0.241886138916016,-0.000936126708984381,0.141886138916016,Terrain/Ground_0_-1/Collision,Terrain/Ground_0_-1/Collision
road,LandDetails/Trail_Crownreach,Model/Trail_Crownreach:triangle1859:sample1,19.6020812988281,18.5045013427734,-108.756713867188,18.405029296875,18.2548828125,-0.150146484375,0.249618530273438,-0.000527954101562506,0.149618530273437,Terrain/Ground_0_-1/Collision,Terrain/Ground_0_-1/Collision
road,LandDetails/Trail_Crownreach,Model/Trail_Crownreach:triangle1859:sample2,18.6954002380371,18.2800598144531,-109.072280883789,18.180908203125,18.041748046875,-0.13916015625,0.238311767578125,-0.000848388671875006,0.138311767578125,Terrain/Ground_0_-1/Collision,Terrain/Ground_0_-1/Collision
road,LandDetails/Trail_Crownreach,Model/Trail_Crownreach:triangle1859:sample3,18.8351192474365,18.2831401824951,-109.477401733398,18.183837890625,18.04541015625,-0.138427734375,0.237730026245117,-0.000697708129882818,0.137730026245117,Terrain/Ground_0_-1/Collision,Terrain/Ground_0_-1/Collision
road,LandDetails/Trail_Crownreach,Model/Trail_Crownreach:triangle1859:sample4,19.305549621582,18.446849822998,-108.633041381836,18.34716796875,18.19970703125,-0.1474609375,0.247142791748047,-0.000318145751953131,0.147142791748047,Terrain/Ground_0_-1/Collision,Terrain/Ground_0_-1/Collision
road,LandDetails/Trail_Crownreach,Model/Trail_Crownreach:triangle1859:sample5,18.3468494415283,18.1701507568359,-109.533897399902,18.071044921875,17.93798828125,-0.133056640625,0.232162475585938,-0.000894165039062506,0.132162475585937,Terrain/Ground_0_-1/Collision,Terrain/Ground_0_-1/Collision
road,LandDetails/Trail_Crownreach,Model/Trail_Crownreach:triangle1859:sample6,19.4801998138428,18.4506988525391,-109.139450073242,18.351318359375,18.20458984375,-0.146728515625,0.246109008789063,-0.000619506835937506,0.146109008789062,Terrain/Ground_0_-1/Collision,Terrain/Ground_0_-1/Collision
road,LandDetails/Trail_Crownreach,Model/Trail_Crownreach:triangle1860:sample0,19.9186325073242,18.5455989837646,-109.1845703125,18.446044921875,18.294921875,-0.151123046875,0.250677108764648,-0.000445938110351568,0.150677108764648,Terrain/Ground_0_-1/Collision,Terrain/Ground_0_-1/Collision
road,LandDetails/Trail_Crownreach,Model/Trail_Crownreach:triangle1860:sample1,20.1267414093018,18.6183204650879,-108.806175231934,18.518798828125,18.363525390625,-0.1552734375,0.254795074462891,-0.000478363037109381,0.154795074462891,Terrain/Ground_0_-1/Collision,Terrain/Ground_0_-1/Collision
road,LandDetails/Trail_Crownreach,Model/Trail_Crownreach:triangle1860:sample2,19.3597793579102,18.3969593048096,-109.526863098145,18.297607421875,18.154052734375,-0.1435546875,0.24290657043457,-0.000648117065429693,0.14290657043457,Terrain/Ground_0_-1/Collision,Terrain/Ground_0_-1/Collision
road,LandDetails/Trail_Crownreach,Model/Trail_Crownreach:triangle1860:sample3,20.269380569458,18.6215190887451,-109.220657348633,18.522216796875,18.367431640625,-0.15478515625,0.254087448120117,-0.000697708129882818,0.154087448120117,Terrain/Ground_0_-1/Collision,Terrain/Ground_0_-1/Collision
road,LandDetails/Trail_Crownreach,Model/Trail_Crownreach:triangle1860:sample4,19.4801998138428,18.4506988525391,-109.139450073242,18.351318359375,18.20458984375,-0.146728515625,0.246109008789063,-0.000619506835937506,0.146109008789062,Terrain/Ground_0_-1/Collision,Terrain/Ground_0_-1/Collision
road,LandDetails/Trail_Crownreach,Model/Trail_Crownreach:triangle1860:sample5,19.6585006713867,18.4547004699707,-109.65754699707,18.35546875,18.20947265625,-0.14599609375,0.245227813720703,-0.000768280029296881,0.145227813720703,Terrain/Ground_0_-1/Collision,Terrain/Ground_0_-1/Collision
road,LandDetails/Trail_Crownreach,Model/Trail_Crownreach:triangle1860:sample6,20.6171989440918,18.7313995361328,-108.756698608398,18.6318359375,18.470947265625,-0.160888671875,0.260452270507813,-0.000436401367187506,0.160452270507812,Terrain/Ground_0_-1/Collision,Terrain/Ground_0_-1/Collision
road,LandDetails/Trail_Crownreach,Model/Trail_Crownreach:triangle1861:sample0,19.3934669494629,18.3628997802734,-110.126594543457,18.263671875,18.123046875,-0.140625,0.239852905273438,-0.000772094726562506,0.139852905273437,Terrain/Ground_0_-1/Collision,Terrain/Ground_0_-1/Collision
road,LandDetails/Trail_Crownreach,Model/Trail_Crownreach:triangle1861:sample1,19.9542808532715,18.5118999481201,-109.785873413086,18.41259765625,18.264404296875,-0.148193359375,0.247495651245117,-0.000697708129882818,0.147495651245117,Terrain/Ground_0_-1/Collision,Terrain/Ground_0_-1/Collision
road,LandDetails/Trail_Crownreach,Model/Trail_Crownreach:triangle1861:sample2,19.0446796417236,18.2873401641846,-110.092086791992,18.18798828125,18.05126953125,-0.13671875,0.23607063293457,-0.000648117065429693,0.13607063293457,Terrain/Ground_0_-1/Collision,Terrain/Ground_0_-1/Collision
road,LandDetails/Trail_Crownreach,Model/Trail_Crownreach:triangle1861:sample3,19.1814403533936,18.2894592285156,-110.501846313477,18.190185546875,18.053955078125,-0.13623046875,0.235504150390625,-0.000726318359375006,0.135504150390625,Terrain/Ground_0_-1/Collision,Terrain/Ground_0_-1/Collision
road,LandDetails/Trail_Crownreach,Model/Trail_Crownreach:triangle1861:sample4,19.6585006713867,18.4547004699707,-109.65754699707,18.35546875,18.20947265625,-0.14599609375,0.245227813720703,-0.000768280029296881,0.145227813720703,Terrain/Ground_0_-1/Collision,Terrain/Ground_0_-1/Collision
road,LandDetails/Trail_Crownreach,Model/Trail_Crownreach:triangle1861:sample5,18.6924495697021,18.1766510009766,-110.55249786377,18.07763671875,17.946533203125,-0.131103515625,0.230117797851563,-0.000985717773437506,0.130117797851562,Terrain/Ground_0_-1/Collision,Terrain/Ground_0_-1/Collision
road,LandDetails/Trail_Crownreach,Model/Trail_Crownreach:triangle1861:sample6,19.8294486999512,18.4573497772217,-110.169746398926,18.358154296875,18.21337890625,-0.144775390625,0.24397087097168,-0.000804519653320318,0.14397087097168,Terrain/Ground_0_-1/Collision,Terrain/Ground_0_-1/Collision
road,LandDetails/Trail_Crownreach,Model/Trail_Crownreach:triangle1862:sample0,20.2678985595703,18.5518665313721,-110.216857910156,18.452880859375,18.303466796875,-0.1494140625,0.24839973449707,-0.00101432800292969,0.14839973449707,Terrain/Ground_0_-1/Collision,Terrain/Ground_0_-1/Collision
road,LandDetails/Trail_Crownreach,Model/Trail_Crownreach:triangle1862:sample1,20.4789409637451,18.625280380249,-109.840034484863,18.52587890625,18.37255859375,-0.1533203125,0.252721786499023,-0.000598526000976568,0.152721786499023,Terrain/Ground_0_-1/Collision,Terrain/Ground_0_-1/Collision
road,LandDetails/Trail_Crownreach,Model/Trail_Crownreach:triangle1862:sample2,19.7061004638672,18.4028396606445,-110.555999755859,18.3037109375,18.162353515625,-0.141357421875,0.240486145019531,-0.000871276855468756,0.140486145019531,Terrain/Ground_0_-1/Collision,Terrain/Ground_0_-1/Collision
road,LandDetails/Trail_Crownreach,Model/Trail_Crownreach:triangle1862:sample3,20.6186599731445,18.6274795532227,-110.25456237793,18.528564453125,18.3759765625,-0.152587890625,0.251502990722656,-0.00108489990234376,0.151502990722656,Terrain/Ground_0_-1/Collision,Terrain/Ground_0_-1/Collision
road,LandDetails/Trail_Crownreach,Model/Trail_Crownreach:triangle1862:sample4,19.8294486999512,18.4573497772217,-110.169746398926,18.358154296875,18.21337890625,-0.144775390625,0.24397087097168,-0.000804519653320318,0.14397087097168,Terrain/Ground_0_-1/Collision,Terrain/Ground_0_-1/Collision
road,LandDetails/Trail_Crownreach,Model/Trail_Crownreach:triangle1862:sample5,20.0041007995605,18.4601001739502,-110.687896728516,18.361328125,18.217529296875,-0.143798828125,0.242570877075195,-0.00122795104980469,0.142570877075195,Terrain/Ground_0_-1/Collision,Terrain/Ground_0_-1/Collision
road,LandDetails/Trail_Crownreach,Model/Trail_Crownreach:triangle1862:sample6,20.9701499938965,18.7381496429443,-109.792945861816,18.638916015625,18.47998046875,-0.158935546875,0.258169174194336,-0.000766372680664068,0.158169174194336,Terrain/Ground_0_-1/Collision,Terrain/Ground_0_-1/Collision
road,LandDetails/Trail_Crownreach,Model/Trail_Crownreach:triangle1863:sample0,19.7354335784912,18.367467880249,-111.158935546875,18.2685546875,18.130126953125,-0.138427734375,0.237340927124023,-0.00108680725097657,0.137340927124023,Terrain/Ground_0_-1/Collision,Terrain/Ground_0_-1/Collision
road,LandDetails/Trail_Crownreach,Model/Trail_Crownreach:triangle1863:sample1,20.2991809844971,18.5168399810791,-110.819793701172,18.41796875,18.27197265625,-0.14599609375,0.244867324829102,-0.00112876892089844,0.144867324829102,Terrain/Ground_0_-1/Collision,Terrain/Ground_0_-1/Collision
road,LandDetails/Trail_Crownreach,Model/Trail_Crownreach:triangle1863:sample2,19.3866195678711,18.292200088501,-111.121246337891,18.193359375,18.05810546875,-0.13525390625,0.234094619750977,-0.00115928649902344,0.134094619750977,Terrain/Ground_0_-1/Collision,Terrain/Ground_0_-1/Collision
road,LandDetails/Trail_Crownreach,Model/Trail_Crownreach:triangle1863:sample3,19.5205001831055,18.2933597564697,-111.535766601563,18.194580078125,18.060546875,-0.134033203125,0.232812881469727,-0.00122032165527344,0.132812881469727,Terrain/Ground_0_-1/Collision,Terrain/Ground_0_-1/Collision
road,LandDetails/Trail_Crownreach,Model/Trail_Crownreach:triangle1863:sample4,20.0041007995605,18.4601001739502,-110.687896728516,18.361328125,18.217529296875,-0.143798828125,0.242570877075195,-0.00122795104980469,0.142570877075195,Terrain/Ground_0_-1/Collision,Terrain/Ground_0_-1/Collision
road,LandDetails/Trail_Crownreach,Model/Trail_Crownreach:triangle1863:sample5,19.0307502746582,18.1807498931885,-111.582847595215,18.081787109375,17.952880859375,-0.12890625,0.227869033813477,-0.00103721618652344,0.127869033813477,Terrain/Ground_0_-1/Collision,Terrain/Ground_0_-1/Collision
road,LandDetails/Trail_Crownreach,Model/Trail_Crownreach:triangle1863:sample6,20.1714496612549,18.4615497589111,-111.206047058105,18.36279296875,18.219970703125,-0.142822265625,0.241579055786133,-0.00124320983886719,0.141579055786133,Terrain/Ground_0_-1/Collision,Terrain/Ground_0_-1/Collision
road,LandDetails/Trail_Crownreach,Model/Trail_Crownreach:triangle1864:sample0,20.6091003417969,18.5556011199951,-111.26099395752,18.45654296875,18.3095703125,-0.14697265625,0.246030807495117,-0.000941848754882818,0.146030807495117,Terrain/Ground_0_-1/Collision,Terrain/Ground_0_-1/Collision
road,LandDetails/Trail_Crownreach,Model/Trail_Crownreach:triangle1864:sample1,20.8233814239502,18.6297206878662,-110.881034851074,18.53076171875,18.379638671875,-0.151123046875,0.250082015991211,-0.00104103088378907,0.150082015991211,Terrain/Ground_0_-1/Collision,Terrain/Ground_0_-1/Collision
road,LandDetails/Trail_Crownreach,Model/Trail_Crownreach:triangle1864:sample2,20.0447006225586,18.4062404632568,-111.59700012207,18.30712890625,18.168212890625,-0.138916015625,0.238027572631836,-0.000888442993164068,0.138027572631836,Terrain/Ground_0_-1/Collision,Terrain/Ground_0_-1/Collision
road,LandDetails/Trail_Crownreach,Model/Trail_Crownreach:triangle1864:sample3,20.9592208862305,18.6308403015137,-111.304962158203,18.53173828125,18.381591796875,-0.150146484375,0.249248504638672,-0.000897979736328131,0.149248504638672,Terrain/Ground_0_-1/Collision,Terrain/Ground_0_-1/Collision
road,LandDetails/Trail_Crownreach,Model/Trail_Crownreach:triangle1864:sample4,20.1714496612549,18.4615497589111,-111.206047058105,18.36279296875,18.219970703125,-0.142822265625,0.241579055786133,-0.00124320983886719,0.141579055786133,Terrain/Ground_0_-1/Collision,Terrain/Ground_0_-1/Collision
road,LandDetails/Trail_Crownreach,Model/Trail_Crownreach:triangle1864:sample5,20.3412494659424,18.4629497528076,-111.735946655273,18.364013671875,18.22216796875,-0.141845703125,0.240781784057617,-0.00106391906738282,0.140781784057617,Terrain/Ground_0_-1/Collision,Terrain/Ground_0_-1/Collision
road,LandDetails/Trail_Crownreach,Model/Trail_Crownreach:triangle1864:sample6,21.3145999908447,18.7423000335693,-110.840995788574,18.64306640625,18.486572265625,-0.156494140625,0.255727767944336,-0.000766372680664068,0.155727767944336,Terrain/Ground_0_-1/Collision,Terrain/Ground_0_-1/Collision
road,LandDetails/Trail_Crownreach,Model/Trail_Crownreach:triangle1865:sample0,20.0676670074463,18.3694324493408,-112.203033447266,18.270263671875,18.13427734375,-0.135986328125,0.23515510559082,-0.000831222534179693,0.13515510559082,Terrain/Ground_0_-1/Collision,Terrain/Ground_0_-1/Collision
road,LandDetails/Trail_Crownreach,Model/Trail_Crownreach:triangle1865:sample1,20.6343612670898,18.5191402435303,-111.870178222656,18.419921875,18.276123046875,-0.143798828125,0.243017196655273,-0.000781631469726568,0.143017196655273,Terrain/Ground_0_-1/Collision,Terrain/Ground_0_-1/Collision
road,LandDetails/Trail_Crownreach,Model/Trail_Crownreach:triangle1865:sample2,19.719841003418,18.2945404052734,-112.162223815918,18.195556640625,18.062744140625,-0.1328125,0.231796264648438,-0.00101623535156251,0.131796264648437,Terrain/Ground_0_-1/Collision,Terrain/Ground_0_-1/Collision
road,LandDetails/Trail_Crownreach,Model/Trail_Crownreach:triangle1865:sample3,19.8488006591797,18.294620513916,-112.576705932617,18.19580078125,18.06396484375,-0.1318359375,0.230655670166016,-0.00118026733398438,0.130655670166016,Terrain/Ground_0_-1/Collision,Terrain/Ground_0_-1/Collision
road,LandDetails/Trail_Crownreach,Model/Trail_Crownreach:triangle1865:sample4,20.3412494659424,18.4629497528076,-111.735946655273,18.364013671875,18.22216796875,-0.141845703125,0.240781784057617,-0.00106391906738282,0.140781784057617,Terrain/Ground_0_-1/Collision,Terrain/Ground_0_-1/Collision
road,LandDetails/Trail_Crownreach,Model/Trail_Crownreach:triangle1865:sample5,19.3592987060547,18.182300567627,-112.619094848633,18.083251953125,17.956787109375,-0.12646484375,0.225513458251953,-0.000951385498046881,0.125513458251953,Terrain/Ground_0_-1/Collision,Terrain/Ground_0_-1/Collision
road,LandDetails/Trail_Crownreach,Model/Trail_Crownreach:triangle1865:sample6,20.5024490356445,18.4630508422852,-112.254043579102,18.364013671875,18.2236328125,-0.140380859375,0.239418029785156,-0.000962829589843756,0.139418029785156,Terrain/Ground_0_-1/Collision,Terrain/Ground_0_-1/Collision
road,LandDetails/Trail_Crownreach,Model/Trail_Crownreach:triangle1866:sample0,20.940465927124,18.5566673278809,-112.316864013672,18.457275390625,18.31298828125,-0.144287109375,0.243679046630859,-0.000608062744140631,0.143679046630859,Terrain/Ground_0_-1/Collision,Terrain/Ground_0_-1/Collision
road,LandDetails/Trail_Crownreach,Model/Trail_Crownreach:triangle1866:sample1,21.1580410003662,18.6314811706543,-111.938484191895,18.5322265625,18.383544921875,-0.148681640625,0.247936248779297,-0.000745391845703131,0.147936248779297,Terrain/Ground_0_-1/Collision,Terrain/Ground_0_-1/Collision
road,LandDetails/Trail_Crownreach,Model/Trail_Crownreach:triangle1866:sample2,20.3724803924561,18.4069595336914,-112.645004272461,18.3076171875,18.171142578125,-0.136474609375,0.235816955566406,-0.000657653808593756,0.135816955566406,Terrain/Ground_0_-1/Collision,Terrain/Ground_0_-1/Collision
road,LandDetails/Trail_Crownreach,Model/Trail_Crownreach:triangle1866:sample3,21.2908802032471,18.6315612792969,-112.367118835449,18.532470703125,18.38427734375,-0.148193359375,0.247283935546875,-0.000909423828125006,0.147283935546875,Terrain/Ground_0_-1/Collision,Terrain/Ground_0_-1/Collision
road,LandDetails/Trail_Crownreach,Model/Trail_Crownreach:triangle1866:sample4,20.5024490356445,18.4630508422852,-112.254043579102,18.364013671875,18.2236328125,-0.140380859375,0.239418029785156,-0.000962829589843756,0.139418029785156,Terrain/Ground_0_-1/Collision,Terrain/Ground_0_-1/Collision
road,LandDetails/Trail_Crownreach,Model/Trail_Crownreach:triangle1866:sample5,20.6684989929199,18.4631500244141,-112.789848327637,18.364013671875,18.22509765625,-0.138916015625,0.238052368164063,-0.000863647460937506,0.138052368164062,Terrain/Ground_0_-1/Collision,Terrain/Ground_0_-1/Collision
road,LandDetails/Trail_Crownreach,Model/Trail_Crownreach:triangle1866:sample6,21.6504497528076,18.7438011169434,-111.906692504883,18.64453125,18.490234375,-0.154296875,0.253566741943359,-0.000730133056640631,0.153566741943359,Terrain/Ground_0_-1/Collision,Terrain/Ground_0_-1/Collision
road,LandDetails/Trail_Crownreach,Model/Trail_Crownreach:triangle1867:sample0,20.3908672332764,18.3686656951904,-113.258903503418,18.26953125,18.1357421875,-0.1337890625,0.23292350769043,-0.000865554809570318,0.13292350769043,Terrain/Ground_0_-1/Collision,Terrain/Ground_0_-1/Collision
road,LandDetails/Trail_Crownreach,Model/Trail_Crownreach:triangle1867:sample1,20.9611186981201,18.5187606811523,-112.932342529297,18.419677734375,18.2783203125,-0.141357421875,0.240440368652344,-0.000917053222656256,0.140440368652344,Terrain/Ground_0_-1/Collision,Terrain/Ground_0_-1/Collision
road,LandDetails/Trail_Crownreach,Model/Trail_Crownreach:triangle1867:sample2,20.0427188873291,18.2941608428955,-113.210227966309,18.19482421875,18.06494140625,-0.1298828125,0.229219436645508,-0.000663375854492193,0.129219436645508,Terrain/Ground_0_-1/Collision,Terrain/Ground_0_-1/Collision
road,LandDetails/Trail_Crownreach,Model/Trail_Crownreach:triangle1867:sample3,20.1687602996826,18.2930793762207,-113.634140014648,18.19384765625,18.064453125,-0.12939453125,0.228626251220703,-0.000768280029296881,0.128626251220703,Terrain/Ground_0_-1/Collision,Terrain/Ground_0_-1/Collision
road,LandDetails/Trail_Crownreach,Model/Trail_Crownreach:triangle1867:sample4,20.6684989929199,18.4631500244141,-112.789848327637,18.364013671875,18.22509765625,-0.138916015625,0.238052368164063,-0.000863647460937506,0.138052368164062,Terrain/Ground_0_-1/Collision,Terrain/Ground_0_-1/Collision
road,LandDetails/Trail_Crownreach,Model/Trail_Crownreach:triangle1867:sample5,19.678050994873,18.1810493469238,-113.667098999023,18.08203125,17.958251953125,-0.123779296875,0.222797393798828,-0.000981903076171881,0.122797393798828,Terrain/Ground_0_-1/Collision,Terrain/Ground_0_-1/Collision
road,LandDetails/Trail_Crownreach,Model/Trail_Crownreach:triangle1867:sample6,20.8260498046875,18.461799621582,-113.319747924805,18.362548828125,18.224853515625,-0.1376953125,0.236946105957031,-0.000749206542968756,0.136946105957031,Terrain/Ground_0_-1/Collision,Terrain/Ground_0_-1/Collision
road,LandDetails/Trail_Crownreach,Model/Trail_Crownreach:triangle1868:sample0,21.2637004852295,18.5548992156982,-113.38452911377,18.455810546875,18.313720703125,-0.14208984375,0.241178512573242,-0.000911331176757818,0.141178512573242,Terrain/Ground_0_-1/Collision,Terrain/Ground_0_-1/Collision
road,LandDetails/Trail_Crownreach,Model/Trail_Crownreach:triangle1868:sample1,21.4848213195801,18.630500793457,-113.007720947266,18.53125,18.384765625,-0.146484375,0.245735168457031,-0.000749206542968756,0.145735168457031,Terrain/Ground_0_-1/Collision,Terrain/Ground_0_-1/Collision
road,LandDetails/Trail_Crownreach,Model/Trail_Crownreach:triangle1868:sample2,20.6924591064453,18.4048194885254,-113.709526062012,18.3056640625,18.17138671875,-0.13427734375,0.233432769775391,-0.000844573974609381,0.133432769775391,Terrain/Ground_0_-1/Collision,Terrain/Ground_0_-1/Collision
road,LandDetails/Trail_Crownreach,Model/Trail_Crownreach:triangle1868:sample3,21.6138191223145,18.6293792724609,-113.43635559082,18.5302734375,18.385009765625,-0.145263671875,0.244369506835938,-0.000894165039062506,0.144369506835937,Terrain/Ground_0_-1/Collision,Terrain/Ground_0_-1/Collision
road,LandDetails/Trail_Crownreach,Model/Trail_Crownreach:triangle1868:sample4,20.8260498046875,18.461799621582,-113.319747924805,18.362548828125,18.224853515625,-0.1376953125,0.236946105957031,-0.000749206542968756,0.136946105957031,Terrain/Ground_0_-1/Collision,Terrain/Ground_0_-1/Collision
road,LandDetails/Trail_Crownreach,Model/Trail_Crownreach:triangle1868:sample5,20.9873008728027,18.4603996276855,-113.855545043945,18.361328125,18.224853515625,-0.136474609375,0.235546112060547,-0.000928497314453131,0.135546112060547,Terrain/Ground_0_-1/Collision,Terrain/Ground_0_-1/Collision
road,LandDetails/Trail_Crownreach,Model/Trail_Crownreach:triangle1868:sample6,21.9777488708496,18.7425003051758,-112.978302001953,18.643310546875,18.491943359375,-0.1513671875,0.250556945800781,-0.000810241699218756,0.150556945800781,Terrain/Ground_0_-1/Collision,Terrain/Ground_0_-1/Collision
road,LandDetails/Trail_Crownreach,Model/Trail_Crownreach:triangle1869:sample0,20.7051677703857,18.3648662567139,-114.322631835938,18.265869140625,18.13525390625,-0.130615234375,0.229612350463867,-0.00100288391113282,0.129612350463867,Terrain/Ground_0_-1/Collision,Terrain/Ground_0_-1/Collision
road,LandDetails/Trail_Crownreach,Model/Trail_Crownreach:triangle1869:sample1,21.2787017822266,18.51535987854,-113.999221801758,18.416748046875,18.27783203125,-0.138916015625,0.237527847290039,-0.00138816833496094,0.137527847290039,Terrain/Ground_0_-1/Collision,Terrain/Ground_0_-1/Collision
road,LandDetails/Trail_Crownreach,Model/Trail_Crownreach:triangle1869:sample2,20.3573417663574,18.2908000946045,-114.272384643555,18.19189453125,18.064208984375,-0.127685546875,0.226591110229492,-0.00109443664550782,0.126591110229492,Terrain/Ground_0_-1/Collision,Terrain/Ground_0_-1/Collision
road,LandDetails/Trail_Crownreach,Model/Trail_Crownreach:triangle1869:sample3,20.4794616699219,18.2884407043457,-114.696304321289,18.18994140625,18.063232421875,-0.126708984375,0.225208282470703,-0.00150070190429688,0.125208282470703,Terrain/Ground_0_-1/Collision,Terrain/Ground_0_-1/Collision
road,LandDetails/Trail_Crownreach,Model/Trail_Crownreach:triangle1869:sample4,20.9873008728027,18.4603996276855,-113.855545043945,18.361328125,18.224853515625,-0.136474609375,0.235546112060547,-0.000928497314453131,0.135546112060547,Terrain/Ground_0_-1/Collision,Terrain/Ground_0_-1/Collision
road,LandDetails/Trail_Crownreach,Model/Trail_Crownreach:triangle1869:sample5,19.9882507324219,18.1767501831055,-114.726898193359,18.07763671875,17.95654296875,-0.12109375,0.220207214355469,-0.000886535644531256,0.120207214355469,Terrain/Ground_0_-1/Collision,Terrain/Ground_0_-1/Collision
road,LandDetails/Trail_Crownreach,Model/Trail_Crownreach:triangle1869:sample6,21.139949798584,18.4574508666992,-114.385452270508,18.358642578125,18.2236328125,-0.135009765625,0.233818054199219,-0.00119171142578126,0.133818054199219,Terrain/Ground_0_-1/Collision,Terrain/Ground_0_-1/Collision
road,LandDetails/Trail_Crownreach,Model/Trail_Crownreach:triangle1870:sample0,21.5771656036377,18.5500335693359,-114.460029602051,18.451171875,18.31201171875,-0.13916015625,0.238021850585938,-0.00113830566406251,0.138021850585937,Terrain/Ground_0_-1/Collision,Terrain/Ground_0_-1/Collision
road,LandDetails/Trail_Crownreach,Model/Trail_Crownreach:triangle1870:sample1,21.8019008636475,18.6264610290527,-114.081665039063,18.52783203125,18.384033203125,-0.143798828125,0.242427825927734,-0.00137100219726563,0.142427825927734,Terrain/Ground_0_-1/Collision,Terrain/Ground_0_-1/Collision
road,LandDetails/Trail_Crownreach,Model/Trail_Crownreach:triangle1870:sample2,21.0026607513428,18.3995399475098,-114.778747558594,18.301025390625,18.169677734375,-0.13134765625,0.229862213134766,-0.00148544311523438,0.129862213134766,Terrain/Ground_0_-1/Collision,Terrain/Ground_0_-1/Collision
road,LandDetails/Trail_Crownreach,Model/Trail_Crownreach:triangle1870:sample3,21.9269409179688,18.6240997314453,-114.519706726074,18.525390625,18.3828125,-0.142578125,0.241287231445313,-0.00129089355468751,0.141287231445312,Terrain/Ground_0_-1/Collision,Terrain/Ground_0_-1/Collision
road,LandDetails/Trail_Crownreach,Model/Trail_Crownreach:triangle1870:sample4,21.139949798584,18.4574508666992,-114.385452270508,18.358642578125,18.2236328125,-0.135009765625,0.233818054199219,-0.00119171142578126,0.133818054199219,Terrain/Ground_0_-1/Collision,Terrain/Ground_0_-1/Collision
road,LandDetails/Trail_Crownreach,Model/Trail_Crownreach:triangle1870:sample5,21.2962493896484,18.4544982910156,-114.932998657227,18.35546875,18.221923828125,-0.133544921875,0.232574462890625,-0.000970458984375006,0.132574462890625,Terrain/Ground_0_-1/Collision,Terrain/Ground_0_-1/Collision
road,LandDetails/Trail_Crownreach,Model/Trail_Crownreach:triangle1870:sample6,22.2952995300293,18.7381496429443,-114.061645507813,18.639404296875,18.490234375,-0.149169921875,0.247915267944336,-0.00125465393066407,0.147915267944336,Terrain/Ground_0_-1/Collision,Terrain/Ground_0_-1/Collision
road,LandDetails/Trail_Crownreach,Model/Trail_Crownreach:triangle1871:sample0,21.0088329315186,18.3579654693604,-115.398132324219,18.25927734375,18.131103515625,-0.128173828125,0.226861953735352,-0.00131187438964844,0.126861953735352,Terrain/Ground_0_-1/Collision,Terrain/Ground_0_-1/Collision
road,LandDetails/Trail_Crownreach,Model/Trail_Crownreach:triangle1871:sample1,21.5859394073486,18.5088596343994,-115.082565307617,18.409912109375,18.274169921875,-0.1357421875,0.234689712524414,-0.00105247497558594,0.134689712524414,Terrain/Ground_0_-1/Collision,Terrain/Ground_0_-1/Collision
road,LandDetails/Trail_Crownreach,Model/Trail_Crownreach:triangle1871:sample2,20.6616592407227,18.2842998504639,-115.341606140137,18.185791015625,18.06103515625,-0.124755859375,0.223264694213867,-0.00149116516113282,0.123264694213867,Terrain/Ground_0_-1/Collision,Terrain/Ground_0_-1/Collision
road,LandDetails/Trail_Crownreach,Model/Trail_Crownreach:triangle1871:sample3,20.7789001464844,18.2807388305664,-115.770240783691,18.182373046875,18.05859375,-0.123779296875,0.222145080566406,-0.00163421630859376,0.122145080566406,Terrain/Ground_0_-1/Collision,Terrain/Ground_0_-1/Collision
road,LandDetails/Trail_Crownreach,Model/Trail_Crownreach:triangle1871:sample4,21.2962493896484,18.4544982910156,-114.932998657227,18.35546875,18.221923828125,-0.133544921875,0.232574462890625,-0.000970458984375006,0.132574462890625,Terrain/Ground_0_-1/Collision,Terrain/Ground_0_-1/Collision
road,LandDetails/Trail_Crownreach,Model/Trail_Crownreach:triangle1871:sample5,20.2874488830566,18.1693496704102,-115.792602539063,18.071044921875,17.952392578125,-0.11865234375,0.216957092285156,-0.00169525146484376,0.116957092285156,Terrain/Ground_0_-1/Collision,Terrain/Ground_0_-1/Collision
road,LandDetails/Trail_Crownreach,Model/Trail_Crownreach:triangle1871:sample6,21.442798614502,18.4500503540039,-115.468795776367,18.351318359375,18.21923828125,-0.132080078125,0.230812072753906,-0.00126800537109376,0.130812072753906,Terrain/Ground_0_-1/Collision,Terrain/Ground_0_-1/Collision
road,LandDetails/Trail_Crownreach,Model/Trail_Crownreach:triangle1872:sample0,21.8792324066162,18.5420322418213,-115.551231384277,18.443115234375,18.306884765625,-0.13623046875,0.235147476196289,-0.00108299255371094,0.135147476196289,Terrain/Ground_0_-1/Collision,Terrain/Ground_0_-1/Collision
road,LandDetails/Trail_Crownreach,Model/Trail_Crownreach:triangle1872:sample1,22.1081809997559,18.6192989349365,-115.174423217773,18.520263671875,18.379638671875,-0.140625,0.239660263061523,-0.000964736938476568,0.139660263061523,Terrain/Ground_0_-1/Collision,Terrain/Ground_0_-1/Collision
road,LandDetails/Trail_Crownreach,Model/Trail_Crownreach:triangle1872:sample2,21.3011417388916,18.3911800384521,-115.862106323242,18.29248046875,18.163818359375,-0.128662109375,0.227361679077148,-0.00130043029785157,0.127361679077148,Terrain/Ground_0_-1/Collision,Terrain/Ground_0_-1/Collision
road,LandDetails/Trail_Crownreach,Model/Trail_Crownreach:triangle1872:sample3,22.2283802032471,18.6156196594238,-115.617179870605,18.5166015625,18.377197265625,-0.139404296875,0.238422393798828,-0.000981903076171881,0.138422393798828,Terrain/Ground_0_-1/Collision,Terrain/Ground_0_-1/Collision
road,LandDetails/Trail_Crownreach,Model/Trail_Crownreach:triangle1872:sample4,21.442798614502,18.4500503540039,-115.468795776367,18.351318359375,18.21923828125,-0.132080078125,0.230812072753906,-0.00126800537109376,0.130812072753906,Terrain/Ground_0_-1/Collision,Terrain/Ground_0_-1/Collision
road,LandDetails/Trail_Crownreach,Model/Trail_Crownreach:triangle1872:sample5,21.5930500030518,18.4454498291016,-116.022247314453,18.346435546875,18.2158203125,-0.130615234375,0.229629516601563,-0.000985717773437506,0.129629516601562,Terrain/Ground_0_-1/Collision,Terrain/Ground_0_-1/Collision
road,LandDetails/Trail_Crownreach,Model/Trail_Crownreach:triangle1872:sample6,22.6018486022949,18.730598449707,-115.162643432617,18.631591796875,18.4853515625,-0.146240234375,0.245246887207031,-0.000993347167968756,0.145246887207031,Terrain/Ground_0_-1/Collision,Terrain/Ground_0_-1/Collision
road,LandDetails/Trail_Crownreach,Model/Trail_Crownreach:triangle1873:sample0,22.0078983306885,18.5376663208008,-116.026161193848,18.43896484375,18.303955078125,-0.135009765625,0.233711242675781,-0.00129852294921876,0.133711242675781,Terrain/Ground_0_-1/Collision,Terrain/Ground_0_-1/Collision
road,LandDetails/Trail_Crownreach,Model/Trail_Crownreach:triangle1873:sample1,22.3397789001465,18.6114406585693,-116.029296875,18.512939453125,18.37451171875,-0.138427734375,0.236928939819336,-0.00149879455566407,0.136928939819336,Terrain/Ground_0_-1/Collision,Terrain/Ground_0_-1/Collision
road,LandDetails/Trail_Crownreach,Model/Trail_Crownreach:triangle1873:sample2,22.3055801391602,18.613000869751,-115.902137756348,18.513916015625,18.375244140625,-0.138671875,0.237756729125977,-0.000915145874023443,0.137756729125977,Terrain/Ground_0_-1/Collision,Terrain/Ground_0_-1/Collision
road,LandDetails/Trail_Crownreach,Model/Trail_Crownreach:triangle1873:sample3,21.3783416748047,18.3885593414307,-116.147064208984,18.290283203125,18.162109375,-0.128173828125,0.226449966430664,-0.00172386169433594,0.126449966430664,Terrain/Ground_0_-1/Collision,Terrain/Ground_0_-1/Collision
road,LandDetails/Trail_Crownreach,Model/Trail_Crownreach:triangle1873:sample4,22.794849395752,18.724048614502,-115.875045776367,18.625,18.48095703125,-0.14404296875,0.243091583251953,-0.000951385498046881,0.143091583251953,Terrain/Ground_0_-1/Collision,Terrain/Ground_0_-1/Collision
road,LandDetails/Trail_Crownreach,Model/Trail_Crownreach:triangle1873:sample5,21.5930500030518,18.4454498291016,-116.022247314453,18.346435546875,18.2158203125,-0.130615234375,0.229629516601563,-0.000985717773437506,0.129629516601562,Terrain/Ground_0_-1/Collision,Terrain/Ground_0_-1/Collision
road,LandDetails/Trail_Crownreach,Model/Trail_Crownreach:triangle1873:sample6,21.635799407959,18.4435005187988,-116.181198120117,18.34521484375,18.21484375,-0.13037109375,0.228656768798828,-0.00171432495117188,0.128656768798828,Terrain/Ground_0_-1/Collision,Terrain/Ground_0_-1/Collision
road,LandDetails/Trail_Crownreach,Model/Trail_Crownreach:triangle1874:sample0,21.3288326263428,18.3465328216553,-116.591400146484,18.248291015625,18.123291015625,-0.125,0.223241806030273,-0.00175819396972657,0.123241806030273,Terrain/Ground_0_-1/Collision,Terrain/Ground_0_-1/Collision
road,LandDetails/Trail_Crownreach,Model/Trail_Crownreach:triangle1874:sample1,21.9323406219482,18.4967613220215,-116.368438720703,18.3984375,18.265869140625,-0.132568359375,0.230892181396484,-0.00167617797851563,0.130892181396484,Terrain/Ground_0_-1/Collision,Terrain/Ground_0_-1/Collision
road,LandDetails/Trail_Crownreach,Model/Trail_Crownreach:triangle1874:sample2,20.9709014892578,18.2738800048828,-116.486206054688,18.175537109375,18.0537109375,-0.121826171875,0.220169067382813,-0.00165710449218751,0.120169067382812,Terrain/Ground_0_-1/Collision,Terrain/Ground_0_-1/Collision
road,LandDetails/Trail_Crownreach,Model/Trail_Crownreach:triangle1874:sample3,21.0832595825195,18.2689590454102,-116.919563293457,18.17041015625,18.050048828125,-0.120361328125,0.218910217285156,-0.00145111083984376,0.118910217285156,Terrain/Ground_0_-1/Collision,Terrain/Ground_0_-1/Collision
road,LandDetails/Trail_Crownreach,Model/Trail_Crownreach:triangle1874:sample4,21.635799407959,18.4435005187988,-116.181198120117,18.34521484375,18.21484375,-0.13037109375,0.228656768798828,-0.00171432495117188,0.128656768798828,Terrain/Ground_0_-1/Collision,Terrain/Ground_0_-1/Collision
road,LandDetails/Trail_Crownreach,Model/Trail_Crownreach:triangle1874:sample5,20.5744495391846,18.158748626709,-116.870101928711,18.060546875,17.945068359375,-0.115478515625,0.213680267333984,-0.00179824829101563,0.113680267333984,Terrain/Ground_0_-1/Collision,Terrain/Ground_0_-1/Collision
road,LandDetails/Trail_Crownreach,Model/Trail_Crownreach:triangle1874:sample6,21.7762489318848,18.437349319458,-116.722900390625,18.339111328125,18.21044921875,-0.128662109375,0.226900100708008,-0.00176200866699219,0.126900100708008,Terrain/Ground_0_-1/Collision,Terrain/Ground_0_-1/Collision
road,LandDetails/Trail_Crownreach,Model/Trail_Crownreach:triangle1875:sample0,21.963098526001,18.4727001190186,-116.815132141113,18.37451171875,18.244140625,-0.13037109375,0.228559494018555,-0.00181159973144532,0.128559494018555,Terrain/Ground_0_-1/Collision,Terrain/Ground_0_-1/Collision
road,LandDetails/Trail_Crownreach,Model/Trail_Crownreach:triangle1875:sample1,22.3128986358643,18.5724601745605,-116.50267791748,18.474365234375,18.33837890625,-0.135986328125,0.234081268310547,-0.00190505981445313,0.134081268310547,Terrain/Ground_0_-1/Collision,Terrain/Ground_0_-1/Collision
road,LandDetails/Trail_Crownreach,Model/Trail_Crownreach:triangle1875:sample2,21.4638195037842,18.3446598052979,-117.053802490234,18.24658203125,18.12255859375,-0.1240234375,0.222101211547852,-0.00192222595214844,0.122101211547852,Terrain/Ground_0_-1/Collision,Terrain/Ground_0_-1/Collision
road,LandDetails/Trail_Crownreach,Model/Trail_Crownreach:triangle1875:sample3,22.1125793457031,18.5009803771973,-116.888916015625,18.40283203125,18.271484375,-0.13134765625,0.229496002197266,-0.00185165405273438,0.129496002197266,Terrain/Ground_0_-1/Collision,Terrain/Ground_0_-1/Collision
road,LandDetails/Trail_Crownreach,Model/Trail_Crownreach:triangle1875:sample4,21.7762489318848,18.437349319458,-116.722900390625,18.339111328125,18.21044921875,-0.128662109375,0.226900100708008,-0.00176200866699219,0.126900100708008,Terrain/Ground_0_-1/Collision,Terrain/Ground_0_-1/Collision
road,LandDetails/Trail_Crownreach,Model/Trail_Crownreach:triangle1875:sample5,21.5258483886719,18.3479995727539,-117.205696105957,18.24951171875,18.126220703125,-0.123291015625,0.221778869628906,-0.00151214599609376,0.121778869628906,Terrain/Ground_0_-1/Collision,Terrain/Ground_0_-1/Collision
road,LandDetails/Trail_Crownreach,Model/Trail_Crownreach:triangle1875:sample6,22.5872001647949,18.6327495574951,-116.516799926758,18.534423828125,18.39599609375,-0.138427734375,0.236753463745117,-0.00167427062988282,0.136753463745117,Terrain/Ground_0_-1/Collision,Terrain/Ground_0_-1/Collision
road,LandDetails/Trail_Crownreach,Model/Trail_Crownreach:triangle1876:sample0,21.3475646972656,18.2773342132568,-117.651191711426,18.178955078125,18.059814453125,-0.119140625,0.217519760131836,-0.00162086486816407,0.117519760131836,Terrain/Ground_0_-1/Collision,Terrain/Ground_0_-1/Collision
road,LandDetails/Trail_Crownreach,Model/Trail_Crownreach:triangle1876:sample1,21.7432613372803,18.3837604522705,-117.390563964844,18.28564453125,18.160888671875,-0.124755859375,0.222871780395508,-0.00188407897949219,0.122871780395508,Terrain/Ground_0_-1/Collision,Terrain/Ground_0_-1/Collision
road,LandDetails/Trail_Crownreach,Model/Trail_Crownreach:triangle1876:sample2,21.0944995880127,18.2274398803711,-117.555442810059,18.129150390625,18.011962890625,-0.1171875,0.215476989746094,-0.00171051025390626,0.115476989746094,Terrain/Ground_0_-1/Collision,Terrain/Ground_0_-1/Collision
road,LandDetails/Trail_Crownreach,Model/Trail_Crownreach:triangle1876:sample3,21.2049407958984,18.2208003997803,-118.007598876953,18.122314453125,18.006591796875,-0.11572265625,0.214208602905273,-0.00151405334472657,0.114208602905273,Terrain/Ground_0_-1/Collision,Terrain/Ground_0_-1/Collision
road,LandDetails/Trail_Crownreach,Model/Trail_Crownreach:triangle1876:sample4,21.5258483886719,18.3479995727539,-117.205696105957,18.24951171875,18.126220703125,-0.123291015625,0.221778869628906,-0.00151214599609376,0.121778869628906,Terrain/Ground_0_-1/Collision,Terrain/Ground_0_-1/Collision
road,LandDetails/Trail_Crownreach,Model/Trail_Crownreach:triangle1876:sample5,20.8529491424561,18.1442985534668,-117.976997375488,18.046142578125,17.933837890625,-0.1123046875,0.210460662841797,-0.00184402465820313,0.110460662841797,Terrain/Ground_0_-1/Collision,Terrain/Ground_0_-1/Collision
road,LandDetails/Trail_Crownreach,Model/Trail_Crownreach:triangle1876:sample6,21.6638984680176,18.3396987915039,-117.770896911621,18.2412109375,18.11962890625,-0.12158203125,0.220069885253906,-0.00151214599609376,0.120069885253906,Terrain/Ground_0_-1/Collision,Terrain/Ground_0_-1/Collision
road,LandDetails/Trail_Crownreach,Model/Trail_Crownreach:triangle1877:sample0,21.6463985443115,18.3214321136475,-117.980895996094,18.22314453125,18.102294921875,-0.120849609375,0.219137191772461,-0.00171241760253907,0.119137191772461,Terrain/Ground_0_-1/Collision,Terrain/Ground_0_-1/Collision
road,LandDetails/Trail_Crownreach,Model/Trail_Crownreach:triangle1877:sample1,21.9225616455078,18.4102210998535,-117.58837890625,18.311767578125,18.186279296875,-0.12548828125,0.223941802978516,-0.00154647827148438,0.123941802978516,Terrain/Ground_0_-1/Collision,Terrain/Ground_0_-1/Collision
road,LandDetails/Trail_Crownreach,Model/Trail_Crownreach:triangle1877:sample2,21.3842391967773,18.2472610473633,-118.205413818359,18.148681640625,18.032470703125,-0.1162109375,0.214790344238281,-0.00142059326171876,0.114790344238281,Terrain/Ground_0_-1/Collision,Terrain/Ground_0_-1/Collision
road,LandDetails/Trail_Crownreach,Model/Trail_Crownreach:triangle1877:sample3,21.6324005126953,18.3068199157715,-118.148902893066,18.2080078125,18.0888671875,-0.119140625,0.217952728271484,-0.00118789672851563,0.117952728271484,Terrain/Ground_0_-1/Collision,Terrain/Ground_0_-1/Collision
road,LandDetails/Trail_Crownreach,Model/Trail_Crownreach:triangle1877:sample4,21.6638984680176,18.3396987915039,-117.770896911621,18.2412109375,18.11962890625,-0.12158203125,0.220069885253906,-0.00151214599609376,0.120069885253906,Terrain/Ground_0_-1/Collision,Terrain/Ground_0_-1/Collision
road,LandDetails/Trail_Crownreach,Model/Trail_Crownreach:triangle1877:sample5,21.3011989593506,18.21044921875,-118.471542358398,18.11181640625,17.99755859375,-0.1142578125,0.212890625,-0.00136718750000001,0.112890625,Terrain/Ground_0_-1/Collision,Terrain/Ground_0_-1/Collision
road,LandDetails/Trail_Crownreach,Model/Trail_Crownreach:triangle1877:sample6,21.9740982055664,18.4141502380371,-117.700241088867,18.315673828125,18.18994140625,-0.125732421875,0.224208831787109,-0.00152359008789063,0.124208831787109,Terrain/Ground_0_-1/Collision,Terrain/Ground_0_-1/Collision
road,LandDetails/Trail_Crownreach,Model/Trail_Crownreach:triangle1878:sample0,21.2531337738037,18.1812000274658,-118.738464355469,18.082763671875,17.97021484375,-0.112548828125,0.21098518371582,-0.00156364440917969,0.11098518371582,Terrain/Ground_0_-1/Collision,Terrain/Ground_0_-1/Collision
road,LandDetails/Trail_Crownreach,Model/Trail_Crownreach:triangle1878:sample1,21.3964385986328,18.2226791381836,-118.603446960449,18.1240234375,18.009521484375,-0.114501953125,0.213157653808594,-0.00134429931640626,0.113157653808594,Terrain/Ground_0_-1/Collision,Terrain/Ground_0_-1/Collision
road,LandDetails/Trail_Crownreach,Model/Trail_Crownreach:triangle1878:sample2,21.1482791900635,18.1631202697754,-118.659957885742,18.064453125,17.953125,-0.111328125,0.209995269775391,-0.00133285522460938,0.109995269775391,Terrain/Ground_0_-1/Collision,Terrain/Ground_0_-1/Collision
road,LandDetails/Trail_Crownreach,Model/Trail_Crownreach:triangle1878:sample3,21.2146797180176,18.1577987670898,-118.952003479004,18.059326171875,17.948486328125,-0.11083984375,0.209312438964844,-0.00152740478515626,0.109312438964844,Terrain/Ground_0_-1/Collision,Terrain/Ground_0_-1/Collision
road,LandDetails/Trail_Crownreach,Model/Trail_Crownreach:triangle1878:sample4,21.3011989593506,18.21044921875,-118.471542358398,18.11181640625,17.99755859375,-0.1142578125,0.212890625,-0.00136718750000001,0.112890625,Terrain/Ground_0_-1/Collision,Terrain/Ground_0_-1/Collision
road,LandDetails/Trail_Crownreach,Model/Trail_Crownreach:triangle1878:sample5,21.0739994049072,18.1293487548828,-118.907249450684,18.03076171875,17.92138671875,-0.109375,0.207962036132813,-0.00141296386718751,0.107962036132812,Terrain/Ground_0_-1/Collision,Terrain/Ground_0_-1/Collision
road,LandDetails/Trail_Crownreach,Model/Trail_Crownreach:triangle1878:sample6,21.3841991424561,18.203800201416,-118.83659362793,18.105224609375,17.991943359375,-0.11328125,0.211856842041016,-0.00142440795898438,0.111856842041016,Terrain/Ground_0_-1/Collision,Terrain/Ground_0_-1/Collision
road,LandDetails/Trail_Crownreach,Model/Trail_Crownreach:triangle1879:sample0,22.7382335662842,18.671365737915,-116.618865966797,18.572998046875,18.432861328125,-0.14013671875,0.238504409790039,-0.00163230895996094,0.138504409790039,Terrain/Ground_0_-1/Collision,Terrain/Ground_0_-1/Collision
road,LandDetails/Trail_Crownreach,Model/Trail_Crownreach:triangle1879:sample1,22.7779808044434,18.6916599273682,-116.384918212891,18.59326171875,18.45166015625,-0.1416015625,0.239999771118164,-0.00160179138183594,0.139999771118164,Terrain/Ground_0_-1/Collision,Terrain/Ground_0_-1/Collision
road,LandDetails/Trail_Crownreach,Model/Trail_Crownreach:triangle1879:sample2,22.5776615142822,18.6201801300049,-116.77116394043,18.52197265625,18.384521484375,-0.137451171875,0.235658645629883,-0.00179252624511719,0.135658645629883,Terrain/Ground_0_-1/Collision,Terrain/Ground_0_-1/Collision
road,LandDetails/Trail_Crownreach,Model/Trail_Crownreach:triangle1879:sample3,22.8590602874756,18.7022609710693,-116.700523376465,18.603515625,18.462158203125,-0.141357421875,0.240102767944336,-0.00125465393066407,0.140102767944336,Terrain/Ground_0_-1/Collision,Terrain/Ground_0_-1/Collision
road,LandDetails/Trail_Crownreach,Model/Trail_Crownreach:triangle1879:sample4,22.5872001647949,18.6327495574951,-116.516799926758,18.534423828125,18.39599609375,-0.138427734375,0.236753463745117,-0.00167427062988282,0.136753463745117,Terrain/Ground_0_-1/Collision,Terrain/Ground_0_-1/Collision
road,LandDetails/Trail_Crownreach,Model/Trail_Crownreach:triangle1879:sample5,22.688549041748,18.6459999084473,-116.91130065918,18.54736328125,18.4091796875,-0.13818359375,0.236820220947266,-0.00136337280273438,0.136820220947266,Terrain/Ground_0_-1/Collision,Terrain/Ground_0_-1/Collision
road,LandDetails/Trail_Crownreach,Model/Trail_Crownreach:triangle1879:sample6,22.9389495849609,18.7353496551514,-116.428497314453,18.636962890625,18.493408203125,-0.1435546875,0.241941452026367,-0.00161323547363282,0.141941452026367,Terrain/Ground_0_-1/Collision,Terrain/Ground_0_-1/Collision
road,LandDetails/Trail_Crownreach,Model/Trail_Crownreach:triangle1880:sample0,22.3294982910156,18.5256328582764,-117.407836914063,18.427001953125,18.295654296875,-0.13134765625,0.229978561401367,-0.00136909484863282,0.129978561401367,Terrain/Ground_0_-1/Collision,Terrain/Ground_0_-1/Collision
road,LandDetails/Trail_Crownreach,Model/Trail_Crownreach:triangle1880:sample1,22.6138191223145,18.6148204803467,-117.173904418945,18.51611328125,18.3798828125,-0.13623046875,0.23493766784668,-0.00129280090332032,0.13493766784668,Terrain/Ground_0_-1/Collision,Terrain/Ground_0_-1/Collision
road,LandDetails/Trail_Crownreach,Model/Trail_Crownreach:triangle1880:sample2,22.3324203491211,18.5327415466309,-117.244537353516,18.434326171875,18.302001953125,-0.13232421875,0.230739593505859,-0.00158462524414063,0.130739593505859,Terrain/Ground_0_-1/Collision,Terrain/Ground_0_-1/Collision
road,LandDetails/Trail_Crownreach,Model/Trail_Crownreach:triangle1880:sample3,22.0422592163086,18.4293403625488,-117.805061340332,18.33056640625,18.20458984375,-0.1259765625,0.224750518798828,-0.00122604370117188,0.124750518798828,Terrain/Ground_0_-1/Collision,Terrain/Ground_0_-1/Collision
road,LandDetails/Trail_Crownreach,Model/Trail_Crownreach:triangle1880:sample4,22.688549041748,18.6459999084473,-116.91130065918,18.54736328125,18.4091796875,-0.13818359375,0.236820220947266,-0.00136337280273438,0.136820220947266,Terrain/Ground_0_-1/Collision,Terrain/Ground_0_-1/Collision
road,LandDetails/Trail_Crownreach,Model/Trail_Crownreach:triangle1880:sample5,21.9740982055664,18.4141502380371,-117.700241088867,18.315673828125,18.18994140625,-0.125732421875,0.224208831787109,-0.00152359008789063,0.124208831787109,Terrain/Ground_0_-1/Collision,Terrain/Ground_0_-1/Collision
road,LandDetails/Trail_Crownreach,Model/Trail_Crownreach:triangle1880:sample6,22.3258495330811,18.5167503356934,-117.611946105957,18.418212890625,18.287353515625,-0.130859375,0.229396820068359,-0.00146255493164063,0.129396820068359,Terrain/Ground_0_-1/Collision,Terrain/Ground_0_-1/Collision
road,LandDetails/Trail_Crownreach,Model/Trail_Crownreach:triangle1881:sample0,22.6592655181885,18.6053676605225,-117.737571716309,18.5068359375,18.3720703125,-0.134765625,0.233297348022461,-0.00146827697753907,0.133297348022461,Terrain/Ground_0_-1/Collision,Terrain/Ground_0_-1/Collision
road,LandDetails/Trail_Crownreach,Model/Trail_Crownreach:triangle1881:sample1,22.8116817474365,18.6626605987549,-117.37174987793,18.563720703125,18.426025390625,-0.1376953125,0.236635208129883,-0.00106010437011719,0.136635208129883,Terrain/Ground_0_-1/Collision,Terrain/Ground_0_-1/Collision
road,LandDetails/Trail_Crownreach,Model/Trail_Crownreach:triangle1881:sample2,22.240119934082,18.4771785736084,-118.002906799316,18.378662109375,18.250732421875,-0.1279296875,0.226446151733398,-0.00148353576660157,0.126446151733398,Terrain/Ground_0_-1/Collision,Terrain/Ground_0_-1/Collision
road,LandDetails/Trail_Crownreach,Model/Trail_Crownreach:triangle1881:sample3,22.9259986877441,18.6762619018555,-117.83805847168,18.577880859375,18.440185546875,-0.1376953125,0.236076354980469,-0.00161895751953126,0.136076354980469,Terrain/Ground_0_-1/Collision,Terrain/Ground_0_-1/Collision
road,LandDetails/Trail_Crownreach,Model/Trail_Crownreach:triangle1881:sample4,22.3258495330811,18.5167503356934,-117.611946105957,18.418212890625,18.287353515625,-0.130859375,0.229396820068359,-0.00146255493164063,0.129396820068359,Terrain/Ground_0_-1/Collision,Terrain/Ground_0_-1/Collision
road,LandDetails/Trail_Crownreach,Model/Trail_Crownreach:triangle1881:sample5,22.46875,18.533748626709,-118.194847106934,18.435302734375,18.30517578125,-0.130126953125,0.228572845458984,-0.00155410766601563,0.128572845458984,Terrain/Ground_0_-1/Collision,Terrain/Ground_0_-1/Collision
road,LandDetails/Trail_Crownreach,Model/Trail_Crownreach:triangle1881:sample6,23.1832008361816,18.7656002044678,-117.405899047852,18.6669921875,18.524169921875,-0.142822265625,0.241430282592773,-0.00139198303222657,0.141430282592773,Terrain/Ground_0_-1/Collision,Terrain/Ground_0_-1/Collision
road,LandDetails/Trail_Crownreach,Model/Trail_Crownreach:triangle1882:sample0,22.0314998626709,18.3967323303223,-118.553993225098,18.29833984375,18.17529296875,-0.123046875,0.221439361572266,-0.00160751342773438,0.121439361572266,Terrain/Ground_0_-1/Collision,Terrain/Ground_0_-1/Collision
road,LandDetails/Trail_Crownreach,Model/Trail_Crownreach:triangle1882:sample1,22.5493392944336,18.5510807037354,-118.327926635742,18.452880859375,18.322021484375,-0.130859375,0.229059219360352,-0.00180015563964844,0.129059219360352,Terrain/Ground_0_-1/Collision,Terrain/Ground_0_-1/Collision
road,LandDetails/Trail_Crownreach,Model/Trail_Crownreach:triangle1882:sample2,21.8634586334229,18.3519992828369,-118.492767333984,18.25341796875,18.13232421875,-0.12109375,0.219675064086914,-0.00141868591308594,0.119675064086914,Terrain/Ground_0_-1/Collision,Terrain/Ground_0_-1/Collision
road,LandDetails/Trail_Crownreach,Model/Trail_Crownreach:triangle1882:sample3,21.6816997528076,18.2871208190918,-118.841323852539,18.188720703125,18.0712890625,-0.117431640625,0.215831756591797,-0.00159988403320313,0.115831756591797,Terrain/Ground_0_-1/Collision,Terrain/Ground_0_-1/Collision
road,LandDetails/Trail_Crownreach,Model/Trail_Crownreach:triangle1882:sample4,22.46875,18.533748626709,-118.194847106934,18.435302734375,18.30517578125,-0.130126953125,0.228572845458984,-0.00155410766601563,0.128572845458984,Terrain/Ground_0_-1/Collision,Terrain/Ground_0_-1/Collision
road,LandDetails/Trail_Crownreach,Model/Trail_Crownreach:triangle1882:sample5,21.3841991424561,18.203800201416,-118.83659362793,18.105224609375,17.991943359375,-0.11328125,0.211856842041016,-0.00142440795898438,0.111856842041016,Terrain/Ground_0_-1/Collision,Terrain/Ground_0_-1/Collision
road,LandDetails/Trail_Crownreach,Model/Trail_Crownreach:triangle1882:sample6,22.2415504455566,18.4526500701904,-118.630554199219,18.354248046875,18.22900390625,-0.125244140625,0.22364616394043,-0.00159797668457032,0.12364616394043,Terrain/Ground_0_-1/Collision,Terrain/Ground_0_-1/Collision
road,LandDetails/Trail_Crownreach,Model/Trail_Crownreach:triangle1883:sample0,21.9183349609375,18.346866607666,-119.009338378906,18.24853515625,18.12890625,-0.11962890625,0.217960357666016,-0.00166854858398438,0.117960357666016,Terrain/Ground_0_-1/Collision,Terrain/Ground_0_-1/Collision
road,LandDetails/Trail_Crownreach,Model/Trail_Crownreach:triangle1883:sample1,22.4814414978027,18.5211601257324,-118.601119995117,18.4228515625,18.294189453125,-0.128662109375,0.226970672607422,-0.00169143676757813,0.126970672607422,Terrain/Ground_0_-1/Collision,Terrain/Ground_0_-1/Collision
road,LandDetails/Trail_Crownreach,Model/Trail_Crownreach:triangle1883:sample2,21.6138000488281,18.2572002410889,-119.114532470703,18.158935546875,18.0439453125,-0.114990234375,0.213254928588867,-0.00173530578613282,0.113254928588867,Terrain/Ground_0_-1/Collision,Terrain/Ground_0_-1/Collision
road,LandDetails/Trail_Crownreach,Model/Trail_Crownreach:triangle1883:sample3,21.6597595214844,18.2622394561768,-119.312362670898,18.1640625,18.048828125,-0.115234375,0.213411331176758,-0.00182304382324219,0.113411331176758,Terrain/Ground_0_-1/Collision,Terrain/Ground_0_-1/Collision
road,LandDetails/Trail_Crownreach,Model/Trail_Crownreach:triangle1883:sample4,22.2415504455566,18.4526500701904,-118.630554199219,18.354248046875,18.22900390625,-0.125244140625,0.22364616394043,-0.00159797668457032,0.12364616394043,Terrain/Ground_0_-1/Collision,Terrain/Ground_0_-1/Collision
road,LandDetails/Trail_Crownreach,Model/Trail_Crownreach:triangle1883:sample5,21.2144508361816,18.128999710083,-119.519599914551,18.03076171875,17.92236328125,-0.1083984375,0.206636428833008,-0.00176200866699219,0.106636428833008,Terrain/Ground_0_-1/Collision,Terrain/Ground_0_-1/Collision
road,LandDetails/Trail_Crownreach,Model/Trail_Crownreach:triangle1883:sample6,22.298999786377,18.4589500427246,-118.877853393555,18.360595703125,18.235595703125,-0.125,0.223354339599609,-0.00164566040039063,0.123354339599609,Terrain/Ground_0_-1/Collision,Terrain/Ground_0_-1/Collision
road,LandDetails/Trail_Crownreach,Model/Trail_Crownreach:triangle1884:sample0,22.7374324798584,18.5773334503174,-118.997566223145,18.47900390625,18.3486328125,-0.13037109375,0.228700637817383,-0.00167045593261719,0.128700637817383,Terrain/Ground_0_-1/Collision,Terrain/Ground_0_-1/Collision
road,LandDetails/Trail_Crownreach,Model/Trail_Crownreach:triangle1884:sample1,22.972900390625,18.6594409942627,-118.594055175781,18.561279296875,18.426025390625,-0.13525390625,0.233415603637695,-0.00183830261230469,0.133415603637695,Terrain/Ground_0_-1/Collision,Terrain/Ground_0_-1/Collision
road,LandDetails/Trail_Crownreach,Model/Trail_Crownreach:triangle1884:sample2,22.1512203216553,18.400520324707,-119.305313110352,18.30224609375,18.180908203125,-0.121337890625,0.219612121582031,-0.00172576904296876,0.119612121582031,Terrain/Ground_0_-1/Collision,Terrain/Ground_0_-1/Collision
road,LandDetails/Trail_Crownreach,Model/Trail_Crownreach:triangle1884:sample3,23.0881805419922,18.6720409393311,-119.09334564209,18.57373046875,18.439453125,-0.13427734375,0.232587814331055,-0.00168952941894532,0.132587814331055,Terrain/Ground_0_-1/Collision,Terrain/Ground_0_-1/Collision
road,LandDetails/Trail_Crownreach,Model/Trail_Crownreach:triangle1884:sample4,22.298999786377,18.4589500427246,-118.877853393555,18.360595703125,18.235595703125,-0.125,0.223354339599609,-0.00164566040039063,0.123354339599609,Terrain/Ground_0_-1/Collision,Terrain/Ground_0_-1/Collision
road,LandDetails/Trail_Crownreach,Model/Trail_Crownreach:triangle1884:sample5,22.4430999755859,18.4747009277344,-119.501953125,18.376708984375,18.252197265625,-0.12451171875,0.222503662109375,-0.00200805664062501,0.122503662109375,Terrain/Ground_0_-1/Collision,Terrain/Ground_0_-1/Collision
road,LandDetails/Trail_Crownreach,Model/Trail_Crownreach:triangle1884:sample6,23.4701995849609,18.7983512878418,-118.612899780273,18.7001953125,18.55859375,-0.1416015625,0.239757537841797,-0.00184402465820313,0.139757537841797,Terrain/Ground_0_-1/Collision,Terrain/Ground_0_-1/Collision
road,LandDetails/Trail_Crownreach,Model/Trail_Crownreach:triangle1885:sample0,22.1479339599609,18.3711338043213,-120.025970458984,18.27294921875,18.154541015625,-0.118408203125,0.216592788696289,-0.00181541442871094,0.116592788696289,Terrain/Ground_0_-1/Collision,Terrain/Ground_0_-1/Collision
road,LandDetails/Trail_Crownreach,Model/Trail_Crownreach:triangle1885:sample1,22.7344799041748,18.5483207702637,-119.710388183594,18.4501953125,18.322509765625,-0.127685546875,0.225811004638672,-0.00187454223632813,0.125811004638672,Terrain/Ground_0_-1/Collision,Terrain/Ground_0_-1/Collision
road,LandDetails/Trail_Crownreach,Model/Trail_Crownreach:triangle1885:sample2,21.7975196838379,18.2768001556396,-119.922348022461,18.1787109375,18.064453125,-0.1142578125,0.212347030639648,-0.00191078186035157,0.112347030639648,Terrain/Ground_0_-1/Collision,Terrain/Ground_0_-1/Collision
road,LandDetails/Trail_Crownreach,Model/Trail_Crownreach:triangle1885:sample3,21.9118003845215,18.2882804870605,-120.445182800293,18.190185546875,18.07666015625,-0.113525390625,0.211620330810547,-0.00190505981445313,0.111620330810547,Terrain/Ground_0_-1/Collision,Terrain/Ground_0_-1/Collision
road,LandDetails/Trail_Crownreach,Model/Trail_Crownreach:triangle1885:sample4,22.4430999755859,18.4747009277344,-119.501953125,18.376708984375,18.252197265625,-0.12451171875,0.222503662109375,-0.00200805664062501,0.122503662109375,Terrain/Ground_0_-1/Collision,Terrain/Ground_0_-1/Collision
road,LandDetails/Trail_Crownreach,Model/Trail_Crownreach:triangle1885:sample5,21.4147491455078,18.1496505737305,-120.420448303223,18.051513671875,17.944580078125,-0.10693359375,0.205070495605469,-0.00186309814453126,0.105070495605469,Terrain/Ground_0_-1/Collision,Terrain/Ground_0_-1/Collision
road,LandDetails/Trail_Crownreach,Model/Trail_Crownreach:triangle1885:sample6,22.5859489440918,18.489049911499,-120.155502319336,18.390869140625,18.267333984375,-0.12353515625,0.221715927124023,-0.00181922912597657,0.121715927124023,Terrain/Ground_0_-1/Collision,Terrain/Ground_0_-1/Collision
road,LandDetails/Trail_Crownreach,Model/Trail_Crownreach:triangle1886:sample0,23.0256328582764,18.6070995330811,-120.292869567871,18.50927734375,18.38037109375,-0.12890625,0.226728439331055,-0.00217781066894532,0.126728439331055,Terrain/Ground_0_-1/Collision,Terrain/Ground_0_-1/Collision
road,LandDetails/Trail_Crownreach,Model/Trail_Crownreach:triangle1886:sample1,23.261100769043,18.6899013519287,-119.87052154541,18.592041015625,18.458251953125,-0.1337890625,0.231649398803711,-0.00213966369628907,0.131649398803711,Terrain/Ground_0_-1/Collision,Terrain/Ground_0_-1/Collision
road,LandDetails/Trail_Crownreach,Model/Trail_Crownreach:triangle1886:sample2,22.4384212493896,18.4298610687256,-120.605323791504,18.331787109375,18.2119140625,-0.119873046875,0.217947006225586,-0.00192604064941407,0.117947006225586,Terrain/Ground_0_-1/Collision,Terrain/Ground_0_-1/Collision
road,LandDetails/Trail_Crownreach,Model/Trail_Crownreach:triangle1886:sample3,23.3773803710938,18.7015399932861,-120.402763366699,18.603759765625,18.470458984375,-0.13330078125,0.231081008911133,-0.00221977233886719,0.131081008911133,Terrain/Ground_0_-1/Collision,Terrain/Ground_0_-1/Collision
road,LandDetails/Trail_Crownreach,Model/Trail_Crownreach:triangle1886:sample4,22.5859489440918,18.489049911499,-120.155502319336,18.390869140625,18.267333984375,-0.12353515625,0.221715927124023,-0.00181922912597657,0.121715927124023,Terrain/Ground_0_-1/Collision,Terrain/Ground_0_-1/Collision
road,LandDetails/Trail_Crownreach,Model/Trail_Crownreach:triangle1886:sample5,22.7313003540039,18.5035991668701,-120.82080078125,18.405517578125,18.28271484375,-0.122802734375,0.220884323120117,-0.00191841125488282,0.120884323120117,Terrain/Ground_0_-1/Collision,Terrain/Ground_0_-1/Collision
road,LandDetails/Trail_Crownreach,Model/Trail_Crownreach:triangle1886:sample6,23.7596492767334,18.828649520874,-119.902297973633,18.730712890625,18.5908203125,-0.139892578125,0.237829208374023,-0.00206336975097657,0.137829208374023,Terrain/Ground_0_-1/Collision,Terrain/Ground_0_-1/Collision
road,LandDetails/Trail_Crownreach,Model/Trail_Crownreach:triangle1887:sample0,22.4361667633057,18.399299621582,-121.364433288574,18.301513671875,18.1845703125,-0.116943359375,0.214729309082031,-0.00221405029296876,0.114729309082031,Terrain/Ground_0_-1/Collision,Terrain/Ground_0_-1/Collision
road,LandDetails/Trail_Crownreach,Model/Trail_Crownreach:triangle1887:sample1,23.0237007141113,18.5768585205078,-121.045700073242,18.47900390625,18.353271484375,-0.125732421875,0.223587036132813,-0.00214538574218751,0.123587036132812,Terrain/Ground_0_-1/Collision,Terrain/Ground_0_-1/Collision
road,LandDetails/Trail_Crownreach,Model/Trail_Crownreach:triangle1887:sample2,22.0847415924072,18.3051795959473,-121.248260498047,18.20703125,18.094482421875,-0.112548828125,0.210697174072266,-0.00185165405273438,0.110697174072266,Terrain/Ground_0_-1/Collision,Terrain/Ground_0_-1/Collision
road,LandDetails/Trail_Crownreach,Model/Trail_Crownreach:triangle1887:sample3,22.2000598907471,18.3158588409424,-121.799346923828,18.218017578125,18.106201171875,-0.11181640625,0.209657669067383,-0.00215873718261719,0.109657669067383,Terrain/Ground_0_-1/Collision,Terrain/Ground_0_-1/Collision
road,LandDetails/Trail_Crownreach,Model/Trail_Crownreach:triangle1887:sample4,22.7313003540039,18.5035991668701,-120.82080078125,18.405517578125,18.28271484375,-0.122802734375,0.220884323120117,-0.00191841125488282,0.120884323120117,Terrain/Ground_0_-1/Collision,Terrain/Ground_0_-1/Collision
road,LandDetails/Trail_Crownreach,Model/Trail_Crownreach:triangle1887:sample5,21.7017498016357,18.1773490905762,-121.762847900391,18.07958984375,17.973876953125,-0.105712890625,0.203472137451172,-0.00224075317382813,0.103472137451172,Terrain/Ground_0_-1/Collision,Terrain/Ground_0_-1/Collision
road,LandDetails/Trail_Crownreach,Model/Trail_Crownreach:triangle1887:sample6,22.8754501342773,18.5169486999512,-121.509643554688,18.419189453125,18.297119140625,-0.1220703125,0.219829559326172,-0.00224075317382813,0.119829559326172,Terrain/Ground_0_-1/Collision,Terrain/Ground_0_-1/Collision
road,LandDetails/Trail_Crownreach,Model/Trail_Crownreach:triangle1888:sample0,23.3163318634033,18.6347332000732,-121.662727355957,18.537109375,18.40966796875,-0.12744140625,0.225065231323242,-0.00237617492675782,0.125065231323242,Terrain/Ground_0_-1/Collision,Terrain/Ground_0_-1/Collision
road,LandDetails/Trail_Crownreach,Model/Trail_Crownreach:triangle1888:sample1,23.5517997741699,18.7181186676025,-121.224685668945,18.620361328125,18.48828125,-0.132080078125,0.229837417602539,-0.00224266052246094,0.129837417602539,Terrain/Ground_0_-1/Collision,Terrain/Ground_0_-1/Collision
road,LandDetails/Trail_Crownreach,Model/Trail_Crownreach:triangle1888:sample2,22.7281608581543,18.4571189880371,-121.978317260742,18.359375,18.2412109375,-0.1181640625,0.215908050537109,-0.00225601196289063,0.115908050537109,Terrain/Ground_0_-1/Collision,Terrain/Ground_0_-1/Collision
road,LandDetails/Trail_Crownreach,Model/Trail_Crownreach:triangle1888:sample3,23.6690406799316,18.7289600372314,-121.785202026367,18.63134765625,18.5,-0.13134765625,0.228960037231445,-0.00238761901855469,0.128960037231445,Terrain/Ground_0_-1/Collision,Terrain/Ground_0_-1/Collision
road,LandDetails/Trail_Crownreach,Model/Trail_Crownreach:triangle1888:sample4,22.8754501342773,18.5169486999512,-121.509643554688,18.419189453125,18.297119140625,-0.1220703125,0.219829559326172,-0.00224075317382813,0.119829559326172,Terrain/Ground_0_-1/Collision,Terrain/Ground_0_-1/Collision
road,LandDetails/Trail_Crownreach,Model/Trail_Crownreach:triangle1888:sample5,23.0219993591309,18.5304985046387,-122.210296630859,18.432861328125,18.311767578125,-0.12109375,0.218730926513672,-0.00236282348632813,0.118730926513672,Terrain/Ground_0_-1/Collision,Terrain/Ground_0_-1/Collision
road,LandDetails/Trail_Crownreach,Model/Trail_Crownreach:triangle1888:sample6,24.0515480041504,18.8567504882813,-121.268249511719,18.759033203125,18.62060546875,-0.138427734375,0.23614501953125,-0.00228271484375001,0.13614501953125,Terrain/Ground_0_-1/Collision,Terrain/Ground_0_-1/Collision
road,LandDetails/Trail_Crownreach,Model/Trail_Crownreach:triangle1889:sample0,23.4710330963135,18.6486663818359,-122.416389465332,18.551025390625,18.424560546875,-0.12646484375,0.224105834960938,-0.00235900878906251,0.124105834960937,Terrain/Ground_0_-1/Collision,Terrain/Ground_0_-1/Collision
road,LandDetails/Trail_Crownreach,Model/Trail_Crownreach:triangle1889:sample1,23.8302612304688,18.743200302124,-122.581283569336,18.645263671875,18.51513671875,-0.130126953125,0.228063583374023,-0.00206336975097657,0.128063583374023,Terrain/Ground_0_-1/Collision,Terrain/Ground_0_-1/Collision
road,LandDetails/Trail_Crownreach,Model/Trail_Crownreach:triangle1889:sample2,23.7618598937988,18.7373199462891,-122.237403869629,18.6396484375,18.5087890625,-0.130859375,0.228530883789063,-0.00232849121093751,0.128530883789062,Terrain/Ground_0_-1/Collision,Terrain/Ground_0_-1/Collision
road,LandDetails/Trail_Crownreach,Model/Trail_Crownreach:triangle1889:sample3,22.8209800720215,18.4654788970947,-122.430526733398,18.367431640625,18.250244140625,-0.1171875,0.215234756469727,-0.00195274353027344,0.115234756469727,Terrain/Ground_0_-1/Collision,Terrain/Ground_0_-1/Collision
road,LandDetails/Trail_Crownreach,Model/Trail_Crownreach:triangle1889:sample4,24.2835998535156,18.8776512145996,-122.398742675781,18.77978515625,18.642578125,-0.13720703125,0.235073089599609,-0.00213394165039063,0.135073089599609,Terrain/Ground_0_-1/Collision,Terrain/Ground_0_-1/Collision
road,LandDetails/Trail_Crownreach,Model/Trail_Crownreach:triangle1889:sample5,23.0219993591309,18.5304985046387,-122.210296630859,18.432861328125,18.311767578125,-0.12109375,0.218730926513672,-0.00236282348632813,0.118730926513672,Terrain/Ground_0_-1/Collision,Terrain/Ground_0_-1/Collision
road,LandDetails/Trail_Crownreach,Model/Trail_Crownreach:triangle1889:sample6,23.1074981689453,18.5378494262695,-122.640151977539,18.43994140625,18.3193359375,-0.12060546875,0.218513488769531,-0.00209197998046876,0.118513488769531,Terrain/Ground_0_-1/Collision,Terrain/Ground_0_-1/Collision
road,LandDetails/Trail_Crownreach,Model/Trail_Crownreach:triangle1890:sample0,22.7716312408447,18.4292659759521,-122.997337341309,18.33154296875,18.216796875,-0.11474609375,0.212469100952148,-0.00227699279785157,0.112469100952148,Terrain/Ground_0_-1/Collision,Terrain/Ground_0_-1/Collision
road,LandDetails/Trail_Crownreach,Model/Trail_Crownreach:triangle1890:sample1,23.4106216430664,18.6115608215332,-122.929840087891,18.513671875,18.390380859375,-0.123291015625,0.221179962158203,-0.00211105346679688,0.121179962158203,Terrain/Ground_0_-1/Collision,Terrain/Ground_0_-1/Collision
road,LandDetails/Trail_Crownreach,Model/Trail_Crownreach:triangle1890:sample2,22.4013404846191,18.3338394165039,-122.779083251953,18.236083984375,18.125244140625,-0.11083984375,0.208595275878906,-0.00224456787109376,0.108595275878906,Terrain/Ground_0_-1/Collision,Terrain/Ground_0_-1/Collision
road,LandDetails/Trail_Crownreach,Model/Trail_Crownreach:triangle1890:sample3,22.5029411315918,18.342399597168,-123.283081054688,18.24462890625,18.134765625,-0.10986328125,0.207633972167969,-0.00222930908203126,0.107633972167969,Terrain/Ground_0_-1/Collision,Terrain/Ground_0_-1/Collision
road,LandDetails/Trail_Crownreach,Model/Trail_Crownreach:triangle1890:sample4,23.1074981689453,18.5378494262695,-122.640151977539,18.43994140625,18.3193359375,-0.12060546875,0.218513488769531,-0.00209197998046876,0.118513488769531,Terrain/Ground_0_-1/Collision,Terrain/Ground_0_-1/Collision
road,LandDetails/Trail_Crownreach,Model/Trail_Crownreach:triangle1890:sample5,21.972900390625,18.2013988494873,-123.081695556641,18.103515625,18.0,-0.103515625,0.201398849487305,-0.00211677551269532,0.101398849487305,Terrain/Ground_0_-1/Collision,Terrain/Ground_0_-1/Collision
road,LandDetails/Trail_Crownreach,Model/Trail_Crownreach:triangle1890:sample6,23.2344989776611,18.5485496520996,-123.270149230957,18.45068359375,18.331298828125,-0.119384765625,0.217250823974609,-0.00213394165039063,0.117250823974609,Terrain/Ground_0_-1/Collision,Terrain/Ground_0_-1/Collision
road,LandDetails/Trail_Crownreach,Model/Trail_Crownreach:triangle1891:sample0,22.8693332672119,18.4363327026367,-123.484069824219,18.33837890625,18.224853515625,-0.113525390625,0.211479187011719,-0.00204620361328126,0.111479187011719,Terrain/Ground_0_-1/Collision,Terrain/Ground_0_-1/Collision
road,LandDetails/Trail_Crownreach,Model/Trail_Crownreach:triangle1891:sample1,23.46923828125,18.6157989501953,-123.221878051758,18.517822265625,18.39501953125,-0.122802734375,0.220779418945313,-0.00202331542968751,0.120779418945312,Terrain/Ground_0_-1/Collision,Terrain/Ground_0_-1/Collision
road,LandDetails/Trail_Crownreach,Model/Trail_Crownreach:triangle1891:sample2,22.5615615844727,18.3466396331787,-123.575119018555,18.2490234375,18.1396484375,-0.109375,0.206991195678711,-0.00238380432128907,0.106991195678711,Terrain/Ground_0_-1/Collision,Terrain/Ground_0_-1/Collision
road,LandDetails/Trail_Crownreach,Model/Trail_Crownreach:triangle1891:sample3,22.5772018432617,18.3465595245361,-123.655197143555,18.2490234375,18.139892578125,-0.109130859375,0.206666946411133,-0.00246391296386719,0.106666946411133,Terrain/Ground_0_-1/Collision,Terrain/Ground_0_-1/Collision
road,LandDetails/Trail_Crownreach,Model/Trail_Crownreach:triangle1891:sample4,23.2344989776611,18.5485496520996,-123.270149230957,18.45068359375,18.331298828125,-0.119384765625,0.217250823974609,-0.00213394165039063,0.117250823974609,Terrain/Ground_0_-1/Collision,Terrain/Ground_0_-1/Collision
road,LandDetails/Trail_Crownreach,Model/Trail_Crownreach:triangle1891:sample5,22.1194496154785,18.2119979858398,-123.811798095703,18.1142578125,18.011962890625,-0.102294921875,0.200035095214844,-0.00225982666015626,0.100035095214844,Terrain/Ground_0_-1/Collision,Terrain/Ground_0_-1/Collision
road,LandDetails/Trail_Crownreach,Model/Trail_Crownreach:triangle1891:sample6,23.2540493011475,18.5484504699707,-123.370246887207,18.450439453125,18.331298828125,-0.119140625,0.217151641845703,-0.00198898315429688,0.117151641845703,Terrain/Ground_0_-1/Collision,Terrain/Ground_0_-1/Collision
road,LandDetails/Trail_Crownreach,Model/Trail_Crownreach:triangle1892:sample0,23.6672306060791,18.6604328155518,-123.397727966309,18.562255859375,18.438720703125,-0.12353515625,0.221712112426758,-0.00182304382324219,0.121712112426758,Terrain/Ground_0_-1/Collision,Terrain/Ground_0_-1/Collision
road,LandDetails/Trail_Crownreach,Model/Trail_Crownreach:triangle1892:sample1,23.9479789733887,18.7502593994141,-123.170074462891,18.652099609375,18.5234375,-0.128662109375,0.226821899414063,-0.00184020996093751,0.126821899414062,Terrain/Ground_0_-1/Collision,Terrain/Ground_0_-1/Collision
road,LandDetails/Trail_Crownreach,Model/Trail_Crownreach:triangle1892:sample2,23.0559406280518,18.4810199737549,-123.603393554688,18.3828125,18.26806640625,-0.11474609375,0.212953567504883,-0.00179252624511719,0.112953567504883,Terrain/Ground_0_-1/Collision,Terrain/Ground_0_-1/Collision
road,LandDetails/Trail_Crownreach,Model/Trail_Crownreach:triangle1892:sample3,23.9977798461914,18.7500190734863,-123.419723510742,18.65185546875,18.5244140625,-0.12744140625,0.225605010986328,-0.00183639526367188,0.125605010986328,Terrain/Ground_0_-1/Collision,Terrain/Ground_0_-1/Collision
road,LandDetails/Trail_Crownreach,Model/Trail_Crownreach:triangle1892:sample4,23.2540493011475,18.5484504699707,-123.370246887207,18.450439453125,18.331298828125,-0.119140625,0.217151641845703,-0.00198898315429688,0.117151641845703,Terrain/Ground_0_-1/Collision,Terrain/Ground_0_-1/Collision
road,LandDetails/Trail_Crownreach,Model/Trail_Crownreach:triangle1892:sample5,23.3162994384766,18.5481491088867,-123.68229675293,18.449951171875,18.33251953125,-0.117431640625,0.215629577636719,-0.00180206298828126,0.115629577636719,Terrain/Ground_0_-1/Collision,Terrain/Ground_0_-1/Collision
road,LandDetails/Trail_Crownreach,Model/Trail_Crownreach:triangle1892:sample6,24.4313488006592,18.8847007751465,-123.140647888184,18.78662109375,18.651611328125,-0.135009765625,0.233089447021484,-0.00192031860351563,0.133089447021484,Terrain/Ground_0_-1/Collision,Terrain/Ground_0_-1/Collision
road,LandDetails/Trail_Crownreach,Model/Trail_Crownreach:triangle1893:sample0,23.7510986328125,18.6595325469971,-123.821632385254,18.561279296875,18.43994140625,-0.121337890625,0.21959114074707,-0.00174674987792969,0.11959114074707,Terrain/Ground_0_-1/Collision,Terrain/Ground_0_-1/Collision
road,LandDetails/Trail_Crownreach,Model/Trail_Crownreach:triangle1893:sample1,24.0989379882813,18.7486400604248,-123.93310546875,18.650390625,18.525634765625,-0.124755859375,0.223005294799805,-0.00175056457519532,0.123005294799805,Terrain/Ground_0_-1/Collision,Terrain/Ground_0_-1/Collision
road,LandDetails/Trail_Crownreach,Model/Trail_Crownreach:triangle1893:sample2,24.0480995178223,18.7494792938232,-123.67406463623,18.651123046875,18.525146484375,-0.1259765625,0.224332809448242,-0.00164375305175782,0.124332809448242,Terrain/Ground_0_-1/Collision,Terrain/Ground_0_-1/Collision
road,LandDetails/Trail_Crownreach,Model/Trail_Crownreach:triangle1893:sample3,23.1062602996826,18.4804801940918,-123.857734680176,18.38232421875,18.2685546875,-0.11376953125,0.211925506591797,-0.00184402465820313,0.111925506591797,Terrain/Ground_0_-1/Collision,Terrain/Ground_0_-1/Collision
road,LandDetails/Trail_Crownreach,Model/Trail_Crownreach:triangle1893:sample4,24.5571479797363,18.8833503723145,-123.776496887207,18.784912109375,18.65380859375,-0.131103515625,0.229541778564453,-0.00156173706054688,0.129541778564453,Terrain/Ground_0_-1/Collision,Terrain/Ground_0_-1/Collision
road,LandDetails/Trail_Crownreach,Model/Trail_Crownreach:triangle1893:sample5,23.3162994384766,18.5481491088867,-123.68229675293,18.449951171875,18.33251953125,-0.117431640625,0.215629577636719,-0.00180206298828126,0.115629577636719,Terrain/Ground_0_-1/Collision,Terrain/Ground_0_-1/Collision
road,LandDetails/Trail_Crownreach,Model/Trail_Crownreach:triangle1893:sample6,23.3798484802246,18.5471000671387,-124.00609588623,18.44921875,18.33349609375,-0.11572265625,0.213603973388672,-0.00211868286132813,0.113603973388672,Terrain/Ground_0_-1/Collision,Terrain/Ground_0_-1/Collision
road,LandDetails/Trail_Crownreach,Model/Trail_Crownreach:triangle1894:sample0,23.0061321258545,18.4347324371338,-124.17879486084,18.33642578125,18.22705078125,-0.109375,0.207681655883789,-0.00169334411621094,0.107681655883789,Terrain/Ground_0_-1/Collision,Terrain/Ground_0_-1/Collision
road,LandDetails/Trail_Crownreach,Model/Trail_Crownreach:triangle1894:sample1,23.6519603729248,18.6137599945068,-124.147399902344,18.515625,18.3984375,-0.1171875,0.215322494506836,-0.00186500549316407,0.115322494506836,Terrain/Ground_0_-1/Collision,Terrain/Ground_0_-1/Collision
road,LandDetails/Trail_Crownreach,Model/Trail_Crownreach:triangle1894:sample2,22.6592807769775,18.3455982208252,-124.072036743164,18.247802734375,18.14111328125,-0.106689453125,0.204484939575195,-0.00220451354980469,0.104484939575195,Terrain/Ground_0_-1/Collision,Terrain/Ground_0_-1/Collision
road,LandDetails/Trail_Crownreach,Model/Trail_Crownreach:triangle1894:sample3,22.707160949707,18.3448390960693,-124.316963195801,18.2470703125,18.1416015625,-0.10546875,0.203237533569336,-0.00223121643066407,0.103237533569336,Terrain/Ground_0_-1/Collision,Terrain/Ground_0_-1/Collision
road,LandDetails/Trail_Crownreach,Model/Trail_Crownreach:triangle1894:sample4,23.3798484802246,18.5471000671387,-124.00609588623,18.44921875,18.33349609375,-0.11572265625,0.213603973388672,-0.00211868286132813,0.113603973388672,Terrain/Ground_0_-1/Collision,Terrain/Ground_0_-1/Collision
road,LandDetails/Trail_Crownreach,Model/Trail_Crownreach:triangle1894:sample5,22.1988487243652,18.2109489440918,-124.218048095703,18.11328125,18.01318359375,-0.10009765625,0.197765350341797,-0.00233230590820313,0.0977653503417969,Terrain/Ground_0_-1/Collision,Terrain/Ground_0_-1/Collision
road,LandDetails/Trail_Crownreach,Model/Trail_Crownreach:triangle1894:sample6,23.4396991729736,18.5461502075195,-124.31224822998,18.448486328125,18.33447265625,-0.114013671875,0.211677551269531,-0.00233612060546876,0.111677551269531,Terrain/Ground_0_-1/Collision,Terrain/Ground_0_-1/Collision
road,LandDetails/Trail_Crownreach,Model/Trail_Crownreach:triangle1895:sample0,23.1046314239502,18.4256343841553,-124.685157775879,18.327392578125,18.220947265625,-0.1064453125,0.204687118530273,-0.00175819396972657,0.104687118530273,Terrain/Ground_0_-1/Collision,Terrain/Ground_0_-1/Collision
road,LandDetails/Trail_Crownreach,Model/Trail_Crownreach:triangle1895:sample1,23.7110595703125,18.6082992553711,-124.451217651367,18.510009765625,18.394287109375,-0.11572265625,0.214012145996094,-0.00171051025390626,0.114012145996094,Terrain/Ground_0_-1/Collision,Terrain/Ground_0_-1/Collision
road,LandDetails/Trail_Crownreach,Model/Trail_Crownreach:triangle1895:sample2,22.7662601470947,18.3393783569336,-124.620788574219,18.2412109375,18.137939453125,-0.103271484375,0.201438903808594,-0.00183258056640626,0.101438903808594,Terrain/Ground_0_-1/Collision,Terrain/Ground_0_-1/Collision
road,LandDetails/Trail_Crownreach,Model/Trail_Crownreach:triangle1895:sample3,22.8365783691406,18.3292198181152,-124.983505249023,18.231201171875,18.130126953125,-0.10107421875,0.199092864990234,-0.00198135375976563,0.0990928649902344,Terrain/Ground_0_-1/Collision,Terrain/Ground_0_-1/Collision
road,LandDetails/Trail_Crownreach,Model/Trail_Crownreach:triangle1895:sample4,23.4396991729736,18.5461502075195,-124.31224822998,18.448486328125,18.33447265625,-0.114013671875,0.211677551269531,-0.00233612060546876,0.111677551269531,Terrain/Ground_0_-1/Collision,Terrain/Ground_0_-1/Collision
road,LandDetails/Trail_Crownreach,Model/Trail_Crownreach:triangle1895:sample5,22.3465995788574,18.1972999572754,-124.977600097656,18.09912109375,18.00390625,-0.09521484375,0.193393707275391,-0.00182113647460938,0.0933937072753906,Terrain/Ground_0_-1/Collision,Terrain/Ground_0_-1/Collision
road,LandDetails/Trail_Crownreach,Model/Trail_Crownreach:triangle1895:sample6,23.5275993347168,18.5334491729736,-124.765647888184,18.43505859375,18.32421875,-0.11083984375,0.209230422973633,-0.00160942077636719,0.109230422973633,Terrain/Ground_0_-1/Collision,Terrain/Ground_0_-1/Collision
road,LandDetails/Trail_Crownreach,Model/Trail_Crownreach:triangle1896:sample0,23.9489345550537,18.6414661407471,-124.838264465332,18.54296875,18.427978515625,-0.114990234375,0.21348762512207,-0.00150260925292969,0.11348762512207,Terrain/Ground_0_-1/Collision,Terrain/Ground_0_-1/Collision
road,LandDetails/Trail_Crownreach,Model/Trail_Crownreach:triangle1896:sample1,24.2176399230957,18.7378005981445,-124.543090820313,18.63916015625,18.518798828125,-0.120361328125,0.219001770019531,-0.00135955810546876,0.119001770019531,Terrain/Ground_0_-1/Collision,Terrain/Ground_0_-1/Collision
road,LandDetails/Trail_Crownreach,Model/Trail_Crownreach:triangle1896:sample2,23.3431606292725,18.45871925354,-125.07536315918,18.3603515625,18.25439453125,-0.10595703125,0.204324722290039,-0.00163230895996094,0.104324722290039,Terrain/Ground_0_-1/Collision,Terrain/Ground_0_-1/Collision
road,LandDetails/Trail_Crownreach,Model/Trail_Crownreach:triangle1896:sample3,24.2859992980957,18.7278804779053,-124.896362304688,18.62939453125,18.5107421875,-0.11865234375,0.217138290405273,-0.00151405334472657,0.117138290405273,Terrain/Ground_0_-1/Collision,Terrain/Ground_0_-1/Collision
road,LandDetails/Trail_Crownreach,Model/Trail_Crownreach:triangle1896:sample4,23.5275993347168,18.5334491729736,-124.765647888184,18.43505859375,18.32421875,-0.11083984375,0.209230422973633,-0.00160942077636719,0.109230422973633,Terrain/Ground_0_-1/Collision,Terrain/Ground_0_-1/Collision
road,LandDetails/Trail_Crownreach,Model/Trail_Crownreach:triangle1896:sample5,23.6130485534668,18.5210494995117,-125.207244873047,18.422607421875,18.314453125,-0.108154296875,0.206596374511719,-0.00155792236328126,0.106596374511719,Terrain/Ground_0_-1/Collision,Terrain/Ground_0_-1/Collision
road,LandDetails/Trail_Crownreach,Model/Trail_Crownreach:triangle1896:sample6,24.7061500549316,18.8698997497559,-124.541900634766,18.771484375,18.64501953125,-0.12646484375,0.224880218505859,-0.00158462524414063,0.124880218505859,Terrain/Ground_0_-1/Collision,Terrain/Ground_0_-1/Collision
road,LandDetails/Trail_Crownreach,Model/Trail_Crownreach:triangle1897:sample0,23.3203659057617,18.3931655883789,-125.811729431152,18.29443359375,18.195556640625,-0.098876953125,0.197608947753906,-0.00126800537109376,0.0976089477539062,Terrain/Ground_0_-1/Collision,Terrain/Ground_0_-1/Collision
road,LandDetails/Trail_Crownreach,Model/Trail_Crownreach:triangle1897:sample1,23.9088592529297,18.5789012908936,-125.480453491211,18.47998046875,18.371337890625,-0.108642578125,0.207563400268555,-0.00107917785644532,0.107563400268555,Terrain/Ground_0_-1/Collision,Terrain/Ground_0_-1/Collision
road,LandDetails/Trail_Crownreach,Model/Trail_Crownreach:triangle1897:sample2,22.9660186767578,18.3097400665283,-125.659454345703,18.211181640625,18.11474609375,-0.096435546875,0.19499397277832,-0.00144157409667969,0.0949939727783203,Terrain/Ground_0_-1/Collision,Terrain/Ground_0_-1/Collision
road,LandDetails/Trail_Crownreach,Model/Trail_Crownreach:triangle1897:sample3,23.0862197875977,18.2908592224121,-126.29532623291,18.192138671875,18.10009765625,-0.092041015625,0.190761566162109,-0.00127944946289063,0.0907615661621094,Terrain/Ground_0_-1/Collision,Terrain/Ground_0_-1/Collision
road,LandDetails/Trail_Crownreach,Model/Trail_Crownreach:triangle1897:sample4,23.6130485534668,18.5210494995117,-125.207244873047,18.422607421875,18.314453125,-0.108154296875,0.206596374511719,-0.00155792236328126,0.106596374511719,Terrain/Ground_0_-1/Collision,Terrain/Ground_0_-1/Collision
road,LandDetails/Trail_Crownreach,Model/Trail_Crownreach:triangle1897:sample5,22.5847492218018,18.1609992980957,-126.225845336914,18.062255859375,17.975341796875,-0.0869140625,0.185657501220703,-0.00125656127929688,0.0856575012207031,Terrain/Ground_0_-1/Collision,Terrain/Ground_0_-1/Collision
road,LandDetails/Trail_Crownreach,Model/Trail_Crownreach:triangle1897:sample6,23.763298034668,18.4974498748779,-126.002098083496,18.3984375,18.296142578125,-0.102294921875,0.20130729675293,-0.000987625122070318,0.10130729675293,Terrain/Ground_0_-1/Collision,Terrain/Ground_0_-1/Collision
road,LandDetails/Trail_Crownreach,Model/Trail_Crownreach:triangle1898:sample0,24.20703125,18.6016674041748,-126.196403503418,18.502685546875,18.396728515625,-0.10595703125,0.204938888549805,-0.00101814270019532,0.104938888549805,Terrain/Ground_0_-1/Collision,Terrain/Ground_0_-1/Collision
road,LandDetails/Trail_Crownreach,Model/Trail_Crownreach:triangle1898:sample1,24.4408588409424,18.7040004730225,-125.711242675781,18.60498046875,18.4921875,-0.11279296875,0.211812973022461,-0.000979995727539068,0.111812973022461,Terrain/Ground_0_-1/Collision,Terrain/Ground_0_-1/Collision
road,LandDetails/Trail_Crownreach,Model/Trail_Crownreach:triangle1898:sample2,23.6182193756104,18.4159603118896,-126.526123046875,18.317138671875,18.220947265625,-0.09619140625,0.195013046264648,-0.00117835998535157,0.0950130462646484,Terrain/Ground_0_-1/Collision,Terrain/Ground_0_-1/Collision
road,LandDetails/Trail_Crownreach,Model/Trail_Crownreach:triangle1898:sample3,24.5620193481445,18.6850395202637,-126.351844787598,18.5859375,18.477294921875,-0.108642578125,0.207744598388672,-0.000897979736328131,0.107744598388672,Terrain/Ground_0_-1/Collision,Terrain/Ground_0_-1/Collision
road,LandDetails/Trail_Crownreach,Model/Trail_Crownreach:triangle1898:sample4,23.763298034668,18.4974498748779,-126.002098083496,18.3984375,18.296142578125,-0.102294921875,0.20130729675293,-0.000987625122070318,0.10130729675293,Terrain/Ground_0_-1/Collision,Terrain/Ground_0_-1/Collision
road,LandDetails/Trail_Crownreach,Model/Trail_Crownreach:triangle1898:sample5,23.9147491455078,18.4737491607666,-126.802848815918,18.374755859375,18.27783203125,-0.096923828125,0.195917129516602,-0.00100669860839844,0.0959171295166016,Terrain/Ground_0_-1/Collision,Terrain/Ground_0_-1/Collision
road,LandDetails/Trail_Crownreach,Model/Trail_Crownreach:triangle1898:sample6,24.9430503845215,18.8337993621826,-125.784248352051,18.73486328125,18.616943359375,-0.117919921875,0.216856002807617,-0.00106391906738282,0.116856002807617,Terrain/Ground_0_-1/Collision,Terrain/Ground_0_-1/Collision
road,LandDetails/Trail_Crownreach,Model/Trail_Crownreach:triangle1899:sample0,23.5646305084229,18.3542995452881,-127.110961914063,18.255126953125,18.164794921875,-0.09033203125,0.189504623413086,-0.000827407836914068,0.0895046234130859,Terrain/Ground_0_-1/Collision,Terrain/Ground_0_-1/Collision
road,LandDetails/Trail_Crownreach,Model/Trail_Crownreach:triangle1899:sample1,24.1765804290771,18.5366191864014,-126.900588989258,18.4375,18.337890625,-0.099609375,0.198728561401367,-0.000880813598632818,0.0987285614013672,Terrain/Ground_0_-1/Collision,Terrain/Ground_0_-1/Collision
road,LandDetails/Trail_Crownreach,Model/Trail_Crownreach:triangle1899:sample2,23.232780456543,18.2675399780273,-127.074867248535,18.168701171875,18.081787109375,-0.0869140625,0.185752868652344,-0.00116119384765626,0.0857528686523437,Terrain/Ground_0_-1/Collision,Terrain/Ground_0_-1/Collision
road,LandDetails/Trail_Crownreach,Model/Trail_Crownreach:triangle1899:sample3,23.2845401763916,18.2587394714355,-127.357460021973,18.159912109375,18.074462890625,-0.08544921875,0.184276580810547,-0.00117263793945313,0.0842765808105469,Terrain/Ground_0_-1/Collision,Terrain/Ground_0_-1/Collision
road,LandDetails/Trail_Crownreach,Model/Trail_Crownreach:triangle1899:sample4,23.9147491455078,18.4737491607666,-126.802848815918,18.374755859375,18.27783203125,-0.096923828125,0.195917129516602,-0.00100669860839844,0.0959171295166016,Terrain/Ground_0_-1/Collision,Terrain/Ground_0_-1/Collision
road,LandDetails/Trail_Crownreach,Model/Trail_Crownreach:triangle1899:sample5,22.7996978759766,18.1263999938965,-127.373947143555,18.027587890625,17.9482421875,-0.079345703125,0.178157806396484,-0.00118789672851563,0.0781578063964844,Terrain/Ground_0_-1/Collision,Terrain/Ground_0_-1/Collision
road,LandDetails/Trail_Crownreach,Model/Trail_Crownreach:triangle1899:sample6,23.9794502258301,18.4627494812012,-127.156097412109,18.363525390625,18.268798828125,-0.0947265625,0.193950653076172,-0.000775909423828131,0.0939506530761719,Terrain/Ground_0_-1/Collision,Terrain/Ground_0_-1/Collision
road,LandDetails/Trail_Crownreach,Model/Trail_Crownreach:triangle1900:sample0,24.0751342773438,18.4541664123535,-127.581970214844,18.35498046875,18.2626953125,-0.09228515625,0.191471099853516,-0.000814056396484381,0.0914710998535156,Terrain/Ground_0_-1/Collision,Terrain/Ground_0_-1/Collision
road,LandDetails/Trail_Crownreach,Model/Trail_Crownreach:triangle1900:sample1,24.4828815460205,18.5965404510498,-127.183181762695,18.497314453125,18.396728515625,-0.1005859375,0.199811935424805,-0.000774002075195318,0.0998119354248047,Terrain/Ground_0_-1/Collision,Terrain/Ground_0_-1/Collision
road,LandDetails/Trail_Crownreach,Model/Trail_Crownreach:triangle1900:sample2,23.590841293335,18.318660736084,-127.640060424805,18.219482421875,18.133544921875,-0.0859375,0.185115814208984,-0.000821685791015631,0.0851158142089844,Terrain/Ground_0_-1/Collision,Terrain/Ground_0_-1/Collision
road,LandDetails/Trail_Crownreach,Model/Trail_Crownreach:triangle1900:sample3,24.1516799926758,18.4472999572754,-127.922668457031,18.34814453125,18.258056640625,-0.090087890625,0.189243316650391,-0.000844573974609381,0.0892433166503906,Terrain/Ground_0_-1/Collision,Terrain/Ground_0_-1/Collision
road,LandDetails/Trail_Crownreach,Model/Trail_Crownreach:triangle1900:sample4,23.9794502258301,18.4627494812012,-127.156097412109,18.363525390625,18.268798828125,-0.0947265625,0.193950653076172,-0.000775909423828131,0.0939506530761719,Terrain/Ground_0_-1/Collision,Terrain/Ground_0_-1/Collision
road,LandDetails/Trail_Crownreach,Model/Trail_Crownreach:triangle1900:sample5,23.5654487609863,18.2761993408203,-128.080444335938,18.177001953125,18.094970703125,-0.08203125,0.181228637695313,-0.000802612304687506,0.0812286376953125,Terrain/Ground_0_-1/Collision,Terrain/Ground_0_-1/Collision
road,LandDetails/Trail_Crownreach,Model/Trail_Crownreach:triangle1900:sample6,24.6805000305176,18.6235504150391,-127.509353637695,18.524169921875,18.42431640625,-0.099853515625,0.199234008789063,-0.000619506835937506,0.0992340087890625,Terrain/Ground_0_-1/Collision,Terrain/Ground_0_-1/Collision
road,LandDetails/Trail_Crownreach,Model/Trail_Crownreach:triangle1901:sample0,24.9194660186768,18.6686992645264,-127.750770568848,18.569091796875,18.46875,-0.100341796875,0.199949264526367,-0.000392532348632818,0.0999492645263672,Terrain/Ground_0_-1/Collision,Terrain/Ground_0_-1/Collision
road,LandDetails/Trail_Crownreach,Model/Trail_Crownreach:triangle1901:sample1,24.9894790649414,18.7252597808838,-127.284461975098,18.625732421875,18.520263671875,-0.10546875,0.204996109008789,-0.000472640991210943,0.104996109008789,Terrain/Ground_0_-1/Collision,Terrain/Ground_0_-1/Collision
road,LandDetails/Trail_Crownreach,Model/Trail_Crownreach:triangle1901:sample2,24.6582794189453,18.576021194458,-128.023941040039,18.476318359375,18.381591796875,-0.0947265625,0.194429397583008,-0.000297164916992193,0.0944293975830078,Terrain/Ground_0_-1/Collision,Terrain/Ground_0_-1/Collision
road,LandDetails/Trail_Crownreach,Model/Trail_Crownreach:triangle1901:sample3,25.1106414794922,18.7048187255859,-127.943901062012,18.605224609375,18.504150390625,-0.10107421875,0.200668334960938,-0.000405883789062506,0.100668334960937,Terrain/Ground_0_-1/Collision,Terrain/Ground_0_-1/Collision
road,LandDetails/Trail_Crownreach,Model/Trail_Crownreach:triangle1901:sample4,24.6805000305176,18.6235504150391,-127.509353637695,18.524169921875,18.42431640625,-0.099853515625,0.199234008789063,-0.000619506835937506,0.0992340087890625,Terrain/Ground_0_-1/Collision,Terrain/Ground_0_-1/Collision
road,LandDetails/Trail_Crownreach,Model/Trail_Crownreach:triangle1901:sample5,24.8319492340088,18.5979995727539,-128.333648681641,18.498291015625,18.404052734375,-0.09423828125,0.193946838378906,-0.000291442871093756,0.0939468383789062,Terrain/Ground_0_-1/Collision,Terrain/Ground_0_-1/Collision
road,LandDetails/Trail_Crownreach,Model/Trail_Crownreach:triangle1901:sample6,25.2459487915039,18.7845497131348,-127.409301757813,18.684814453125,18.57763671875,-0.107177734375,0.206912994384766,-0.000264739990234381,0.106912994384766,Terrain/Ground_0_-1/Collision,Terrain/Ground_0_-1/Collision
road,LandDetails/Trail_Crownreach,Model/Trail_Crownreach:triangle1902:sample0,25.0717315673828,18.6424999237061,-128.582901000977,18.542724609375,18.4482421875,-0.094482421875,0.194257736206055,-0.000224685668945318,0.0942577362060547,Terrain/Ground_0_-1/Collision,Terrain/Ground_0_-1/Collision
road,LandDetails/Trail_Crownreach,Model/Trail_Crownreach:triangle1902:sample1,25.2635612487793,18.6780986785889,-128.782302856445,18.57861328125,18.4833984375,-0.09521484375,0.194700241088867,-0.000514602661132818,0.0947002410888672,Terrain/Ground_0_-1/Collision,Terrain/Ground_0_-1/Collision
road,LandDetails/Trail_Crownreach,Model/Trail_Crownreach:triangle1902:sample2,25.2020015716553,18.6891002655029,-128.443176269531,18.58935546875,18.49169921875,-0.09765625,0.19740104675293,-0.000255203247070318,0.0974010467529297,Terrain/Ground_0_-1/Collision,Terrain/Ground_0_-1/Collision
road,LandDetails/Trail_Crownreach,Model/Trail_Crownreach:triangle1902:sample3,24.7496395111084,18.5602989196777,-128.523223876953,18.460693359375,18.369140625,-0.091552734375,0.191158294677734,-0.000394439697265631,0.0911582946777344,Terrain/Ground_0_-1/Collision,Terrain/Ground_0_-1/Collision
road,LandDetails/Trail_Crownreach,Model/Trail_Crownreach:triangle1902:sample4,25.4743499755859,18.7452487945557,-128.657501220703,18.645263671875,18.546630859375,-0.0986328125,0.198617935180664,-1.48773193359431e-05,0.0986179351806641,Terrain/Ground_0_-1/Collision,Terrain/Ground_0_-1/Collision
road,LandDetails/Trail_Crownreach,Model/Trail_Crownreach:triangle1902:sample5,24.8319492340088,18.5979995727539,-128.333648681641,18.498291015625,18.404052734375,-0.09423828125,0.193946838378906,-0.000291442871093756,0.0939468383789062,Terrain/Ground_0_-1/Collision,Terrain/Ground_0_-1/Collision
road,LandDetails/Trail_Crownreach,Model/Trail_Crownreach:triangle1902:sample6,24.908899307251,18.58424949646,-128.757537841797,18.48486328125,18.393310546875,-0.091552734375,0.190938949584961,-0.000613784790039068,0.0909389495849609,Terrain/Ground_0_-1/Collision,Terrain/Ground_0_-1/Collision
road,LandDetails/Trail_Crownreach,Model/Trail_Crownreach:triangle1903:sample0,23.35129737854,18.2191009521484,-128.323852539063,18.119384765625,18.039794921875,-0.07958984375,0.179306030273438,-0.000283813476562506,0.0793060302734375,Terrain/Ground_0_-1/Collision,Terrain/Ground_0_-1/Collision
road,LandDetails/Trail_Crownreach,Model/Trail_Crownreach:triangle1903:sample1,23.165340423584,18.1787395477295,-128.13703918457,18.078857421875,18.00048828125,-0.078369140625,0.178251266479492,-0.000117874145507818,0.0782512664794922,Terrain/Ground_0_-1/Collision,Terrain/Ground_0_-1/Collision
road,LandDetails/Trail_Crownreach,Model/Trail_Crownreach:triangle1903:sample2,23.2249393463135,18.1852588653564,-128.457321166992,18.085693359375,18.007568359375,-0.078125,0.177690505981445,-0.000434494018554693,0.0776905059814453,Terrain/Ground_0_-1/Collision,Terrain/Ground_0_-1/Collision
road,LandDetails/Trail_Crownreach,Model/Trail_Crownreach:triangle1903:sample3,23.6636199951172,18.2933006286621,-128.377243041992,18.193359375,18.111083984375,-0.082275390625,0.182216644287109,-5.87463378906306e-05,0.0822166442871094,Terrain/Ground_0_-1/Collision,Terrain/Ground_0_-1/Collision
road,LandDetails/Trail_Crownreach,Model/Trail_Crownreach:triangle1903:sample4,22.9608993530273,18.126350402832,-128.257141113281,18.026611328125,17.950439453125,-0.076171875,0.175910949707031,-0.000260925292968756,0.0759109497070312,Terrain/Ground_0_-1/Collision,Terrain/Ground_0_-1/Collision
road,LandDetails/Trail_Crownreach,Model/Trail_Crownreach:triangle1903:sample5,23.5837478637695,18.2695503234863,-128.557403564453,18.169921875,18.0888671875,-0.0810546875,0.180683135986328,-0.000371551513671881,0.0806831359863281,Terrain/Ground_0_-1/Collision,Terrain/Ground_0_-1/Collision
road,LandDetails/Trail_Crownreach,Model/Trail_Crownreach:triangle1903:sample6,23.5092506408691,18.2614002227783,-128.157043457031,18.161376953125,18.079833984375,-0.08154296875,0.18156623840332,2.32696533203069e-05,0.0815662384033203,Terrain/Ground_0_-1/Collision,Terrain/Ground_0_-1/Collision
road,LandDetails/Trail_Crownreach,Model/Trail_Crownreach:triangle1904:sample0,23.979866027832,18.3449649810791,-129.391494750977,18.244873046875,18.16357421875,-0.081298828125,0.181390762329102,9.19342041015569e-05,0.0813907623291016,Terrain/Ground_0_-1/Collision,Terrain/Ground_0_-1/Collision
road,LandDetails/Trail_Crownreach,Model/Trail_Crownreach:triangle1904:sample1,24.6133213043213,18.5002994537354,-129.300415039063,18.39990234375,18.312744140625,-0.087158203125,0.187555313110352,0.000397109985351557,0.0875553131103516,Terrain/Ground_0_-1/Collision,Terrain/Ground_0_-1/Collision
road,LandDetails/Trail_Crownreach,Model/Trail_Crownreach:triangle1904:sample2,23.6020793914795,18.260778427124,-129.097900390625,18.160888671875,18.08154296875,-0.079345703125,0.179235458374023,-0.000110244750976568,0.0792354583740234,Terrain/Ground_0_-1/Collision,Terrain/Ground_0_-1/Collision
road,LandDetails/Trail_Crownreach,Model/Trail_Crownreach:triangle1904:sample3,23.7242012023926,18.2738189697266,-129.776184082031,18.174072265625,18.09619140625,-0.077880859375,0.177627563476563,-0.000253295898437506,0.0776275634765625,Terrain/Ground_0_-1/Collision,Terrain/Ground_0_-1/Collision
road,LandDetails/Trail_Crownreach,Model/Trail_Crownreach:triangle1904:sample4,24.2994499206543,18.4338989257813,-128.91064453125,18.333984375,18.248291015625,-0.085693359375,0.18560791015625,-8.54492187500056e-05,0.08560791015625,Terrain/Ground_0_-1/Collision,Terrain/Ground_0_-1/Collision
road,LandDetails/Trail_Crownreach,Model/Trail_Crownreach:triangle1904:sample5,23.1880493164063,18.1507987976074,-129.505340576172,18.051025390625,17.97705078125,-0.073974609375,0.173748016357422,-0.000226593017578131,0.0737480163574219,Terrain/Ground_0_-1/Collision,Terrain/Ground_0_-1/Collision
road,LandDetails/Trail_Crownreach,Model/Trail_Crownreach:triangle1904:sample6,24.4520988464355,18.4501991271973,-129.758499145508,18.349853515625,18.265869140625,-0.083984375,0.184329986572266,0.000345611572265619,0.0843299865722656,Terrain/Ground_0_-1/Collision,Terrain/Ground_0_-1/Collision
road,LandDetails/Trail_Crownreach,Model/Trail_Crownreach:triangle1905:sample0,24.8689651489258,18.5495319366455,-129.8154296875,18.44921875,18.361572265625,-0.087646484375,0.187959671020508,0.000313186645507807,0.0879596710205078,Terrain/Ground_0_-1/Collision,Terrain/Ground_0_-1/Collision
road,LandDetails/Trail_Crownreach,Model/Trail_Crownreach:triangle1905:sample1,25.1467819213867,18.6230392456055,-129.554779052734,18.5224609375,18.431396484375,-0.091064453125,0.191642761230469,0.000578308105468744,0.0916427612304687,Terrain/Ground_0_-1/Collision,Terrain/Ground_0_-1/Collision
road,LandDetails/Trail_Crownreach,Model/Trail_Crownreach:triangle1905:sample2,24.2576599121094,18.3965606689453,-130.030548095703,18.29638671875,18.21484375,-0.08154296875,0.181716918945313,0.000173950195312494,0.0817169189453125,Terrain/Ground_0_-1/Collision,Terrain/Ground_0_-1/Collision
road,LandDetails/Trail_Crownreach,Model/Trail_Crownreach:triangle1905:sample3,25.2024612426758,18.628999710083,-129.860977172852,18.528564453125,18.438232421875,-0.09033203125,0.190767288208008,0.000435256958007807,0.0907672882080078,Terrain/Ground_0_-1/Collision,Terrain/Ground_0_-1/Collision
road,LandDetails/Trail_Crownreach,Model/Trail_Crownreach:triangle1905:sample4,24.4520988464355,18.4501991271973,-129.758499145508,18.349853515625,18.265869140625,-0.083984375,0.184329986572266,0.000345611572265619,0.0843299865722656,Terrain/Ground_0_-1/Collision,Terrain/Ground_0_-1/Collision
road,LandDetails/Trail_Crownreach,Model/Trail_Crownreach:triangle1905:sample5,24.5216999053955,18.457649230957,-130.141235351563,18.357421875,18.273681640625,-0.083740234375,0.183967590332031,0.000227355957031244,0.0839675903320312,Terrain/Ground_0_-1/Collision,Terrain/Ground_0_-1/Collision
road,LandDetails/Trail_Crownreach,Model/Trail_Crownreach:triangle1905:sample6,25.6330986022949,18.7407493591309,-129.546539306641,18.640380859375,18.544921875,-0.095458984375,0.195827484130859,0.000368499755859369,0.0958274841308594,Terrain/Ground_0_-1/Collision,Terrain/Ground_0_-1/Collision
road,LandDetails/Trail_Crownreach,Model/Trail_Crownreach:triangle1906:sample0,24.2306308746338,18.371431350708,-130.792831420898,18.271240234375,18.1923828125,-0.078857421875,0.179048538208008,0.000191116333007807,0.0790485382080078,Terrain/Ground_0_-1/Collision,Terrain/Ground_0_-1/Collision
road,LandDetails/Trail_Crownreach,Model/Trail_Crownreach:triangle1906:sample1,24.8194599151611,18.5221405029297,-130.447418212891,18.421875,18.336669921875,-0.085205078125,0.185470581054688,0.000265502929687494,0.0854705810546875,Terrain/Ground_0_-1/Collision,Terrain/Ground_0_-1/Collision
road,LandDetails/Trail_Crownreach,Model/Trail_Crownreach:triangle1906:sample2,23.8746604919434,18.2896995544434,-130.616989135742,18.189697265625,18.11328125,-0.076416015625,0.176418304443359,2.28881835936945e-06,0.0764183044433594,Terrain/Ground_0_-1/Collision,Terrain/Ground_0_-1/Collision
road,LandDetails/Trail_Crownreach,Model/Trail_Crownreach:triangle1906:sample3,23.9977798461914,18.3024597167969,-131.314086914063,18.202392578125,18.12744140625,-0.074951171875,0.175018310546875,6.71386718749944e-05,0.075018310546875,Terrain/Ground_0_-1/Collision,Terrain/Ground_0_-1/Collision
road,LandDetails/Trail_Crownreach,Model/Trail_Crownreach:triangle1906:sample4,24.5216999053955,18.457649230957,-130.141235351563,18.357421875,18.273681640625,-0.083740234375,0.183967590332031,0.000227355957031244,0.0839675903320312,Terrain/Ground_0_-1/Collision,Terrain/Ground_0_-1/Collision
road,LandDetails/Trail_Crownreach,Model/Trail_Crownreach:triangle1906:sample5,23.4945983886719,18.183048248291,-131.224594116211,18.083251953125,18.01220703125,-0.071044921875,0.170841217041016,-0.000203704833984381,0.0708412170410156,Terrain/Ground_0_-1/Collision,Terrain/Ground_0_-1/Collision
road,LandDetails/Trail_Crownreach,Model/Trail_Crownreach:triangle1906:sample6,24.6755981445313,18.4735984802246,-131.012634277344,18.373291015625,18.291259765625,-0.08203125,0.182338714599609,0.000307464599609369,0.0823387145996094,Terrain/Ground_0_-1/Collision,Terrain/Ground_0_-1/Collision
road,LandDetails/Trail_Crownreach,Model/Trail_Crownreach:triangle1907:sample0,25.1205654144287,18.5757656097412,-131.232421875,18.47509765625,18.390625,-0.08447265625,0.185140609741211,0.000667953491210932,0.0851406097412109,Terrain/Ground_0_-1/Collision,Terrain/Ground_0_-1/Collision
road,LandDetails/Trail_Crownreach,Model/Trail_Crownreach:triangle1907:sample1,25.3534202575684,18.6447410583496,-130.711181640625,18.544189453125,18.45556640625,-0.088623046875,0.189174652099609,0.000551605224609369,0.0891746520996094,Terrain/Ground_0_-1/Collision,Terrain/Ground_0_-1/Collision
road,LandDetails/Trail_Crownreach,Model/Trail_Crownreach:triangle1907:sample2,24.5317401885986,18.4250602722168,-131.577850341797,18.324951171875,18.245849609375,-0.0791015625,0.179210662841797,0.000109100341796869,0.0792106628417969,Terrain/Ground_0_-1/Collision,Terrain/Ground_0_-1/Collision
road,LandDetails/Trail_Crownreach,Model/Trail_Crownreach:triangle1907:sample3,25.4765396118164,18.6575012207031,-131.408264160156,18.55712890625,18.469482421875,-0.087646484375,0.188018798828125,0.000372314453124994,0.088018798828125,Terrain/Ground_0_-1/Collision,Terrain/Ground_0_-1/Collision
road,LandDetails/Trail_Crownreach,Model/Trail_Crownreach:triangle1907:sample4,24.6755981445313,18.4735984802246,-131.012634277344,18.373291015625,18.291259765625,-0.08203125,0.182338714599609,0.000307464599609369,0.0823387145996094,Terrain/Ground_0_-1/Collision,Terrain/Ground_0_-1/Collision
road,LandDetails/Trail_Crownreach,Model/Trail_Crownreach:triangle1907:sample5,24.8294982910156,18.4895496368408,-131.884002685547,18.38916015625,18.30859375,-0.08056640625,0.18095588684082,0.000389480590820307,0.0809558868408203,Terrain/Ground_0_-1/Collision,Terrain/Ground_0_-1/Collision
road,LandDetails/Trail_Crownreach,Model/Trail_Crownreach:triangle1907:sample6,25.8565998077393,18.7641487121582,-130.800643920898,18.663818359375,18.570556640625,-0.09326171875,0.193592071533203,0.000330352783203119,0.0935920715332031,Terrain/Ground_0_-1/Collision,Terrain/Ground_0_-1/Collision
road,LandDetails/Trail_Crownreach,Model/Trail_Crownreach:triangle1908:sample0,25.2964324951172,18.5938663482666,-132.233337402344,18.493408203125,18.41015625,-0.083251953125,0.183710098266602,0.000458145141601557,0.0837100982666016,Terrain/Ground_0_-1/Collision,Terrain/Ground_0_-1/Collision
road,LandDetails/Trail_Crownreach,Model/Trail_Crownreach:triangle1908:sample1,25.6699810028076,18.677318572998,-132.512802124023,18.576904296875,18.4912109375,-0.085693359375,0.186107635498047,0.000414276123046869,0.0861076354980469,Terrain/Ground_0_-1/Collision,Terrain/Ground_0_-1/Collision
road,LandDetails/Trail_Crownreach,Model/Trail_Crownreach:triangle1908:sample2,25.5820598602295,18.6683597564697,-132.008804321289,18.567626953125,18.481201171875,-0.08642578125,0.187158584594727,0.000732803344726557,0.0871585845947266,Terrain/Ground_0_-1/Collision,Terrain/Ground_0_-1/Collision
road,LandDetails/Trail_Crownreach,Model/Trail_Crownreach:triangle1908:sample3,24.6372604370117,18.435920715332,-132.178405761719,18.335693359375,18.2578125,-0.077880859375,0.178108215332031,0.000227355957031244,0.0781082153320312,Terrain/Ground_0_-1/Collision,Terrain/Ground_0_-1/Collision
road,LandDetails/Trail_Crownreach,Model/Trail_Crownreach:triangle1908:sample4,26.1203994750977,18.7912998199463,-132.302001953125,18.690673828125,18.600341796875,-0.09033203125,0.190958023071289,0.000625991821289057,0.0909580230712891,Terrain/Ground_0_-1/Collision,Terrain/Ground_0_-1/Collision
road,LandDetails/Trail_Crownreach,Model/Trail_Crownreach:triangle1908:sample5,24.8294982910156,18.4895496368408,-131.884002685547,18.38916015625,18.30859375,-0.08056640625,0.18095588684082,0.000389480590820307,0.0809558868408203,Terrain/Ground_0_-1/Collision,Terrain/Ground_0_-1/Collision
road,LandDetails/Trail_Crownreach,Model/Trail_Crownreach:triangle1908:sample6,24.9393997192383,18.5007495880127,-132.51399230957,18.400390625,18.3212890625,-0.0791015625,0.179460525512695,0.000358963012695307,0.0794605255126953,Terrain/Ground_0_-1/Collision,Terrain/Ground_0_-1/Collision
road,LandDetails/Trail_Crownreach,Model/Trail_Crownreach:triangle1909:sample0,24.6117000579834,18.4106998443604,-132.967361450195,18.310302734375,18.2353515625,-0.074951171875,0.175348281860352,0.000397109985351557,0.0753482818603516,Terrain/Ground_0_-1/Collision,Terrain/Ground_0_-1/Collision
road,LandDetails/Trail_Crownreach,Model/Trail_Crownreach:triangle1909:sample1,25.2591400146484,18.5674209594727,-132.953216552734,18.466796875,18.386474609375,-0.080322265625,0.180946350097656,0.000624084472656244,0.0809463500976562,Terrain/Ground_0_-1/Collision,Terrain/Ground_0_-1/Collision
road,LandDetails/Trail_Crownreach,Model/Trail_Crownreach:triangle1909:sample2,24.2264194488525,18.3260192871094,-132.61882019043,18.225830078125,18.153076171875,-0.07275390625,0.172943115234375,0.000189208984374994,0.072943115234375,Terrain/Ground_0_-1/Collision,Terrain/Ground_0_-1/Collision
road,LandDetails/Trail_Crownreach,Model/Trail_Crownreach:triangle1909:sample3,24.3495407104492,18.3386611938477,-133.330062866211,18.238037109375,18.166748046875,-0.0712890625,0.171913146972656,0.000624084472656244,0.0719131469726562,Terrain/Ground_0_-1/Collision,Terrain/Ground_0_-1/Collision
road,LandDetails/Trail_Crownreach,Model/Trail_Crownreach:triangle1909:sample4,24.9393997192383,18.5007495880127,-132.51399230957,18.400390625,18.3212890625,-0.0791015625,0.179460525512695,0.000358963012695307,0.0794605255126953,Terrain/Ground_0_-1/Collision,Terrain/Ground_0_-1/Collision
road,LandDetails/Trail_Crownreach,Model/Trail_Crownreach:triangle1909:sample5,23.8023986816406,18.2147998809814,-132.985046386719,18.1142578125,18.046875,-0.0673828125,0.167924880981445,0.000542068481445307,0.0679248809814453,Terrain/Ground_0_-1/Collision,Terrain/Ground_0_-1/Collision
road,LandDetails/Trail_Crownreach,Model/Trail_Crownreach:triangle1909:sample6,25.0932998657227,18.5165500640869,-133.403045654297,18.415771484375,18.33837890625,-0.077392578125,0.178171157836914,0.000778579711914057,0.0781711578369141,Terrain/Ground_0_-1/Collision,Terrain/Ground_0_-1/Collision
road,LandDetails/Trail_Crownreach,Model/Trail_Crownreach:triangle1910:sample0,24.7606983184814,18.4326324462891,-133.552200317383,18.331787109375,18.2578125,-0.073974609375,0.174819946289063,0.000845336914062494,0.0748199462890625,Terrain/Ground_0_-1/Collision,Terrain/Ground_0_-1/Collision
road,LandDetails/Trail_Crownreach,Model/Trail_Crownreach:triangle1910:sample1,25.348539352417,18.5805797576904,-133.304122924805,18.479736328125,18.39990234375,-0.079833984375,0.18067741394043,0.000843429565429682,0.0806774139404297,Terrain/Ground_0_-1/Collision,Terrain/Ground_0_-1/Collision
road,LandDetails/Trail_Crownreach,Model/Trail_Crownreach:triangle1910:sample2,24.4389400482178,18.3518199920654,-133.680953979492,18.2509765625,18.18017578125,-0.07080078125,0.17164421081543,0.000843429565429682,0.0716442108154297,Terrain/Ground_0_-1/Collision,Terrain/Ground_0_-1/Collision
road,LandDetails/Trail_Crownreach,Model/Trail_Crownreach:triangle1910:sample3,24.4946193695068,18.36549949646,-133.671524047852,18.264892578125,18.193359375,-0.071533203125,0.172140121459961,0.000606918334960932,0.0721401214599609,Terrain/Ground_0_-1/Collision,Terrain/Ground_0_-1/Collision
road,LandDetails/Trail_Crownreach,Model/Trail_Crownreach:triangle1910:sample4,25.0932998657227,18.5165500640869,-133.403045654297,18.415771484375,18.33837890625,-0.077392578125,0.178171157836914,0.000778579711914057,0.0781711578369141,Terrain/Ground_0_-1/Collision,Terrain/Ground_0_-1/Collision
road,LandDetails/Trail_Crownreach,Model/Trail_Crownreach:triangle1910:sample5,24.0258979797363,18.2476997375488,-133.8623046875,18.14697265625,18.08056640625,-0.06640625,0.167133331298828,0.000727081298828119,0.0671333312988281,Terrain/Ground_0_-1/Collision,Terrain/Ground_0_-1/Collision
road,LandDetails/Trail_Crownreach,Model/Trail_Crownreach:triangle1910:sample6,25.162899017334,18.5336494445801,-133.391235351563,18.43310546875,18.35498046875,-0.078125,0.178668975830078,0.000543975830078119,0.0786689758300781,Terrain/Ground_0_-1/Collision,Terrain/Ground_0_-1/Collision
road,LandDetails/Trail_Crownreach,Model/Trail_Crownreach:triangle1911:sample0,23.2943019866943,18.2127323150635,-128.013748168945,18.11328125,18.032958984375,-0.080322265625,0.179773330688477,-0.000548934936523443,0.0797733306884766,Terrain/Ground_0_-1/Collision,Terrain/Ground_0_-1/Collision
road,LandDetails/Trail_Crownreach,Model/Trail_Crownreach:triangle1911:sample1,23.1223411560059,18.1738014221191,-127.899139404297,18.07421875,17.99560546875,-0.07861328125,0.178195953369141,-0.000417327880859381,0.0781959533691406,Terrain/Ground_0_-1/Collision,Terrain/Ground_0_-1/Collision
road,LandDetails/Trail_Crownreach,Model/Trail_Crownreach:triangle1911:sample2,23.1311416625977,18.1749210357666,-127.950981140137,18.0751953125,17.996337890625,-0.078857421875,0.178583145141602,-0.000274276733398443,0.0785831451416016,Terrain/Ground_0_-1/Collision,Terrain/Ground_0_-1/Collision
road,LandDetails/Trail_Crownreach,Model/Trail_Crownreach:triangle1911:sample3,23.6294212341309,18.2894821166992,-128.191177368164,18.18994140625,18.107177734375,-0.082763671875,0.182304382324219,-0.000459289550781256,0.0823043823242187,Terrain/Ground_0_-1/Collision,Terrain/Ground_0_-1/Collision
road,LandDetails/Trail_Crownreach,Model/Trail_Crownreach:triangle1911:sample4,22.8754005432129,18.1168003082275,-127.7919921875,18.017333984375,17.940185546875,-0.0771484375,0.176614761352539,-0.000533676147460943,0.0766147613525391,Terrain/Ground_0_-1/Collision,Terrain/Ground_0_-1/Collision
road,LandDetails/Trail_Crownreach,Model/Trail_Crownreach:triangle1911:sample5,23.5092506408691,18.2614002227783,-128.157043457031,18.161376953125,18.079833984375,-0.08154296875,0.18156623840332,2.32696533203069e-05,0.0815662384033203,Terrain/Ground_0_-1/Collision,Terrain/Ground_0_-1/Collision
road,LandDetails/Trail_Crownreach,Model/Trail_Crownreach:triangle1911:sample6,23.4982490539551,18.2600002288818,-128.092239379883,18.160400390625,18.078857421875,-0.08154296875,0.181142807006836,-0.000400161743164068,0.0811428070068359,Terrain/Ground_0_-1/Collision,Terrain/Ground_0_-1/Collision
road,LandDetails/Trail_Crownreach,Model/Trail_Crownreach:triangle1912:sample0,23.7543334960938,18.3190002441406,-128.2060546875,18.219482421875,18.13623046875,-0.083251953125,0.182769775390625,-0.000482177734375006,0.082769775390625,Terrain/Ground_0_-1/Collision,Terrain/Ground_0_-1/Collision
road,LandDetails/Trail_Crownreach,Model/Trail_Crownreach:triangle1912:sample1,23.3983592987061,18.2375621795654,-128.014526367188,18.137939453125,18.057373046875,-0.08056640625,0.18018913269043,-0.000377273559570318,0.0801891326904297,Terrain/Ground_0_-1/Collision,Terrain/Ground_0_-1/Collision
road,LandDetails/Trail_Crownreach,Model/Trail_Crownreach:triangle1912:sample2,23.9054393768311,18.3532409667969,-128.306564331055,18.25341796875,18.169189453125,-0.084228515625,0.184051513671875,-0.000177001953125006,0.084051513671875,Terrain/Ground_0_-1/Collision,Terrain/Ground_0_-1/Collision
road,LandDetails/Trail_Crownreach,Model/Trail_Crownreach:triangle1912:sample3,23.9591979980469,18.3661994934082,-128.297119140625,18.2666015625,18.181884765625,-0.084716796875,0.184314727783203,-0.000402069091796881,0.0843147277832031,Terrain/Ground_0_-1/Collision,Terrain/Ground_0_-1/Collision
road,LandDetails/Trail_Crownreach,Model/Trail_Crownreach:triangle1912:sample4,23.4982490539551,18.2600002288818,-128.092239379883,18.160400390625,18.078857421875,-0.08154296875,0.181142807006836,-0.000400161743164068,0.0811428070068359,Terrain/Ground_0_-1/Collision,Terrain/Ground_0_-1/Collision
road,LandDetails/Trail_Crownreach,Model/Trail_Crownreach:triangle1912:sample5,24.1992988586426,18.4207992553711,-128.445495605469,18.32080078125,18.234619140625,-0.086181640625,0.186180114746094,-1.52587890625555e-06,0.0861801147460937,Terrain/Ground_0_-1/Collision,Terrain/Ground_0_-1/Collision
road,LandDetails/Trail_Crownreach,Model/Trail_Crownreach:triangle1912:sample6,23.5654487609863,18.2761993408203,-128.080444335938,18.177001953125,18.094970703125,-0.08203125,0.181228637695313,-0.000802612304687506,0.0812286376953125,Terrain/Ground_0_-1/Collision,Terrain/Ground_0_-1/Collision
road,LandDetails/Trail_Crownreach,Model/Trail_Crownreach:triangle1913:sample0,24.65403175354,18.5249652862549,-128.684936523438,18.425048828125,18.335205078125,-0.08984375,0.189760208129883,-8.35418701171931e-05,0.0897602081298828,Terrain/Ground_0_-1/Collision,Terrain/Ground_0_-1/Collision
road,LandDetails/Trail_Crownreach,Model/Trail_Crownreach:triangle1913:sample1,25.0178203582764,18.6082992553711,-128.876480102539,18.508056640625,18.416015625,-0.092041015625,0.192283630371094,0.000242614746093744,0.0922836303710937,Terrain/Ground_0_-1/Collision,Terrain/Ground_0_-1/Collision
road,LandDetails/Trail_Crownreach,Model/Trail_Crownreach:triangle1913:sample2,24.4990196228027,18.4897804260254,-128.584442138672,18.389892578125,18.301513671875,-0.08837890625,0.188266754150391,-0.000112152099609381,0.0882667541503906,Terrain/Ground_0_-1/Collision,Terrain/Ground_0_-1/Collision
road,LandDetails/Trail_Crownreach,Model/Trail_Crownreach:triangle1913:sample3,24.4452590942383,18.4768218994141,-128.593872070313,18.377197265625,18.288330078125,-0.0888671875,0.188491821289063,-0.000375366210937506,0.0884918212890625,Terrain/Ground_0_-1/Collision,Terrain/Ground_0_-1/Collision
road,LandDetails/Trail_Crownreach,Model/Trail_Crownreach:triangle1913:sample4,24.9149990081787,18.5851497650146,-128.798751831055,18.485107421875,18.393798828125,-0.09130859375,0.191350936889648,4.23431396484319e-05,0.0913509368896484,Terrain/Ground_0_-1/Collision,Terrain/Ground_0_-1/Collision
road,LandDetails/Trail_Crownreach,Model/Trail_Crownreach:triangle1913:sample5,24.1992988586426,18.4207992553711,-128.445495605469,18.32080078125,18.234619140625,-0.086181640625,0.186180114746094,-1.52587890625555e-06,0.0861801147460937,Terrain/Ground_0_-1/Collision,Terrain/Ground_0_-1/Collision
road,LandDetails/Trail_Crownreach,Model/Trail_Crownreach:triangle1913:sample6,24.8477993011475,18.5689506530762,-128.810546875,18.46875,18.37744140625,-0.09130859375,0.191509246826172,0.000200653076171869,0.0915092468261719,Terrain/Ground_0_-1/Collision,Terrain/Ground_0_-1/Collision
road,LandDetails/Trail_Crownreach,Model/Trail_Crownreach:triangle1914:sample0,24.2436656951904,18.4241333007813,-128.759536743164,18.323974609375,18.23828125,-0.085693359375,0.18585205078125,0.000158691406249994,0.08585205078125,Terrain/Ground_0_-1/Collision,Terrain/Ground_0_-1/Collision
road,LandDetails/Trail_Crownreach,Model/Trail_Crownreach:triangle1914:sample1,24.7716007232666,18.5478000640869,-128.921249389648,18.447509765625,18.357666015625,-0.08984375,0.190134048461914,0.000290298461914057,0.0901340484619141,Terrain/Ground_0_-1/Collision,Terrain/Ground_0_-1/Collision
road,LandDetails/Trail_Crownreach,Model/Trail_Crownreach:triangle1914:sample2,24.1990413665771,18.4163208007813,-128.638641357422,18.31591796875,18.23046875,-0.08544921875,0.18585205078125,0.000402832031249994,0.08585205078125,Terrain/Ground_0_-1/Collision,Terrain/Ground_0_-1/Collision
road,LandDetails/Trail_Crownreach,Model/Trail_Crownreach:triangle1914:sample3,23.7603588104248,18.3082790374756,-128.718719482422,18.208251953125,18.12646484375,-0.081787109375,0.181814193725586,2.70843505859319e-05,0.0818141937255859,Terrain/Ground_0_-1/Collision,Terrain/Ground_0_-1/Collision
road,LandDetails/Trail_Crownreach,Model/Trail_Crownreach:triangle1914:sample4,24.8477993011475,18.5689506530762,-128.810546875,18.46875,18.37744140625,-0.09130859375,0.191509246826172,0.000200653076171869,0.0915092468261719,Terrain/Ground_0_-1/Collision,Terrain/Ground_0_-1/Collision
road,LandDetails/Trail_Crownreach,Model/Trail_Crownreach:triangle1914:sample5,23.5837478637695,18.2695503234863,-128.557403564453,18.169921875,18.0888671875,-0.0810546875,0.180683135986328,-0.000371551513671881,0.0806831359863281,Terrain/Ground_0_-1/Collision,Terrain/Ground_0_-1/Collision
road,LandDetails/Trail_Crownreach,Model/Trail_Crownreach:triangle1914:sample6,24.2994499206543,18.4338989257813,-128.91064453125,18.333984375,18.248291015625,-0.085693359375,0.18560791015625,-8.54492187500056e-05,0.08560791015625,Terrain/Ground_0_-1/Collision,Terrain/Ground_0_-1/Collision
road,LandDetails/Trail_Crownreach,Model/Trail_Crownreach:triangle1915:sample0,25.1270999908447,18.6339321136475,-128.892959594727,18.5341796875,18.44091796875,-0.09326171875,0.193014144897461,-0.000247573852539068,0.0930141448974609,Terrain/Ground_0_-1/Collision,Terrain/Ground_0_-1/Collision
road,LandDetails/Trail_Crownreach,Model/Trail_Crownreach:triangle1915:sample1,25.3016605377197,18.6736793518066,-129.00129699707,18.57373046875,18.479248046875,-0.094482421875,0.194431304931641,-5.11169433593806e-05,0.0944313049316406,Terrain/Ground_0_-1/Collision,Terrain/Ground_0_-1/Collision
road,LandDetails/Trail_Crownreach,Model/Trail_Crownreach:triangle1915:sample2,25.296781539917,18.6729602813721,-128.968338012695,18.5732421875,18.478759765625,-0.094482421875,0.19420051574707,-0.000281906127929693,0.0942005157470703,Terrain/Ground_0_-1/Collision,Terrain/Ground_0_-1/Collision
road,LandDetails/Trail_Crownreach,Model/Trail_Crownreach:triangle1915:sample3,24.7828598022461,18.5551605224609,-128.709259033203,18.455322265625,18.364990234375,-0.09033203125,0.190170288085938,-0.000161743164062506,0.0901702880859375,Terrain/Ground_0_-1/Collision,Terrain/Ground_0_-1/Collision
road,LandDetails/Trail_Crownreach,Model/Trail_Crownreach:triangle1915:sample4,25.5573997497559,18.7323989868164,-129.122589111328,18.63232421875,18.5361328125,-0.09619140625,0.196266174316406,7.47680664062444e-05,0.0962661743164062,Terrain/Ground_0_-1/Collision,Terrain/Ground_0_-1/Collision
road,LandDetails/Trail_Crownreach,Model/Trail_Crownreach:triangle1915:sample5,24.908899307251,18.58424949646,-128.757537841797,18.48486328125,18.393310546875,-0.091552734375,0.190938949584961,-0.000613784790039068,0.0909389495849609,Terrain/Ground_0_-1/Collision,Terrain/Ground_0_-1/Collision
road,LandDetails/Trail_Crownreach,Model/Trail_Crownreach:triangle1915:sample6,24.9149990081787,18.5851497650146,-128.798751831055,18.485107421875,18.393798828125,-0.09130859375,0.191350936889648,4.23431396484319e-05,0.0913509368896484,Terrain/Ground_0_-1/Collision,Terrain/Ground_0_-1/Collision
road,LandDetails/Trail_Crownreach,Model/Trail_Crownreach:triangle1916:sample0,25.5488338470459,18.6226654052734,-133.414794921875,18.522216796875,18.44091796875,-0.081298828125,0.181747436523438,0.000448608398437494,0.0817474365234375,Terrain/Ground_0_-1/Collision,Terrain/Ground_0_-1/Collision
road,LandDetails/Trail_Crownreach,Model/Trail_Crownreach:triangle1916:sample1,25.821418762207,18.6945991516113,-133.2216796875,18.59375,18.510009765625,-0.083740234375,0.184589385986328,0.000849151611328119,0.0845893859863281,Terrain/Ground_0_-1/Collision,Terrain/Ground_0_-1/Collision
road,LandDetails/Trail_Crownreach,Model/Trail_Crownreach:triangle1916:sample2,24.9674987792969,18.4795188903809,-133.589080810547,18.378662109375,18.30322265625,-0.075439453125,0.176296234130859,0.000856781005859369,0.0762962341308594,Terrain/Ground_0_-1/Collision,Terrain/Ground_0_-1/Collision
road,LandDetails/Trail_Crownreach,Model/Trail_Crownreach:triangle1916:sample3,25.8575801849365,18.6938800811768,-133.433639526367,18.593017578125,18.509765625,-0.083251953125,0.184114456176758,0.000862503051757807,0.0841144561767578,Terrain/Ground_0_-1/Collision,Terrain/Ground_0_-1/Collision
road,LandDetails/Trail_Crownreach,Model/Trail_Crownreach:triangle1916:sample4,25.162899017334,18.5336494445801,-133.391235351563,18.43310546875,18.35498046875,-0.078125,0.178668975830078,0.000543975830078119,0.0786689758300781,Terrain/Ground_0_-1/Collision,Terrain/Ground_0_-1/Collision
road,LandDetails/Trail_Crownreach,Model/Trail_Crownreach:triangle1916:sample5,25.2080993652344,18.5327491760254,-133.656188964844,18.431884765625,18.35498046875,-0.076904296875,0.177768707275391,0.000864410400390619,0.0777687072753906,Terrain/Ground_0_-1/Collision,Terrain/Ground_0_-1/Collision
road,LandDetails/Trail_Crownreach,Model/Trail_Crownreach:triangle1916:sample6,26.2754993438721,18.8015995025635,-133.19694519043,18.70068359375,18.61328125,-0.08740234375,0.188318252563477,0.000915908813476557,0.0883182525634766,Terrain/Ground_0_-1/Collision,Terrain/Ground_0_-1/Collision
road,LandDetails/Trail_Crownreach,Model/Trail_Crownreach:triangle1917:sample0,24.8494663238525,18.4188671112061,-134.348999023438,18.318115234375,18.248291015625,-0.06982421875,0.170576095581055,0.000751876831054682,0.0705760955810547,Terrain/Ground_0_-1/Collision,Terrain/Ground_0_-1/Collision
road,LandDetails/Trail_Crownreach,Model/Trail_Crownreach:triangle1917:sample1,25.4379596710205,18.5715999603271,-133.994155883789,18.470703125,18.39404296875,-0.07666015625,0.177556991577148,0.000896835327148432,0.0775569915771484,Terrain/Ground_0_-1/Collision,Terrain/Ground_0_-1/Collision
road,LandDetails/Trail_Crownreach,Model/Trail_Crownreach:triangle1917:sample2,24.4941596984863,18.3437995910645,-134.168441772461,18.2431640625,18.174560546875,-0.068603515625,0.169239044189453,0.000635528564453119,0.0692390441894531,Terrain/Ground_0_-1/Collision,Terrain/Ground_0_-1/Collision
road,LandDetails/Trail_Crownreach,Model/Trail_Crownreach:triangle1917:sample3,24.6162796020508,18.3411998748779,-134.884399414063,18.240478515625,18.17529296875,-0.065185546875,0.16590690612793,0.000721359252929682,0.0659069061279297,Terrain/Ground_0_-1/Collision,Terrain/Ground_0_-1/Collision
road,LandDetails/Trail_Crownreach,Model/Trail_Crownreach:triangle1917:sample4,25.1409492492676,18.5159492492676,-133.679748535156,18.415283203125,18.3388671875,-0.076416015625,0.177082061767578,0.000666046142578119,0.0770820617675781,Terrain/Ground_0_-1/Collision,Terrain/Ground_0_-1/Collision
road,LandDetails/Trail_Crownreach,Model/Trail_Crownreach:triangle1917:sample5,24.1138496398926,18.2279491424561,-134.792541503906,18.12744140625,18.065185546875,-0.062255859375,0.162763595581055,0.000507736206054682,0.0627635955810547,Terrain/Ground_0_-1/Collision,Terrain/Ground_0_-1/Collision
road,LandDetails/Trail_Crownreach,Model/Trail_Crownreach:triangle1917:sample6,25.2935981750488,18.5126991271973,-134.57470703125,18.412109375,18.339599609375,-0.072509765625,0.173099517822266,0.000589752197265619,0.0730995178222656,Terrain/Ground_0_-1/Collision,Terrain/Ground_0_-1/Collision
road,LandDetails/Trail_Crownreach,Model/Trail_Crownreach:triangle1918:sample0,25.740198135376,18.606466293335,-134.80827331543,18.506103515625,18.431640625,-0.074462890625,0.174825668334961,0.000362777709960932,0.0748256683349609,Terrain/Ground_0_-1/Collision,Terrain/Ground_0_-1/Collision
road,LandDetails/Trail_Crownreach,Model/Trail_Crownreach:triangle1918:sample1,25.9724006652832,18.6841602325439,-134.269729614258,18.583251953125,18.50390625,-0.079345703125,0.180253982543945,0.000908279418945307,0.0802539825439453,Terrain/Ground_0_-1/Collision,Terrain/Ground_0_-1/Collision
road,LandDetails/Trail_Crownreach,Model/Trail_Crownreach:triangle1918:sample2,25.1507186889648,18.4537601470947,-135.159973144531,18.35302734375,18.28515625,-0.06787109375,0.168603897094727,0.000732803344726557,0.0686038970947266,Terrain/Ground_0_-1/Collision,Terrain/Ground_0_-1/Collision
road,LandDetails/Trail_Crownreach,Model/Trail_Crownreach:triangle1918:sample3,26.0974807739258,18.6814804077148,-134.9951171875,18.580810546875,18.504638671875,-0.076171875,0.176841735839844,0.000669860839843744,0.0768417358398437,Terrain/Ground_0_-1/Collision,Terrain/Ground_0_-1/Collision
road,LandDetails/Trail_Crownreach,Model/Trail_Crownreach:triangle1918:sample4,25.2935981750488,18.5126991271973,-134.57470703125,18.412109375,18.339599609375,-0.072509765625,0.173099517822266,0.000589752197265619,0.0730995178222656,Terrain/Ground_0_-1/Collision,Terrain/Ground_0_-1/Collision
road,LandDetails/Trail_Crownreach,Model/Trail_Crownreach:triangle1918:sample5,25.4499492645264,18.509349822998,-135.4814453125,18.408447265625,18.34033203125,-0.068115234375,0.169017791748047,0.000902557373046869,0.0690177917480469,Terrain/Ground_0_-1/Collision,Terrain/Ground_0_-1/Collision
road,LandDetails/Trail_Crownreach,Model/Trail_Crownreach:triangle1918:sample6,26.47705078125,18.7973480224609,-134.36865234375,18.697021484375,18.6142578125,-0.082763671875,0.183090209960938,0.000326538085937494,0.0830902099609375,Terrain/Ground_0_-1/Collision,Terrain/Ground_0_-1/Collision
road,LandDetails/Trail_Crownreach,Model/Trail_Crownreach:triangle1919:sample0,25.9087314605713,18.6026668548584,-135.793502807617,18.501953125,18.431884765625,-0.070068359375,0.170782089233398,0.000713729858398432,0.0707820892333984,Terrain/Ground_0_-1/Collision,Terrain/Ground_0_-1/Collision
road,LandDetails/Trail_Crownreach,Model/Trail_Crownreach:triangle1919:sample1,26.2757625579834,18.677318572998,-136.04313659668,18.57666015625,18.505615234375,-0.071044921875,0.171703338623047,0.000658416748046869,0.0717033386230469,Terrain/Ground_0_-1/Collision,Terrain/Ground_0_-1/Collision
road,LandDetails/Trail_Crownreach,Model/Trail_Crownreach:triangle1919:sample2,26.198600769043,18.67919921875,-135.58625793457,18.578857421875,18.50537109375,-0.073486328125,0.173828125,0.000341796874999994,0.073828125,Terrain/Ground_0_-1/Collision,Terrain/Ground_0_-1/Collision
road,LandDetails/Trail_Crownreach,Model/Trail_Crownreach:triangle1919:sample3,25.251838684082,18.4514808654785,-135.751098632813,18.350830078125,18.28564453125,-0.065185546875,0.165836334228516,0.000650787353515619,0.0658363342285156,Terrain/Ground_0_-1/Collision,Terrain/Ground_0_-1/Collision
road,LandDetails/Trail_Crownreach,Model/Trail_Crownreach:triangle1919:sample4,26.729850769043,18.7916488647461,-135.846496582031,18.69140625,18.615234375,-0.076171875,0.176414489746094,0.000242614746093744,0.0764144897460937,Terrain/Ground_0_-1/Collision,Terrain/Ground_0_-1/Collision
road,LandDetails/Trail_Crownreach,Model/Trail_Crownreach:triangle1919:sample5,25.4499492645264,18.509349822998,-135.4814453125,18.408447265625,18.34033203125,-0.068115234375,0.169017791748047,0.000902557373046869,0.0690177917480469,Terrain/Ground_0_-1/Collision,Terrain/Ground_0_-1/Collision
road,LandDetails/Trail_Crownreach,Model/Trail_Crownreach:triangle1919:sample6,25.5463981628418,18.5069999694824,-136.052551269531,18.406494140625,18.340576171875,-0.06591796875,0.166423797607422,0.000505828857421869,0.0664237976074219,Terrain/Ground_0_-1/Collision,Terrain/Ground_0_-1/Collision
road,LandDetails/Trail_Crownreach,Model/Trail_Crownreach:triangle1920:sample0,25.1653652191162,18.4117336273193,-136.197799682617,18.3115234375,18.249267578125,-0.062255859375,0.162466049194336,0.000210189819335932,0.0624660491943359,Terrain/Ground_0_-1/Collision,Terrain/Ground_0_-1/Collision
road,LandDetails/Trail_Crownreach,Model/Trail_Crownreach:triangle1920:sample1,25.8297424316406,18.5627593994141,-136.285720825195,18.462158203125,18.39599609375,-0.066162109375,0.166763305664063,0.000601196289062494,0.0667633056640625,Terrain/Ground_0_-1/Collision,Terrain/Ground_0_-1/Collision
road,LandDetails/Trail_Crownreach,Model/Trail_Crownreach:triangle1920:sample2,24.8058204650879,18.3369197845459,-135.993682861328,18.236083984375,18.176025390625,-0.06005859375,0.160894393920898,0.000835800170898432,0.0608943939208984,Terrain/Ground_0_-1/Collision,Terrain/Ground_0_-1/Collision
road,LandDetails/Trail_Crownreach,Model/Trail_Crownreach:triangle1920:sample3,24.860538482666,18.3355197906494,-136.313995361328,18.23486328125,18.176025390625,-0.058837890625,0.159494400024414,0.000656509399414057,0.0594944000244141,Terrain/Ground_0_-1/Collision,Terrain/Ground_0_-1/Collision
road,LandDetails/Trail_Crownreach,Model/Trail_Crownreach:triangle1920:sample4,25.5463981628418,18.5069999694824,-136.052551269531,18.406494140625,18.340576171875,-0.06591796875,0.166423797607422,0.000505828857421869,0.0664237976074219,Terrain/Ground_0_-1/Collision,Terrain/Ground_0_-1/Collision
road,LandDetails/Trail_Crownreach,Model/Trail_Crownreach:triangle1920:sample5,24.3348999023438,18.2229499816895,-136.087890625,18.122314453125,18.066162109375,-0.05615234375,0.156787872314453,0.000635528564453119,0.0567878723144531,Terrain/Ground_0_-1/Collision,Terrain/Ground_0_-1/Collision
road,LandDetails/Trail_Crownreach,Model/Trail_Crownreach:triangle1920:sample6,25.6147994995117,18.5052490234375,-136.452941894531,18.405029296875,18.34130859375,-0.063720703125,0.1639404296875,0.000219726562499994,0.0639404296875,Terrain/Ground_0_-1/Collision,Terrain/Ground_0_-1/Collision
road,LandDetails/Trail_Crownreach,Model/Trail_Crownreach:triangle1921:sample0,24.0043315887451,18.2422008514404,-133.874069213867,18.141357421875,18.074951171875,-0.06640625,0.16724967956543,0.000843429565429682,0.0672496795654297,Terrain/Ground_0_-1/Collision,Terrain/Ground_0_-1/Collision
road,LandDetails/Trail_Crownreach,Model/Trail_Crownreach:triangle1921:sample1,24.0408000946045,18.2512397766113,-133.864639282227,18.150390625,18.083984375,-0.06640625,0.167255401611328,0.000849151611328119,0.0672554016113281,Terrain/Ground_0_-1/Collision,Terrain/Ground_0_-1/Collision
road,LandDetails/Trail_Crownreach,Model/Trail_Crownreach:triangle1921:sample2,23.9851207733154,18.2375602722168,-133.874084472656,18.13671875,18.070556640625,-0.066162109375,0.167003631591797,0.000841522216796869,0.0670036315917969,Terrain/Ground_0_-1/Collision,Terrain/Ground_0_-1/Collision
road,LandDetails/Trail_Crownreach,Model/Trail_Crownreach:triangle1921:sample3,23.9870796203613,18.2378005981445,-133.883483886719,18.136962890625,18.07080078125,-0.066162109375,0.166999816894531,0.000837707519531244,0.0669998168945312,Terrain/Ground_0_-1/Collision,Terrain/Ground_0_-1/Collision
road,LandDetails/Trail_Crownreach,Model/Trail_Crownreach:triangle1921:sample4,24.0258979797363,18.2476997375488,-133.8623046875,18.14697265625,18.08056640625,-0.06640625,0.167133331298828,0.000727081298828119,0.0671333312988281,Terrain/Ground_0_-1/Collision,Terrain/Ground_0_-1/Collision
road,LandDetails/Trail_Crownreach,Model/Trail_Crownreach:triangle1921:sample5,23.9587478637695,18.230899810791,-133.885848999023,18.130126953125,18.064208984375,-0.06591796875,0.166690826416016,0.000772857666015619,0.0666908264160156,Terrain/Ground_0_-1/Collision,Terrain/Ground_0_-1/Collision
road,LandDetails/Trail_Crownreach,Model/Trail_Crownreach:triangle1921:sample6,24.0283489227295,18.2479991912842,-133.874053955078,18.1474609375,18.08056640625,-0.06689453125,0.16743278503418,0.000538253784179682,0.0674327850341797,Terrain/Ground_0_-1/Collision,Terrain/Ground_0_-1/Collision
road,LandDetails/Trail_Crownreach,Model/Trail_Crownreach:triangle1922:sample0,24.7924652099609,18.4322338104248,-133.73664855957,18.331298828125,18.25830078125,-0.072998046875,0.173933029174805,0.000934982299804682,0.0739330291748047,Terrain/Ground_0_-1/Collision,Terrain/Ground_0_-1/Collision
road,LandDetails/Trail_Crownreach,Model/Trail_Crownreach:triangle1922:sample1,25.4037609100342,18.5796203613281,-133.626770019531,18.478759765625,18.400390625,-0.078369140625,0.179229736328125,0.000860595703124994,0.079229736328125,Terrain/Ground_0_-1/Collision,Terrain/Ground_0_-1/Collision
road,LandDetails/Trail_Crownreach,Model/Trail_Crownreach:triangle1922:sample2,24.5136795043945,18.3652591705322,-133.782211303711,18.264404296875,18.193603515625,-0.07080078125,0.171655654907227,0.000854873657226557,0.0716556549072266,Terrain/Ground_0_-1/Collision,Terrain/Ground_0_-1/Collision
road,LandDetails/Trail_Crownreach,Model/Trail_Crownreach:triangle1922:sample3,24.4599609375,18.3518199920654,-133.801040649414,18.251220703125,18.180908203125,-0.0703125,0.17091178894043,0.000599288940429682,0.0709117889404297,Terrain/Ground_0_-1/Collision,Terrain/Ground_0_-1/Collision
road,LandDetails/Trail_Crownreach,Model/Trail_Crownreach:triangle1922:sample4,25.2080993652344,18.5327491760254,-133.656188964844,18.431884765625,18.35498046875,-0.076904296875,0.177768707275391,0.000864410400390619,0.0777687072753906,Terrain/Ground_0_-1/Collision,Terrain/Ground_0_-1/Collision
road,LandDetails/Trail_Crownreach,Model/Trail_Crownreach:triangle1922:sample5,24.0283489227295,18.2479991912842,-133.874053955078,18.1474609375,18.08056640625,-0.06689453125,0.16743278503418,0.000538253784179682,0.0674327850341797,Terrain/Ground_0_-1/Collision,Terrain/Ground_0_-1/Collision
road,LandDetails/Trail_Crownreach,Model/Trail_Crownreach:triangle1922:sample6,25.1409492492676,18.5159492492676,-133.679748535156,18.415283203125,18.3388671875,-0.076416015625,0.177082061767578,0.000666046142578119,0.0770820617675781,Terrain/Ground_0_-1/Collision,Terrain/Ground_0_-1/Collision
road,LandDetails/Trail_Crownreach,Model/Trail_Crownreach:triangle1923:sample0,25.2704010009766,18.4298324584961,-136.810119628906,18.330078125,18.270263671875,-0.059814453125,0.159568786621094,-0.000245666503906256,0.0595687866210937,Terrain/Ground_0_-1/Collision,Terrain/Ground_0_-1/Collision
road,LandDetails/Trail_Crownreach,Model/Trail_Crownreach:triangle1923:sample1,25.8927612304688,18.5736198425293,-136.653121948242,18.473388671875,18.408447265625,-0.06494140625,0.165172576904297,0.000231170654296869,0.0651725769042969,Terrain/Ground_0_-1/Collision,Terrain/Ground_0_-1/Collision
road,LandDetails/Trail_Crownreach,Model/Trail_Crownreach:triangle1923:sample2,24.9235610961914,18.3463802337646,-136.681396484375,18.246337890625,18.188720703125,-0.0576171875,0.157659530639648,4.23431396484319e-05,0.0576595306396484,Terrain/Ground_0_-1/Collision,Terrain/Ground_0_-1/Collision
road,LandDetails/Trail_Crownreach,Model/Trail_Crownreach:triangle1923:sample3,24.9948806762695,18.369499206543,-137.09587097168,18.26953125,18.2138671875,-0.0556640625,0.155632019042969,-3.20434570312556e-05,0.0556320190429687,Terrain/Ground_0_-1/Collision,Terrain/Ground_0_-1/Collision
road,LandDetails/Trail_Crownreach,Model/Trail_Crownreach:triangle1923:sample4,25.6147994995117,18.5052490234375,-136.452941894531,18.405029296875,18.34130859375,-0.063720703125,0.1639404296875,0.000219726562499994,0.0639404296875,Terrain/Ground_0_-1/Collision,Terrain/Ground_0_-1/Collision
road,LandDetails/Trail_Crownreach,Model/Trail_Crownreach:triangle1923:sample5,24.4924507141113,18.2500991821289,-137.006393432617,18.150146484375,18.097900390625,-0.05224609375,0.152198791503906,-4.73022460937556e-05,0.0521987915039062,Terrain/Ground_0_-1/Collision,Terrain/Ground_0_-1/Collision
road,LandDetails/Trail_Crownreach,Model/Trail_Crownreach:triangle1923:sample6,25.7039489746094,18.5341491699219,-136.971038818359,18.43408203125,18.372314453125,-0.061767578125,0.161834716796875,6.71386718749944e-05,0.061834716796875,Terrain/Ground_0_-1/Collision,Terrain/Ground_0_-1/Collision
road,LandDetails/Trail_Crownreach,Model/Trail_Crownreach:triangle1924:sample0,26.1179656982422,18.6322994232178,-137.022048950195,18.531982421875,18.46728515625,-0.064697265625,0.165014266967773,0.000317001342773432,0.0650142669677734,Terrain/Ground_0_-1/Collision,Terrain/Ground_0_-1/Collision
road,LandDetails/Trail_Crownreach,Model/Trail_Crownreach:triangle1924:sample1,26.4013023376465,18.6950988769531,-136.7802734375,18.5947265625,18.5263671875,-0.068359375,0.168731689453125,0.000372314453124994,0.068731689453125,Terrain/Ground_0_-1/Collision,Terrain/Ground_0_-1/Collision
road,LandDetails/Trail_Crownreach,Model/Trail_Crownreach:triangle1924:sample2,25.5034198760986,18.4909801483154,-137.223037719727,18.390869140625,18.33203125,-0.058837890625,0.15894889831543,0.000111007690429682,0.0589488983154297,Terrain/Ground_0_-1/Collision,Terrain/Ground_0_-1/Collision
road,LandDetails/Trail_Crownreach,Model/Trail_Crownreach:triangle1924:sample3,26.4491806030273,18.7108192443848,-137.062881469727,18.6103515625,18.54345703125,-0.06689453125,0.167362213134766,0.000467681884765619,0.0673622131347656,Terrain/Ground_0_-1/Collision,Terrain/Ground_0_-1/Collision
road,LandDetails/Trail_Crownreach,Model/Trail_Crownreach:triangle1924:sample4,25.7039489746094,18.5341491699219,-136.971038818359,18.43408203125,18.372314453125,-0.061767578125,0.161834716796875,6.71386718749944e-05,0.061834716796875,Terrain/Ground_0_-1/Collision,Terrain/Ground_0_-1/Collision
road,LandDetails/Trail_Crownreach,Model/Trail_Crownreach:triangle1924:sample5,25.7637996673584,18.5537986755371,-137.324295043945,18.45361328125,18.3935546875,-0.06005859375,0.160243988037109,0.000185394287109369,0.0602439880371094,Terrain/Ground_0_-1/Collision,Terrain/Ground_0_-1/Collision
road,LandDetails/Trail_Crownreach,Model/Trail_Crownreach:triangle1924:sample6,26.8861503601074,18.8089485168457,-136.770843505859,18.70849609375,18.636474609375,-0.072021484375,0.172473907470703,0.000452423095703119,0.0724739074707031,Terrain/Ground_0_-1/Collision,Terrain/Ground_0_-1/Collision
road,LandDetails/Trail_Crownreach,Model/Trail_Crownreach:triangle1925:sample0,25.4739322662354,18.4963989257813,-138.015121459961,18.396240234375,18.342041015625,-0.05419921875,0.15435791015625,0.000158691406249994,0.05435791015625,Terrain/Ground_0_-1/Collision,Terrain/Ground_0_-1/Collision
road,LandDetails/Trail_Crownreach,Model/Trail_Crownreach:triangle1925:sample1,26.0627613067627,18.629280090332,-137.658721923828,18.529052734375,18.468505859375,-0.060546875,0.160774230957031,0.000227355957031244,0.0607742309570312,Terrain/Ground_0_-1/Collision,Terrain/Ground_0_-1/Collision
road,LandDetails/Trail_Crownreach,Model/Trail_Crownreach:triangle1925:sample2,25.117000579834,18.4094390869141,-137.818878173828,18.30908203125,18.2568359375,-0.05224609375,0.152603149414063,0.000357055664062494,0.0526031494140625,Terrain/Ground_0_-1/Collision,Terrain/Ground_0_-1/Collision
road,LandDetails/Trail_Crownreach,Model/Trail_Crownreach:triangle1925:sample3,25.2420406341553,18.4504814147949,-138.567794799805,18.349853515625,18.30126953125,-0.048583984375,0.149211883544922,0.000627899169921869,0.0492118835449219,Terrain/Ground_0_-1/Collision,Terrain/Ground_0_-1/Collision
road,LandDetails/Trail_Crownreach,Model/Trail_Crownreach:triangle1925:sample4,25.7637996673584,18.5537986755371,-137.324295043945,18.45361328125,18.3935546875,-0.06005859375,0.160243988037109,0.000185394287109369,0.0602439880371094,Terrain/Ground_0_-1/Collision,Terrain/Ground_0_-1/Collision
road,LandDetails/Trail_Crownreach,Model/Trail_Crownreach:triangle1925:sample5,24.7378997802734,18.3302993774414,-138.460632324219,18.22998046875,18.184326171875,-0.045654296875,0.145973205566406,0.000318908691406244,0.0459732055664062,Terrain/Ground_0_-1/Collision,Terrain/Ground_0_-1/Collision
road,LandDetails/Trail_Crownreach,Model/Trail_Crownreach:triangle1925:sample6,25.9200992584229,18.6050987243652,-138.260437011719,18.504638671875,18.44873046875,-0.055908203125,0.156368255615234,0.000460052490234369,0.0563682556152344,Terrain/Ground_0_-1/Collision,Terrain/Ground_0_-1/Collision
road,LandDetails/Trail_Crownreach,Model/Trail_Crownreach:triangle1926:sample0,26.3670978546143,18.7138652801514,-138.505783081055,18.613525390625,18.555419921875,-0.05810546875,0.158445358276367,0.000339889526367182,0.0584453582763672,Terrain/Ground_0_-1/Collision,Terrain/Ground_0_-1/Collision
road,LandDetails/Trail_Crownreach,Model/Trail_Crownreach:triangle1926:sample1,26.5986595153809,18.7597599029541,-137.953109741211,18.6591796875,18.596435546875,-0.062744140625,0.163324356079102,0.000580215454101557,0.0633243560791016,Terrain/Ground_0_-1/Collision,Terrain/Ground_0_-1/Collision
road,LandDetails/Trail_Crownreach,Model/Trail_Crownreach:triangle1926:sample2,25.7779388427734,18.580961227417,-138.862197875977,18.48046875,18.428955078125,-0.051513671875,0.152006149291992,0.000492477416992182,0.0520061492919922,Terrain/Ground_0_-1/Collision,Terrain/Ground_0_-1/Collision
road,LandDetails/Trail_Crownreach,Model/Trail_Crownreach:triangle1926:sample3,26.7247009277344,18.8008804321289,-138.702072143555,18.700439453125,18.640869140625,-0.0595703125,0.160011291503906,0.000440979003906244,0.0600112915039062,Terrain/Ground_0_-1/Collision,Terrain/Ground_0_-1/Collision
road,LandDetails/Trail_Crownreach,Model/Trail_Crownreach:triangle1926:sample4,25.9200992584229,18.6050987243652,-138.260437011719,18.504638671875,18.44873046875,-0.055908203125,0.156368255615234,0.000460052490234369,0.0563682556152344,Terrain/Ground_0_-1/Collision,Terrain/Ground_0_-1/Collision
road,LandDetails/Trail_Crownreach,Model/Trail_Crownreach:triangle1926:sample5,26.0776481628418,18.6564998626709,-139.196640014648,18.556396484375,18.504150390625,-0.05224609375,0.152349472045898,0.000103378295898432,0.0523494720458984,Terrain/Ground_0_-1/Collision,Terrain/Ground_0_-1/Collision
road,LandDetails/Trail_Crownreach,Model/Trail_Crownreach:triangle1926:sample6,27.1035499572754,18.8800010681152,-138.060302734375,18.779541015625,18.71337890625,-0.066162109375,0.166622161865234,0.000460052490234369,0.0666221618652344,Terrain/Ground_0_-1/Collision,Terrain/Ground_0_-1/Collision
road,LandDetails/Trail_Crownreach,Model/Trail_Crownreach:triangle1927:sample0,25.7890319824219,18.5992660522461,-139.895324707031,18.499267578125,18.453369140625,-0.0458984375,0.145896911621094,-1.52587890625555e-06,0.0458969116210937,Terrain/Ground_0_-1/Collision,Terrain/Ground_0_-1/Collision
road,LandDetails/Trail_Crownreach,Model/Trail_Crownreach:triangle1927:sample1,26.3778610229492,18.732120513916,-139.535797119141,18.6318359375,18.57958984375,-0.05224609375,0.152530670166016,0.000284576416015619,0.0525306701660156,Terrain/Ground_0_-1/Collision,Terrain/Ground_0_-1/Collision
road,LandDetails/Trail_Crownreach,Model/Trail_Crownreach:triangle1927:sample2,25.4311008453369,18.5122013092041,-139.695922851563,18.412109375,18.3681640625,-0.0439453125,0.144037246704102,9.19342041015569e-05,0.0440372467041016,Terrain/Ground_0_-1/Collision,Terrain/Ground_0_-1/Collision
road,LandDetails/Trail_Crownreach,Model/Trail_Crownreach:triangle1927:sample3,25.5581398010254,18.5534801483154,-140.454284667969,18.453369140625,18.4130859375,-0.040283203125,0.14039421081543,0.000111007690429682,0.0403942108154297,Terrain/Ground_0_-1/Collision,Terrain/Ground_0_-1/Collision
road,LandDetails/Trail_Crownreach,Model/Trail_Crownreach:triangle1927:sample4,26.0776481628418,18.6564998626709,-139.196640014648,18.556396484375,18.504150390625,-0.05224609375,0.152349472045898,0.000103378295898432,0.0523494720458984,Terrain/Ground_0_-1/Collision,Terrain/Ground_0_-1/Collision
road,LandDetails/Trail_Crownreach,Model/Trail_Crownreach:triangle1927:sample5,25.05299949646,18.4332008361816,-140.344741821289,18.3330078125,18.2958984375,-0.037109375,0.137302398681641,0.000193023681640619,0.0373023986816406,Terrain/Ground_0_-1/Collision,Terrain/Ground_0_-1/Collision
road,LandDetails/Trail_Crownreach,Model/Trail_Crownreach:triangle1927:sample6,26.2364501953125,18.7080993652344,-140.144592285156,18.608154296875,18.560791015625,-0.04736328125,0.147308349609375,-5.49316406250056e-05,0.047308349609375,Terrain/Ground_0_-1/Collision,Terrain/Ground_0_-1/Collision
road,LandDetails/Trail_Crownreach,Model/Trail_Crownreach:triangle1928:sample0,26.6838321685791,18.8169994354248,-140.393859863281,18.717041015625,18.66748046875,-0.049560546875,0.149518966674805,-4.15802001953181e-05,0.0495189666748047,Terrain/Ground_0_-1/Collision,Terrain/Ground_0_-1/Collision
road,LandDetails/Trail_Crownreach,Model/Trail_Crownreach:triangle1928:sample1,26.9147415161133,18.8627605438232,-139.834915161133,18.762451171875,18.7080078125,-0.054443359375,0.154752731323242,0.000309371948242182,0.0547527313232422,Terrain/Ground_0_-1/Collision,Terrain/Ground_0_-1/Collision
road,LandDetails/Trail_Crownreach,Model/Trail_Crownreach:triangle1928:sample2,26.0950202941895,18.6841201782227,-140.753402709961,18.584228515625,18.541259765625,-0.04296875,0.142860412597656,-0.000108337402343756,0.0428604125976562,Terrain/Ground_0_-1/Collision,Terrain/Ground_0_-1/Collision
road,LandDetails/Trail_Crownreach,Model/Trail_Crownreach:triangle1928:sample3,27.0417404174805,18.9041213989258,-140.593276977539,18.803955078125,18.7529296875,-0.051025390625,0.151191711425781,0.000166320800781244,0.0511917114257812,Terrain/Ground_0_-1/Collision,Terrain/Ground_0_-1/Collision
road,LandDetails/Trail_Crownreach,Model/Trail_Crownreach:triangle1928:sample4,26.2364501953125,18.7080993652344,-140.144592285156,18.608154296875,18.560791015625,-0.04736328125,0.147308349609375,-5.49316406250056e-05,0.047308349609375,Terrain/Ground_0_-1/Collision,Terrain/Ground_0_-1/Collision
road,LandDetails/Trail_Crownreach,Model/Trail_Crownreach:triangle1928:sample5,26.3951988220215,18.7597999572754,-141.092544555664,18.659912109375,18.61669921875,-0.043212890625,0.143100738525391,-0.000112152099609381,0.0431007385253906,Terrain/Ground_0_-1/Collision,Terrain/Ground_0_-1/Collision
road,LandDetails/Trail_Crownreach,Model/Trail_Crownreach:triangle1928:sample6,27.419849395752,18.9831008911133,-139.944442749023,18.8828125,18.824951171875,-0.057861328125,0.158149719238281,0.000288391113281244,0.0581497192382812,Terrain/Ground_0_-1/Collision,Terrain/Ground_0_-1/Collision
road,LandDetails/Trail_Crownreach,Model/Trail_Crownreach:triangle1929:sample0,26.1065654754639,18.7027339935303,-141.791229248047,18.60302734375,18.56591796875,-0.037109375,0.136816024780273,-0.000293350219726568,0.0368160247802734,Terrain/Ground_0_-1/Collision,Terrain/Ground_0_-1/Collision
road,LandDetails/Trail_Crownreach,Model/Trail_Crownreach:triangle1929:sample1,26.6953811645508,18.8355598449707,-141.431701660156,18.73583984375,18.69189453125,-0.0439453125,0.143665313720703,-0.000279998779296881,0.0436653137207031,Terrain/Ground_0_-1/Collision,Terrain/Ground_0_-1/Collision
road,LandDetails/Trail_Crownreach,Model/Trail_Crownreach:triangle1929:sample2,25.7486591339111,18.6155605316162,-141.591827392578,18.515625,18.48046875,-0.03515625,0.135091781616211,-6.44683837890681e-05,0.0350917816162109,Terrain/Ground_0_-1/Collision,Terrain/Ground_0_-1/Collision
road,LandDetails/Trail_Crownreach,Model/Trail_Crownreach:triangle1929:sample3,25.875659942627,18.6570796966553,-142.350189208984,18.557373046875,18.525146484375,-0.0322265625,0.131933212280273,-0.000293350219726568,0.0319332122802734,Terrain/Ground_0_-1/Collision,Terrain/Ground_0_-1/Collision
road,LandDetails/Trail_Crownreach,Model/Trail_Crownreach:triangle1929:sample4,26.3951988220215,18.7597999572754,-141.092544555664,18.659912109375,18.61669921875,-0.043212890625,0.143100738525391,-0.000112152099609381,0.0431007385253906,Terrain/Ground_0_-1/Collision,Terrain/Ground_0_-1/Collision
road,LandDetails/Trail_Crownreach,Model/Trail_Crownreach:triangle1929:sample5,25.370548248291,18.5367012023926,-142.240646362305,18.437255859375,18.408203125,-0.029052734375,0.128498077392578,-0.000554656982421881,0.0284980773925781,Terrain/Ground_0_-1/Collision,Terrain/Ground_0_-1/Collision
road,LandDetails/Trail_Crownreach,Model/Trail_Crownreach:triangle1929:sample6,26.5539493560791,18.8116989135742,-142.040496826172,18.7119140625,18.6728515625,-0.0390625,0.138847351074219,-0.000215148925781256,0.0388473510742187,Terrain/Ground_0_-1/Collision,Terrain/Ground_0_-1/Collision
road,LandDetails/Trail_Crownreach,Model/Trail_Crownreach:triangle1930:sample0,27.0013656616211,18.9206657409668,-142.293655395508,18.82080078125,18.77978515625,-0.041015625,0.140880584716797,-0.000135040283203131,0.0408805847167969,Terrain/Ground_0_-1/Collision,Terrain/Ground_0_-1/Collision
road,LandDetails/Trail_Crownreach,Model/Trail_Crownreach:triangle1930:sample1,27.2322616577148,18.9663200378418,-141.733154296875,18.866455078125,18.8203125,-0.046142578125,0.146007537841797,-0.000135040283203131,0.0460075378417969,Terrain/Ground_0_-1/Collision,Terrain/Ground_0_-1/Collision
road,LandDetails/Trail_Crownreach,Model/Trail_Crownreach:triangle1930:sample2,26.412540435791,18.7878398895264,-142.651641845703,18.68798828125,18.65380859375,-0.0341796875,0.134031295776367,-0.000148391723632818,0.0340312957763672,Terrain/Ground_0_-1/Collision,Terrain/Ground_0_-1/Collision
road,LandDetails/Trail_Crownreach,Model/Trail_Crownreach:triangle1930:sample3,27.3593006134033,19.0078392028809,-142.496215820313,18.907958984375,18.865478515625,-0.04248046875,0.142360687255859,-0.000119781494140631,0.0423606872558594,Terrain/Ground_0_-1/Collision,Terrain/Ground_0_-1/Collision
road,LandDetails/Trail_Crownreach,Model/Trail_Crownreach:triangle1930:sample4,26.5539493560791,18.8116989135742,-142.040496826172,18.7119140625,18.6728515625,-0.0390625,0.138847351074219,-0.000215148925781256,0.0388473510742187,Terrain/Ground_0_-1/Collision,Terrain/Ground_0_-1/Collision
road,LandDetails/Trail_Crownreach,Model/Trail_Crownreach:triangle1930:sample5,26.7127494812012,18.8635997772217,-142.994293212891,18.763916015625,18.729248046875,-0.03466796875,0.13435173034668,-0.000316238403320318,0.0343517303466797,Terrain/Ground_0_-1/Collision,Terrain/Ground_0_-1/Collision
road,LandDetails/Trail_Crownreach,Model/Trail_Crownreach:triangle1930:sample6,27.7374000549316,19.0867004394531,-141.84619140625,18.98681640625,18.9375,-0.04931640625,0.149200439453125,-0.000115966796875006,0.049200439453125,Terrain/Ground_0_-1/Collision,Terrain/Ground_0_-1/Collision
road,LandDetails/Trail_Crownreach,Model/Trail_Crownreach:triangle1931:sample0,26.4241008758545,18.8066654205322,-143.698867797852,18.70703125,18.678466796875,-0.028564453125,0.128198623657227,-0.000365829467773443,0.0281986236572266,Terrain/Ground_0_-1/Collision,Terrain/Ground_0_-1/Collision
road,LandDetails/Trail_Crownreach,Model/Trail_Crownreach:triangle1931:sample1,27.012939453125,18.9394397735596,-143.339324951172,18.839599609375,18.8046875,-0.034912109375,0.13475227355957,-0.000159835815429693,0.0347522735595703,Terrain/Ground_0_-1/Collision,Terrain/Ground_0_-1/Collision
road,LandDetails/Trail_Crownreach,Model/Trail_Crownreach:triangle1931:sample2,26.0661811828613,18.7194404602051,-143.494766235352,18.619873046875,18.593017578125,-0.02685546875,0.126422882080078,-0.000432586669921881,0.0264228820800781,Terrain/Ground_0_-1/Collision,Terrain/Ground_0_-1/Collision
road,LandDetails/Trail_Crownreach,Model/Trail_Crownreach:triangle1931:sample3,26.1931800842285,18.7611198425293,-144.26252746582,18.661376953125,18.637939453125,-0.0234375,0.123180389404297,-0.000257110595703131,0.0231803894042969,Terrain/Ground_0_-1/Collision,Terrain/Ground_0_-1/Collision
road,LandDetails/Trail_Crownreach,Model/Trail_Crownreach:triangle1931:sample4,26.7127494812012,18.8635997772217,-142.994293212891,18.763916015625,18.729248046875,-0.03466796875,0.13435173034668,-0.000316238403320318,0.0343517303466797,Terrain/Ground_0_-1/Collision,Terrain/Ground_0_-1/Collision
road,LandDetails/Trail_Crownreach,Model/Trail_Crownreach:triangle1931:sample5,25.6880493164063,18.6406993865967,-144.148300170898,18.541015625,18.520751953125,-0.020263671875,0.11994743347168,-0.000316238403320318,0.0199474334716797,Terrain/Ground_0_-1/Collision,Terrain/Ground_0_-1/Collision
road,LandDetails/Trail_Crownreach,Model/Trail_Crownreach:triangle1931:sample6,26.8715000152588,18.915699005127,-143.954010009766,18.81591796875,18.785400390625,-0.030517578125,0.130298614501953,-0.000218963623046881,0.0302986145019531,Terrain/Ground_0_-1/Collision,Terrain/Ground_0_-1/Collision
road,LandDetails/Trail_Crownreach,Model/Trail_Crownreach:triangle1932:sample0,27.3197326660156,19.0247325897217,-144.20524597168,18.925048828125,18.892578125,-0.032470703125,0.13215446472168,-0.000316238403320318,0.0321544647216797,Terrain/Ground_0_-1/Collision,Terrain/Ground_0_-1/Collision
road,LandDetails/Trail_Crownreach,Model/Trail_Crownreach:triangle1932:sample1,27.5503215789795,19.0702800750732,-143.643142700195,18.970458984375,18.93310546875,-0.037353515625,0.137174606323242,-0.000178909301757818,0.0371746063232422,Terrain/Ground_0_-1/Collision,Terrain/Ground_0_-1/Collision
road,LandDetails/Trail_Crownreach,Model/Trail_Crownreach:triangle1932:sample2,26.7305603027344,18.8919582366943,-144.566345214844,18.792236328125,18.766357421875,-0.02587890625,0.125600814819336,-0.000278091430664068,0.0256008148193359,Terrain/Ground_0_-1/Collision,Terrain/Ground_0_-1/Collision
road,LandDetails/Trail_Crownreach,Model/Trail_Crownreach:triangle1932:sample3,27.6783199310303,19.1119594573975,-144.406219482422,19.012451171875,18.978515625,-0.033935546875,0.133443832397461,-0.000491714477539068,0.0334438323974609,Terrain/Ground_0_-1/Collision,Terrain/Ground_0_-1/Collision
road,LandDetails/Trail_Crownreach,Model/Trail_Crownreach:triangle1932:sample4,26.8715000152588,18.915699005127,-143.954010009766,18.81591796875,18.785400390625,-0.030517578125,0.130298614501953,-0.000218963623046881,0.0302986145019531,Terrain/Ground_0_-1/Collision,Terrain/Ground_0_-1/Collision
road,LandDetails/Trail_Crownreach,Model/Trail_Crownreach:triangle1932:sample5,27.0314998626709,18.9678001403809,-144.907852172852,18.8681640625,18.842041015625,-0.026123046875,0.125759124755859,-0.000363922119140631,0.0257591247558594,Terrain/Ground_0_-1/Collision,Terrain/Ground_0_-1/Collision
road,LandDetails/Trail_Crownreach,Model/Trail_Crownreach:triangle1932:sample6,28.0562000274658,19.1907005310059,-143.753845214844,19.091064453125,19.05029296875,-0.040771484375,0.140407562255859,-0.000363922119140631,0.0404075622558594,Terrain/Ground_0_-1/Collision,Terrain/Ground_0_-1/Collision
road,LandDetails/Trail_Crownreach,Model/Trail_Crownreach:triangle1933:sample0,26.7432651519775,18.9110012054443,-145.614395141602,18.8115234375,18.791748046875,-0.019775390625,0.119253158569336,-0.000522232055664068,0.0192531585693359,Terrain/Ground_0_-1/Collision,Terrain/Ground_0_-1/Collision
road,LandDetails/Trail_Crownreach,Model/Trail_Crownreach:triangle1933:sample1,27.3324394226074,19.0437202453613,-145.251724243164,18.944091796875,18.917724609375,-0.0263671875,0.125995635986328,-0.000371551513671881,0.0259956359863281,Terrain/Ground_0_-1/Collision,Terrain/Ground_0_-1/Collision
road,LandDetails/Trail_Crownreach,Model/Trail_Crownreach:triangle1933:sample2,26.3846817016602,18.8237190246582,-145.411849975586,18.72412109375,18.705810546875,-0.018310546875,0.117908477783203,-0.000402069091796881,0.0179084777832031,Terrain/Ground_0_-1/Collision,Terrain/Ground_0_-1/Collision
road,LandDetails/Trail_Crownreach,Model/Trail_Crownreach:triangle1933:sample3,26.5126800537109,18.8655605316162,-146.179641723633,18.76611328125,18.751220703125,-0.014892578125,0.114339828491211,-0.000552749633789068,0.0143398284912109,Terrain/Ground_0_-1/Collision,Terrain/Ground_0_-1/Collision
road,LandDetails/Trail_Crownreach,Model/Trail_Crownreach:triangle1933:sample4,27.0314998626709,18.9678001403809,-144.907852172852,18.8681640625,18.842041015625,-0.026123046875,0.125759124755859,-0.000363922119140631,0.0257591247558594,Terrain/Ground_0_-1/Collision,Terrain/Ground_0_-1/Collision
road,LandDetails/Trail_Crownreach,Model/Trail_Crownreach:triangle1933:sample5,26.006799697876,18.7450981140137,-146.067749023438,18.6455078125,18.6337890625,-0.01171875,0.111309051513672,-0.000409698486328131,0.0113090515136719,Terrain/Ground_0_-1/Collision,Terrain/Ground_0_-1/Collision
road,LandDetails/Trail_Crownreach,Model/Trail_Crownreach:triangle1933:sample6,27.191499710083,19.0200996398926,-145.867599487305,18.920654296875,18.89892578125,-0.021728515625,0.121173858642578,-0.000554656982421881,0.0211738586425781,Terrain/Ground_0_-1/Collision,Terrain/Ground_0_-1/Collision
road,LandDetails/Trail_Crownreach,Model/Trail_Crownreach:triangle1934:sample0,27.6389007568359,19.1291980743408,-146.12077331543,19.029541015625,19.005859375,-0.023681640625,0.12333869934082,-0.000342941284179693,0.0233386993408203,Terrain/Ground_0_-1/Collision,Terrain/Ground_0_-1/Collision
road,LandDetails/Trail_Crownreach,Model/Trail_Crownreach:triangle1934:sample1,27.8698196411133,19.1746406555176,-145.555541992188,19.074951171875,19.04638671875,-0.028564453125,0.128253936767578,-0.000310516357421881,0.0282539367675781,Terrain/Ground_0_-1/Collision,Terrain/Ground_0_-1/Collision
road,LandDetails/Trail_Crownreach,Model/Trail_Crownreach:triangle1934:sample2,27.0500583648682,18.9964809417725,-146.483459472656,18.896728515625,18.8798828125,-0.016845703125,0.116598129272461,-0.000247573852539068,0.0165981292724609,Terrain/Ground_0_-1/Collision,Terrain/Ground_0_-1/Collision
road,LandDetails/Trail_Crownreach,Model/Trail_Crownreach:triangle1934:sample3,27.9968204498291,19.216480255127,-146.323303222656,19.11669921875,19.09130859375,-0.025390625,0.125171661376953,-0.000218963623046881,0.0251716613769531,Terrain/Ground_0_-1/Collision,Terrain/Ground_0_-1/Collision
road,LandDetails/Trail_Crownreach,Model/Trail_Crownreach:triangle1934:sample4,27.191499710083,19.0200996398926,-145.867599487305,18.920654296875,18.89892578125,-0.021728515625,0.121173858642578,-0.000554656982421881,0.0211738586425781,Terrain/Ground_0_-1/Collision,Terrain/Ground_0_-1/Collision
road,LandDetails/Trail_Crownreach,Model/Trail_Crownreach:triangle1934:sample5,27.3502502441406,19.0723991394043,-146.827301025391,18.97265625,18.955322265625,-0.017333984375,0.117076873779297,-0.000257110595703131,0.0170768737792969,Terrain/Ground_0_-1/Collision,Terrain/Ground_0_-1/Collision
road,LandDetails/Trail_Crownreach,Model/Trail_Crownreach:triangle1934:sample6,28.3749504089355,19.2950992584229,-145.667388916016,19.1953125,19.16357421875,-0.03173828125,0.131525039672852,-0.000213241577148443,0.0315250396728516,Terrain/Ground_0_-1/Collision,Terrain/Ground_0_-1/Collision
road,LandDetails/Trail_Crownreach,Model/Trail_Crownreach:triangle1935:sample0,27.0420665740967,19.0089664459229,-147.412124633789,18.9091796875,18.897705078125,-0.011474609375,0.111261367797852,-0.000213241577148443,0.0112613677978516,Terrain/Ground_0_-1/Collision,Terrain/Ground_0_-1/Collision
road,LandDetails/Trail_Crownreach,Model/Trail_Crownreach:triangle1935:sample1,27.6387214660645,19.1443405151367,-147.098114013672,19.044677734375,19.0263671875,-0.018310546875,0.117973327636719,-0.000337219238281256,0.0179733276367187,Terrain/Ground_0_-1/Collision,Terrain/Ground_0_-1/Collision
road,LandDetails/Trail_Crownreach,Model/Trail_Crownreach:triangle1935:sample2,26.6919593811035,18.9243412017822,-147.258270263672,18.824951171875,18.81494140625,-0.010009765625,0.109399795532227,-0.000609970092773443,0.00939979553222656,Terrain/Ground_0_-1/Collision,Terrain/Ground_0_-1/Collision
road,LandDetails/Trail_Crownreach,Model/Trail_Crownreach:triangle1935:sample4,27.3502502441406,19.0723991394043,-146.827301025391,18.97265625,18.955322265625,-0.017333984375,0.117076873779297,-0.000257110595703131,0.0170768737792969,Terrain/Ground_0_-1/Collision,Terrain/Ground_0_-1/Collision
road,LandDetails/Trail_Crownreach,Model/Trail_Crownreach:triangle1935:sample6,27.4796981811523,19.1147499084473,-147.604446411133,19.01513671875,19.0009765625,-0.01416015625,0.113773345947266,-0.000386810302734381,0.0137733459472656,Terrain/Ground_0_-1/Collision,Terrain/Ground_0_-1/Collision
road,LandDetails/Trail_Crownreach,Model/Trail_Crownreach:triangle1936:sample1,27.7408218383789,19.1740989685059,-147.474914550781,19.074462890625,19.0576171875,-0.016845703125,0.116481781005859,-0.000363922119140631,0.0164817810058594,Terrain/Ground_0_-1/Collision,Terrain/Ground_0_-1/Collision
road,LandDetails/Trail_Crownreach,Model/Trail_Crownreach:triangle1936:sample4,27.4796981811523,19.1147499084473,-147.604446411133,19.01513671875,19.0009765625,-0.01416015625,0.113773345947266,-0.000386810302734381,0.0137733459472656,Terrain/Ground_0_-1/Collision,Terrain/Ground_0_-1/Collision
road,LandDetails/Trail_Crownreach,Model/Trail_Crownreach:triangle1936:sample6,27.6054992675781,19.1467990875244,-147.769287109375,19.047119140625,19.033203125,-0.013916015625,0.113595962524414,-0.000320053100585943,0.0135959625244141,Terrain/Ground_0_-1/Collision,Terrain/Ground_0_-1/Collision
road,LandDetails/Trail_Crownreach,Model/Trail_Crownreach:triangle1937:sample0,28.0215663909912,19.2485332489014,-148.028366088867,19.148681640625,19.133056640625,-0.015625,0.115476608276367,-0.000148391723632818,0.0154766082763672,Terrain/Ground_0_-1/Collision,Terrain/Ground_0_-1/Collision
road,LandDetails/Trail_Crownreach,Model/Trail_Crownreach:triangle1937:sample1,28.2264213562012,19.2880783081055,-147.467864990234,19.188232421875,19.16796875,-0.020263671875,0.120109558105469,-0.000154113769531256,0.0201095581054687,Terrain/Ground_0_-1/Collision,Terrain/Ground_0_-1/Collision
road,LandDetails/Trail_Crownreach,Model/Trail_Crownreach:triangle1937:sample3,28.354419708252,19.3299198150635,-148.235626220703,19.23046875,19.213134765625,-0.017333984375,0.116785049438477,-0.000548934936523443,0.0167850494384766,Terrain/Ground_0_-1/Collision,Terrain/Ground_0_-1/Collision
road,LandDetails/Trail_Crownreach,Model/Trail_Crownreach:triangle1937:sample4,27.6054992675781,19.1467990875244,-147.769287109375,19.047119140625,19.033203125,-0.013916015625,0.113595962524414,-0.000320053100585943,0.0135959625244141,Terrain/Ground_0_-1/Collision,Terrain/Ground_0_-1/Collision
road,LandDetails/Trail_Crownreach,Model/Trail_Crownreach:triangle1937:sample6,28.6936988830566,19.3997001647949,-147.586791992188,19.2998046875,19.276611328125,-0.023193359375,0.123088836669922,-0.000104522705078131,0.0230888366699219,Terrain/Ground_0_-1/Collision,Terrain/Ground_0_-1/Collision
road,LandDetails/Trail_Crownreach,Model/Trail_Crownreach:triangle1938:sample1,28.2450008392334,19.3165588378906,-149.041061401367,19.216552734375,19.205322265625,-0.01123046875,0.111236572265625,6.10351562499445e-06,0.011236572265625,Terrain/Ground_0_-1/Collision,Terrain/Ground_0_-1/Collision
road,LandDetails/Trail_Crownreach,Model/Trail_Crownreach:triangle1939:sample1,28.7447605133057,19.4386405944824,-149.349594116211,19.3388671875,19.325439453125,-0.013427734375,0.113201141357422,-0.000226593017578131,0.0132011413574219,Terrain/Ground_0_-1/Collision,Terrain/Ground_0_-1/Collision
road,LandDetails/Trail_Crownreach,Model/Trail_Crownreach:triangle1939:sample3,28.873722076416,19.4804801940918,-150.112670898438,19.381103515625,19.37109375,-0.010009765625,0.109386444091797,-0.000623321533203131,0.00938644409179687,Terrain/Ground_0_-1/Collision,Terrain/Ground_0_-1/Collision
road,LandDetails/Trail_Crownreach,Model/Trail_Crownreach:triangle1939:sample6,29.0149002075195,19.5042991638184,-149.500335693359,19.40478515625,19.39013671875,-0.0146484375,0.114162445068359,-0.000485992431640631,0.0141624450683594,Terrain/Ground_0_-1/Collision,Terrain/Ground_0_-1/Collision
road,LandDetails/Trail_HillHamlet,Model/Trail_HillHamlet:triangle0:sample0,10.312032699585,16.5628337860107,-87.4783630371094,16.46337890625,16.377197265625,-0.086181640625,0.185636520385742,-0.000545120239257818,0.0856365203857422,Terrain/Ground_0_-1/Collision,Terrain/Ground_0_-1/Collision
road,LandDetails/Trail_HillHamlet,Model/Trail_HillHamlet:triangle0:sample1,10.6870193481445,16.6415405273438,-87.3400573730469,16.5419921875,16.451171875,-0.0908203125,0.19036865234375,-0.000451660156250006,0.09036865234375,Terrain/Ground_0_-1/Collision,Terrain/Ground_0_-1/Collision
road,LandDetails/Trail_HillHamlet,Model/Trail_HillHamlet:triangle0:sample2,10.1494598388672,16.5377807617188,-87.2876586914063,16.4384765625,16.35400390625,-0.08447265625,0.18377685546875,-0.000695800781250006,0.08377685546875,Terrain/Ground_0_-1/Collision,Terrain/Ground_0_-1/Collision
road,LandDetails/Trail_HillHamlet,Model/Trail_HillHamlet:triangle0:sample3,10.0996208190918,16.5091800689697,-87.8073806762695,16.40966796875,16.325927734375,-0.083740234375,0.183252334594727,-0.000487899780273443,0.0832523345947266,Terrain/Ground_0_-1/Collision,Terrain/Ground_0_-1/Collision
road,LandDetails/Trail_HillHamlet,Model/Trail_HillHamlet:triangle0:sample4,10.5775489807129,16.6298999786377,-87.0670928955078,16.5302734375,16.441162109375,-0.089111328125,0.188737869262695,-0.000373458862304693,0.0887378692626953,Terrain/Ground_0_-1/Collision,Terrain/Ground_0_-1/Collision
road,LandDetails/Trail_HillHamlet,Model/Trail_HillHamlet:triangle0:sample5,9.84329986572266,16.4644508361816,-87.6512451171875,16.364990234375,16.28466796875,-0.080322265625,0.179782867431641,-0.000539398193359381,0.0797828674316406,Terrain/Ground_0_-1/Collision,Terrain/Ground_0_-1/Collision
road,LandDetails/Trail_HillHamlet,Model/Trail_HillHamlet:triangle0:sample6,10.5152492523193,16.5941505432129,-87.7167510986328,16.49462890625,16.405517578125,-0.089111328125,0.188632965087891,-0.000478363037109381,0.0886329650878906,Terrain/Ground_0_-1/Collision,Terrain/Ground_0_-1/Collision
road,LandDetails/Trail_HillHamlet,Model/Trail_HillHamlet:triangle1:sample0,10.718466758728,16.6255016326904,-87.9537658691406,16.52587890625,16.4345703125,-0.09130859375,0.19093132019043,-0.000377273559570318,0.0909313201904297,Terrain/Ground_0_-1/Collision,Terrain/Ground_0_-1/Collision
road,LandDetails/Trail_HillHamlet,Model/Trail_HillHamlet:triangle1:sample1,10.9308805465698,16.6791400909424,-87.6253051757813,16.57958984375,16.485595703125,-0.093994140625,0.193544387817383,-0.000449752807617193,0.0935443878173828,Terrain/Ground_0_-1/Collision,Terrain/Ground_0_-1/Collision
road,LandDetails/Trail_HillHamlet,Model/Trail_HillHamlet:triangle1:sample2,10.3434801101685,16.5467796325684,-88.0926208496094,16.447509765625,16.3603515625,-0.087158203125,0.186428070068359,-0.000730133056640631,0.0864280700683594,Terrain/Ground_0_-1/Collision,Terrain/Ground_0_-1/Collision
road,LandDetails/Trail_HillHamlet,Model/Trail_HillHamlet:triangle1:sample3,10.8810405731201,16.6505813598633,-88.1433792114258,16.551025390625,16.457275390625,-0.09375,0.193305969238281,-0.000444030761718756,0.0933059692382812,Terrain/Ground_0_-1/Collision,Terrain/Ground_0_-1/Collision
road,LandDetails/Trail_HillHamlet,Model/Trail_HillHamlet:triangle1:sample4,10.5152492523193,16.5941505432129,-87.7167510986328,16.49462890625,16.405517578125,-0.089111328125,0.188632965087891,-0.000478363037109381,0.0886329650878906,Terrain/Ground_0_-1/Collision,Terrain/Ground_0_-1/Collision
road,LandDetails/Trail_HillHamlet,Model/Trail_HillHamlet:triangle1:sample5,10.4529495239258,16.5584487915039,-88.3643493652344,16.459228515625,16.370361328125,-0.0888671875,0.188087463378906,-0.000779724121093756,0.0880874633789062,Terrain/Ground_0_-1/Collision,Terrain/Ground_0_-1/Collision
road,LandDetails/Trail_HillHamlet,Model/Trail_HillHamlet:triangle1:sample6,11.1871995925903,16.7238998413086,-87.7801971435547,16.62451171875,16.52734375,-0.09716796875,0.196556091308594,-0.000611877441406256,0.0965560913085937,Terrain/Ground_0_-1/Collision,Terrain/Ground_0_-1/Collision
road,LandDetails/Trail_HillHamlet,Model/Trail_HillHamlet:triangle2:sample0,10.6587333679199,16.5911655426025,-88.5777969360352,16.49169921875,16.400634765625,-0.091064453125,0.190530776977539,-0.000533676147460943,0.0905307769775391,Terrain/Ground_0_-1/Collision,Terrain/Ground_0_-1/Collision
road,LandDetails/Trail_HillHamlet,Model/Trail_HillHamlet:triangle2:sample1,10.8233604431152,16.6173400878906,-88.7485580444336,16.517822265625,16.424560546875,-0.09326171875,0.192779541015625,-0.000482177734375006,0.092779541015625,Terrain/Ground_0_-1/Collision,Terrain/Ground_0_-1/Collision
road,LandDetails/Trail_HillHamlet,Model/Trail_HillHamlet:triangle2:sample2,10.8451995849609,16.6299800872803,-88.5177993774414,16.53076171875,16.437255859375,-0.093505859375,0.192724227905273,-0.000781631469726568,0.0927242279052734,Terrain/Ground_0_-1/Collision,Terrain/Ground_0_-1/Collision
road,LandDetails/Trail_HillHamlet,Model/Trail_HillHamlet:triangle2:sample3,10.3076400756836,16.526180267334,-88.467041015625,16.4267578125,16.339599609375,-0.087158203125,0.186580657958984,-0.000577545166015631,0.0865806579589844,Terrain/Ground_0_-1/Collision,Terrain/Ground_0_-1/Collision
road,LandDetails/Trail_HillHamlet,Model/Trail_HillHamlet:triangle2:sample4,11.0975999832153,16.672399520874,-88.7162475585938,16.57275390625,16.47607421875,-0.0966796875,0.196325302124023,-0.000354385375976568,0.0963253021240234,Terrain/Ground_0_-1/Collision,Terrain/Ground_0_-1/Collision
road,LandDetails/Trail_HillHamlet,Model/Trail_HillHamlet:triangle2:sample5,10.4529495239258,16.5584487915039,-88.3643493652344,16.459228515625,16.370361328125,-0.0888671875,0.188087463378906,-0.000779724121093756,0.0880874633789062,Terrain/Ground_0_-1/Collision,Terrain/Ground_0_-1/Collision
road,LandDetails/Trail_HillHamlet,Model/Trail_HillHamlet:triangle2:sample6,10.4256496429443,16.5426483154297,-88.6528015136719,16.443359375,16.354736328125,-0.088623046875,0.187911987304688,-0.000711059570312506,0.0879119873046875,Terrain/Ground_0_-1/Collision,Terrain/Ground_0_-1/Collision
road,LandDetails/Trail_HillHamlet,Model/Trail_HillHamlet:triangle3:sample0,10.1792669296265,16.4864978790283,-88.8662719726563,16.38720703125,16.301513671875,-0.085693359375,0.18498420715332,-0.000709152221679693,0.0849842071533203,Terrain/Ground_0_-1/Collision,Terrain/Ground_0_-1/Collision
road,LandDetails/Trail_HillHamlet,Model/Trail_HillHamlet:triangle3:sample1,10.5356798171997,16.5545387268066,-88.9216461181641,16.455078125,16.365234375,-0.08984375,0.189304351806641,-0.000539398193359381,0.0893043518066406,Terrain/Ground_0_-1/Collision,Terrain/Ground_0_-1/Collision
road,LandDetails/Trail_HillHamlet,Model/Trail_HillHamlet:triangle3:sample2,10.0199604034424,16.46337890625,-88.6401214599609,16.364013671875,16.280517578125,-0.08349609375,0.182861328125,-0.000634765625000006,0.082861328125,Terrain/Ground_0_-1/Collision,Terrain/Ground_0_-1/Collision
road,LandDetails/Trail_HillHamlet,Model/Trail_HillHamlet:triangle3:sample3,9.9821605682373,16.4415798187256,-89.0370407104492,16.34228515625,16.2587890625,-0.08349609375,0.182790756225586,-0.000705337524414068,0.0827907562255859,Terrain/Ground_0_-1/Collision,Terrain/Ground_0_-1/Collision
road,LandDetails/Trail_HillHamlet,Model/Trail_HillHamlet:triangle3:sample4,10.4256496429443,16.5426483154297,-88.6528015136719,16.443359375,16.354736328125,-0.088623046875,0.187911987304688,-0.000711059570312506,0.0879119873046875,Terrain/Ground_0_-1/Collision,Terrain/Ground_0_-1/Collision
road,LandDetails/Trail_HillHamlet,Model/Trail_HillHamlet:triangle3:sample5,9.73374938964844,16.4014492034912,-88.7970428466797,16.302001953125,16.221923828125,-0.080078125,0.179525375366211,-0.000552749633789068,0.0795253753662109,Terrain/Ground_0_-1/Collision,Terrain/Ground_0_-1/Collision
road,LandDetails/Trail_HillHamlet,Model/Trail_HillHamlet:triangle3:sample6,10.378399848938,16.5153999328613,-89.1489486694336,16.416015625,16.327880859375,-0.088134765625,0.187519073486328,-0.000615692138671881,0.0875190734863281,Terrain/Ground_0_-1/Collision,Terrain/Ground_0_-1/Collision
road,LandDetails/Trail_HillHamlet,Model/Trail_HillHamlet:triangle4:sample0,10.130199432373,16.5000667572021,-89.3818664550781,16.3994140625,16.3125,-0.0869140625,0.187566757202148,0.000652694702148432,0.0875667572021484,Terrain/Ground_0_-1/Collision,Terrain/Ground_0_-1/Collision
road,LandDetails/Trail_HillHamlet,Model/Trail_HillHamlet:triangle4:sample1,10.5062398910522,16.5626792907715,-89.2310028076172,16.462158203125,16.37109375,-0.091064453125,0.191585540771484,0.000521087646484369,0.0915855407714844,Terrain/Ground_0_-1/Collision,Terrain/Ground_0_-1/Collision
road,LandDetails/Trail_HillHamlet,Model/Trail_HillHamlet:triangle4:sample2,9.95271968841553,16.4497203826904,-89.3464050292969,16.34912109375,16.26513671875,-0.083984375,0.18458366394043,0.000599288940429682,0.0845836639404297,Terrain/Ground_0_-1/Collision,Terrain/Ground_0_-1/Collision
road,LandDetails/Trail_HillHamlet,Model/Trail_HillHamlet:triangle4:sample3,9.931640625,16.4878005981445,-89.5681991577148,16.38720703125,16.301025390625,-0.086181640625,0.186775207519531,0.000593566894531244,0.0867752075195312,Terrain/Ground_0_-1/Collision,Terrain/Ground_0_-1/Collision
road,LandDetails/Trail_HillHamlet,Model/Trail_HillHamlet:triangle4:sample4,10.378399848938,16.5153999328613,-89.1489486694336,16.416015625,16.327880859375,-0.088134765625,0.187519073486328,-0.000615692138671881,0.0875190734863281,Terrain/Ground_0_-1/Collision,Terrain/Ground_0_-1/Collision
road,LandDetails/Trail_HillHamlet,Model/Trail_HillHamlet:triangle4:sample5,9.66014957427979,16.4217987060547,-89.5704498291016,16.3212890625,16.2392578125,-0.08203125,0.182540893554688,0.000509643554687494,0.0825408935546875,Terrain/Ground_0_-1/Collision,Terrain/Ground_0_-1/Collision
road,LandDetails/Trail_HillHamlet,Model/Trail_HillHamlet:triangle4:sample6,10.3520498275757,16.5629997253418,-89.4261932373047,16.46240234375,16.37158203125,-0.0908203125,0.191417694091797,0.000597381591796869,0.0914176940917969,Terrain/Ground_0_-1/Collision,Terrain/Ground_0_-1/Collision
road,LandDetails/Trail_HillHamlet,Model/Trail_HillHamlet:triangle5:sample0,10.5605993270874,16.6496982574463,-89.6089859008789,16.548583984375,16.452880859375,-0.095703125,0.196817398071289,0.00111427307128906,0.0968173980712891,Terrain/Ground_0_-1/Collision,Terrain/Ground_0_-1/Collision
road,LandDetails/Trail_HillHamlet,Model/Trail_HillHamlet:triangle5:sample1,10.7644805908203,16.6524600982666,-89.3672790527344,16.552001953125,16.455322265625,-0.0966796875,0.197137832641602,0.000458145141601557,0.0971378326416016,Terrain/Ground_0_-1/Collision,Terrain/Ground_0_-1/Collision
road,LandDetails/Trail_HillHamlet,Model/Trail_HillHamlet:triangle5:sample2,10.1898803710938,16.577579498291,-89.704475402832,16.4765625,16.38525390625,-0.09130859375,0.192325592041016,0.00101699829101562,0.0923255920410156,Terrain/Ground_0_-1/Collision,Terrain/Ground_0_-1/Collision
road,LandDetails/Trail_HillHamlet,Model/Trail_HillHamlet:triangle5:sample3,10.7274398803711,16.7190589904785,-89.7552337646484,16.617919921875,16.51806640625,-0.099853515625,0.200992584228516,0.00113906860351562,0.100992584228516,Terrain/Ground_0_-1/Collision,Terrain/Ground_0_-1/Collision
road,LandDetails/Trail_HillHamlet,Model/Trail_HillHamlet:triangle5:sample4,10.3520498275757,16.5629997253418,-89.4261932373047,16.46240234375,16.37158203125,-0.0908203125,0.191417694091797,0.000597381591796869,0.0914176940917969,Terrain/Ground_0_-1/Collision,Terrain/Ground_0_-1/Collision
road,LandDetails/Trail_HillHamlet,Model/Trail_HillHamlet:triangle5:sample5,10.3057498931885,16.6462497711182,-89.9111480712891,16.544921875,16.449462890625,-0.095458984375,0.196786880493164,0.00132789611816406,0.0967868804931641,Terrain/Ground_0_-1/Collision,Terrain/Ground_0_-1/Collision
road,LandDetails/Trail_HillHamlet,Model/Trail_HillHamlet:triangle5:sample6,11.0240001678467,16.7398490905762,-89.4896469116211,16.638427734375,16.537841796875,-0.1005859375,0.202007293701172,0.00142135620117187,0.102007293701172,Terrain/Ground_0_-1/Collision,Terrain/Ground_0_-1/Collision
road,LandDetails/Trail_HillHamlet,Model/Trail_HillHamlet:triangle6:sample0,10.4956665039063,16.76686668396,-90.2923965454102,16.665283203125,16.56298828125,-0.102294921875,0.203878402709961,0.00158348083496093,0.103878402709961,Terrain/Ground_0_-1/Collision,Terrain/Ground_0_-1/Collision
road,LandDetails/Trail_HillHamlet,Model/Trail_HillHamlet:triangle6:sample1,10.6476001739502,16.8633613586426,-90.5973968505859,16.76171875,16.65380859375,-0.10791015625,0.209552764892578,0.00164260864257812,0.109552764892578,Terrain/Ground_0_-1/Collision,Terrain/Ground_0_-1/Collision
road,LandDetails/Trail_HillHamlet,Model/Trail_HillHamlet:triangle6:sample2,10.6884794235229,16.7893600463867,-90.165283203125,16.688232421875,16.583984375,-0.104248046875,0.205375671386719,0.00112762451171874,0.105375671386719,Terrain/Ground_0_-1/Collision,Terrain/Ground_0_-1/Collision
road,LandDetails/Trail_HillHamlet,Model/Trail_HillHamlet:triangle6:sample3,10.1509199142456,16.6478805541992,-90.1145172119141,16.546630859375,16.451171875,-0.095458984375,0.196708679199219,0.00124969482421874,0.0967086791992187,Terrain/Ground_0_-1/Collision,Terrain/Ground_0_-1/Collision
road,LandDetails/Trail_HillHamlet,Model/Trail_HillHamlet:triangle6:sample4,10.9265995025635,16.915599822998,-90.5147476196289,16.814208984375,16.702392578125,-0.11181640625,0.213207244873047,0.00139083862304687,0.113207244873047,Terrain/Ground_0_-1/Collision,Terrain/Ground_0_-1/Collision
road,LandDetails/Trail_HillHamlet,Model/Trail_HillHamlet:triangle6:sample5,10.3057498931885,16.6462497711182,-89.9111480712891,16.544921875,16.449462890625,-0.095458984375,0.196786880493164,0.00132789611816406,0.0967868804931641,Terrain/Ground_0_-1/Collision,Terrain/Ground_0_-1/Collision
road,LandDetails/Trail_HillHamlet,Model/Trail_HillHamlet:triangle6:sample6,10.2546501159668,16.7387504577637,-90.4512939453125,16.6376953125,16.536865234375,-0.100830078125,0.201885223388672,0.00105514526367187,0.101885223388672,Terrain/Ground_0_-1/Collision,Terrain/Ground_0_-1/Collision
road,LandDetails/Trail_HillHamlet,Model/Trail_HillHamlet:triangle7:sample0,9.99140071868896,16.7508335113525,-90.8441543579102,16.6494140625,16.5478515625,-0.1015625,0.202981948852539,0.00141944885253906,0.102981948852539,Terrain/Ground_0_-1/Collision,Terrain/Ground_0_-1/Collision
road,LandDetails/Trail_HillHamlet,Model/Trail_HillHamlet:triangle7:sample1,10.3450393676758,16.8537406921387,-90.9284591674805,16.75244140625,16.644775390625,-0.107666015625,0.208965301513672,0.00129928588867187,0.108965301513672,Terrain/Ground_0_-1/Collision,Terrain/Ground_0_-1/Collision
road,LandDetails/Trail_HillHamlet,Model/Trail_HillHamlet:triangle7:sample2,9.84836006164551,16.6382598876953,-90.4455795288086,16.537109375,16.4423828125,-0.0947265625,0.195877075195313,0.00115051269531249,0.0958770751953125,Terrain/Ground_0_-1/Collision,Terrain/Ground_0_-1/Collision
road,LandDetails/Trail_HillHamlet,Model/Trail_HillHamlet:triangle7:sample3,9.78079986572266,16.7605018615723,-91.1584625244141,16.6591796875,16.55712890625,-0.10205078125,0.203372955322266,0.00132217407226562,0.103372955322266,Terrain/Ground_0_-1/Collision,Terrain/Ground_0_-1/Collision
road,LandDetails/Trail_HillHamlet,Model/Trail_HillHamlet:triangle7:sample4,10.2546501159668,16.7387504577637,-90.4512939453125,16.6376953125,16.536865234375,-0.100830078125,0.201885223388672,0.00105514526367187,0.101885223388672,Terrain/Ground_0_-1/Collision,Terrain/Ground_0_-1/Collision
road,LandDetails/Trail_HillHamlet,Model/Trail_HillHamlet:triangle7:sample5,9.54934978485107,16.622200012207,-90.7388000488281,16.520751953125,16.4267578125,-0.093994140625,0.195442199707031,0.00144805908203124,0.0954421997070312,Terrain/Ground_0_-1/Collision,Terrain/Ground_0_-1/Collision
road,LandDetails/Trail_HillHamlet,Model/Trail_HillHamlet:triangle7:sample6,10.1702003479004,16.8915500640869,-91.342399597168,16.789794921875,16.68017578125,-0.109619140625,0.211374282836914,0.00175514221191406,0.111374282836914,Terrain/Ground_0_-1/Collision,Terrain/Ground_0_-1/Collision
road,LandDetails/Trail_HillHamlet,Model/Trail_HillHamlet:triangle8:sample0,9.48250007629395,16.7816314697266,-91.6421737670898,16.68017578125,16.576904296875,-0.103271484375,0.204727172851563,0.00145568847656249,0.104727172851562,Terrain/Ground_0_-1/Collision,Terrain/Ground_0_-1/Collision
road,LandDetails/Trail_HillHamlet,Model/Trail_HillHamlet:triangle8:sample1,9.49773979187012,16.7848587036133,-91.6397018432617,16.68310546875,16.580078125,-0.10302734375,0.204780578613281,0.00175323486328124,0.104780578613281,Terrain/Ground_0_-1/Collision,Terrain/Ground_0_-1/Collision
road,LandDetails/Trail_HillHamlet,Model/Trail_HillHamlet:triangle8:sample2,9.47546005249023,16.778980255127,-91.6372604370117,16.67724609375,16.574462890625,-0.102783203125,0.204517364501953,0.00173416137695312,0.104517364501953,Terrain/Ground_0_-1/Collision,Terrain/Ground_0_-1/Collision
road,LandDetails/Trail_HillHamlet,Model/Trail_HillHamlet:triangle8:sample3,9.47430038452148,16.7810592651367,-91.6495361328125,16.679443359375,16.576416015625,-0.10302734375,0.204643249511719,0.00161590576171874,0.104643249511719,Terrain/Ground_0_-1/Collision,Terrain/Ground_0_-1/Collision
road,LandDetails/Trail_HillHamlet,Model/Trail_HillHamlet:triangle8:sample4,9.49275016784668,16.7823486328125,-91.6329498291016,16.680419921875,16.57763671875,-0.102783203125,0.2047119140625,0.00192871093749999,0.1047119140625,Terrain/Ground_0_-1/Collision,Terrain/Ground_0_-1/Collision
road,LandDetails/Trail_HillHamlet,Model/Trail_HillHamlet:triangle8:sample5,9.46344947814941,16.7775993347168,-91.6452484130859,16.676025390625,16.57275390625,-0.103271484375,0.204845428466797,0.00157394409179687,0.104845428466797,Terrain/Ground_0_-1/Collision,Terrain/Ground_0_-1/Collision
road,LandDetails/Trail_HillHamlet,Model/Trail_HillHamlet:triangle8:sample6,9.49129962921143,16.7849502563477,-91.6483001708984,16.68310546875,16.580322265625,-0.102783203125,0.204627990722656,0.00184478759765624,0.104627990722656,Terrain/Ground_0_-1/Collision,Terrain/Ground_0_-1/Collision
road,LandDetails/Trail_HillHamlet,Model/Trail_HillHamlet:triangle9:sample0,10.401665687561,16.9086666107178,-91.4825210571289,16.808837890625,16.697998046875,-0.11083984375,0.210668563842773,-0.000171279907226568,0.110668563842773,Terrain/Ground_0_-1/Collision,Terrain/Ground_0_-1/Collision
road,LandDetails/Trail_HillHamlet,Model/Trail_HillHamlet:triangle9:sample1,10.5911998748779,16.9484405517578,-91.3114852905273,16.8486328125,16.735107421875,-0.113525390625,0.213333129882813,-0.000192260742187506,0.113333129882812,Terrain/Ground_0_-1/Collision,Terrain/Ground_0_-1/Collision
road,LandDetails/Trail_HillHamlet,Model/Trail_HillHamlet:triangle9:sample2,10.0492401123047,16.8610801696777,-91.5439224243164,16.761474609375,16.653076171875,-0.1083984375,0.208003997802734,-0.000394439697265631,0.108003997802734,Terrain/Ground_0_-1/Collision,Terrain/Ground_0_-1/Collision
road,LandDetails/Trail_HillHamlet,Model/Trail_HillHamlet:triangle9:sample3,10.5645599365234,16.9164810180664,-91.5922012329102,16.816650390625,16.705810546875,-0.11083984375,0.210670471191406,-0.000169372558593756,0.110670471191406,Terrain/Ground_0_-1/Collision,Terrain/Ground_0_-1/Collision
road,LandDetails/Trail_HillHamlet,Model/Trail_HillHamlet:triangle9:sample4,10.1980495452881,16.8988990783691,-91.3454437255859,16.79736328125,16.6875,-0.10986328125,0.211399078369141,0.00153579711914062,0.111399078369141,Terrain/Ground_0_-1/Collision,Terrain/Ground_0_-1/Collision
road,LandDetails/Trail_HillHamlet,Model/Trail_HillHamlet:triangle9:sample5,10.1647491455078,16.8589496612549,-91.6963500976563,16.759033203125,16.651611328125,-0.107421875,0.207338333129883,-8.35418701171931e-05,0.107338333129883,Terrain/Ground_0_-1/Collision,Terrain/Ground_0_-1/Collision
road,LandDetails/Trail_HillHamlet,Model/Trail_HillHamlet:triangle9:sample6,10.8421993255615,16.9681510925293,-91.4057998657227,16.868408203125,16.754150390625,-0.1142578125,0.214000701904297,-0.000257110595703131,0.114000701904297,Terrain/Ground_0_-1/Collision,Terrain/Ground_0_-1/Collision
road,LandDetails/Trail_HillHamlet,Model/Trail_HillHamlet:triangle10:sample0,9.8811674118042,16.7937984466553,-92.0070266723633,16.69384765625,16.590576171875,-0.103271484375,0.203222274780273,-4.92095947265681e-05,0.103222274780273,Terrain/Ground_0_-1/Collision,Terrain/Ground_0_-1/Collision
road,LandDetails/Trail_HillHamlet,Model/Trail_HillHamlet:triangle10:sample1,10.2522602081299,16.8475608825684,-91.9068984985352,16.747802734375,16.641357421875,-0.1064453125,0.206203460693359,-0.000241851806640631,0.106203460693359,Terrain/Ground_0_-1/Collision,Terrain/Ground_0_-1/Collision
road,LandDetails/Trail_HillHamlet,Model/Trail_HillHamlet:triangle10:sample2,9.7135009765625,16.7883605957031,-91.8684616088867,16.688232421875,16.5849609375,-0.103271484375,0.203399658203125,0.000128173828124994,0.103399658203125,Terrain/Ground_0_-1/Collision,Terrain/Ground_0_-1/Collision
road,LandDetails/Trail_HillHamlet,Model/Trail_HillHamlet:triangle10:sample3,9.6777400970459,16.7454795837402,-92.2457427978516,16.6455078125,16.545654296875,-0.099853515625,0.199825286865234,-2.82287597656306e-05,0.0998252868652344,Terrain/Ground_0_-1/Collision,Terrain/Ground_0_-1/Collision
road,LandDetails/Trail_HillHamlet,Model/Trail_HillHamlet:triangle10:sample4,10.1354503631592,16.8541984558105,-91.7086486816406,16.75439453125,16.647216796875,-0.107177734375,0.206981658935547,-0.000196075439453131,0.106981658935547,Terrain/Ground_0_-1/Collision,Terrain/Ground_0_-1/Collision
road,LandDetails/Trail_HillHamlet,Model/Trail_HillHamlet:triangle10:sample5,9.41729927062988,16.7266006469727,-92.1322021484375,16.62646484375,16.527099609375,-0.099365234375,0.199501037597656,0.000135803222656244,0.0995010375976562,Terrain/Ground_0_-1/Collision,Terrain/Ground_0_-1/Collision
road,LandDetails/Trail_HillHamlet,Model/Trail_HillHamlet:triangle10:sample6,10.0907497406006,16.8006000518799,-92.1802520751953,16.70068359375,16.597900390625,-0.102783203125,0.202699661254883,-8.35418701171931e-05,0.102699661254883,Terrain/Ground_0_-1/Collision,Terrain/Ground_0_-1/Collision
road,LandDetails/Trail_HillHamlet,Model/Trail_HillHamlet:triangle11:sample0,9.76976680755615,16.6598663330078,-93.1855697631836,16.5595703125,16.466796875,-0.0927734375,0.193069458007813,0.000296020507812494,0.0930694580078125,Terrain/Ground_0_-1/Collision,Terrain/Ground_0_-1/Collision
road,LandDetails/Trail_HillHamlet,Model/Trail_HillHamlet:triangle11:sample1,10.126259803772,16.6960411071777,-93.2401428222656,16.595947265625,16.501220703125,-0.0947265625,0.194820404052734,9.38415527343694e-05,0.0948204040527344,Terrain/Ground_0_-1/Collision,Terrain/Ground_0_-1/Collision
road,LandDetails/Trail_HillHamlet,Model/Trail_HillHamlet:triangle11:sample2,9.61089992523193,16.6651210784912,-92.9528656005859,16.56494140625,16.470947265625,-0.093994140625,0.194173812866211,0.000179672241210932,0.0941738128662109,Terrain/Ground_0_-1/Collision,Terrain/Ground_0_-1/Collision
road,LandDetails/Trail_HillHamlet,Model/Trail_HillHamlet:triangle11:sample3,9.57213973999023,16.6184387207031,-93.3636932373047,16.518310546875,16.427734375,-0.090576171875,0.190704345703125,0.000128173828124994,0.090704345703125,Terrain/Ground_0_-1/Collision,Terrain/Ground_0_-1/Collision
road,LandDetails/Trail_HillHamlet,Model/Trail_HillHamlet:triangle11:sample4,10.0167999267578,16.7116508483887,-92.9628982543945,16.612060546875,16.515380859375,-0.0966796875,0.196269989013672,-0.000409698486328131,0.0962699890136719,Terrain/Ground_0_-1/Collision,Terrain/Ground_0_-1/Collision
road,LandDetails/Trail_HillHamlet,Model/Trail_HillHamlet:triangle11:sample5,9.32415008544922,16.6146507263184,-93.1173477172852,16.514404296875,16.424072265625,-0.09033203125,0.190578460693359,0.000246429443359369,0.0905784606933594,Terrain/Ground_0_-1/Collision,Terrain/Ground_0_-1/Collision
road,LandDetails/Trail_HillHamlet,Model/Trail_HillHamlet:triangle11:sample6,9.96834945678711,16.653299331665,-93.476448059082,16.55322265625,16.4609375,-0.09228515625,0.192361831665039,7.66754150390569e-05,0.0923618316650391,Terrain/Ground_0_-1/Collision,Terrain/Ground_0_-1/Collision
road,LandDetails/Trail_HillHamlet,Model/Trail_HillHamlet:triangle12:sample0,9.95366668701172,16.8575992584229,-91.4402694702148,16.755859375,16.648681640625,-0.107177734375,0.208917617797852,0.00173988342285156,0.108917617797852,Terrain/Ground_0_-1/Collision,Terrain/Ground_0_-1/Collision
road,LandDetails/Trail_HillHamlet,Model/Trail_HillHamlet:triangle12:sample1,10.3223991394043,16.9178009033203,-91.2861251831055,16.816162109375,16.704833984375,-0.111328125,0.212966918945313,0.00163879394531249,0.112966918945312,Terrain/Ground_0_-1/Collision,Terrain/Ground_0_-1/Collision
road,LandDetails/Trail_HillHamlet,Model/Trail_HillHamlet:triangle12:sample2,9.75815963745117,16.8245601654053,-91.5161209106445,16.722900390625,16.6171875,-0.105712890625,0.207372665405273,0.00165977478027343,0.107372665405273,Terrain/Ground_0_-1/Collision,Terrain/Ground_0_-1/Collision
road,LandDetails/Trail_HillHamlet,Model/Trail_HillHamlet:triangle12:sample3,9.78043937683105,16.8304405212402,-91.5185546875,16.728759765625,16.622802734375,-0.10595703125,0.207637786865234,0.00168075561523437,0.107637786865234,Terrain/Ground_0_-1/Collision,Terrain/Ground_0_-1/Collision
road,LandDetails/Trail_HillHamlet,Model/Trail_HillHamlet:triangle12:sample4,10.1702003479004,16.8915500640869,-91.342399597168,16.789794921875,16.68017578125,-0.109619140625,0.211374282836914,0.00175514221191406,0.111374282836914,Terrain/Ground_0_-1/Collision,Terrain/Ground_0_-1/Collision
road,LandDetails/Trail_HillHamlet,Model/Trail_HillHamlet:triangle12:sample5,9.49275016784668,16.7823486328125,-91.6329498291016,16.680419921875,16.57763671875,-0.102783203125,0.2047119140625,0.00192871093749999,0.1047119140625,Terrain/Ground_0_-1/Collision,Terrain/Ground_0_-1/Collision
road,LandDetails/Trail_HillHamlet,Model/Trail_HillHamlet:triangle12:sample6,10.1980495452881,16.8988990783691,-91.3454437255859,16.79736328125,16.6875,-0.10986328125,0.211399078369141,0.00153579711914062,0.111399078369141,Terrain/Ground_0_-1/Collision,Terrain/Ground_0_-1/Collision
road,LandDetails/Trail_HillHamlet,Model/Trail_HillHamlet:triangle13:sample0,9.93049907684326,16.8327007293701,-91.6844253540039,16.732666015625,16.626708984375,-0.10595703125,0.205991744995117,3.47137451171819e-05,0.105991744995117,Terrain/Ground_0_-1/Collision,Terrain/Ground_0_-1/Collision
road,LandDetails/Trail_HillHamlet,Model/Trail_HillHamlet:triangle13:sample1,10.2818593978882,16.8708992004395,-91.7133407592773,16.770751953125,16.6630859375,-0.107666015625,0.207813262939453,0.000147247314453119,0.107813262939453,Terrain/Ground_0_-1/Collision,Terrain/Ground_0_-1/Collision
road,LandDetails/Trail_HillHamlet,Model/Trail_HillHamlet:triangle13:sample2,9.76653957366943,16.8155002593994,-91.6650619506836,16.71533203125,16.6103515625,-0.10498046875,0.205148696899414,0.000168228149414057,0.105148696899414,Terrain/Ground_0_-1/Collision,Terrain/Ground_0_-1/Collision
road,LandDetails/Trail_HillHamlet,Model/Trail_HillHamlet:triangle13:sample3,9.7431001663208,16.8116989135742,-91.6748962402344,16.7119140625,16.60693359375,-0.10498046875,0.204765319824219,-0.000215148925781256,0.104765319824219,Terrain/Ground_0_-1/Collision,Terrain/Ground_0_-1/Collision
road,LandDetails/Trail_HillHamlet,Model/Trail_HillHamlet:triangle13:sample4,10.1647491455078,16.8589496612549,-91.6963500976563,16.759033203125,16.651611328125,-0.107421875,0.207338333129883,-8.35418701171931e-05,0.107338333129883,Terrain/Ground_0_-1/Collision,Terrain/Ground_0_-1/Collision
road,LandDetails/Trail_HillHamlet,Model/Trail_HillHamlet:triangle13:sample5,9.49129962921143,16.7849502563477,-91.6483001708984,16.68310546875,16.580322265625,-0.102783203125,0.204627990722656,0.00184478759765624,0.104627990722656,Terrain/Ground_0_-1/Collision,Terrain/Ground_0_-1/Collision
road,LandDetails/Trail_HillHamlet,Model/Trail_HillHamlet:triangle13:sample6,10.1354503631592,16.8541984558105,-91.7086486816406,16.75439453125,16.647216796875,-0.107177734375,0.206981658935547,-0.000196075439453131,0.106981658935547,Terrain/Ground_0_-1/Collision,Terrain/Ground_0_-1/Collision
road,LandDetails/Trail_HillHamlet,Model/Trail_HillHamlet:triangle14:sample0,10.2994337081909,16.8062343597412,-92.3637313842773,16.706298828125,16.603271484375,-0.10302734375,0.202962875366211,-6.44683837890681e-05,0.102962875366211,Terrain/Ground_0_-1/Collision,Terrain/Ground_0_-1/Collision
road,LandDetails/Trail_HillHamlet,Model/Trail_HillHamlet:triangle14:sample1,10.5032205581665,16.8550205230713,-92.1209259033203,16.7548828125,16.64892578125,-0.10595703125,0.206094741821289,0.000137710571289057,0.106094741821289,Terrain/Ground_0_-1/Collision,Terrain/Ground_0_-1/Collision
road,LandDetails/Trail_HillHamlet,Model/Trail_HillHamlet:triangle14:sample2,9.92870044708252,16.7529411315918,-92.4597625732422,16.65283203125,16.55322265625,-0.099609375,0.199718475341797,0.000109100341796869,0.0997184753417969,Terrain/Ground_0_-1/Collision,Terrain/Ground_0_-1/Collision
road,LandDetails/Trail_HillHamlet,Model/Trail_HillHamlet:triangle14:sample3,10.4663801193237,16.8107395172119,-92.5105209350586,16.710693359375,16.60791015625,-0.102783203125,0.202829360961914,4.61578369140569e-05,0.102829360961914,Terrain/Ground_0_-1/Collision,Terrain/Ground_0_-1/Collision
road,LandDetails/Trail_HillHamlet,Model/Trail_HillHamlet:triangle14:sample4,10.0907497406006,16.8006000518799,-92.1802520751953,16.70068359375,16.597900390625,-0.102783203125,0.202699661254883,-8.35418701171931e-05,0.102699661254883,Terrain/Ground_0_-1/Collision,Terrain/Ground_0_-1/Collision
road,LandDetails/Trail_HillHamlet,Model/Trail_HillHamlet:triangle14:sample5,10.0446996688843,16.7452507019043,-92.6672515869141,16.64501953125,16.546630859375,-0.098388671875,0.198619842529297,0.000231170654296869,0.0986198425292969,Terrain/Ground_0_-1/Collision,Terrain/Ground_0_-1/Collision
road,LandDetails/Trail_HillHamlet,Model/Trail_HillHamlet:triangle14:sample6,10.7628498077393,16.8728485107422,-92.2436981201172,16.772705078125,16.666015625,-0.106689453125,0.206832885742188,0.000143432617187494,0.106832885742187,Terrain/Ground_0_-1/Collision,Terrain/Ground_0_-1/Collision
road,LandDetails/Trail_HillHamlet,Model/Trail_HillHamlet:triangle15:sample0,10.2501335144043,16.7469329833984,-92.885498046875,16.64697265625,16.54833984375,-0.0986328125,0.198593139648438,-3.96728515625056e-05,0.0985931396484375,Terrain/Ground_0_-1/Collision,Terrain/Ground_0_-1/Collision
road,LandDetails/Trail_HillHamlet,Model/Trail_HillHamlet:triangle15:sample1,10.4144802093506,16.7482795715332,-93.0601043701172,16.648193359375,16.550048828125,-0.09814453125,0.198230743408203,8.62121582031194e-05,0.0982307434082031,Terrain/Ground_0_-1/Collision,Terrain/Ground_0_-1/Collision
road,LandDetails/Trail_HillHamlet,Model/Trail_HillHamlet:triangle15:sample2,10.4368000030518,16.7751598358154,-92.8235778808594,16.67529296875,16.574951171875,-0.100341796875,0.20020866394043,-0.000133132934570318,0.10020866394043,Terrain/Ground_0_-1/Collision,Terrain/Ground_0_-1/Collision
road,LandDetails/Trail_HillHamlet,Model/Trail_HillHamlet:triangle15:sample3,9.89912033081055,16.7173614501953,-92.7728271484375,16.6171875,16.52001953125,-0.09716796875,0.197341918945313,0.000173950195312494,0.0973419189453125,Terrain/Ground_0_-1/Collision,Terrain/Ground_0_-1/Collision
road,LandDetails/Trail_HillHamlet,Model/Trail_HillHamlet:triangle15:sample4,10.6888999938965,16.783899307251,-93.0263519287109,16.683837890625,16.583740234375,-0.10009765625,0.200159072875977,6.14166259765569e-05,0.100159072875977,Terrain/Ground_0_-1/Collision,Terrain/Ground_0_-1/Collision
road,LandDetails/Trail_HillHamlet,Model/Trail_HillHamlet:triangle15:sample5,10.0446996688843,16.7452507019043,-92.6672515869141,16.64501953125,16.546630859375,-0.098388671875,0.198619842529297,0.000231170654296869,0.0986198425292969,Terrain/Ground_0_-1/Collision,Terrain/Ground_0_-1/Collision
road,LandDetails/Trail_HillHamlet,Model/Trail_HillHamlet:triangle15:sample6,10.0167999267578,16.7116508483887,-92.9628982543945,16.612060546875,16.515380859375,-0.0966796875,0.196269989013672,-0.000409698486328131,0.0962699890136719,Terrain/Ground_0_-1/Collision,Terrain/Ground_0_-1/Collision
road,LandDetails/Trail_HillHamlet,Model/Trail_HillHamlet:triangle16:sample0,9.74013233184814,16.6212329864502,-93.5279312133789,16.521240234375,16.43115234375,-0.090087890625,0.190080642700195,-7.24792480469305e-06,0.0900806427001953,Terrain/Ground_0_-1/Collision,Terrain/Ground_0_-1/Collision
road,LandDetails/Trail_HillHamlet,Model/Trail_HillHamlet:triangle16:sample1,10.1084794998169,16.6728610992432,-93.4455642700195,16.57275390625,16.479736328125,-0.093017578125,0.193124771118164,0.000107192993164057,0.0931247711181641,Terrain/Ground_0_-1/Collision,Terrain/Ground_0_-1/Collision
road,LandDetails/Trail_HillHamlet,Model/Trail_HillHamlet:triangle16:sample2,9.55436038970947,16.5952606201172,-93.5691223144531,16.4951171875,16.406494140625,-0.088623046875,0.188766479492188,0.000143432617187494,0.0887664794921875,Terrain/Ground_0_-1/Collision,Terrain/Ground_0_-1/Collision
road,LandDetails/Trail_HillHamlet,Model/Trail_HillHamlet:triangle16:sample3,9.55755996704102,16.5955810546875,-93.5691223144531,16.49560546875,16.406982421875,-0.088623046875,0.1885986328125,-2.44140625000056e-05,0.0885986328125,Terrain/Ground_0_-1/Collision,Terrain/Ground_0_-1/Collision
road,LandDetails/Trail_HillHamlet,Model/Trail_HillHamlet:triangle16:sample4,9.96834945678711,16.653299331665,-93.476448059082,16.55322265625,16.4609375,-0.09228515625,0.192361831665039,7.66754150390569e-05,0.0923618316650391,Terrain/Ground_0_-1/Collision,Terrain/Ground_0_-1/Collision
road,LandDetails/Trail_HillHamlet,Model/Trail_HillHamlet:triangle16:sample5,9.27969932556152,16.5566997528076,-93.6308975219727,16.45654296875,16.370361328125,-0.086181640625,0.186338424682617,0.000156784057617182,0.0863384246826172,Terrain/Ground_0_-1/Collision,Terrain/Ground_0_-1/Collision
road,LandDetails/Trail_HillHamlet,Model/Trail_HillHamlet:triangle16:sample6,9.97234916687012,16.6536998748779,-93.476448059082,16.553466796875,16.461669921875,-0.091796875,0.19202995300293,0.000233078002929682,0.0920299530029297,Terrain/Ground_0_-1/Collision,Terrain/Ground_0_-1/Collision
road,LandDetails/Trail_HillHamlet,Model/Trail_HillHamlet:triangle17:sample0,10.1982336044312,16.6853008270264,-93.4638290405273,16.584716796875,16.490966796875,-0.09375,0.194334030151367,0.000584030151367182,0.0943340301513672,Terrain/Ground_0_-1/Collision,Terrain/Ground_0_-1/Collision
road,LandDetails/Trail_HillHamlet,Model/Trail_HillHamlet:triangle17:sample1,10.3789396286011,16.7105808258057,-93.453742980957,16.610107421875,16.514892578125,-0.09521484375,0.195688247680664,0.000473403930664057,0.0956882476806641,Terrain/Ground_0_-1/Collision,Terrain/Ground_0_-1/Collision
road,LandDetails/Trail_HillHamlet,Model/Trail_HillHamlet:triangle17:sample2,10.383339881897,16.7112998962402,-93.4071044921875,16.610595703125,16.515380859375,-0.09521484375,0.195919036865234,0.000704193115234369,0.0959190368652344,Terrain/Ground_0_-1/Collision,Terrain/Ground_0_-1/Collision
road,LandDetails/Trail_HillHamlet,Model/Trail_HillHamlet:triangle17:sample3,9.83242034912109,16.6340198516846,-93.5306549072266,16.533447265625,16.442626953125,-0.0908203125,0.19139289855957,0.000572586059570307,0.0913928985595703,Terrain/Ground_0_-1/Collision,Terrain/Ground_0_-1/Collision
road,LandDetails/Trail_HillHamlet,Model/Trail_HillHamlet:triangle17:sample4,10.655499458313,16.7493991851807,-93.3802947998047,16.64892578125,16.55126953125,-0.09765625,0.198129653930664,0.000473403930664057,0.0981296539306641,Terrain/Ground_0_-1/Collision,Terrain/Ground_0_-1/Collision
road,LandDetails/Trail_HillHamlet,Model/Trail_HillHamlet:triangle17:sample5,9.97234916687012,16.6536998748779,-93.476448059082,16.553466796875,16.461669921875,-0.091796875,0.19202995300293,0.000233078002929682,0.0920299530029297,Terrain/Ground_0_-1/Collision,Terrain/Ground_0_-1/Collision
road,LandDetails/Trail_HillHamlet,Model/Trail_HillHamlet:triangle17:sample6,9.96685028076172,16.6527996063232,-93.5347442626953,16.55224609375,16.460205078125,-0.092041015625,0.192594528198242,0.000553512573242182,0.0925945281982422,Terrain/Ground_0_-1/Collision,Terrain/Ground_0_-1/Collision
road,LandDetails/Trail_HillHamlet,Model/Trail_HillHamlet:triangle18:sample0,9.87396717071533,16.6396999359131,-93.5797653198242,16.539306640625,16.447998046875,-0.09130859375,0.191701889038086,0.000393295288085932,0.0917018890380859,Terrain/Ground_0_-1/Collision,Terrain/Ground_0_-1/Collision
road,LandDetails/Trail_HillHamlet,Model/Trail_HillHamlet:triangle18:sample1,10.184380531311,16.683219909668,-93.5233001708984,16.582763671875,16.489013671875,-0.09375,0.194206237792969,0.000456237792968744,0.0942062377929687,Terrain/Ground_0_-1/Collision,Terrain/Ground_0_-1/Collision
road,LandDetails/Trail_HillHamlet,Model/Trail_HillHamlet:triangle18:sample2,9.63786029815674,16.6066608428955,-93.6002197265625,16.50634765625,16.416748046875,-0.089599609375,0.189912796020508,0.000313186645507807,0.0899127960205078,Terrain/Ground_0_-1/Collision,Terrain/Ground_0_-1/Collision
road,LandDetails/Trail_HillHamlet,Model/Trail_HillHamlet:triangle18:sample3,9.79965972900391,16.6292190551758,-93.6157836914063,16.52880859375,16.4384765625,-0.09033203125,0.190742492675781,0.000410461425781244,0.0907424926757812,Terrain/Ground_0_-1/Collision,Terrain/Ground_0_-1/Collision
road,LandDetails/Trail_HillHamlet,Model/Trail_HillHamlet:triangle18:sample4,9.96685028076172,16.6527996063232,-93.5347442626953,16.55224609375,16.460205078125,-0.092041015625,0.192594528198242,0.000553512573242182,0.0925945281982422,Terrain/Ground_0_-1/Collision,Terrain/Ground_0_-1/Collision
road,LandDetails/Trail_HillHamlet,Model/Trail_HillHamlet:triangle18:sample5,9.4859504699707,16.5853004455566,-93.6503448486328,16.484619140625,16.396728515625,-0.087890625,0.188571929931641,0.000681304931640619,0.0885719299316406,Terrain/Ground_0_-1/Collision,Terrain/Ground_0_-1/Collision
road,LandDetails/Trail_HillHamlet,Model/Trail_HillHamlet:triangle18:sample6,10.1690998077393,16.6809997558594,-93.55419921875,16.58056640625,16.4873046875,-0.09326171875,0.193695068359375,0.000433349609374994,0.093695068359375,Terrain/Ground_0_-1/Collision,Terrain/Ground_0_-1/Collision
road,LandDetails/Trail_HillHamlet,Model/Trail_HillHamlet:triangle19:sample0,10.3193664550781,16.7012329101563,-93.6220703125,16.600830078125,16.506103515625,-0.0947265625,0.19512939453125,0.000402832031249994,0.09512939453125,Terrain/Ground_0_-1/Collision,Terrain/Ground_0_-1/Collision
road,LandDetails/Trail_HillHamlet,Model/Trail_HillHamlet:triangle19:sample1,10.4516201019287,16.7201385498047,-93.5486755371094,16.61962890625,16.52392578125,-0.095703125,0.196212768554688,0.000509643554687494,0.0962127685546875,Terrain/Ground_0_-1/Collision,Terrain/Ground_0_-1/Collision
road,LandDetails/Trail_HillHamlet,Model/Trail_HillHamlet:triangle19:sample2,10.0669002532959,16.6661396026611,-93.6411590576172,16.5654296875,16.472900390625,-0.092529296875,0.193239212036133,0.000709915161132807,0.0932392120361328,Terrain/Ground_0_-1/Collision,Terrain/Ground_0_-1/Collision
road,LandDetails/Trail_HillHamlet,Model/Trail_HillHamlet:triangle19:sample3,10.4395799636841,16.7174186706543,-93.6763610839844,16.616943359375,16.521240234375,-0.095703125,0.196178436279297,0.000475311279296869,0.0961784362792969,Terrain/Ground_0_-1/Collision,Terrain/Ground_0_-1/Collision
road,LandDetails/Trail_HillHamlet,Model/Trail_HillHamlet:triangle19:sample4,10.1690998077393,16.6809997558594,-93.55419921875,16.58056640625,16.4873046875,-0.09326171875,0.193695068359375,0.000433349609374994,0.093695068359375,Terrain/Ground_0_-1/Collision,Terrain/Ground_0_-1/Collision
road,LandDetails/Trail_HillHamlet,Model/Trail_HillHamlet:triangle19:sample5,10.1540498733521,16.6775989532471,-93.7137985229492,16.5771484375,16.48388671875,-0.09326171875,0.19371223449707,0.000450515747070307,0.0937122344970703,Terrain/Ground_0_-1/Collision,Terrain/Ground_0_-1/Collision
road,LandDetails/Trail_HillHamlet,Model/Trail_HillHamlet:triangle19:sample6,10.6349496841431,16.7450981140137,-93.5981979370117,16.64453125,16.54736328125,-0.09716796875,0.197734832763672,0.000566864013671869,0.0977348327636719,Terrain/Ground_0_-1/Collision,Terrain/Ground_0_-1/Collision
road,LandDetails/Trail_HillHamlet,Model/Trail_HillHamlet:triangle20:sample0,9.85690021514893,16.6363315582275,-93.7332382202148,16.535888671875,16.44482421875,-0.091064453125,0.191507339477539,0.000442886352539057,0.0915073394775391,Terrain/Ground_0_-1/Collision,Terrain/Ground_0_-1/Collision
road,LandDetails/Trail_HillHamlet,Model/Trail_HillHamlet:triangle20:sample1,10.1620998382568,16.6784801483154,-93.7430572509766,16.577880859375,16.484619140625,-0.09326171875,0.19386100769043,0.000599288940429682,0.0938610076904297,Terrain/Ground_0_-1/Collision,Terrain/Ground_0_-1/Collision
road,LandDetails/Trail_HillHamlet,Model/Trail_HillHamlet:triangle20:sample2,9.78942012786865,16.6271991729736,-93.7078628540039,16.526611328125,16.436279296875,-0.09033203125,0.190919876098633,0.000587844848632807,0.0909198760986328,Terrain/Ground_0_-1/Collision,Terrain/Ground_0_-1/Collision
road,LandDetails/Trail_HillHamlet,Model/Trail_HillHamlet:triangle20:sample3,9.61918067932129,16.6033191680908,-93.748779296875,16.503173828125,16.413818359375,-0.08935546875,0.18950080871582,0.000145339965820307,0.0895008087158203,Terrain/Ground_0_-1/Collision,Terrain/Ground_0_-1/Collision
road,LandDetails/Trail_HillHamlet,Model/Trail_HillHamlet:triangle20:sample4,10.1540498733521,16.6775989532471,-93.7137985229492,16.5771484375,16.48388671875,-0.09326171875,0.19371223449707,0.000450515747070307,0.0937122344970703,Terrain/Ground_0_-1/Collision,Terrain/Ground_0_-1/Collision
road,LandDetails/Trail_HillHamlet,Model/Trail_HillHamlet:triangle20:sample5,9.4753999710083,16.5836486816406,-93.720947265625,16.4833984375,16.3955078125,-0.087890625,0.188140869140625,0.000250244140624994,0.088140869140625,Terrain/Ground_0_-1/Collision,Terrain/Ground_0_-1/Collision
road,LandDetails/Trail_HillHamlet,Model/Trail_HillHamlet:triangle20:sample6,9.94124984741211,16.6477489471436,-93.7649459838867,16.547119140625,16.455810546875,-0.09130859375,0.191938400268555,0.000629806518554682,0.0919384002685547,Terrain/Ground_0_-1/Collision,Terrain/Ground_0_-1/Collision
road,LandDetails/Trail_HillHamlet,Model/Trail_HillHamlet:triangle21:sample0,9.68556690216064,16.6097660064697,-94.0796890258789,16.509033203125,16.42041015625,-0.088623046875,0.189355850219727,0.000732803344726557,0.0893558502197266,Terrain/Ground_0_-1/Collision,Terrain/Ground_0_-1/Collision
road,LandDetails/Trail_HillHamlet,Model/Trail_HillHamlet:triangle21:sample1,10.0593004226685,16.662540435791,-93.9509429931641,16.562255859375,16.469970703125,-0.09228515625,0.192569732666016,0.000284576416015619,0.0925697326660156,Terrain/Ground_0_-1/Collision,Terrain/Ground_0_-1/Collision
road,LandDetails/Trail_HillHamlet,Model/Trail_HillHamlet:triangle21:sample2,9.51638031005859,16.5873794555664,-93.956657409668,16.48681640625,16.39892578125,-0.087890625,0.188453674316406,0.000563049316406244,0.0884536743164062,Terrain/Ground_0_-1/Collision,Terrain/Ground_0_-1/Collision
road,LandDetails/Trail_HillHamlet,Model/Trail_HillHamlet:triangle21:sample3,9.48101997375488,16.5793800354004,-94.3314971923828,16.478759765625,16.39208984375,-0.086669921875,0.187290191650391,0.000620269775390619,0.0872901916503906,Terrain/Ground_0_-1/Collision,Terrain/Ground_0_-1/Collision
road,LandDetails/Trail_HillHamlet,Model/Trail_HillHamlet:triangle21:sample4,9.94124984741211,16.6477489471436,-93.7649459838867,16.547119140625,16.455810546875,-0.09130859375,0.191938400268555,0.000629806518554682,0.0919384002685547,Terrain/Ground_0_-1/Collision,Terrain/Ground_0_-1/Collision
road,LandDetails/Trail_HillHamlet,Model/Trail_HillHamlet:triangle21:sample5,9.21840000152588,16.5438003540039,-94.2406463623047,16.443359375,16.358642578125,-0.084716796875,0.185157775878906,0.000440979003906244,0.0851577758789062,Terrain/Ground_0_-1/Collision,Terrain/Ground_0_-1/Collision
road,LandDetails/Trail_HillHamlet,Model/Trail_HillHamlet:triangle21:sample6,9.89704990386963,16.6377487182617,-94.2334976196289,16.537353515625,16.447265625,-0.090087890625,0.190483093261719,0.000395202636718744,0.0904830932617187,Terrain/Ground_0_-1/Collision,Terrain/Ground_0_-1/Collision
road,LandDetails/Trail_HillHamlet,Model/Trail_HillHamlet:triangle22:sample0,10.1040658950806,16.6647319793701,-94.4343643188477,16.564208984375,16.47314453125,-0.091064453125,0.191587448120117,0.000522994995117182,0.0915874481201172,Terrain/Ground_0_-1/Collision,Terrain/Ground_0_-1/Collision
road,LandDetails/Trail_HillHamlet,Model/Trail_HillHamlet:triangle22:sample1,10.3104000091553,16.695520401001,-94.1637420654297,16.59521484375,16.501708984375,-0.093505859375,0.193811416625977,0.000305557250976557,0.0938114166259766,Terrain/Ground_0_-1/Collision,Terrain/Ground_0_-1/Collision
road,LandDetails/Trail_HillHamlet,Model/Trail_HillHamlet:triangle22:sample2,9.73212051391602,16.6123600006104,-94.5442962646484,16.511962890625,16.423828125,-0.088134765625,0.188531875610352,0.000397109985351557,0.0885318756103516,Terrain/Ground_0_-1/Collision,Terrain/Ground_0_-1/Collision
road,LandDetails/Trail_HillHamlet,Model/Trail_HillHamlet:triangle22:sample3,10.2696800231934,16.6863212585449,-94.5950622558594,16.5859375,16.49365234375,-0.09228515625,0.192668914794922,0.000383758544921869,0.0926689147949219,Terrain/Ground_0_-1/Collision,Terrain/Ground_0_-1/Collision
road,LandDetails/Trail_HillHamlet,Model/Trail_HillHamlet:triangle22:sample4,9.89704990386963,16.6377487182617,-94.2334976196289,16.537353515625,16.447265625,-0.090087890625,0.190483093261719,0.000395202636718744,0.0904830932617187,Terrain/Ground_0_-1/Collision,Terrain/Ground_0_-1/Collision
road,LandDetails/Trail_HillHamlet,Model/Trail_HillHamlet:triangle22:sample5,9.84614944458008,16.6262512207031,-94.7726440429688,16.52587890625,16.4375,-0.08837890625,0.188751220703125,0.000372314453124994,0.088751220703125,Terrain/Ground_0_-1/Collision,Terrain/Ground_0_-1/Collision
road,LandDetails/Trail_HillHamlet,Model/Trail_HillHamlet:triangle22:sample6,10.5690002441406,16.7301998138428,-94.2969512939453,16.6298828125,16.534423828125,-0.095458984375,0.195775985717773,0.000317001342773432,0.0957759857177734,Terrain/Ground_0_-1/Collision,Terrain/Ground_0_-1/Collision
road,LandDetails/Trail_HillHamlet,Model/Trail_HillHamlet:triangle23:sample0,9.58679962158203,16.5874671936035,-95.1266250610352,16.48681640625,16.4013671875,-0.08544921875,0.186100006103516,0.000650787353515619,0.0861000061035156,Terrain/Ground_0_-1/Collision,Terrain/Ground_0_-1/Collision
road,LandDetails/Trail_HillHamlet,Model/Trail_HillHamlet:triangle23:sample1,9.95932006835938,16.6399593353271,-95.0104217529297,16.539306640625,16.45068359375,-0.088623046875,0.189275741577148,0.000652694702148432,0.0892757415771484,Terrain/Ground_0_-1/Collision,Terrain/Ground_0_-1/Collision
road,LandDetails/Trail_HillHamlet,Model/Trail_HillHamlet:triangle23:sample2,9.42176055908203,16.5659999847412,-94.9596557617188,16.465576171875,16.380859375,-0.084716796875,0.185140609741211,0.000423812866210932,0.0851406097412109,Terrain/Ground_0_-1/Collision,Terrain/Ground_0_-1/Collision
road,LandDetails/Trail_HillHamlet,Model/Trail_HillHamlet:triangle23:sample3,9.37932014465332,16.5564403533936,-95.4098205566406,16.4560546875,16.37255859375,-0.08349609375,0.183881759643555,0.000385665893554682,0.0838817596435547,Terrain/Ground_0_-1/Collision,Terrain/Ground_0_-1/Collision
road,LandDetails/Trail_HillHamlet,Model/Trail_HillHamlet:triangle23:sample4,9.84614944458008,16.6262512207031,-94.7726440429688,16.52587890625,16.4375,-0.08837890625,0.188751220703125,0.000372314453124994,0.088751220703125,Terrain/Ground_0_-1/Collision,Terrain/Ground_0_-1/Collision
road,LandDetails/Trail_HillHamlet,Model/Trail_HillHamlet:triangle23:sample5,9.12115001678467,16.5218505859375,-95.2718963623047,16.42138671875,16.339599609375,-0.081787109375,0.1822509765625,0.000463867187499994,0.0822509765625,Terrain/Ground_0_-1/Collision,Terrain/Ground_0_-1/Collision
road,LandDetails/Trail_HillHamlet,Model/Trail_HillHamlet:triangle23:sample6,9.79310035705566,16.6142997741699,-95.3353424072266,16.513671875,16.427001953125,-0.086669921875,0.187297821044922,0.000627899169921869,0.0872978210449219,Terrain/Ground_0_-1/Collision,Terrain/Ground_0_-1/Collision
road,LandDetails/Trail_HillHamlet,Model/Trail_HillHamlet:triangle24:sample0,9.99940013885498,16.6410999298096,-95.5440292358398,16.540771484375,16.452880859375,-0.087890625,0.18821907043457,0.000328445434570307,0.0882190704345703,Terrain/Ground_0_-1/Collision,Terrain/Ground_0_-1/Collision
road,LandDetails/Trail_HillHamlet,Model/Trail_HillHamlet:triangle24:sample1,10.206880569458,16.67214012146,-95.2608642578125,16.571533203125,16.4814453125,-0.090087890625,0.190694808959961,0.000606918334960932,0.0906948089599609,Terrain/Ground_0_-1/Collision,Terrain/Ground_0_-1/Collision
road,LandDetails/Trail_HillHamlet,Model/Trail_HillHamlet:triangle24:sample2,9.62688064575195,16.5886211395264,-95.6602630615234,16.48828125,16.4033203125,-0.0849609375,0.185300827026367,0.000339889526367182,0.0853008270263672,Terrain/Ground_0_-1/Collision,Terrain/Ground_0_-1/Collision
road,LandDetails/Trail_HillHamlet,Model/Trail_HillHamlet:triangle24:sample3,10.1644401550293,16.662540435791,-95.7109832763672,16.56201171875,16.47314453125,-0.0888671875,0.189395904541016,0.000528717041015619,0.0893959045410156,Terrain/Ground_0_-1/Collision,Terrain/Ground_0_-1/Collision
road,LandDetails/Trail_HillHamlet,Model/Trail_HillHamlet:triangle24:sample4,9.79310035705566,16.6142997741699,-95.3353424072266,16.513671875,16.427001953125,-0.086669921875,0.187297821044922,0.000627899169921869,0.0872978210449219,Terrain/Ground_0_-1/Collision,Terrain/Ground_0_-1/Collision
road,LandDetails/Trail_HillHamlet,Model/Trail_HillHamlet:triangle24:sample5,9.74004936218262,16.6022987365723,-95.8979949951172,16.501953125,16.416748046875,-0.085205078125,0.185550689697266,0.000345611572265619,0.0855506896972656,Terrain/Ground_0_-1/Collision,Terrain/Ground_0_-1/Collision
road,LandDetails/Trail_HillHamlet,Model/Trail_HillHamlet:triangle24:sample6,10.4650497436523,16.7066993713379,-95.3987426757813,16.606201171875,16.514404296875,-0.091796875,0.192295074462891,0.000498199462890619,0.0922950744628906,Terrain/Ground_0_-1/Collision,Terrain/Ground_0_-1/Collision
road,LandDetails/Trail_HillHamlet,Model/Trail_HillHamlet:triangle25:sample0,9.948899269104,16.6296997070313,-96.0801010131836,16.529052734375,16.44287109375,-0.086181640625,0.18682861328125,0.000646972656249994,0.08682861328125,Terrain/Ground_0_-1/Collision,Terrain/Ground_0_-1/Collision
road,LandDetails/Trail_HillHamlet,Model/Trail_HillHamlet:triangle25:sample1,10.1159801483154,16.6516189575195,-96.2257843017578,16.55126953125,16.464111328125,-0.087158203125,0.187507629394531,0.000349426269531244,0.0875076293945312,Terrain/Ground_0_-1/Collision,Terrain/Ground_0_-1/Collision
road,LandDetails/Trail_HillHamlet,Model/Trail_HillHamlet:triangle25:sample2,10.1341400146484,16.6557006835938,-96.0326232910156,16.555419921875,16.46728515625,-0.088134765625,0.18841552734375,0.000280761718749994,0.08841552734375,Terrain/Ground_0_-1/Collision,Terrain/Ground_0_-1/Collision
road,LandDetails/Trail_HillHamlet,Model/Trail_HillHamlet:triangle25:sample3,9.59658050537109,16.5817794799805,-95.9819030761719,16.481201171875,16.3974609375,-0.083740234375,0.184318542480469,0.000578308105468744,0.0843185424804687,Terrain/Ground_0_-1/Collision,Terrain/Ground_0_-1/Collision
road,LandDetails/Trail_HillHamlet,Model/Trail_HillHamlet:triangle25:sample4,10.3892993927002,16.6895999908447,-96.2028503417969,16.589111328125,16.49951171875,-0.089599609375,0.190088272094727,0.000488662719726557,0.0900882720947266,Terrain/Ground_0_-1/Collision,Terrain/Ground_0_-1/Collision
road,LandDetails/Trail_HillHamlet,Model/Trail_HillHamlet:triangle25:sample5,9.74004936218262,16.6022987365723,-95.8979949951172,16.501953125,16.416748046875,-0.085205078125,0.185550689697266,0.000345611572265619,0.0855506896972656,Terrain/Ground_0_-1/Collision,Terrain/Ground_0_-1/Collision
road,LandDetails/Trail_HillHamlet,Model/Trail_HillHamlet:triangle25:sample6,9.71735000610352,16.5971984863281,-96.1394500732422,16.49658203125,16.412353515625,-0.084228515625,0.184844970703125,0.000616455078124994,0.084844970703125,Terrain/Ground_0_-1/Collision,Terrain/Ground_0_-1/Collision
road,LandDetails/Trail_HillHamlet,Model/Trail_HillHamlet:triangle26:sample0,9.48359966278076,16.5641994476318,-96.2219619750977,16.463623046875,16.381103515625,-0.08251953125,0.183095932006836,0.000576400756835932,0.0830959320068359,Terrain/Ground_0_-1/Collision,Terrain/Ground_0_-1/Collision
road,LandDetails/Trail_HillHamlet,Model/Trail_HillHamlet:triangle26:sample1,9.83679962158203,16.6123199462891,-96.3108978271484,16.511962890625,16.4267578125,-0.085205078125,0.185562133789063,0.000357055664062494,0.0855621337890625,Terrain/Ground_0_-1/Collision,Terrain/Ground_0_-1/Collision
road,LandDetails/Trail_HillHamlet,Model/Trail_HillHamlet:triangle26:sample2,9.3173999786377,16.54248046875,-96.0670166015625,16.44189453125,16.3603515625,-0.08154296875,0.18212890625,0.000585937499999994,0.08212890625,Terrain/Ground_0_-1/Collision,Terrain/Ground_0_-1/Collision
road,LandDetails/Trail_HillHamlet,Model/Trail_HillHamlet:triangle26:sample3,9.29660034179688,16.5377998352051,-96.2879791259766,16.4375,16.3564453125,-0.0810546875,0.181354522705078,0.000299835205078119,0.0813545227050781,Terrain/Ground_0_-1/Collision,Terrain/Ground_0_-1/Collision
road,LandDetails/Trail_HillHamlet,Model/Trail_HillHamlet:triangle26:sample4,9.71735000610352,16.5971984863281,-96.1394500732422,16.49658203125,16.412353515625,-0.084228515625,0.184844970703125,0.000616455078124994,0.084844970703125,Terrain/Ground_0_-1/Collision,Terrain/Ground_0_-1/Collision
road,LandDetails/Trail_HillHamlet,Model/Trail_HillHamlet:triangle26:sample5,9.04209995269775,16.5040493011475,-96.1107940673828,16.403564453125,16.323974609375,-0.07958984375,0.180074691772461,0.000484848022460932,0.0800746917724609,Terrain/Ground_0_-1/Collision,Terrain/Ground_0_-1/Collision
road,LandDetails/Trail_HillHamlet,Model/Trail_HillHamlet:triangle26:sample6,9.69134998321533,16.5913505554199,-96.4156494140625,16.490966796875,16.4072265625,-0.083740234375,0.184123992919922,0.000383758544921869,0.0841239929199219,Terrain/Ground_0_-1/Collision,Terrain/Ground_0_-1/Collision
road,LandDetails/Trail_HillHamlet,Model/Trail_HillHamlet:triangle27:sample0,9.27829933166504,16.5564670562744,-93.631591796875,16.45654296875,16.3701171875,-0.08642578125,0.186349868774414,-7.59124755859431e-05,0.0863498687744141,Terrain/Ground_0_-1/Collision,Terrain/Ground_0_-1/Collision
road,LandDetails/Trail_HillHamlet,Model/Trail_HillHamlet:triangle27:sample1,9.2804594039917,16.5567207336426,-93.6313171386719,16.456787109375,16.370361328125,-0.08642578125,0.186359405517578,-6.63757324218806e-05,0.0863594055175781,Terrain/Ground_0_-1/Collision,Terrain/Ground_0_-1/Collision
road,LandDetails/Trail_HillHamlet,Model/Trail_HillHamlet:triangle27:sample2,9.27725982666016,16.5564002990723,-93.6313171386719,16.456298828125,16.369873046875,-0.08642578125,0.186527252197266,0.000101470947265619,0.0865272521972656,Terrain/Ground_0_-1/Collision,Terrain/Ground_0_-1/Collision
road,LandDetails/Trail_HillHamlet,Model/Trail_HillHamlet:triangle27:sample3,9.27717971801758,16.5562801361084,-93.6321563720703,16.456298828125,16.369873046875,-0.08642578125,0.186407089233398,-1.86920166015681e-05,0.0864070892333984,Terrain/Ground_0_-1/Collision,Terrain/Ground_0_-1/Collision
road,LandDetails/Trail_HillHamlet,Model/Trail_HillHamlet:triangle27:sample4,9.27969932556152,16.5566997528076,-93.6308975219727,16.45654296875,16.370361328125,-0.086181640625,0.186338424682617,0.000156784057617182,0.0863384246826172,Terrain/Ground_0_-1/Collision,Terrain/Ground_0_-1/Collision
road,LandDetails/Trail_HillHamlet,Model/Trail_HillHamlet:triangle27:sample5,9.27559947967529,16.5561485290527,-93.6319427490234,16.455810546875,16.369384765625,-0.08642578125,0.186763763427734,0.000337982177734369,0.0867637634277344,Terrain/Ground_0_-1/Collision,Terrain/Ground_0_-1/Collision
road,LandDetails/Trail_HillHamlet,Model/Trail_HillHamlet:triangle27:sample6,9.27960014343262,16.5565490722656,-93.6319427490234,16.456298828125,16.3701171875,-0.086181640625,0.186431884765625,0.000250244140624994,0.086431884765625,Terrain/Ground_0_-1/Collision,Terrain/Ground_0_-1/Collision
road,LandDetails/Trail_HillHamlet,Model/Trail_HillHamlet:triangle28:sample0,9.41580009460449,16.575532913208,-93.6445617675781,16.47509765625,16.387451171875,-0.087646484375,0.188081741333008,0.000435256958007807,0.0880817413330078,Terrain/Ground_0_-1/Collision,Terrain/Ground_0_-1/Collision
road,LandDetails/Trail_HillHamlet,Model/Trail_HillHamlet:triangle28:sample1,9.52476024627686,16.5907192230225,-93.6546630859375,16.490234375,16.40185546875,-0.08837890625,0.188863754272461,0.000484848022460932,0.0888637542724609,Terrain/Ground_0_-1/Collision,Terrain/Ground_0_-1/Collision
road,LandDetails/Trail_HillHamlet,Model/Trail_HillHamlet:triangle28:sample2,9.36295986175537,16.5681591033936,-93.6390991210938,16.4677734375,16.380615234375,-0.087158203125,0.187543869018555,0.000385665893554682,0.0875438690185547,Terrain/Ground_0_-1/Collision,Terrain/Ground_0_-1/Collision
road,LandDetails/Trail_HillHamlet,Model/Trail_HillHamlet:triangle28:sample3,9.35968017578125,16.567720413208,-93.6399383544922,16.467041015625,16.380126953125,-0.0869140625,0.187593460083008,0.000679397583007807,0.0875934600830078,Terrain/Ground_0_-1/Collision,Terrain/Ground_0_-1/Collision
road,LandDetails/Trail_HillHamlet,Model/Trail_HillHamlet:triangle28:sample4,9.4859504699707,16.5853004455566,-93.6503448486328,16.484619140625,16.396728515625,-0.087890625,0.188571929931641,0.000681304931640619,0.0885719299316406,Terrain/Ground_0_-1/Collision,Terrain/Ground_0_-1/Collision
road,LandDetails/Trail_HillHamlet,Model/Trail_HillHamlet:triangle28:sample5,9.27960014343262,16.5565490722656,-93.6319427490234,16.456298828125,16.3701171875,-0.086181640625,0.186431884765625,0.000250244140624994,0.086431884765625,Terrain/Ground_0_-1/Collision,Terrain/Ground_0_-1/Collision
road,LandDetails/Trail_HillHamlet,Model/Trail_HillHamlet:triangle28:sample6,9.48184967041016,16.5847492218018,-93.6513977050781,16.484130859375,16.396240234375,-0.087890625,0.188508987426758,0.000618362426757807,0.0885089874267578,Terrain/Ground_0_-1/Collision,Terrain/Ground_0_-1/Collision
road,LandDetails/Trail_HillHamlet,Model/Trail_HillHamlet:triangle29:sample0,9.408766746521,16.5744323730469,-93.6916275024414,16.473876953125,16.386474609375,-0.08740234375,0.187957763671875,0.000555419921874994,0.087957763671875,Terrain/Ground_0_-1/Collision,Terrain/Ground_0_-1/Collision
road,LandDetails/Trail_HillHamlet,Model/Trail_HillHamlet:triangle29:sample1,9.52054023742676,16.5900592803955,-93.6828994750977,16.48974609375,16.4013671875,-0.08837890625,0.188692092895508,0.000313186645507807,0.0886920928955078,Terrain/Ground_0_-1/Collision,Terrain/Ground_0_-1/Collision
road,LandDetails/Trail_HillHamlet,Model/Trail_HillHamlet:triangle29:sample2,9.35546016693115,16.5670604705811,-93.6681747436523,16.466552734375,16.37939453125,-0.087158203125,0.187665939331055,0.000507736206054682,0.0876659393310547,Terrain/Ground_0_-1/Collision,Terrain/Ground_0_-1/Collision
road,LandDetails/Trail_HillHamlet,Model/Trail_HillHamlet:triangle29:sample3,9.35029983520508,16.5661792755127,-93.7238159179688,16.4658203125,16.37890625,-0.0869140625,0.187273025512695,0.000358963012695307,0.0872730255126953,Terrain/Ground_0_-1/Collision,Terrain/Ground_0_-1/Collision
road,LandDetails/Trail_HillHamlet,Model/Trail_HillHamlet:triangle29:sample4,9.48184967041016,16.5847492218018,-93.6513977050781,16.484130859375,16.396240234375,-0.087890625,0.188508987426758,0.000618362426757807,0.0885089874267578,Terrain/Ground_0_-1/Collision,Terrain/Ground_0_-1/Collision
road,LandDetails/Trail_HillHamlet,Model/Trail_HillHamlet:triangle29:sample5,9.26904964447021,16.5548992156982,-93.7025451660156,16.454345703125,16.3681640625,-0.086181640625,0.186735153198242,0.000553512573242182,0.0867351531982422,Terrain/Ground_0_-1/Collision,Terrain/Ground_0_-1/Collision
road,LandDetails/Trail_HillHamlet,Model/Trail_HillHamlet:triangle29:sample6,9.4753999710083,16.5836486816406,-93.720947265625,16.4833984375,16.3955078125,-0.087890625,0.188140869140625,0.000250244140624994,0.088140869140625,Terrain/Ground_0_-1/Collision,Terrain/Ground_0_-1/Collision
road,LandDetails/Trail_HillHamlet,Model/Trail_HillHamlet:triangle30:sample0,9.44673252105713,16.5481338500977,-96.6134338378906,16.44775390625,16.366943359375,-0.080810546875,0.181190490722656,0.000379943847656244,0.0811904907226562,Terrain/Ground_0_-1/Collision,Terrain/Ground_0_-1/Collision
road,LandDetails/Trail_HillHamlet,Model/Trail_HillHamlet:triangle30:sample1,9.8146800994873,16.6026802062988,-96.545783996582,16.502197265625,16.41845703125,-0.083740234375,0.184223175048828,0.000482940673828119,0.0842231750488281,Terrain/Ground_0_-1/Collision,Terrain/Ground_0_-1/Collision
road,LandDetails/Trail_HillHamlet,Model/Trail_HillHamlet:triangle30:sample2,9.27448081970215,16.5281600952148,-96.5228652954102,16.427734375,16.34814453125,-0.07958984375,0.180015563964844,0.000425720214843744,0.0800155639648437,Terrain/Ground_0_-1/Collision,Terrain/Ground_0_-1/Collision
road,LandDetails/Trail_HillHamlet,Model/Trail_HillHamlet:triangle30:sample3,9.25103950500488,16.5135612487793,-96.7716598510742,16.413330078125,16.334716796875,-0.07861328125,0.178844451904297,0.000231170654296869,0.0788444519042969,Terrain/Ground_0_-1/Collision,Terrain/Ground_0_-1/Collision
road,LandDetails/Trail_HillHamlet,Model/Trail_HillHamlet:triangle30:sample4,9.69134998321533,16.5913505554199,-96.4156494140625,16.490966796875,16.4072265625,-0.083740234375,0.184123992919922,0.000383758544921869,0.0841239929199219,Terrain/Ground_0_-1/Collision,Terrain/Ground_0_-1/Collision
road,LandDetails/Trail_HillHamlet,Model/Trail_HillHamlet:triangle30:sample5,8.9867992401123,16.4799499511719,-96.697998046875,16.3798828125,16.302734375,-0.0771484375,0.177215576171875,6.71386718749944e-05,0.077215576171875,Terrain/Ground_0_-1/Collision,Terrain/Ground_0_-1/Collision
road,LandDetails/Trail_HillHamlet,Model/Trail_HillHamlet:triangle30:sample6,9.66205024719238,16.5731010437012,-96.7266464233398,16.472900390625,16.390869140625,-0.08203125,0.182231903076172,0.000200653076171869,0.0822319030761719,Terrain/Ground_0_-1/Collision,Terrain/Ground_0_-1/Collision
road,LandDetails/Trail_HillHamlet,Model/Trail_HillHamlet:triangle31:sample0,9.87519931793213,16.5967674255371,-96.8630599975586,16.49658203125,16.4130859375,-0.08349609375,0.183681488037109,0.000185394287109369,0.0836814880371094,Terrain/Ground_0_-1/Collision,Terrain/Ground_0_-1/Collision
road,LandDetails/Trail_HillHamlet,Model/Trail_HillHamlet:triangle31:sample1,10.0717601776123,16.6318607330322,-96.695556640625,16.53173828125,16.4462890625,-0.08544921875,0.185571670532227,0.000122451782226557,0.0855716705322266,Terrain/Ground_0_-1/Collision,Terrain/Ground_0_-1/Collision
road,LandDetails/Trail_HillHamlet,Model/Trail_HillHamlet:triangle31:sample2,9.50811958312988,16.5427398681641,-96.9214401245117,16.4423828125,16.3623046875,-0.080078125,0.180435180664063,0.000357055664062494,0.0804351806640625,Terrain/Ground_0_-1/Collision,Terrain/Ground_0_-1/Collision
road,LandDetails/Trail_HillHamlet,Model/Trail_HillHamlet:triangle31:sample3,10.0457201004028,16.6156997680664,-96.9721984863281,16.515380859375,16.431396484375,-0.083984375,0.184303283691406,0.000318908691406244,0.0843032836914062,Terrain/Ground_0_-1/Collision,Terrain/Ground_0_-1/Collision
road,LandDetails/Trail_HillHamlet,Model/Trail_HillHamlet:triangle31:sample4,9.66205024719238,16.5731010437012,-96.7266464233398,16.472900390625,16.390869140625,-0.08203125,0.182231903076172,0.000200653076171869,0.0822319030761719,Terrain/Ground_0_-1/Collision,Terrain/Ground_0_-1/Collision
road,LandDetails/Trail_HillHamlet,Model/Trail_HillHamlet:triangle31:sample5,9.6294994354248,16.5529003143311,-97.0724487304688,16.45263671875,16.371826171875,-0.080810546875,0.181074142456055,0.000263595581054682,0.0810741424560547,Terrain/Ground_0_-1/Collision,Terrain/Ground_0_-1/Collision
road,LandDetails/Trail_HillHamlet,Model/Trail_HillHamlet:triangle31:sample6,10.3340492248535,16.6642990112305,-96.7901000976563,16.56396484375,16.476806640625,-0.087158203125,0.187492370605469,0.000334167480468744,0.0874923706054687,Terrain/Ground_0_-1/Collision,Terrain/Ground_0_-1/Collision
road,LandDetails/Trail_HillHamlet,Model/Trail_HillHamlet:triangle32:sample0,9.36729907989502,16.4987659454346,-97.4578018188477,16.398681640625,16.3212890625,-0.077392578125,0.17747688293457,8.43048095703069e-05,0.0774768829345703,Terrain/Ground_0_-1/Collision,Terrain/Ground_0_-1/Collision
road,LandDetails/Trail_HillHamlet,Model/Trail_HillHamlet:triangle32:sample1,9.74098014831543,16.5569000244141,-97.3290405273438,16.456787109375,16.3759765625,-0.080810546875,0.180923461914063,0.000112915039062494,0.0809234619140625,Terrain/Ground_0_-1/Collision,Terrain/Ground_0_-1/Collision
road,LandDetails/Trail_HillHamlet,Model/Trail_HillHamlet:triangle32:sample2,9.20337963104248,16.4839401245117,-97.2782745361328,16.384033203125,16.30712890625,-0.076904296875,0.176811218261719,-9.30786132812556e-05,0.0768112182617187,Terrain/Ground_0_-1/Collision,Terrain/Ground_0_-1/Collision
road,LandDetails/Trail_HillHamlet,Model/Trail_HillHamlet:triangle32:sample3,9.15753936767578,16.4554595947266,-97.7660827636719,16.355224609375,16.28076171875,-0.074462890625,0.174697875976563,0.000234985351562494,0.0746978759765625,Terrain/Ground_0_-1/Collision,Terrain/Ground_0_-1/Collision
road,LandDetails/Trail_HillHamlet,Model/Trail_HillHamlet:triangle32:sample4,9.6294994354248,16.5529003143311,-97.0724487304688,16.45263671875,16.371826171875,-0.080810546875,0.181074142456055,0.000263595581054682,0.0810741424560547,Terrain/Ground_0_-1/Collision,Terrain/Ground_0_-1/Collision
road,LandDetails/Trail_HillHamlet,Model/Trail_HillHamlet:triangle32:sample5,8.90019989013672,16.4260997772217,-97.6187438964844,16.326171875,16.252685546875,-0.073486328125,0.17341423034668,-7.20977783203181e-05,0.0734142303466797,Terrain/Ground_0_-1/Collision,Terrain/Ground_0_-1/Collision
road,LandDetails/Trail_HillHamlet,Model/Trail_HillHamlet:triangle32:sample6,9.57219886779785,16.5172996520996,-97.6821975708008,16.417236328125,16.339111328125,-0.078125,0.178188323974609,6.33239746093694e-05,0.0781883239746094,Terrain/Ground_0_-1/Collision,Terrain/Ground_0_-1/Collision
road,LandDetails/Trail_HillHamlet,Model/Trail_HillHamlet:triangle33:sample0,9.77706623077393,16.5357990264893,-97.905891418457,16.435791015625,16.35693359375,-0.078857421875,0.178865432739258,8.01086425780695e-06,0.0788654327392578,Terrain/Ground_0_-1/Collision,Terrain/Ground_0_-1/Collision
road,LandDetails/Trail_HillHamlet,Model/Trail_HillHamlet:triangle33:sample1,9.98684024810791,16.5791206359863,-97.597900390625,16.47900390625,16.397216796875,-0.081787109375,0.181903839111328,0.000116729736328119,0.0819038391113281,Terrain/Ground_0_-1/Collision,Terrain/Ground_0_-1/Collision
road,LandDetails/Trail_HillHamlet,Model/Trail_HillHamlet:triangle33:sample2,9.40339946746826,16.4776802062988,-98.0349426269531,16.377685546875,16.3017578125,-0.075927734375,0.175922393798828,-5.34057617188055e-06,0.0759223937988281,Terrain/Ground_0_-1/Collision,Terrain/Ground_0_-1/Collision
road,LandDetails/Trail_HillHamlet,Model/Trail_HillHamlet:triangle33:sample3,9.94095993041992,16.5506000518799,-98.0848541259766,16.450439453125,16.370849609375,-0.07958984375,0.179750442504883,0.000160598754882807,0.0797504425048828,Terrain/Ground_0_-1/Collision,Terrain/Ground_0_-1/Collision
road,LandDetails/Trail_HillHamlet,Model/Trail_HillHamlet:triangle33:sample4,9.57219886779785,16.5172996520996,-97.6821975708008,16.417236328125,16.339111328125,-0.078125,0.178188323974609,6.33239746093694e-05,0.0781883239746094,Terrain/Ground_0_-1/Collision,Terrain/Ground_0_-1/Collision
road,LandDetails/Trail_HillHamlet,Model/Trail_HillHamlet:triangle33:sample5,9.51484966278076,16.4816493988037,-98.2908935546875,16.381591796875,16.305908203125,-0.07568359375,0.175741195678711,5.76019287109319e-05,0.0757411956787109,Terrain/Ground_0_-1/Collision,Terrain/Ground_0_-1/Collision
road,LandDetails/Trail_HillHamlet,Model/Trail_HillHamlet:triangle33:sample6,10.2441501617432,16.6084499359131,-97.7445983886719,16.508056640625,16.42529296875,-0.082763671875,0.183156967163086,0.000393295288085932,0.0831569671630859,Terrain/Ground_0_-1/Collision,Terrain/Ground_0_-1/Collision
road,LandDetails/Trail_HillHamlet,Model/Trail_HillHamlet:triangle34:sample0,9.25126647949219,16.4266662597656,-98.6902236938477,16.32666015625,16.25439453125,-0.072265625,0.172271728515625,6.10351562499445e-06,0.072271728515625,Terrain/Ground_0_-1/Collision,Terrain/Ground_0_-1/Collision
road,LandDetails/Trail_HillHamlet,Model/Trail_HillHamlet:triangle34:sample1,9.62547969818115,16.4851188659668,-98.5554580688477,16.38525390625,16.3095703125,-0.07568359375,0.175548553466797,-0.000135040283203131,0.0755485534667969,Terrain/Ground_0_-1/Collision,Terrain/Ground_0_-1/Collision
road,LandDetails/Trail_HillHamlet,Model/Trail_HillHamlet:triangle34:sample2,9.08791923522949,16.4122009277344,-98.5055465698242,16.312255859375,16.240478515625,-0.07177734375,0.171722412109375,-5.49316406250056e-05,0.071722412109375,Terrain/Ground_0_-1/Collision,Terrain/Ground_0_-1/Collision
road,LandDetails/Trail_HillHamlet,Model/Trail_HillHamlet:triangle34:sample3,9.0403995513916,16.3826789855957,-99.0097045898438,16.28271484375,16.21337890625,-0.0693359375,0.169300079345703,-3.58581542968806e-05,0.0693000793457031,Terrain/Ground_0_-1/Collision,Terrain/Ground_0_-1/Collision
road,LandDetails/Trail_HillHamlet,Model/Trail_HillHamlet:triangle34:sample4,9.51484966278076,16.4816493988037,-98.2908935546875,16.381591796875,16.305908203125,-0.07568359375,0.175741195678711,5.76019287109319e-05,0.0757411956787109,Terrain/Ground_0_-1/Collision,Terrain/Ground_0_-1/Collision
road,LandDetails/Trail_HillHamlet,Model/Trail_HillHamlet:triangle34:sample5,8.7834997177124,16.3535995483398,-98.8587036132813,16.253662109375,16.185302734375,-0.068359375,0.168296813964844,-6.25610351562556e-05,0.0682968139648437,Terrain/Ground_0_-1/Collision,Terrain/Ground_0_-1/Collision
road,LandDetails/Trail_HillHamlet,Model/Trail_HillHamlet:triangle34:sample6,9.4554500579834,16.4447498321533,-98.9210968017578,16.344970703125,16.271728515625,-0.0732421875,0.17302131652832,-0.000220870971679693,0.0730213165283203,Terrain/Ground_0_-1/Collision,Terrain/Ground_0_-1/Collision
road,LandDetails/Trail_HillHamlet,Model/Trail_HillHamlet:triangle35:sample0,9.65966701507568,16.4628314971924,-99.1526260375977,16.363037109375,16.289306640625,-0.07373046875,0.173524856567383,-0.000205612182617193,0.0735248565673828,Terrain/Ground_0_-1/Collision,Terrain/Ground_0_-1/Collision
road,LandDetails/Trail_HillHamlet,Model/Trail_HillHamlet:triangle35:sample1,9.87052059173584,16.5068187713623,-98.8329010009766,16.40673828125,16.330322265625,-0.076416015625,0.176496505737305,8.04901123046819e-05,0.0764965057373047,Terrain/Ground_0_-1/Collision,Terrain/Ground_0_-1/Collision
road,LandDetails/Trail_HillHamlet,Model/Trail_HillHamlet:triangle35:sample2,9.28544044494629,16.4043788909912,-99.2871398925781,16.3046875,16.234130859375,-0.070556640625,0.170248031616211,-0.000308609008789068,0.0702480316162109,Terrain/Ground_0_-1/Collision,Terrain/Ground_0_-1/Collision
road,LandDetails/Trail_HillHamlet,Model/Trail_HillHamlet:triangle35:sample3,9.82304000854492,16.4772987365723,-99.3378601074219,16.37744140625,16.302978515625,-0.074462890625,0.174320220947266,-0.000142669677734381,0.0743202209472656,Terrain/Ground_0_-1/Collision,Terrain/Ground_0_-1/Collision
road,LandDetails/Trail_HillHamlet,Model/Trail_HillHamlet:triangle35:sample4,9.4554500579834,16.4447498321533,-98.9210968017578,16.344970703125,16.271728515625,-0.0732421875,0.17302131652832,-0.000220870971679693,0.0730213165283203,Terrain/Ground_0_-1/Collision,Terrain/Ground_0_-1/Collision
road,LandDetails/Trail_HillHamlet,Model/Trail_HillHamlet:triangle35:sample5,9.39610004425049,16.4078483581543,-99.5522994995117,16.30810546875,16.237548828125,-0.070556640625,0.170299530029297,-0.000257110595703131,0.0702995300292969,Terrain/Ground_0_-1/Collision,Terrain/Ground_0_-1/Collision
road,LandDetails/Trail_HillHamlet,Model/Trail_HillHamlet:triangle35:sample6,10.1274499893188,16.5359001159668,-98.9844970703125,16.43603515625,16.35791015625,-0.078125,0.177989959716797,-0.000135040283203131,0.0779899597167969,Terrain/Ground_0_-1/Collision,Terrain/Ground_0_-1/Collision
road,LandDetails/Trail_HillHamlet,Model/Trail_HillHamlet:triangle36:sample0,9.13119983673096,16.3520660400391,-99.9655990600586,16.252197265625,16.185302734375,-0.06689453125,0.166763305664063,-0.000131225585937506,0.0667633056640625,Terrain/Ground_0_-1/Collision,Terrain/Ground_0_-1/Collision
road,LandDetails/Trail_HillHamlet,Model/Trail_HillHamlet:triangle36:sample1,9.50596046447754,16.4108390808105,-99.8256378173828,16.310791015625,16.24072265625,-0.070068359375,0.170116424560547,4.80651855468694e-05,0.0701164245605469,Terrain/Ground_0_-1/Collision,Terrain/Ground_0_-1/Collision
road,LandDetails/Trail_HillHamlet,Model/Trail_HillHamlet:triangle36:sample2,8.96835994720459,16.3379192352295,-99.7749176025391,16.238037109375,16.171630859375,-0.06640625,0.166288375854492,-0.000117874145507818,0.0662883758544922,Terrain/Ground_0_-1/Collision,Terrain/Ground_0_-1/Collision
road,LandDetails/Trail_HillHamlet,Model/Trail_HillHamlet:triangle36:sample3,8.91928005218506,16.3074398040771,-100.296241760254,16.207763671875,16.143310546875,-0.064453125,0.164129257202148,-0.000323867797851568,0.0641292572021484,Terrain/Ground_0_-1/Collision,Terrain/Ground_0_-1/Collision
road,LandDetails/Trail_HillHamlet,Model/Trail_HillHamlet:triangle36:sample4,9.39610004425049,16.4078483581543,-99.5522994995117,16.30810546875,16.237548828125,-0.070556640625,0.170299530029297,-0.000257110595703131,0.0702995300292969,Terrain/Ground_0_-1/Collision,Terrain/Ground_0_-1/Collision
road,LandDetails/Trail_HillHamlet,Model/Trail_HillHamlet:triangle36:sample5,8.66275024414063,16.2785987854004,-100.140548706055,16.1787109375,16.115966796875,-0.062744140625,0.162631988525391,-0.000112152099609381,0.0626319885253906,Terrain/Ground_0_-1/Collision,Terrain/Ground_0_-1/Collision
road,LandDetails/Trail_HillHamlet,Model/Trail_HillHamlet:triangle36:sample6,9.33474922180176,16.3697490692139,-100.203948974609,16.27001953125,16.2021484375,-0.06787109375,0.167600631713867,-0.000270462036132818,0.0676006317138672,Terrain/Ground_0_-1/Collision,Terrain/Ground_0_-1/Collision
road,LandDetails/Trail_HillHamlet,Model/Trail_HillHamlet:triangle37:sample0,9.53836536407471,16.3874340057373,-100.442329406738,16.28759765625,16.218994140625,-0.068603515625,0.168439865112305,-0.000163650512695318,0.0684398651123047,Terrain/Ground_0_-1/Collision,Terrain/Ground_0_-1/Collision
road,LandDetails/Trail_HillHamlet,Model/Trail_HillHamlet:triangle37:sample1,9.75025939941406,16.4320602416992,-100.111679077148,16.33251953125,16.26123046875,-0.0712890625,0.170829772949219,-0.000459289550781256,0.0708297729492187,Terrain/Ground_0_-1/Collision,Terrain/Ground_0_-1/Collision
road,LandDetails/Trail_HillHamlet,Model/Trail_HillHamlet:triangle37:sample2,9.1635799407959,16.3286590576172,-100.58228302002,16.22900390625,16.16357421875,-0.0654296875,0.165084838867188,-0.000344848632812506,0.0650848388671875,Terrain/Ground_0_-1/Collision,Terrain/Ground_0_-1/Collision
road,LandDetails/Trail_HillHamlet,Model/Trail_HillHamlet:triangle37:sample3,9.70125961303711,16.4015808105469,-100.633041381836,16.3017578125,16.232666015625,-0.069091796875,0.168914794921875,-0.000177001953125006,0.068914794921875,Terrain/Ground_0_-1/Collision,Terrain/Ground_0_-1/Collision
road,LandDetails/Trail_HillHamlet,Model/Trail_HillHamlet:triangle37:sample4,9.33474922180176,16.3697490692139,-100.203948974609,16.27001953125,16.2021484375,-0.06787109375,0.167600631713867,-0.000270462036132818,0.0676006317138672,Terrain/Ground_0_-1/Collision,Terrain/Ground_0_-1/Collision
road,LandDetails/Trail_HillHamlet,Model/Trail_HillHamlet:triangle37:sample5,9.27349948883057,16.3316497802734,-100.855651855469,16.23193359375,16.1669921875,-0.06494140625,0.164657592773438,-0.000283813476562506,0.0646575927734375,Terrain/Ground_0_-1/Collision,Terrain/Ground_0_-1/Collision
road,LandDetails/Trail_HillHamlet,Model/Trail_HillHamlet:triangle37:sample6,10.0068492889404,16.4608993530273,-100.267395019531,16.361083984375,16.288330078125,-0.07275390625,0.172569274902344,-0.000184631347656256,0.0725692749023437,Terrain/Ground_0_-1/Collision,Terrain/Ground_0_-1/Collision
road,LandDetails/Trail_HillHamlet,Model/Trail_HillHamlet:triangle38:sample0,9.00746631622314,16.2750988006592,-101.282600402832,16.175537109375,16.11376953125,-0.061767578125,0.16132926940918,-0.000438308715820318,0.0613292694091797,Terrain/Ground_0_-1/Collision,Terrain/Ground_0_-1/Collision
road,LandDetails/Trail_HillHamlet,Model/Trail_HillHamlet:triangle38:sample1,9.38271999359131,16.3341808319092,-101.137199401855,16.234619140625,16.169677734375,-0.06494140625,0.16450309753418,-0.000438308715820318,0.0645030975341797,Terrain/Ground_0_-1/Collision,Terrain/Ground_0_-1/Collision
road,LandDetails/Trail_HillHamlet,Model/Trail_HillHamlet:triangle38:sample2,8.8450403213501,16.2612590789795,-101.086441040039,16.16162109375,16.100830078125,-0.060791015625,0.160429000854492,-0.000362014770507818,0.0604290008544922,Terrain/Ground_0_-1/Collision,Terrain/Ground_0_-1/Collision
road,LandDetails/Trail_HillHamlet,Model/Trail_HillHamlet:triangle38:sample3,8.79463958740234,16.2298603057861,-101.624160766602,16.13037109375,16.0712890625,-0.05908203125,0.158571243286133,-0.000510787963867193,0.0585712432861328,Terrain/Ground_0_-1/Collision,Terrain/Ground_0_-1/Collision
road,LandDetails/Trail_HillHamlet,Model/Trail_HillHamlet:triangle38:sample4,9.27349948883057,16.3316497802734,-100.855651855469,16.23193359375,16.1669921875,-0.06494140625,0.164657592773438,-0.000283813476562506,0.0646575927734375,Terrain/Ground_0_-1/Collision,Terrain/Ground_0_-1/Collision
road,LandDetails/Trail_HillHamlet,Model/Trail_HillHamlet:triangle38:sample5,8.5383996963501,16.2012481689453,-101.464347839355,16.1015625,16.04443359375,-0.05712890625,0.156814575195313,-0.000314331054687506,0.0568145751953125,Terrain/Ground_0_-1/Collision,Terrain/Ground_0_-1/Collision
road,LandDetails/Trail_HillHamlet,Model/Trail_HillHamlet:triangle38:sample6,9.21049976348877,16.2924003601074,-101.527801513672,16.192626953125,16.13037109375,-0.062255859375,0.162029266357422,-0.000226593017578131,0.0620292663574219,Terrain/Ground_0_-1/Collision,Terrain/Ground_0_-1/Collision
road,LandDetails/Trail_HillHamlet,Model/Trail_HillHamlet:triangle39:sample0,9.41343307495117,16.3097324371338,-101.772300720215,16.210205078125,16.14697265625,-0.063232421875,0.162759780883789,-0.000472640991210943,0.0627597808837891,Terrain/Ground_0_-1/Collision,Terrain/Ground_0_-1/Collision
road,LandDetails/Trail_HillHamlet,Model/Trail_HillHamlet:triangle39:sample1,9.62629985809326,16.3549613952637,-101.431022644043,16.25537109375,16.189453125,-0.06591796875,0.165508270263672,-0.000409698486328131,0.0655082702636719,Terrain/Ground_0_-1/Collision,Terrain/Ground_0_-1/Collision
road,LandDetails/Trail_HillHamlet,Model/Trail_HillHamlet:triangle39:sample2,9.03822040557861,16.2506408691406,-101.917984008789,16.151123046875,16.09130859375,-0.059814453125,0.159332275390625,-0.000482177734375006,0.059332275390625,Terrain/Ground_0_-1/Collision,Terrain/Ground_0_-1/Collision
road,LandDetails/Trail_HillHamlet,Model/Trail_HillHamlet:triangle39:sample3,9.57577991485596,16.323600769043,-101.967903137207,16.223876953125,16.160400390625,-0.0634765625,0.163200378417969,-0.000276184082031256,0.0632003784179687,Terrain/Ground_0_-1/Collision,Terrain/Ground_0_-1/Collision
road,LandDetails/Trail_HillHamlet,Model/Trail_HillHamlet:triangle39:sample4,9.21049976348877,16.2924003601074,-101.527801513672,16.192626953125,16.13037109375,-0.062255859375,0.162029266357422,-0.000226593017578131,0.0620292663574219,Terrain/Ground_0_-1/Collision,Terrain/Ground_0_-1/Collision
road,LandDetails/Trail_HillHamlet,Model/Trail_HillHamlet:triangle39:sample5,9.1473503112793,16.2532005310059,-102.19889831543,16.153564453125,16.09423828125,-0.059326171875,0.158962249755859,-0.000363922119140631,0.0589622497558594,Terrain/Ground_0_-1/Collision,Terrain/Ground_0_-1/Collision
road,LandDetails/Trail_HillHamlet,Model/Trail_HillHamlet:triangle39:sample6,9.88245010375977,16.3836002349854,-101.590194702148,16.283935546875,16.216796875,-0.067138671875,0.166803359985352,-0.000335311889648443,0.0668033599853516,Terrain/Ground_0_-1/Collision,Terrain/Ground_0_-1/Collision
road,LandDetails/Trail_HillHamlet,Model/Trail_HillHamlet:triangle40:sample0,8.88013362884521,16.1959323883057,-102.637794494629,16.096435546875,16.04052734375,-0.055908203125,0.155405044555664,-0.000503158569335943,0.0554050445556641,Terrain/Ground_0_-1/Collision,Terrain/Ground_0_-1/Collision
road,LandDetails/Trail_HillHamlet,Model/Trail_HillHamlet:triangle40:sample1,9.25580024719238,16.2553215026855,-102.487197875977,16.15576171875,16.096435546875,-0.059326171875,0.158885955810547,-0.000440216064453131,0.0588859558105469,Terrain/Ground_0_-1/Collision,Terrain/Ground_0_-1/Collision
road,LandDetails/Trail_HillHamlet,Model/Trail_HillHamlet:triangle40:sample2,8.71824073791504,16.1823596954346,-102.437278747559,16.08251953125,16.02734375,-0.05517578125,0.15501594543457,-0.000159835815429693,0.0550159454345703,Terrain/Ground_0_-1/Collision,Terrain/Ground_0_-1/Collision
road,LandDetails/Trail_HillHamlet,Model/Trail_HillHamlet:triangle40:sample3,8.66636085510254,16.1501197814941,-102.988922119141,16.05078125,15.997314453125,-0.053466796875,0.152805328369141,-0.000661468505859381,0.0528053283691406,Terrain/Ground_0_-1/Collision,Terrain/Ground_0_-1/Collision
road,LandDetails/Trail_HillHamlet,Model/Trail_HillHamlet:triangle40:sample4,9.1473503112793,16.2532005310059,-102.19889831543,16.153564453125,16.09423828125,-0.059326171875,0.158962249755859,-0.000363922119140631,0.0589622497558594,Terrain/Ground_0_-1/Collision,Terrain/Ground_0_-1/Collision
road,LandDetails/Trail_HillHamlet,Model/Trail_HillHamlet:triangle40:sample5,8.41055011749268,16.1217002868652,-102.826049804688,16.022216796875,15.970458984375,-0.0517578125,0.151241302490234,-0.000516510009765631,0.0512413024902344,Terrain/Ground_0_-1/Collision,Terrain/Ground_0_-1/Collision
road,LandDetails/Trail_HillHamlet,Model/Trail_HillHamlet:triangle40:sample6,9.08250045776367,16.2129001617432,-102.888442993164,16.113525390625,16.056884765625,-0.056640625,0.156015396118164,-0.000625228881835943,0.0560153961181641,Terrain/Ground_0_-1/Collision,Terrain/Ground_0_-1/Collision
road,LandDetails/Trail_HillHamlet,Model/Trail_HillHamlet:triangle41:sample0,9.28486728668213,16.2298336029053,-103.139762878418,16.13037109375,16.072998046875,-0.057373046875,0.156835556030273,-0.000537490844726568,0.0568355560302734,Terrain/Ground_0_-1/Collision,Terrain/Ground_0_-1/Collision
road,LandDetails/Trail_HillHamlet,Model/Trail_HillHamlet:triangle41:sample1,9.4986400604248,16.2756614685059,-102.788375854492,16.176025390625,16.115966796875,-0.06005859375,0.159694671630859,-0.000363922119140631,0.0596946716308594,Terrain/Ground_0_-1/Collision,Terrain/Ground_0_-1/Collision
road,LandDetails/Trail_HillHamlet,Model/Trail_HillHamlet:triangle41:sample2,8.90920066833496,16.1704597473145,-103.290100097656,16.071044921875,16.01708984375,-0.053955078125,0.153369903564453,-0.000585174560546881,0.0533699035644531,Terrain/Ground_0_-1/Collision,Terrain/Ground_0_-1/Collision
road,LandDetails/Trail_HillHamlet,Model/Trail_HillHamlet:triangle41:sample3,9.4467601776123,16.2433815002441,-103.3408203125,16.143798828125,16.0859375,-0.057861328125,0.157444000244141,-0.000417327880859381,0.0574440002441406,Terrain/Ground_0_-1/Collision,Terrain/Ground_0_-1/Collision
road,LandDetails/Trail_HillHamlet,Model/Trail_HillHamlet:triangle41:sample4,9.08250045776367,16.2129001617432,-102.888442993164,16.113525390625,16.056884765625,-0.056640625,0.156015396118164,-0.000625228881835943,0.0560153961181641,Terrain/Ground_0_-1/Collision,Terrain/Ground_0_-1/Collision
road,LandDetails/Trail_HillHamlet,Model/Trail_HillHamlet:triangle41:sample5,9.01765060424805,16.172550201416,-103.578994750977,16.0732421875,16.019287109375,-0.053955078125,0.153263092041016,-0.000691986083984381,0.0532630920410156,Terrain/Ground_0_-1/Collision,Terrain/Ground_0_-1/Collision
road,LandDetails/Trail_HillHamlet,Model/Trail_HillHamlet:triangle41:sample6,9.75444984436035,16.3040504455566,-102.951843261719,16.20458984375,16.14306640625,-0.0615234375,0.160984039306641,-0.000539398193359381,0.0609840393066406,Terrain/Ground_0_-1/Collision,Terrain/Ground_0_-1/Collision
road,LandDetails/Trail_HillHamlet,Model/Trail_HillHamlet:triangle42:sample0,9.22909927368164,16.1950988769531,-103.733825683594,16.095703125,16.041015625,-0.0546875,0.154083251953125,-0.000604248046875006,0.054083251953125,Terrain/Ground_0_-1/Collision,Terrain/Ground_0_-1/Collision
road,LandDetails/Trail_HillHamlet,Model/Trail_HillHamlet:triangle42:sample1,9.39826011657715,16.2131404876709,-103.857696533203,16.11376953125,16.058349609375,-0.055419921875,0.154790878295898,-0.000629043579101568,0.0547908782958984,Terrain/Ground_0_-1/Collision,Terrain/Ground_0_-1/Collision
road,LandDetails/Trail_HillHamlet,Model/Trail_HillHamlet:triangle42:sample2,9.41330051422119,16.222541809082,-103.697257995605,16.123046875,16.066650390625,-0.056396484375,0.155891418457031,-0.000505065917968756,0.0558914184570312,Terrain/Ground_0_-1/Collision,Terrain/Ground_0_-1/Collision
road,LandDetails/Trail_HillHamlet,Model/Trail_HillHamlet:triangle42:sample3,8.87574005126953,16.1496200561523,-103.646537780762,16.050048828125,15.997802734375,-0.05224609375,0.151817321777344,-0.000428771972656256,0.0518173217773437,Terrain/Ground_0_-1/Collision,Terrain/Ground_0_-1/Collision
road,LandDetails/Trail_HillHamlet,Model/Trail_HillHamlet:triangle42:sample4,9.67079925537109,16.2519493103027,-103.84294128418,16.15283203125,16.094482421875,-0.058349609375,0.157466888427734,-0.000882720947265631,0.0574668884277344,Terrain/Ground_0_-1/Collision,Terrain/Ground_0_-1/Collision
road,LandDetails/Trail_HillHamlet,Model/Trail_HillHamlet:triangle42:sample5,9.01765060424805,16.172550201416,-103.578994750977,16.0732421875,16.019287109375,-0.053955078125,0.153263092041016,-0.000691986083984381,0.0532630920410156,Terrain/Ground_0_-1/Collision,Terrain/Ground_0_-1/Collision
road,LandDetails/Trail_HillHamlet,Model/Trail_HillHamlet:triangle42:sample6,8.99884986877441,16.1608009338379,-103.779541015625,16.061279296875,16.008544921875,-0.052734375,0.152256011962891,-0.000478363037109381,0.0522560119628906,Terrain/Ground_0_-1/Collision,Terrain/Ground_0_-1/Collision
road,LandDetails/Trail_HillHamlet,Model/Trail_HillHamlet:triangle43:sample0,8.73676681518555,16.1067333221436,-104.163520812988,16.00732421875,15.957763671875,-0.049560546875,0.148969650268555,-0.000590896606445318,0.0489696502685547,Terrain/Ground_0_-1/Collision,Terrain/Ground_0_-1/Collision
road,LandDetails/Trail_HillHamlet,Model/Trail_HillHamlet:triangle43:sample1,9.10285949707031,16.160120010376,-104.115516662598,16.060791015625,16.00830078125,-0.052490234375,0.151819229125977,-0.000671005249023443,0.0518192291259766,Terrain/Ground_0_-1/Collision,Terrain/Ground_0_-1/Collision
road,LandDetails/Trail_HillHamlet,Model/Trail_HillHamlet:triangle43:sample2,8.58034038543701,16.0965995788574,-103.904357910156,15.997314453125,15.94775390625,-0.049560546875,0.148845672607422,-0.000714874267578131,0.0488456726074219,Terrain/Ground_0_-1/Collision,Terrain/Ground_0_-1/Collision
road,LandDetails/Trail_HillHamlet,Model/Trail_HillHamlet:triangle43:sample3,8.527099609375,16.0634803771973,-104.470718383789,15.964111328125,15.917236328125,-0.046875,0.146244049072266,-0.000630950927734381,0.0462440490722656,Terrain/Ground_0_-1/Collision,Terrain/Ground_0_-1/Collision
road,LandDetails/Trail_HillHamlet,Model/Trail_HillHamlet:triangle43:sample4,8.99884986877441,16.1608009338379,-103.779541015625,16.061279296875,16.008544921875,-0.052734375,0.152256011962891,-0.000478363037109381,0.0522560119628906,Terrain/Ground_0_-1/Collision,Terrain/Ground_0_-1/Collision
road,LandDetails/Trail_HillHamlet,Model/Trail_HillHamlet:triangle43:sample5,8.27915000915527,16.0400009155273,-104.223541259766,15.9404296875,15.894775390625,-0.045654296875,0.145225524902344,-0.000428771972656256,0.0452255249023437,Terrain/Ground_0_-1/Collision,Terrain/Ground_0_-1/Collision
road,LandDetails/Trail_HillHamlet,Model/Trail_HillHamlet:triangle43:sample6,8.93229961395264,16.1194000244141,-104.487495422363,16.020263671875,15.970458984375,-0.0498046875,0.148941040039063,-0.000863647460937506,0.0489410400390625,Terrain/Ground_0_-1/Collision,Terrain/Ground_0_-1/Collision
road,LandDetails/Trail_HillHamlet,Model/Trail_HillHamlet:triangle44:sample0,8.79609966278076,16.0932006835938,-104.645027160645,15.993896484375,15.945556640625,-0.04833984375,0.14764404296875,-0.000695800781250006,0.04764404296875,Terrain/Ground_0_-1/Collision,Terrain/Ground_0_-1/Collision
road,LandDetails/Trail_HillHamlet,Model/Trail_HillHamlet:triangle44:sample1,9.13845920562744,16.1520004272461,-104.404418945313,16.052490234375,16.0009765625,-0.051513671875,0.151023864746094,-0.000489807128906256,0.0510238647460937,Terrain/Ground_0_-1/Collision,Terrain/Ground_0_-1/Collision
road,LandDetails/Trail_HillHamlet,Model/Trail_HillHamlet:triangle44:sample2,8.56269931793213,16.0553607940674,-104.759620666504,15.9560546875,15.90966796875,-0.04638671875,0.145692825317383,-0.000693893432617193,0.0456928253173828,Terrain/Ground_0_-1/Collision,Terrain/Ground_0_-1/Collision
road,LandDetails/Trail_HillHamlet,Model/Trail_HillHamlet:triangle44:sample3,8.6871395111084,16.0722408294678,-104.771057128906,15.97314453125,15.92578125,-0.04736328125,0.146459579467773,-0.000903701782226568,0.0464595794677734,Terrain/Ground_0_-1/Collision,Terrain/Ground_0_-1/Collision
road,LandDetails/Trail_HillHamlet,Model/Trail_HillHamlet:triangle44:sample4,8.93229961395264,16.1194000244141,-104.487495422363,16.020263671875,15.970458984375,-0.0498046875,0.148941040039063,-0.000863647460937506,0.0489410400390625,Terrain/Ground_0_-1/Collision,Terrain/Ground_0_-1/Collision
road,LandDetails/Trail_HillHamlet,Model/Trail_HillHamlet:triangle44:sample5,8.36814975738525,16.0196990966797,-104.94580078125,15.92041015625,15.87646484375,-0.0439453125,0.143234252929688,-0.000711059570312506,0.0432342529296875,Terrain/Ground_0_-1/Collision,Terrain/Ground_0_-1/Collision
road,LandDetails/Trail_HillHamlet,Model/Trail_HillHamlet:triangle44:sample6,9.08784961700439,16.1404991149902,-104.501800537109,16.041259765625,15.989990234375,-0.05126953125,0.150508880615234,-0.000760650634765631,0.0505088806152344,Terrain/Ground_0_-1/Collision,Terrain/Ground_0_-1/Collision
road,LandDetails/Trail_HillHamlet,Model/Trail_HillHamlet:triangle45:sample0,8.30666637420654,16.0066986083984,-105.042633056641,15.907470703125,15.864013671875,-0.04345703125,0.142684936523438,-0.000772094726562506,0.0426849365234375,Terrain/Ground_0_-1/Collision,Terrain/Ground_0_-1/Collision
road,LandDetails/Trail_HillHamlet,Model/Trail_HillHamlet:triangle45:sample1,8.39348030090332,16.0203399658203,-105.009628295898,15.921142578125,15.876953125,-0.044189453125,0.143386840820313,-0.000802612304687506,0.0433868408203125,Terrain/Ground_0_-1/Collision,Terrain/Ground_0_-1/Collision
road,LandDetails/Trail_HillHamlet,Model/Trail_HillHamlet:triangle45:sample2,8.26904010772705,16.0034599304199,-104.998184204102,15.904052734375,15.86083984375,-0.043212890625,0.142620086669922,-0.000592803955078131,0.0426200866699219,Terrain/Ground_0_-1/Collision,Terrain/Ground_0_-1/Collision
road,LandDetails/Trail_HillHamlet,Model/Trail_HillHamlet:triangle45:sample3,8.25748062133789,15.9962997436523,-105.120101928711,15.89697265625,15.8544921875,-0.04248046875,0.141807556152344,-0.000672912597656256,0.0418075561523437,Terrain/Ground_0_-1/Collision,Terrain/Ground_0_-1/Collision
road,LandDetails/Trail_HillHamlet,Model/Trail_HillHamlet:triangle45:sample4,8.36814975738525,16.0196990966797,-104.94580078125,15.92041015625,15.87646484375,-0.0439453125,0.143234252929688,-0.000711059570312506,0.0432342529296875,Terrain/Ground_0_-1/Collision,Terrain/Ground_0_-1/Collision
road,LandDetails/Trail_HillHamlet,Model/Trail_HillHamlet:triangle45:sample5,8.19814968109131,15.989649772644,-105.083892822266,15.890380859375,15.848388671875,-0.0419921875,0.141261100769043,-0.000731086730957037,0.041261100769043,Terrain/Ground_0_-1/Collision,Terrain/Ground_0_-1/Collision
road,LandDetails/Trail_HillHamlet,Model/Trail_HillHamlet:triangle45:sample6,8.35369968414307,16.0107498168945,-105.098197937012,15.91162109375,15.8681640625,-0.04345703125,0.142585754394531,-0.000871276855468756,0.0425857543945312,Terrain/Ground_0_-1/Collision,Terrain/Ground_0_-1/Collision
road,LandDetails/Trail_HillHamlet,Model/Trail_HillHamlet:triangle46:sample0,9.24406623840332,16.1973667144775,-104.687294006348,16.097900390625,16.04443359375,-0.053466796875,0.152933120727539,-0.000533676147460943,0.0529331207275391,Terrain/Ground_0_-1/Collision,Terrain/Ground_0_-1/Collision
road,LandDetails/Trail_HillHamlet,Model/Trail_HillHamlet:triangle46:sample1,9.40723991394043,16.2145004272461,-104.429779052734,16.115478515625,16.06005859375,-0.055419921875,0.154441833496094,-0.000978088378906256,0.0544418334960937,Terrain/Ground_0_-1/Collision,Terrain/Ground_0_-1/Collision
road,LandDetails/Trail_HillHamlet,Model/Trail_HillHamlet:triangle46:sample2,8.95592021942139,16.1347408294678,-104.796417236328,16.035400390625,15.985107421875,-0.05029296875,0.149633407592773,-0.000659561157226568,0.0496334075927734,Terrain/Ground_0_-1/Collision,Terrain/Ground_0_-1/Collision
road,LandDetails/Trail_HillHamlet,Model/Trail_HillHamlet:triangle46:sample3,9.36903953552246,16.2428607940674,-104.83570098877,16.1435546875,16.088134765625,-0.055419921875,0.154726028442383,-0.000693893432617193,0.0547260284423828,Terrain/Ground_0_-1/Collision,Terrain/Ground_0_-1/Collision
road,LandDetails/Trail_HillHamlet,Model/Trail_HillHamlet:triangle46:sample4,9.08784961700439,16.1404991149902,-104.501800537109,16.041259765625,15.989990234375,-0.05126953125,0.150508880615234,-0.000760650634765631,0.0505088806152344,Terrain/Ground_0_-1/Collision,Terrain/Ground_0_-1/Collision
road,LandDetails/Trail_HillHamlet,Model/Trail_HillHamlet:triangle46:sample5,9.04010009765625,16.1759490966797,-105.009201049805,16.07666015625,16.025146484375,-0.051513671875,0.150802612304688,-0.000711059570312506,0.0508026123046875,Terrain/Ground_0_-1/Collision,Terrain/Ground_0_-1/Collision
road,LandDetails/Trail_HillHamlet,Model/Trail_HillHamlet:triangle46:sample6,9.60424995422363,16.2756500244141,-104.550895690918,16.176513671875,16.118896484375,-0.0576171875,0.156753540039063,-0.000863647460937506,0.0567535400390625,Terrain/Ground_0_-1/Collision,Terrain/Ground_0_-1/Collision
road,LandDetails/Trail_HillHamlet,Model/Trail_HillHamlet:triangle47:sample0,9.17223358154297,16.2506999969482,-105.450462341309,16.1513671875,16.097412109375,-0.053955078125,0.153287887573242,-0.000667190551757818,0.0532878875732422,Terrain/Ground_0_-1/Collision,Terrain/Ground_0_-1/Collision
road,LandDetails/Trail_HillHamlet,Model/Trail_HillHamlet:triangle47:sample1,9.27793979644775,16.3105010986328,-105.803482055664,16.211181640625,16.155517578125,-0.0556640625,0.154983520507813,-0.000680541992187506,0.0549835205078125,Terrain/Ground_0_-1/Collision,Terrain/Ground_0_-1/Collision
road,LandDetails/Trail_HillHamlet,Model/Trail_HillHamlet:triangle47:sample2,9.32594013214111,16.2748603820801,-105.293601989746,16.175537109375,16.1201171875,-0.055419921875,0.154743194580078,-0.000676727294921881,0.0547431945800781,Terrain/Ground_0_-1/Collision,Terrain/Ground_0_-1/Collision
road,LandDetails/Trail_HillHamlet,Model/Trail_HillHamlet:triangle47:sample3,8.91281986236572,16.1667404174805,-105.254318237305,16.067626953125,16.016845703125,-0.05078125,0.149894714355469,-0.000886535644531256,0.0498947143554687,Terrain/Ground_0_-1/Collision,Terrain/Ground_0_-1/Collision
road,LandDetails/Trail_HillHamlet,Model/Trail_HillHamlet:triangle47:sample4,9.49650001525879,16.3556499481201,-105.695648193359,16.256103515625,16.1982421875,-0.057861328125,0.157407760620117,-0.000453567504882818,0.0574077606201172,Terrain/Ground_0_-1/Collision,Terrain/Ground_0_-1/Collision
road,LandDetails/Trail_HillHamlet,Model/Trail_HillHamlet:triangle47:sample5,9.04010009765625,16.1759490966797,-105.009201049805,16.07666015625,16.025146484375,-0.051513671875,0.150802612304688,-0.000711059570312506,0.0508026123046875,Terrain/Ground_0_-1/Collision,Terrain/Ground_0_-1/Collision
road,LandDetails/Trail_HillHamlet,Model/Trail_HillHamlet:triangle47:sample6,8.98009967803955,16.2205009460449,-105.646545410156,16.121337890625,16.0693359375,-0.052001953125,0.151165008544922,-0.000836944580078131,0.0511650085449219,Terrain/Ground_0_-1/Collision,Terrain/Ground_0_-1/Collision
road,LandDetails/Trail_HillHamlet,Model/Trail_HillHamlet:triangle48:sample0,8.5654993057251,16.1471328735352,-105.983131408691,16.0478515625,16.0,-0.0478515625,0.147132873535156,-0.000718688964843756,0.0471328735351562,Terrain/Ground_0_-1/Collision,Terrain/Ground_0_-1/Collision
road,LandDetails/Trail_HillHamlet,Model/Trail_HillHamlet:triangle48:sample1,8.91390037536621,16.2483596801758,-106.123077392578,16.14892578125,16.096923828125,-0.052001953125,0.151435852050781,-0.000566101074218756,0.0514358520507812,Terrain/Ground_0_-1/Collision,Terrain/Ground_0_-1/Collision
road,LandDetails/Trail_HillHamlet,Model/Trail_HillHamlet:triangle48:sample2,8.41277980804443,16.0805587768555,-105.68440246582,15.9814453125,15.93603515625,-0.04541015625,0.144523620605469,-0.000886535644531256,0.0445236206054687,Terrain/Ground_0_-1/Collision,Terrain/Ground_0_-1/Collision
road,LandDetails/Trail_HillHamlet,Model/Trail_HillHamlet:triangle48:sample3,8.36981964111328,16.1124801635742,-106.14192199707,16.01318359375,15.9677734375,-0.04541015625,0.144706726074219,-0.000703430175781256,0.0447067260742187,Terrain/Ground_0_-1/Collision,Terrain/Ground_0_-1/Collision
road,LandDetails/Trail_HillHamlet,Model/Trail_HillHamlet:triangle48:sample4,8.81009960174561,16.1904487609863,-105.784652709961,16.091064453125,16.041015625,-0.050048828125,0.149433135986328,-0.000615692138671881,0.0494331359863281,Terrain/Ground_0_-1/Collision,Terrain/Ground_0_-1/Collision
road,LandDetails/Trail_HillHamlet,Model/Trail_HillHamlet:triangle48:sample5,8.1299991607666,16.0205993652344,-105.808197021484,15.92138671875,15.879150390625,-0.042236328125,0.141448974609375,-0.000787353515625006,0.041448974609375,Terrain/Ground_0_-1/Collision,Terrain/Ground_0_-1/Collision
road,LandDetails/Trail_HillHamlet,Model/Trail_HillHamlet:triangle48:sample6,8.75639915466309,16.2303504943848,-106.356552124023,16.131103515625,16.08056640625,-0.050537109375,0.149784088134766,-0.000753021240234381,0.0497840881347656,Terrain/Ground_0_-1/Collision,Terrain/Ground_0_-1/Collision
road,LandDetails/Trail_HillHamlet,Model/Trail_HillHamlet:triangle49:sample0,8.31199932098389,16.1285991668701,-106.470092773438,16.029296875,15.98388671875,-0.04541015625,0.144712448120117,-0.000697708129882818,0.0447124481201172,Terrain/Ground_0_-1/Collision,Terrain/Ground_0_-1/Collision
road,LandDetails/Trail_HillHamlet,Model/Trail_HillHamlet:triangle49:sample1,8.50823974609375,16.1773986816406,-106.461097717285,16.078125,16.03076171875,-0.04736328125,0.146636962890625,-0.000726318359375006,0.046636962890625,Terrain/Ground_0_-1/Collision,Terrain/Ground_0_-1/Collision
road,LandDetails/Trail_HillHamlet,Model/Trail_HillHamlet:triangle49:sample2,8.21772003173828,16.1013603210449,-106.434097290039,16.001953125,15.9580078125,-0.0439453125,0.143352508544922,-0.000592803955078131,0.0433525085449219,Terrain/Ground_0_-1/Collision,Terrain/Ground_0_-1/Collision
road,LandDetails/Trail_HillHamlet,Model/Trail_HillHamlet:triangle49:sample3,8.21004009246826,16.1070404052734,-106.515090942383,16.0078125,15.96337890625,-0.04443359375,0.143661499023438,-0.000772094726562506,0.0436614990234375,Terrain/Ground_0_-1/Collision,Terrain/Ground_0_-1/Collision
road,LandDetails/Trail_HillHamlet,Model/Trail_HillHamlet:triangle49:sample4,8.43944931030273,16.1555480957031,-106.413848876953,16.056396484375,16.009521484375,-0.046875,0.146026611328125,-0.000848388671875006,0.046026611328125,Terrain/Ground_0_-1/Collision,Terrain/Ground_0_-1/Collision
road,LandDetails/Trail_HillHamlet,Model/Trail_HillHamlet:triangle49:sample5,8.06669998168945,16.0676002502441,-106.481346130371,15.968505859375,15.926025390625,-0.04248046875,0.141574859619141,-0.000905609130859381,0.0415748596191406,Terrain/Ground_0_-1/Collision,Terrain/Ground_0_-1/Collision
road,LandDetails/Trail_HillHamlet,Model/Trail_HillHamlet:triangle49:sample6,8.42984962463379,16.1626491546631,-106.515090942383,16.063232421875,16.0166015625,-0.046630859375,0.146047592163086,-0.000583267211914068,0.0460475921630859,Terrain/Ground_0_-1/Collision,Terrain/Ground_0_-1/Collision
road,LandDetails/Trail_HillHamlet,Model/Trail_HillHamlet:triangle50:sample0,9.21979999542236,16.3451328277588,-106.429161071777,16.247314453125,16.19189453125,-0.055419921875,0.153238296508789,-0.00218162536621094,0.0532382965087891,Terrain/Ground_0_-1/Collision,Terrain/Ground_0_-1/Collision
road,LandDetails/Trail_HillHamlet,Model/Trail_HillHamlet:triangle50:sample1,9.30648040771484,16.3671607971191,-106.390701293945,16.26904296875,16.212646484375,-0.056396484375,0.154514312744141,-0.00188217163085938,0.0545143127441406,Terrain/Ground_0_-1/Collision,Terrain/Ground_0_-1/Collision
road,LandDetails/Trail_HillHamlet,Model/Trail_HillHamlet:triangle50:sample2,9.05291938781738,16.3073196411133,-106.436538696289,16.209228515625,16.15576171875,-0.053466796875,0.151557922363281,-0.00190887451171876,0.0515579223632812,Terrain/Ground_0_-1/Collision,Terrain/Ground_0_-1/Collision
road,LandDetails/Trail_HillHamlet,Model/Trail_HillHamlet:triangle50:sample3,9.29999923706055,16.3609199523926,-106.460258483887,16.262939453125,16.206787109375,-0.05615234375,0.154132843017578,-0.00201950073242188,0.0541328430175781,Terrain/Ground_0_-1/Collision,Terrain/Ground_0_-1/Collision
road,LandDetails/Trail_HillHamlet,Model/Trail_HillHamlet:triangle50:sample4,9.11954975128174,16.3253993988037,-106.390296936035,16.225830078125,16.17138671875,-0.054443359375,0.154012680053711,-0.000430679321289068,0.0540126800537109,Terrain/Ground_0_-1/Collision,Terrain/Ground_0_-1/Collision
road,LandDetails/Trail_HillHamlet,Model/Trail_HillHamlet:triangle50:sample5,9.1114501953125,16.3176002502441,-106.477249145508,16.219482421875,16.165771484375,-0.0537109375,0.151828765869141,-0.00188217163085938,0.0518287658691406,Terrain/Ground_0_-1/Collision,Terrain/Ground_0_-1/Collision
road,LandDetails/Trail_HillHamlet,Model/Trail_HillHamlet:triangle50:sample6,9.42840003967285,16.3923988342285,-106.419952392578,16.294677734375,16.237060546875,-0.0576171875,0.155338287353516,-0.00227890014648438,0.0553382873535156,Terrain/Ground_0_-1/Collision,Terrain/Ground_0_-1/Collision
road,LandDetails/Trail_HillHamlet,Model/Trail_HillHamlet:triangle51:sample0,8.75999927520752,16.2366333007813,-106.512367248535,16.138671875,16.0888671875,-0.0498046875,0.14776611328125,-0.00203857421875001,0.04776611328125,Terrain/Ground_0_-1/Collision,Terrain/Ground_0_-1/Collision
road,LandDetails/Trail_HillHamlet,Model/Trail_HillHamlet:triangle51:sample1,9.02411937713623,16.2958202362061,-106.510177612305,16.19775390625,16.145263671875,-0.052490234375,0.150556564331055,-0.00193367004394532,0.0505565643310547,Terrain/Ground_0_-1/Collision,Terrain/Ground_0_-1/Collision
road,LandDetails/Trail_HillHamlet,Model/Trail_HillHamlet:triangle51:sample2,8.77703952789307,16.2422199249268,-106.486457824707,16.144287109375,16.093994140625,-0.05029296875,0.148225784301758,-0.00206718444824219,0.0482257843017578,Terrain/Ground_0_-1/Collision,Terrain/Ground_0_-1/Collision
road,LandDetails/Trail_HillHamlet,Model/Trail_HillHamlet:triangle51:sample3,8.47883987426758,16.1718597412109,-106.540451049805,16.073974609375,16.02685546875,-0.047119140625,0.145004272460938,-0.00211486816406251,0.0450042724609375,Terrain/Ground_0_-1/Collision,Terrain/Ground_0_-1/Collision
road,LandDetails/Trail_HillHamlet,Model/Trail_HillHamlet:triangle51:sample4,9.1114501953125,16.3176002502441,-106.477249145508,16.219482421875,16.165771484375,-0.0537109375,0.151828765869141,-0.00188217163085938,0.0518287658691406,Terrain/Ground_0_-1/Collision,Terrain/Ground_0_-1/Collision
road,LandDetails/Trail_HillHamlet,Model/Trail_HillHamlet:triangle51:sample5,8.42984962463379,16.1626491546631,-106.515090942383,16.063232421875,16.0166015625,-0.046630859375,0.146047592163086,-0.000583267211914068,0.0460475921630859,Terrain/Ground_0_-1/Collision,Terrain/Ground_0_-1/Collision
road,LandDetails/Trail_HillHamlet,Model/Trail_HillHamlet:triangle51:sample6,8.73869895935059,16.2296485900879,-106.544746398926,16.131591796875,16.08203125,-0.049560546875,0.147617340087891,-0.00194320678710938,0.0476173400878906,Terrain/Ground_0_-1/Collision,Terrain/Ground_0_-1/Collision
road,LandDetails/Trail_HillHamlet,Model/Trail_HillHamlet:triangle52:sample0,8.4714994430542,16.1395320892334,-106.983665466309,16.041748046875,15.997314453125,-0.04443359375,0.142217636108398,-0.00221595764160157,0.0422176361083984,Terrain/Ground_0_-1/Collision,Terrain/Ground_0_-1/Collision
road,LandDetails/Trail_HillHamlet,Model/Trail_HillHamlet:triangle52:sample1,8.85101890563965,16.2375602722168,-106.792953491211,16.139404296875,16.090087890625,-0.04931640625,0.147472381591797,-0.00184402465820313,0.0474723815917969,Terrain/Ground_0_-1/Collision,Terrain/Ground_0_-1/Collision
road,LandDetails/Trail_HillHamlet,Model/Trail_HillHamlet:triangle52:sample2,8.30574035644531,16.1135997772217,-106.8232421875,16.015625,15.971923828125,-0.043701171875,0.14167594909668,-0.00202522277832032,0.0416759490966797,Terrain/Ground_0_-1/Collision,Terrain/Ground_0_-1/Collision
road,LandDetails/Trail_HillHamlet,Model/Trail_HillHamlet:triangle52:sample3,8.25774002075195,16.067440032959,-107.334800720215,15.969482421875,15.92919921875,-0.040283203125,0.138240814208984,-0.00204238891601563,0.0382408142089844,Terrain/Ground_0_-1/Collision,Terrain/Ground_0_-1/Collision
road,LandDetails/Trail_HillHamlet,Model/Trail_HillHamlet:triangle52:sample4,8.73869895935059,16.2296485900879,-106.544746398926,16.131591796875,16.08203125,-0.049560546875,0.147617340087891,-0.00194320678710938,0.0476173400878906,Terrain/Ground_0_-1/Collision,Terrain/Ground_0_-1/Collision
road,LandDetails/Trail_HillHamlet,Model/Trail_HillHamlet:triangle52:sample5,7.99709987640381,16.0170001983643,-107.222045898438,15.919189453125,15.880859375,-0.038330078125,0.136140823364258,-0.00218925476074219,0.0361408233642578,Terrain/Ground_0_-1/Collision,Terrain/Ground_0_-1/Collision
road,LandDetails/Trail_HillHamlet,Model/Trail_HillHamlet:triangle52:sample6,8.6786994934082,16.1719493865967,-107.184196472168,16.073974609375,16.028564453125,-0.04541015625,0.14338493347168,-0.00202522277832032,0.0433849334716797,Terrain/Ground_0_-1/Collision,Terrain/Ground_0_-1/Collision
road,LandDetails/Trail_HillHamlet,Model/Trail_HillHamlet:triangle53:sample0,8.8794994354248,16.1982669830322,-107.451560974121,16.100341796875,16.05419921875,-0.046142578125,0.144067764282227,-0.00207481384277344,0.0440677642822266,Terrain/Ground_0_-1/Collision,Terrain/Ground_0_-1/Collision
road,LandDetails/Trail_HillHamlet,Model/Trail_HillHamlet:triangle53:sample1,9.0958194732666,16.2728004455566,-107.073699951172,16.174560546875,16.12451171875,-0.050048828125,0.148288726806641,-0.00176010131835938,0.0482887268066406,Terrain/Ground_0_-1/Collision,Terrain/Ground_0_-1/Collision
road,LandDetails/Trail_HillHamlet,Model/Trail_HillHamlet:triangle53:sample2,8.50253963470459,16.1026802062988,-107.615539550781,16.004638671875,15.96337890625,-0.041259765625,0.139301300048828,-0.00195846557617188,0.0393013000488281,Terrain/Ground_0_-1/Collision,Terrain/Ground_0_-1/Collision
road,LandDetails/Trail_HillHamlet,Model/Trail_HillHamlet:triangle53:sample3,9.04014015197754,16.2193202972412,-107.665458679199,16.121337890625,16.07470703125,-0.046630859375,0.144613265991211,-0.00201759338378907,0.0446132659912109,Terrain/Ground_0_-1/Collision,Terrain/Ground_0_-1/Collision
road,LandDetails/Trail_HillHamlet,Model/Trail_HillHamlet:triangle53:sample4,8.6786994934082,16.1719493865967,-107.184196472168,16.073974609375,16.028564453125,-0.04541015625,0.14338493347168,-0.00202522277832032,0.0433849334716797,Terrain/Ground_0_-1/Collision,Terrain/Ground_0_-1/Collision
road,LandDetails/Trail_HillHamlet,Model/Trail_HillHamlet:triangle53:sample5,8.60909938812256,16.1051006317139,-107.923896789551,16.00732421875,15.96630859375,-0.041015625,0.138792037963867,-0.00222358703613282,0.0387920379638672,Terrain/Ground_0_-1/Collision,Terrain/Ground_0_-1/Collision
road,LandDetails/Trail_HillHamlet,Model/Trail_HillHamlet:triangle53:sample6,9.35069942474365,16.3177490234375,-107.246597290039,16.219970703125,16.16748046875,-0.052490234375,0.1502685546875,-0.00222167968750001,0.0502685546875,Terrain/Ground_0_-1/Collision,Terrain/Ground_0_-1/Collision
road,LandDetails/Trail_HillHamlet,Model/Trail_HillHamlet:triangle54:sample0,8.33773326873779,16.0109996795654,-108.406433105469,15.9130859375,15.878173828125,-0.034912109375,0.13282585144043,-0.00208625793457032,0.0328258514404297,Terrain/Ground_0_-1/Collision,Terrain/Ground_0_-1/Collision
road,LandDetails/Trail_HillHamlet,Model/Trail_HillHamlet:triangle54:sample1,8.71507930755615,16.1069602966309,-108.238372802734,16.009033203125,15.96875,-0.040283203125,0.138210296630859,-0.00207290649414063,0.0382102966308594,Terrain/Ground_0_-1/Collision,Terrain/Ground_0_-1/Collision
road,LandDetails/Trail_HillHamlet,Model/Trail_HillHamlet:triangle54:sample2,8.17747974395752,15.9903211593628,-108.188461303711,15.892578125,15.85791015625,-0.03466796875,0.132411003112793,-0.00225696563720704,0.032411003112793,Terrain/Ground_0_-1/Collision,Terrain/Ground_0_-1/Collision
road,LandDetails/Trail_HillHamlet,Model/Trail_HillHamlet:triangle54:sample3,8.12063980102539,15.9357204437256,-108.792465209961,15.837890625,15.807373046875,-0.030517578125,0.128347396850586,-0.00217018127441407,0.0283473968505859,Terrain/Ground_0_-1/Collision,Terrain/Ground_0_-1/Collision
road,LandDetails/Trail_HillHamlet,Model/Trail_HillHamlet:triangle54:sample4,8.60909938812256,16.1051006317139,-107.923896789551,16.00732421875,15.96630859375,-0.041015625,0.138792037963867,-0.00222358703613282,0.0387920379638672,Terrain/Ground_0_-1/Collision,Terrain/Ground_0_-1/Collision
road,LandDetails/Trail_HillHamlet,Model/Trail_HillHamlet:triangle54:sample5,7.86604976654053,15.8910503387451,-108.616500854492,15.793212890625,15.76416015625,-0.029052734375,0.126890182495117,-0.00216255187988282,0.0268901824951172,Terrain/Ground_0_-1/Collision,Terrain/Ground_0_-1/Collision
road,LandDetails/Trail_HillHamlet,Model/Trail_HillHamlet:triangle54:sample6,8.53804969787598,16.0368499755859,-108.678894042969,15.939208984375,15.9033203125,-0.035888671875,0.133529663085938,-0.00235900878906251,0.0335296630859375,Terrain/Ground_0_-1/Collision,Terrain/Ground_0_-1/Collision
road,LandDetails/Trail_HillHamlet,Model/Trail_HillHamlet:triangle55:sample0,8.73836612701416,16.0627002716064,-108.952026367188,15.96484375,15.928466796875,-0.036376953125,0.134233474731445,-0.00214347839355469,0.0342334747314453,Terrain/Ground_0_-1/Collision,Terrain/Ground_0_-1/Collision
road,LandDetails/Trail_HillHamlet,Model/Trail_HillHamlet:triangle55:sample1,8.95545959472656,16.1379814147949,-108.565734863281,16.0400390625,15.99951171875,-0.04052734375,0.138469696044922,-0.00205764770507813,0.0384696960449219,Terrain/Ground_0_-1/Collision,Terrain/Ground_0_-1/Collision
road,LandDetails/Trail_HillHamlet,Model/Trail_HillHamlet:triangle55:sample2,8.3610200881958,15.966739654541,-109.119819641113,15.869140625,15.83740234375,-0.03173828125,0.129337310791016,-0.00240097045898438,0.0293373107910156,Terrain/Ground_0_-1/Collision,Terrain/Ground_0_-1/Collision
road,LandDetails/Trail_HillHamlet,Model/Trail_HillHamlet:triangle55:sample3,8.89862060546875,16.0833797454834,-109.170539855957,15.9853515625,15.94873046875,-0.03662109375,0.134649276733398,-0.00197181701660157,0.0346492767333984,Terrain/Ground_0_-1/Collision,Terrain/Ground_0_-1/Collision
road,LandDetails/Trail_HillHamlet,Model/Trail_HillHamlet:triangle55:sample4,8.53804969787598,16.0368499755859,-108.678894042969,15.939208984375,15.9033203125,-0.035888671875,0.133529663085938,-0.00235900878906251,0.0335296630859375,Terrain/Ground_0_-1/Collision,Terrain/Ground_0_-1/Collision
road,LandDetails/Trail_HillHamlet,Model/Trail_HillHamlet:triangle55:sample5,8.46700000762939,15.968599319458,-109.434898376465,15.87060546875,15.839599609375,-0.031005859375,0.128999710083008,-0.00200614929199219,0.0289997100830078,Terrain/Ground_0_-1/Collision,Terrain/Ground_0_-1/Collision
road,LandDetails/Trail_HillHamlet,Model/Trail_HillHamlet:triangle55:sample6,9.21004962921143,16.1826496124268,-108.742294311523,16.084716796875,16.04248046875,-0.042236328125,0.140169143676758,-0.00206718444824219,0.0401691436767578,Terrain/Ground_0_-1/Collision,Terrain/Ground_0_-1/Collision
road,LandDetails/Trail_HillHamlet,Model/Trail_HillHamlet:triangle56:sample0,8.23799991607666,15.9151992797852,-109.466957092285,15.8173828125,15.7890625,-0.0283203125,0.126136779785156,-0.00218353271484376,0.0261367797851562,Terrain/Ground_0_-1/Collision,Terrain/Ground_0_-1/Collision
road,LandDetails/Trail_HillHamlet,Model/Trail_HillHamlet:triangle56:sample1,8.5984001159668,15.9948806762695,-109.479499816895,15.8974609375,15.865234375,-0.0322265625,0.129646301269531,-0.00258026123046876,0.0296463012695312,Terrain/Ground_0_-1/Collision,Terrain/Ground_0_-1/Collision
road,LandDetails/Trail_HillHamlet,Model/Trail_HillHamlet:triangle56:sample2,8.06079959869385,15.8782405853271,-109.428779602051,15.780517578125,15.75390625,-0.026611328125,0.124334335327148,-0.00227699279785157,0.0243343353271484,Terrain/Ground_0_-1/Collision,Terrain/Ground_0_-1/Collision
road,LandDetails/Trail_HillHamlet,Model/Trail_HillHamlet:triangle56:sample3,8.05480003356934,15.8724794387817,-109.492614746094,15.774658203125,15.748291015625,-0.0263671875,0.124188423156738,-0.00217876434326172,0.0241884231567383,Terrain/Ground_0_-1/Collision,Terrain/Ground_0_-1/Collision
road,LandDetails/Trail_HillHamlet,Model/Trail_HillHamlet:triangle56:sample4,8.46700000762939,15.968599319458,-109.434898376465,15.87060546875,15.839599609375,-0.031005859375,0.128999710083008,-0.00200614929199219,0.0289997100830078,Terrain/Ground_0_-1/Collision,Terrain/Ground_0_-1/Collision
road,LandDetails/Trail_HillHamlet,Model/Trail_HillHamlet:triangle56:sample5,7.78749942779541,15.8155994415283,-109.451293945313,15.7177734375,15.694091796875,-0.023681640625,0.12150764465332,-0.00217399597167969,0.0215076446533203,Terrain/Ground_0_-1/Collision,Terrain/Ground_0_-1/Collision
road,LandDetails/Trail_HillHamlet,Model/Trail_HillHamlet:triangle56:sample6,8.45949935913086,15.9613990783691,-109.514694213867,15.86376953125,15.83349609375,-0.0302734375,0.127902984619141,-0.00237045288085938,0.0279029846191406,Terrain/Ground_0_-1/Collision,Terrain/Ground_0_-1/Collision
road,LandDetails/Trail_HillHamlet,Model/Trail_HillHamlet:triangle57:sample0,8.55409908294678,15.9479322433472,-110.01392364502,15.85009765625,15.82177734375,-0.0283203125,0.126154899597168,-0.00216541290283204,0.026154899597168,Terrain/Ground_0_-1/Collision,Terrain/Ground_0_-1/Collision
road,LandDetails/Trail_HillHamlet,Model/Trail_HillHamlet:triangle57:sample1,8.78806018829346,16.0145206451416,-109.807678222656,15.9169921875,15.884521484375,-0.032470703125,0.129999160766602,-0.00247154235839844,0.0299991607666016,Terrain/Ground_0_-1/Collision,Terrain/Ground_0_-1/Collision
road,LandDetails/Trail_HillHamlet,Model/Trail_HillHamlet:triangle57:sample2,8.244460105896,15.8921203613281,-109.82080078125,15.79443359375,15.767822265625,-0.026611328125,0.124298095703125,-0.00231323242187501,0.024298095703125,Terrain/Ground_0_-1/Collision,Terrain/Ground_0_-1/Collision
road,LandDetails/Trail_HillHamlet,Model/Trail_HillHamlet:triangle57:sample3,8.62977981567383,15.937159538269,-110.41332244873,15.83935546875,15.812255859375,-0.027099609375,0.124903678894043,-0.00219593048095704,0.024903678894043,Terrain/Ground_0_-1/Collision,Terrain/Ground_0_-1/Collision
road,LandDetails/Trail_HillHamlet,Model/Trail_HillHamlet:triangle57:sample4,8.45949935913086,15.9613990783691,-109.514694213867,15.86376953125,15.83349609375,-0.0302734375,0.127902984619141,-0.00237045288085938,0.0279029846191406,Terrain/Ground_0_-1/Collision,Terrain/Ground_0_-1/Collision
road,LandDetails/Trail_HillHamlet,Model/Trail_HillHamlet:triangle57:sample5,8.26165008544922,15.8646993637085,-110.271743774414,15.766845703125,15.74267578125,-0.024169921875,0.122023582458496,-0.00214633941650391,0.0220235824584961,Terrain/Ground_0_-1/Collision,Terrain/Ground_0_-1/Collision
road,LandDetails/Trail_HillHamlet,Model/Trail_HillHamlet:triangle57:sample6,8.94114971160889,16.0177001953125,-110.255348205566,15.919921875,15.888671875,-0.03125,0.1290283203125,-0.00222167968750001,0.0290283203125,Terrain/Ground_0_-1/Collision,Terrain/Ground_0_-1/Collision
road,LandDetails/Trail_HillHamlet,Model/Trail_HillHamlet:triangle58:sample0,8.95883274078369,16.0035991668701,-110.515197753906,15.906005859375,15.8759765625,-0.030029296875,0.127622604370117,-0.00240669250488282,0.0276226043701172,Terrain/Ground_0_-1/Collision,Terrain/Ground_0_-1/Collision
road,LandDetails/Trail_HillHamlet,Model/Trail_HillHamlet:triangle58:sample1,9.03090000152588,16.0479202270508,-110.108436584473,15.949951171875,15.917236328125,-0.03271484375,0.130683898925781,-0.00203094482421876,0.0306838989257812,Terrain/Ground_0_-1/Collision,Terrain/Ground_0_-1/Collision
road,LandDetails/Trail_HillHamlet,Model/Trail_HillHamlet:triangle58:sample2,8.87261962890625,15.9705600738525,-110.714080810547,15.872802734375,15.844970703125,-0.02783203125,0.125589370727539,-0.00224266052246094,0.0255893707275391,Terrain/Ground_0_-1/Collision,Terrain/Ground_0_-1/Collision
road,LandDetails/Trail_HillHamlet,Model/Trail_HillHamlet:triangle58:sample3,8.97298049926758,15.99232006073,-110.723083496094,15.894775390625,15.86572265625,-0.029052734375,0.12659740447998,-0.00245532989501954,0.0265974044799805,Terrain/Ground_0_-1/Collision,Terrain/Ground_0_-1/Collision
road,LandDetails/Trail_HillHamlet,Model/Trail_HillHamlet:triangle58:sample4,8.94114971160889,16.0177001953125,-110.255348205566,15.919921875,15.888671875,-0.03125,0.1290283203125,-0.00222167968750001,0.0290283203125,Terrain/Ground_0_-1/Collision,Terrain/Ground_0_-1/Collision
road,LandDetails/Trail_HillHamlet,Model/Trail_HillHamlet:triangle58:sample5,8.86874961853027,15.9482002258301,-111.023651123047,15.8505859375,15.824462890625,-0.026123046875,0.123737335205078,-0.00238571166992188,0.0237373352050781,Terrain/Ground_0_-1/Collision,Terrain/Ground_0_-1/Collision
road,LandDetails/Trail_HillHamlet,Model/Trail_HillHamlet:triangle58:sample6,9.06659984588623,16.0448989868164,-110.2666015625,15.947265625,15.91455078125,-0.03271484375,0.130348205566406,-0.00236663818359376,0.0303482055664062,Terrain/Ground_0_-1/Collision,Terrain/Ground_0_-1/Collision
road,LandDetails/Trail_HillHamlet,Model/Trail_HillHamlet:triangle59:sample0,8.90069961547852,15.9477338790894,-111.133125305176,15.85009765625,15.823974609375,-0.026123046875,0.123759269714355,-0.00236377716064454,0.0237592697143555,Terrain/Ground_0_-1/Collision,Terrain/Ground_0_-1/Collision
road,LandDetails/Trail_HillHamlet,Model/Trail_HillHamlet:triangle59:sample1,8.92625999450684,15.9473600387573,-111.220718383789,15.849853515625,15.823974609375,-0.02587890625,0.123385429382324,-0.00249347686767579,0.0233854293823242,Terrain/Ground_0_-1/Collision,Terrain/Ground_0_-1/Collision
road,LandDetails/Trail_HillHamlet,Model/Trail_HillHamlet:triangle59:sample2,8.93809986114502,15.9588003158569,-111.093841552734,15.861083984375,15.834716796875,-0.0263671875,0.124083518981934,-0.00228366851806641,0.0240835189819336,Terrain/Ground_0_-1/Collision,Terrain/Ground_0_-1/Collision
road,LandDetails/Trail_HillHamlet,Model/Trail_HillHamlet:triangle59:sample3,8.83773994445801,15.9370403289795,-111.084846496582,15.83935546875,15.813720703125,-0.025634765625,0.123319625854492,-0.00231513977050782,0.0233196258544922,Terrain/Ground_0_-1/Collision,Terrain/Ground_0_-1/Collision
road,LandDetails/Trail_HillHamlet,Model/Trail_HillHamlet:triangle59:sample4,8.97939968109131,15.9610996246338,-111.193496704102,15.863525390625,15.8369140625,-0.026611328125,0.124185562133789,-0.00242576599121094,0.0241855621337891,Terrain/Ground_0_-1/Collision,Terrain/Ground_0_-1/Collision
road,LandDetails/Trail_HillHamlet,Model/Trail_HillHamlet:triangle59:sample5,8.86874961853027,15.9482002258301,-111.023651123047,15.8505859375,15.824462890625,-0.026123046875,0.123737335205078,-0.00238571166992188,0.0237373352050781,Terrain/Ground_0_-1/Collision,Terrain/Ground_0_-1/Collision
road,LandDetails/Trail_HillHamlet,Model/Trail_HillHamlet:triangle59:sample6,8.85394954681396,15.9338989257813,-111.182250976563,15.836181640625,15.81103515625,-0.025146484375,0.12286376953125,-0.00228271484375001,0.02286376953125,Terrain/Ground_0_-1/Collision,Terrain/Ground_0_-1/Collision
road,LandDetails/Trail_HillHamlet,Model/Trail_HillHamlet:triangle60:sample0,8.71463298797607,16.1405658721924,-105.509796142578,16.041259765625,15.99267578125,-0.048583984375,0.147890090942383,-0.000693893432617193,0.0478900909423828,Terrain/Ground_0_-1/Collision,Terrain/Ground_0_-1/Collision
road,LandDetails/Trail_HillHamlet,Model/Trail_HillHamlet:triangle60:sample1,9.00337982177734,16.244421005249,-105.839080810547,16.144775390625,16.092529296875,-0.05224609375,0.151891708374023,-0.000354385375976568,0.0518917083740234,Terrain/Ground_0_-1/Collision,Terrain/Ground_0_-1/Collision
road,LandDetails/Trail_HillHamlet,Model/Trail_HillHamlet:triangle60:sample2,8.63825988769531,16.1006603240967,-105.289916992188,16.001220703125,15.9541015625,-0.047119140625,0.14655876159668,-0.000560379028320318,0.0465587615966797,Terrain/Ground_0_-1/Collision,Terrain/Ground_0_-1/Collision
road,LandDetails/Trail_HillHamlet,Model/Trail_HillHamlet:triangle60:sample3,8.50226020812988,16.0766201019287,-105.400405883789,15.977294921875,15.931396484375,-0.0458984375,0.145223617553711,-0.000674819946289068,0.0452236175537109,Terrain/Ground_0_-1/Collision,Terrain/Ground_0_-1/Collision
road,LandDetails/Trail_HillHamlet,Model/Trail_HillHamlet:triangle60:sample4,8.98009967803955,16.2205009460449,-105.646545410156,16.121337890625,16.0693359375,-0.052001953125,0.151165008544922,-0.000836944580078131,0.0511650085449219,Terrain/Ground_0_-1/Collision,Terrain/Ground_0_-1/Collision
road,LandDetails/Trail_HillHamlet,Model/Trail_HillHamlet:triangle60:sample5,8.35369968414307,16.0107498168945,-105.098197937012,15.91162109375,15.8681640625,-0.04345703125,0.142585754394531,-0.000871276855468756,0.0425857543945312,Terrain/Ground_0_-1/Collision,Terrain/Ground_0_-1/Collision
road,LandDetails/Trail_HillHamlet,Model/Trail_HillHamlet:triangle60:sample6,8.81009960174561,16.1904487609863,-105.784652709961,16.091064453125,16.041015625,-0.050048828125,0.149433135986328,-0.000615692138671881,0.0494331359863281,Terrain/Ground_0_-1/Collision,Terrain/Ground_0_-1/Collision
road,LandDetails/Trail_HillHamlet,Model/Trail_HillHamlet:triangle61:sample0,8.77180004119873,16.2371006011963,-106.386901855469,16.137939453125,16.08740234375,-0.050537109375,0.149698257446289,-0.000838851928710943,0.0496982574462891,Terrain/Ground_0_-1/Collision,Terrain/Ground_0_-1/Collision
road,LandDetails/Trail_HillHamlet,Model/Trail_HillHamlet:triangle61:sample1,9.03767967224121,16.302339553833,-106.365341186523,16.202880859375,16.149169921875,-0.0537109375,0.153169631958008,-0.000541305541992193,0.0531696319580078,Terrain/Ground_0_-1/Collision,Terrain/Ground_0_-1/Collision
road,LandDetails/Trail_HillHamlet,Model/Trail_HillHamlet:triangle61:sample2,8.4935998916626,16.1664600372314,-106.384178161621,16.067138671875,16.019775390625,-0.04736328125,0.146684646606445,-0.000678634643554693,0.0466846466064453,Terrain/Ground_0_-1/Collision,Terrain/Ground_0_-1/Collision
road,LandDetails/Trail_HillHamlet,Model/Trail_HillHamlet:triangle61:sample3,8.78411960601807,16.2425003051758,-106.411178588867,16.143310546875,16.092529296875,-0.05078125,0.149971008300781,-0.000810241699218756,0.0499710083007812,Terrain/Ground_0_-1/Collision,Terrain/Ground_0_-1/Collision
road,LandDetails/Trail_HillHamlet,Model/Trail_HillHamlet:triangle61:sample4,8.75639915466309,16.2303504943848,-106.356552124023,16.131103515625,16.08056640625,-0.050537109375,0.149784088134766,-0.000753021240234381,0.0497840881347656,Terrain/Ground_0_-1/Collision,Terrain/Ground_0_-1/Collision
road,LandDetails/Trail_HillHamlet,Model/Trail_HillHamlet:triangle61:sample5,8.43944931030273,16.1555480957031,-106.413848876953,16.056396484375,16.009521484375,-0.046875,0.146026611328125,-0.000848388671875006,0.046026611328125,Terrain/Ground_0_-1/Collision,Terrain/Ground_0_-1/Collision
road,LandDetails/Trail_HillHamlet,Model/Trail_HillHamlet:triangle61:sample6,9.11954975128174,16.3253993988037,-106.390296936035,16.225830078125,16.17138671875,-0.054443359375,0.154012680053711,-0.000430679321289068,0.0540126800537109,Terrain/Ground_0_-1/Collision,Terrain/Ground_0_-1/Collision
road,LandDetails/Trail_HillHamlet,Model/Trail_HillHamlet:triangle62:sample0,8.05786609649658,15.8506660461426,-110.484527587891,15.750732421875,15.7275390625,-0.023193359375,0.123126983642578,-6.63757324218806e-05,0.0231269836425781,Terrain/Ground_0_-1/Collision,Terrain/Ground_0_-1/Collision
road,LandDetails/Trail_HillHamlet,Model/Trail_HillHamlet:triangle62:sample1,7.94672012329102,15.8337602615356,-110.103164672852,15.733642578125,15.71044921875,-0.023193359375,0.123311042785645,0.000117683410644526,0.0233110427856445,Terrain/Ground_0_-1/Collision,Terrain/Ground_0_-1/Collision
road,LandDetails/Trail_HillHamlet,Model/Trail_HillHamlet:triangle62:sample2,7.89484024047852,15.8394403457642,-110.654754638672,15.739501953125,15.716796875,-0.022705078125,0.12264347076416,-6.16073608398493e-05,0.0226434707641602,Terrain/Ground_0_-1/Collision,Terrain/Ground_0_-1/Collision
road,LandDetails/Trail_HillHamlet,Model/Trail_HillHamlet:triangle62:sample3,8.33203983306885,15.8787994384766,-110.695686340332,15.77880859375,15.7548828125,-0.02392578125,0.123916625976563,-9.15527343750555e-06,0.0239166259765625,Terrain/Ground_0_-1/Collision,Terrain/Ground_0_-1/Collision
road,LandDetails/Trail_HillHamlet,Model/Trail_HillHamlet:triangle62:sample4,7.71514987945557,15.8154993057251,-110.220596313477,15.715576171875,15.693115234375,-0.0224609375,0.122384071350098,-7.68661499023493e-05,0.0223840713500977,Terrain/Ground_0_-1/Collision,Terrain/Ground_0_-1/Collision
road,LandDetails/Trail_HillHamlet,Model/Trail_HillHamlet:triangle62:sample5,8.19680023193359,15.8717994689941,-110.961242675781,15.771728515625,15.74853515625,-0.023193359375,0.123264312744141,7.09533691406194e-05,0.0232643127441406,Terrain/Ground_0_-1/Collision,Terrain/Ground_0_-1/Collision
road,LandDetails/Trail_HillHamlet,Model/Trail_HillHamlet:triangle62:sample6,8.26165008544922,15.8646993637085,-110.271743774414,15.766845703125,15.74267578125,-0.024169921875,0.122023582458496,-0.00214633941650391,0.0220235824584961,Terrain/Ground_0_-1/Collision,Terrain/Ground_0_-1/Collision
road,LandDetails/Trail_HillHamlet,Model/Trail_HillHamlet:triangle63:sample0,8.45273303985596,15.8968000411987,-111.091529846191,15.796875,15.772705078125,-0.024169921875,0.12409496307373,-7.49588012695368e-05,0.0240949630737305,Terrain/Ground_0_-1/Collision,Terrain/Ground_0_-1/Collision
road,LandDetails/Trail_HillHamlet,Model/Trail_HillHamlet:triangle63:sample1,8.65748023986816,15.9168004989624,-111.195770263672,15.817138671875,15.79248046875,-0.024658203125,0.124320030212402,-0.000338172912597662,0.0243200302124023,Terrain/Ground_0_-1/Collision,Terrain/Ground_0_-1/Collision
road,LandDetails/Trail_HillHamlet,Model/Trail_HillHamlet:triangle63:sample2,8.56896018981934,15.9064798355103,-111.05989074707,15.806396484375,15.7822265625,-0.024169921875,0.124253273010254,8.33511352539007e-05,0.0242532730102539,Terrain/Ground_0_-1/Collision,Terrain/Ground_0_-1/Collision
road,LandDetails/Trail_HillHamlet,Model/Trail_HillHamlet:triangle63:sample3,8.131760597229,15.8671197891235,-111.01895904541,15.767333984375,15.744140625,-0.023193359375,0.122979164123535,-0.000214195251464849,0.0229791641235352,Terrain/Ground_0_-1/Collision,Terrain/Ground_0_-1/Collision
road,LandDetails/Trail_HillHamlet,Model/Trail_HillHamlet:triangle63:sample4,8.85394954681396,15.9338989257813,-111.182250976563,15.836181640625,15.81103515625,-0.025146484375,0.12286376953125,-0.00228271484375001,0.02286376953125,Terrain/Ground_0_-1/Collision,Terrain/Ground_0_-1/Collision
road,LandDetails/Trail_HillHamlet,Model/Trail_HillHamlet:triangle63:sample5,8.19680023193359,15.8717994689941,-110.961242675781,15.771728515625,15.74853515625,-0.023193359375,0.123264312744141,7.09533691406194e-05,0.0232643127441406,Terrain/Ground_0_-1/Collision,Terrain/Ground_0_-1/Collision
road,LandDetails/Trail_HillHamlet,Model/Trail_HillHamlet:triangle63:sample6,8.30744934082031,15.8846988677979,-111.13109588623,15.78466796875,15.76123046875,-0.0234375,0.123468399047852,3.08990478515569e-05,0.0234683990478516,Terrain/Ground_0_-1/Collision,Terrain/Ground_0_-1/Collision
road,LandDetails/Trail_HillHamlet,Model/Trail_HillHamlet:triangle64:sample0,8.03933238983154,15.8693990707397,-111.578491210938,15.76953125,15.746826171875,-0.022705078125,0.122572898864746,-0.000132179260253912,0.0225728988647461,Terrain/Ground_0_-1/Collision,Terrain/Ground_0_-1/Collision
road,LandDetails/Trail_HillHamlet,Model/Trail_HillHamlet:triangle64:sample1,8.40944004058838,15.9003601074219,-111.487945556641,15.80029296875,15.77685546875,-0.0234375,0.123504638671875,6.71386718749944e-05,0.023504638671875,Terrain/Ground_0_-1/Collision,Terrain/Ground_0_-1/Collision
road,LandDetails/Trail_HillHamlet,Model/Trail_HillHamlet:triangle64:sample2,7.88372039794922,15.850679397583,-111.311141967773,15.750732421875,15.728515625,-0.022216796875,0.122163772583008,-5.30242919921931e-05,0.0221637725830078,Terrain/Ground_0_-1/Collision,Terrain/Ground_0_-1/Collision
road,LandDetails/Trail_HillHamlet,Model/Trail_HillHamlet:triangle64:sample3,7.82484006881714,15.857159614563,-111.936416625977,15.757080078125,15.7353515625,-0.021728515625,0.121808052062988,7.95364379882757e-05,0.0218080520629883,Terrain/Ground_0_-1/Collision,Terrain/Ground_0_-1/Collision
road,LandDetails/Trail_HillHamlet,Model/Trail_HillHamlet:triangle64:sample4,8.30744934082031,15.8846988677979,-111.13109588623,15.78466796875,15.76123046875,-0.0234375,0.123468399047852,3.08990478515569e-05,0.0234683990478516,Terrain/Ground_0_-1/Collision,Terrain/Ground_0_-1/Collision
road,LandDetails/Trail_HillHamlet,Model/Trail_HillHamlet:triangle64:sample5,7.57670021057129,15.8306999206543,-111.691696166992,15.73046875,15.709228515625,-0.021240234375,0.121471405029297,0.000231170654296869,0.0214714050292969,Terrain/Ground_0_-1/Collision,Terrain/Ground_0_-1/Collision
road,LandDetails/Trail_HillHamlet,Model/Trail_HillHamlet:triangle64:sample6,8.23384952545166,15.8927993774414,-111.912696838379,15.792724609375,15.769775390625,-0.02294921875,0.123023986816406,7.47680664062444e-05,0.0230239868164062,Terrain/Ground_0_-1/Collision,Terrain/Ground_0_-1/Collision
road,LandDetails/Trail_HillHamlet,Model/Trail_HillHamlet:triangle65:sample0,8.43823337554932,15.9151334762573,-112.141868591309,15.81494140625,15.791748046875,-0.023193359375,0.123385429382324,0.000192070007324213,0.0233854293823242,Terrain/Ground_0_-1/Collision,Terrain/Ground_0_-1/Collision
road,LandDetails/Trail_HillHamlet,Model/Trail_HillHamlet:triangle65:sample1,8.64877986907959,15.9278001785278,-111.825965881348,15.82763671875,15.8037109375,-0.02392578125,0.124089241027832,0.000163459777832026,0.024089241027832,Terrain/Ground_0_-1/Collision,Terrain/Ground_0_-1/Collision
road,LandDetails/Trail_HillHamlet,Model/Trail_HillHamlet:triangle65:sample2,8.06418037414551,15.8845996856689,-112.274436950684,15.784423828125,15.76220703125,-0.022216796875,0.122392654418945,0.000175857543945307,0.0223926544189453,Terrain/Ground_0_-1/Collision,Terrain/Ground_0_-1/Collision
road,LandDetails/Trail_HillHamlet,Model/Trail_HillHamlet:triangle65:sample3,8.60173988342285,15.9329996109009,-112.3251953125,15.8330078125,15.809326171875,-0.023681640625,0.123673439025879,-8.2015991210993e-06,0.0236734390258789,Terrain/Ground_0_-1/Collision,Terrain/Ground_0_-1/Collision
road,LandDetails/Trail_HillHamlet,Model/Trail_HillHamlet:triangle65:sample4,8.23384952545166,15.8927993774414,-111.912696838379,15.792724609375,15.769775390625,-0.02294921875,0.123023986816406,7.47680664062444e-05,0.0230239868164062,Terrain/Ground_0_-1/Collision,Terrain/Ground_0_-1/Collision
road,LandDetails/Trail_HillHamlet,Model/Trail_HillHamlet:triangle65:sample5,8.17504978179932,15.899299621582,-112.536743164063,15.79931640625,15.77685546875,-0.0224609375,0.122444152832031,-1.67846679687556e-05,0.0224441528320312,Terrain/Ground_0_-1/Collision,Terrain/Ground_0_-1/Collision
road,LandDetails/Trail_HillHamlet,Model/Trail_HillHamlet:triangle65:sample6,8.90579986572266,15.9532995223999,-111.976150512695,15.853271484375,15.828857421875,-0.0244140625,0.124442100524902,2.80380249023382e-05,0.0244421005249023,Terrain/Ground_0_-1/Collision,Terrain/Ground_0_-1/Collision
road,LandDetails/Trail_HillHamlet,Model/Trail_HillHamlet:triangle66:sample0,7.9011664390564,15.88463306427,-113.044860839844,15.784423828125,15.76318359375,-0.021240234375,0.12144947052002,0.000209236145019526,0.0214494705200195,Terrain/Ground_0_-1/Collision,Terrain/Ground_0_-1/Collision
road,LandDetails/Trail_HillHamlet,Model/Trail_HillHamlet:triangle66:sample1,8.27950000762939,15.9146995544434,-112.866996765137,15.814453125,15.791748046875,-0.022705078125,0.122951507568359,0.000246429443359369,0.0229515075683594,Terrain/Ground_0_-1/Collision,Terrain/Ground_0_-1/Collision
road,LandDetails/Trail_HillHamlet,Model/Trail_HillHamlet:triangle66:sample2,7.74194049835205,15.8663005828857,-112.81623840332,15.76611328125,15.744873046875,-0.021240234375,0.121427536010742,0.000187301635742182,0.0214275360107422,Terrain/Ground_0_-1/Collision,Terrain/Ground_0_-1/Collision
road,LandDetails/Trail_HillHamlet,Model/Trail_HillHamlet:triangle66:sample3,7.68206024169922,15.8729009628296,-113.451362609863,15.772705078125,15.751953125,-0.020751953125,0.12094783782959,0.000195884704589838,0.0209478378295898,Terrain/Ground_0_-1/Collision,Terrain/Ground_0_-1/Collision
road,LandDetails/Trail_HillHamlet,Model/Trail_HillHamlet:triangle66:sample4,8.17504978179932,15.899299621582,-112.536743164063,15.79931640625,15.77685546875,-0.0224609375,0.122444152832031,-1.67846679687556e-05,0.0224441528320312,Terrain/Ground_0_-1/Collision,Terrain/Ground_0_-1/Collision
road,LandDetails/Trail_HillHamlet,Model/Trail_HillHamlet:triangle66:sample5,7.42824983596802,15.8470497131348,-113.267196655273,15.746826171875,15.726806640625,-0.02001953125,0.120243072509766,0.000223541259765619,0.0202430725097656,Terrain/Ground_0_-1/Collision,Terrain/Ground_0_-1/Collision
road,LandDetails/Trail_HillHamlet,Model/Trail_HillHamlet:triangle66:sample6,8.10019969940186,15.9075498580933,-113.330642700195,15.807373046875,15.785400390625,-0.02197265625,0.122149467468262,0.000176811218261713,0.0221494674682617,Terrain/Ground_0_-1/Collision,Terrain/Ground_0_-1/Collision
road,LandDetails/Trail_HillHamlet,Model/Trail_HillHamlet:triangle67:sample0,8.29933261871338,15.9304323196411,-113.616394042969,15.830322265625,15.80810546875,-0.022216796875,0.122326850891113,0.000110054016113276,0.0223268508911133,Terrain/Ground_0_-1/Collision,Terrain/Ground_0_-1/Collision
road,LandDetails/Trail_HillHamlet,Model/Trail_HillHamlet:triangle67:sample1,8.51840019226074,15.9421806335449,-113.209915161133,15.842041015625,15.819091796875,-0.02294921875,0.123088836669922,0.000139617919921869,0.0230888366699219,Terrain/Ground_0_-1/Collision,Terrain/Ground_0_-1/Collision
road,LandDetails/Trail_HillHamlet,Model/Trail_HillHamlet:triangle67:sample2,7.92096042633057,15.9003810882568,-113.794281005859,15.800048828125,15.779052734375,-0.02099609375,0.121328353881836,0.000332260131835932,0.0213283538818359,Terrain/Ground_0_-1/Collision,Terrain/Ground_0_-1/Collision
road,LandDetails/Trail_HillHamlet,Model/Trail_HillHamlet:triangle67:sample3,8.45863914489746,15.9487400054932,-113.845001220703,15.8486328125,15.825927734375,-0.022705078125,0.122812271118164,0.000107192993164057,0.0228122711181641,Terrain/Ground_0_-1/Collision,Terrain/Ground_0_-1/Collision
road,LandDetails/Trail_HillHamlet,Model/Trail_HillHamlet:triangle67:sample4,8.10019969940186,15.9075498580933,-113.330642700195,15.807373046875,15.785400390625,-0.02197265625,0.122149467468262,0.000176811218261713,0.0221494674682617,Terrain/Ground_0_-1/Collision,Terrain/Ground_0_-1/Collision
road,LandDetails/Trail_HillHamlet,Model/Trail_HillHamlet:triangle67:sample5,8.02549934387207,15.9157495498657,-114.124496459961,15.8154296875,15.79443359375,-0.02099609375,0.121315956115723,0.000319862365722651,0.0213159561157227,Terrain/Ground_0_-1/Collision,Terrain/Ground_0_-1/Collision
road,LandDetails/Trail_HillHamlet,Model/Trail_HillHamlet:triangle67:sample6,8.77229976654053,15.967999458313,-113.39404296875,15.867919921875,15.844482421875,-0.0234375,0.123517036437988,7.95364379882757e-05,0.0235170364379883,Terrain/Ground_0_-1/Collision,Terrain/Ground_0_-1/Collision
road,LandDetails/Trail_HillHamlet,Model/Trail_HillHamlet:triangle68:sample0,7.75096654891968,15.9011335372925,-114.640129089355,15.80078125,15.78076171875,-0.02001953125,0.12037181854248,0.000352287292480463,0.0203718185424805,Terrain/Ground_0_-1/Collision,Terrain/Ground_0_-1/Collision
road,LandDetails/Trail_HillHamlet,Model/Trail_HillHamlet:triangle68:sample1,8.12961959838867,15.9311609268188,-114.45923614502,15.8310546875,15.8095703125,-0.021484375,0.121590614318848,0.000106239318847651,0.0215906143188477,Terrain/Ground_0_-1/Collision,Terrain/Ground_0_-1/Collision
road,LandDetails/Trail_HillHamlet,Model/Trail_HillHamlet:triangle68:sample2,7.59194040298462,15.8828010559082,-114.408515930176,15.782470703125,15.7626953125,-0.019775390625,0.120105743408203,0.000330352783203119,0.0201057434082031,Terrain/Ground_0_-1/Collision,Terrain/Ground_0_-1/Collision
road,LandDetails/Trail_HillHamlet,Model/Trail_HillHamlet:triangle68:sample3,7.5313401222229,15.8894395828247,-115.052642822266,15.7890625,15.769775390625,-0.019287109375,0.119664192199707,0.000377082824707026,0.019664192199707,Terrain/Ground_0_-1/Collision,Terrain/Ground_0_-1/Collision
road,LandDetails/Trail_HillHamlet,Model/Trail_HillHamlet:triangle68:sample4,8.02549934387207,15.9157495498657,-114.124496459961,15.8154296875,15.79443359375,-0.02099609375,0.121315956115723,0.000319862365722651,0.0213159561157227,Terrain/Ground_0_-1/Collision,Terrain/Ground_0_-1/Collision
road,LandDetails/Trail_HillHamlet,Model/Trail_HillHamlet:triangle68:sample5,7.27764987945557,15.8635997772217,-114.866241455078,15.76318359375,15.74462890625,-0.0185546875,0.11897087097168,0.000416183471679682,0.0189708709716797,Terrain/Ground_0_-1/Collision,Terrain/Ground_0_-1/Collision
road,LandDetails/Trail_HillHamlet,Model/Trail_HillHamlet:triangle68:sample6,7.94974994659424,15.9240493774414,-114.929641723633,15.82373046875,15.803466796875,-0.020263671875,0.120582580566406,0.000318908691406244,0.0205825805664062,Terrain/Ground_0_-1/Collision,Terrain/Ground_0_-1/Collision
road,LandDetails/Trail_HillHamlet,Model/Trail_HillHamlet:triangle69:sample0,8.14843368530273,15.9469995498657,-115.21849822998,15.8466796875,15.82568359375,-0.02099609375,0.121315956115723,0.000319862365722651,0.0213159561157227,Terrain/Ground_0_-1/Collision,Terrain/Ground_0_-1/Collision
road,LandDetails/Trail_HillHamlet,Model/Trail_HillHamlet:triangle69:sample1,8.3681001663208,15.9586801528931,-114.806259155273,15.8583984375,15.836669921875,-0.021728515625,0.122010231018066,0.000281715393066401,0.0220102310180664,Terrain/Ground_0_-1/Collision,Terrain/Ground_0_-1/Collision
road,LandDetails/Trail_HillHamlet,Model/Trail_HillHamlet:triangle69:sample2,7.76982021331787,15.9169597625732,-115.399658203125,15.816650390625,15.796875,-0.019775390625,0.120084762573242,0.000309371948242182,0.0200847625732422,Terrain/Ground_0_-1/Collision,Terrain/Ground_0_-1/Collision
road,LandDetails/Trail_HillHamlet,Model/Trail_HillHamlet:triangle69:sample3,8.30738067626953,15.9653606414795,-115.449584960938,15.864990234375,15.84375,-0.021240234375,0.121610641479492,0.000370407104492182,0.0216106414794922,Terrain/Ground_0_-1/Collision,Terrain/Ground_0_-1/Collision
road,LandDetails/Trail_HillHamlet,Model/Trail_HillHamlet:triangle69:sample4,7.94974994659424,15.9240493774414,-114.929641723633,15.82373046875,15.803466796875,-0.020263671875,0.120582580566406,0.000318908691406244,0.0205825805664062,Terrain/Ground_0_-1/Collision,Terrain/Ground_0_-1/Collision
road,LandDetails/Trail_HillHamlet,Model/Trail_HillHamlet:triangle69:sample5,7.87384986877441,15.9323997497559,-115.733795166016,15.83203125,15.81201171875,-0.02001953125,0.120388031005859,0.000368499755859369,0.0203880310058594,Terrain/Ground_0_-1/Collision,Terrain/Ground_0_-1/Collision
road,LandDetails/Trail_HillHamlet,Model/Trail_HillHamlet:triangle69:sample6,8.62170028686523,15.9845495223999,-114.992050170898,15.88427734375,15.86181640625,-0.0224609375,0.122733116149902,0.000272178649902338,0.0227331161499023,Terrain/Ground_0_-1/Collision,Terrain/Ground_0_-1/Collision
road,LandDetails/Trail_HillHamlet,Model/Trail_HillHamlet:triangle70:sample0,7.59859991073608,15.9178667068481,-116.255859375,15.8173828125,15.79833984375,-0.01904296875,0.119526863098145,0.000483894348144526,0.0195268630981445,Terrain/Ground_0_-1/Collision,Terrain/Ground_0_-1/Collision
road,LandDetails/Trail_HillHamlet,Model/Trail_HillHamlet:triangle70:sample1,7.9774808883667,15.9478807449341,-116.071998596191,15.847412109375,15.827392578125,-0.02001953125,0.120488166809082,0.000468635559082026,0.020488166809082,Terrain/Ground_0_-1/Collision,Terrain/Ground_0_-1/Collision
road,LandDetails/Trail_HillHamlet,Model/Trail_HillHamlet:triangle70:sample2,7.43992042541504,15.8994798660278,-116.022079467773,15.799072265625,15.780517578125,-0.0185546875,0.118962287902832,0.000407600402832026,0.018962287902832,Terrain/Ground_0_-1/Collision,Terrain/Ground_0_-1/Collision
road,LandDetails/Trail_HillHamlet,Model/Trail_HillHamlet:triangle70:sample3,7.37840032577515,15.9062404632568,-116.673515319824,15.8056640625,15.78759765625,-0.01806640625,0.118642807006836,0.000576400756835932,0.0186428070068359,Terrain/Ground_0_-1/Collision,Terrain/Ground_0_-1/Collision
road,LandDetails/Trail_HillHamlet,Model/Trail_HillHamlet:triangle70:sample4,7.87384986877441,15.9323997497559,-115.733795166016,15.83203125,15.81201171875,-0.02001953125,0.120388031005859,0.000368499755859369,0.0203880310058594,Terrain/Ground_0_-1/Collision,Terrain/Ground_0_-1/Collision
road,LandDetails/Trail_HillHamlet,Model/Trail_HillHamlet:triangle70:sample5,7.125,15.880350112915,-116.485694885254,15.77978515625,15.762451171875,-0.017333984375,0.117898941040039,0.000564956665039057,0.0178989410400391,Terrain/Ground_0_-1/Collision,Terrain/Ground_0_-1/Collision
road,LandDetails/Trail_HillHamlet,Model/Trail_HillHamlet:triangle70:sample6,7.796950340271,15.9408493041992,-116.548095703125,15.84033203125,15.821044921875,-0.019287109375,0.119804382324219,0.000517272949218744,0.0198043823242187,Terrain/Ground_0_-1/Collision,Terrain/Ground_0_-1/Collision
road,LandDetails/Trail_HillHamlet,Model/Trail_HillHamlet:triangle71:sample0,7.99539995193481,15.9637985229492,-116.841026306152,15.863525390625,15.84375,-0.019775390625,0.120048522949219,0.000273132324218744,0.0200485229492187,Terrain/Ground_0_-1/Collision,Terrain/Ground_0_-1/Collision
road,LandDetails/Trail_HillHamlet,Model/Trail_HillHamlet:triangle71:sample1,8.21556091308594,15.9754400253296,-116.42310333252,15.875,15.854736328125,-0.020263671875,0.12070369720459,0.000440025329589838,0.0207036972045898,Terrain/Ground_0_-1/Collision,Terrain/Ground_0_-1/Collision
road,LandDetails/Trail_HillHamlet,Model/Trail_HillHamlet:triangle71:sample2,7.61648082733154,15.9337997436523,-117.024620056152,15.83349609375,15.814697265625,-0.018798828125,0.119102478027344,0.000303649902343744,0.0191024780273437,Terrain/Ground_0_-1/Collision,Terrain/Ground_0_-1/Collision
road,LandDetails/Trail_HillHamlet,Model/Trail_HillHamlet:triangle71:sample3,8.15415954589844,15.982159614563,-117.075378417969,15.8818359375,15.86181640625,-0.02001953125,0.120343208312988,0.000323677062988276,0.0203432083129883,Terrain/Ground_0_-1/Collision,Terrain/Ground_0_-1/Collision
road,LandDetails/Trail_HillHamlet,Model/Trail_HillHamlet:triangle71:sample4,7.796950340271,15.9408493041992,-116.548095703125,15.84033203125,15.821044921875,-0.019287109375,0.119804382324219,0.000517272949218744,0.0198043823242187,Terrain/Ground_0_-1/Collision,Terrain/Ground_0_-1/Collision
road,LandDetails/Trail_HillHamlet,Model/Trail_HillHamlet:triangle71:sample5,7.72019958496094,15.9492492675781,-117.36344909668,15.8486328125,15.830322265625,-0.018310546875,0.118927001953125,0.000616455078124994,0.018927001953125,Terrain/Ground_0_-1/Collision,Terrain/Ground_0_-1/Collision
road,LandDetails/Trail_HillHamlet,Model/Trail_HillHamlet:triangle71:sample6,8.46904945373535,16.0012989044189,-116.611541748047,15.90087890625,15.8798828125,-0.02099609375,0.121416091918945,0.000419998168945307,0.0214160919189453,Terrain/Ground_0_-1/Collision,Terrain/Ground_0_-1/Collision
road,LandDetails/Trail_HillHamlet,Model/Trail_HillHamlet:triangle72:sample0,7.9006667137146,15.9741668701172,-117.846321105957,15.873779296875,15.85498046875,-0.018798828125,0.119186401367188,0.000387573242187494,0.0191864013671875,Terrain/Ground_0_-1/Collision,Terrain/Ground_0_-1/Collision
road,LandDetails/Trail_HillHamlet,Model/Trail_HillHamlet:triangle72:sample1,8.04504013061523,15.9941005706787,-118.232643127441,15.8935546875,15.87451171875,-0.01904296875,0.119588851928711,0.000545883178710932,0.0195888519287109,Terrain/Ground_0_-1/Collision,Terrain/Ground_0_-1/Collision
road,LandDetails/Trail_HillHamlet,Model/Trail_HillHamlet:triangle72:sample2,8.09731960296631,15.9883794784546,-117.678558349609,15.88818359375,15.868408203125,-0.019775390625,0.11997127532959,0.000195884704589838,0.0199712753295898,Terrain/Ground_0_-1/Collision,Terrain/Ground_0_-1/Collision
road,LandDetails/Trail_HillHamlet,Model/Trail_HillHamlet:triangle72:sample3,7.55964040756226,15.9400205612183,-117.627792358398,15.839599609375,15.8212890625,-0.018310546875,0.118731498718262,0.000420951843261713,0.0187314987182617,Terrain/Ground_0_-1/Collision,Terrain/Ground_0_-1/Collision
road,LandDetails/Trail_HillHamlet,Model/Trail_HillHamlet:triangle72:sample4,8.32695007324219,16.0168495178223,-118.119491577148,15.91650390625,15.896484375,-0.02001953125,0.120365142822266,0.000345611572265619,0.0203651428222656,Terrain/Ground_0_-1/Collision,Terrain/Ground_0_-1/Collision
road,LandDetails/Trail_HillHamlet,Model/Trail_HillHamlet:triangle72:sample5,7.72019958496094,15.9492492675781,-117.36344909668,15.8486328125,15.830322265625,-0.018310546875,0.118927001953125,0.000616455078124994,0.018927001953125,Terrain/Ground_0_-1/Collision,Terrain/Ground_0_-1/Collision
road,LandDetails/Trail_HillHamlet,Model/Trail_HillHamlet:triangle72:sample6,7.65485000610352,15.9563999176025,-118.056045532227,15.85595703125,15.837646484375,-0.018310546875,0.118753433227539,0.000442886352539057,0.0187534332275391,Terrain/Ground_0_-1/Collision,Terrain/Ground_0_-1/Collision
road,LandDetails/Trail_HillHamlet,Model/Trail_HillHamlet:triangle73:sample0,7.43173360824585,15.9361658096313,-118.025695800781,15.835693359375,15.818115234375,-0.017578125,0.118050575256348,0.000472450256347651,0.0180505752563477,Terrain/Ground_0_-1/Collision,Terrain/Ground_0_-1/Collision
road,LandDetails/Trail_HillHamlet,Model/Trail_HillHamlet:triangle73:sample1,7.76367998123169,15.9713010787964,-118.340263366699,15.870849609375,15.8525390625,-0.018310546875,0.118762016296387,0.000451469421386713,0.0187620162963867,Terrain/Ground_0_-1/Collision,Terrain/Ground_0_-1/Collision
road,LandDetails/Trail_HillHamlet,Model/Trail_HillHamlet:triangle73:sample2,7.27828025817871,15.9172210693359,-117.735420227051,15.816650390625,15.79931640625,-0.017333984375,0.117904663085938,0.000570678710937494,0.0179046630859375,Terrain/Ground_0_-1/Collision,Terrain/Ground_0_-1/Collision
road,LandDetails/Trail_HillHamlet,Model/Trail_HillHamlet:triangle73:sample3,7.25323963165283,15.9199800491333,-118.001419067383,15.8193359375,15.802490234375,-0.016845703125,0.117489814758301,0.000644111633300776,0.0174898147583008,Terrain/Ground_0_-1/Collision,Terrain/Ground_0_-1/Collision
road,LandDetails/Trail_HillHamlet,Model/Trail_HillHamlet:triangle73:sample4,7.65485000610352,15.9563999176025,-118.056045532227,15.85595703125,15.837646484375,-0.018310546875,0.118753433227539,0.000442886352539057,0.0187534332275391,Terrain/Ground_0_-1/Collision,Terrain/Ground_0_-1/Collision
road,LandDetails/Trail_HillHamlet,Model/Trail_HillHamlet:triangle73:sample5,7.01679992675781,15.8922500610352,-117.63249206543,15.791748046875,15.775146484375,-0.0166015625,0.117103576660156,0.000502014160156244,0.0171035766601562,Terrain/Ground_0_-1/Collision,Terrain/Ground_0_-1/Collision
road,LandDetails/Trail_HillHamlet,Model/Trail_HillHamlet:triangle73:sample6,7.62354946136475,15.9598503112793,-118.388549804688,15.859375,15.841552734375,-0.017822265625,0.118297576904297,0.000475311279296869,0.0182975769042969,Terrain/Ground_0_-1/Collision,Terrain/Ground_0_-1/Collision
road,LandDetails/Trail_HillHamlet,Model/Trail_HillHamlet:triangle74:sample0,7.37516641616821,15.9218988418579,-118.626564025879,15.8212890625,15.80517578125,-0.01611328125,0.11672306060791,0.000609779357910151,0.0167230606079102,Terrain/Ground_0_-1/Collision,Terrain/Ground_0_-1/Collision
road,LandDetails/Trail_HillHamlet,Model/Trail_HillHamlet:triangle74:sample1,7.72666025161743,15.9609403610229,-118.733505249023,15.860595703125,15.8427734375,-0.017822265625,0.118166923522949,0.000344657897949213,0.0181669235229492,Terrain/Ground_0_-1/Collision,Terrain/Ground_0_-1/Collision
road,LandDetails/Trail_HillHamlet,Model/Trail_HillHamlet:triangle74:sample2,7.21666049957275,15.9098596572876,-118.390579223633,15.809326171875,15.793212890625,-0.01611328125,0.116646766662598,0.000533485412597651,0.0166467666625977,Terrain/Ground_0_-1/Collision,Terrain/Ground_0_-1/Collision
road,LandDetails/Trail_HillHamlet,Model/Trail_HillHamlet:triangle74:sample3,7.18217992782593,15.8948993682861,-118.75562286377,15.79443359375,15.779541015625,-0.014892578125,0.115358352661133,0.000465774536132807,0.0153583526611328,Terrain/Ground_0_-1/Collision,Terrain/Ground_0_-1/Collision
road,LandDetails/Trail_HillHamlet,Model/Trail_HillHamlet:triangle74:sample4,7.61639976501465,15.9556493759155,-118.46524810791,15.855224609375,15.837158203125,-0.01806640625,0.118491172790527,0.000424766540527338,0.0184911727905273,Terrain/Ground_0_-1/Collision,Terrain/Ground_0_-1/Collision
road,LandDetails/Trail_HillHamlet,Model/Trail_HillHamlet:triangle74:sample5,6.93579959869385,15.8731002807617,-118.492897033691,15.7724609375,15.7578125,-0.0146484375,0.115287780761719,0.000639343261718744,0.0152877807617187,Terrain/Ground_0_-1/Collision,Terrain/Ground_0_-1/Collision
road,LandDetails/Trail_HillHamlet,Model/Trail_HillHamlet:triangle74:sample6,7.57329940795898,15.9369487762451,-118.921546936035,15.83642578125,15.8203125,-0.01611328125,0.116636276245117,0.000522994995117182,0.0166362762451172,Terrain/Ground_0_-1/Collision,Terrain/Ground_0_-1/Collision
road,LandDetails/Trail_HillHamlet,Model/Trail_HillHamlet:triangle75:sample0,7.79449987411499,15.9619989395142,-118.972358703613,15.861572265625,15.844482421875,-0.01708984375,0.11751651763916,0.000426673889160151,0.0175165176391602,Terrain/Ground_0_-1/Collision,Terrain/Ground_0_-1/Collision
road,LandDetails/Trail_HillHamlet,Model/Trail_HillHamlet:triangle75:sample1,7.9782600402832,15.9850006103516,-118.940979003906,15.884765625,15.86669921875,-0.01806640625,0.118301391601563,0.000234985351562494,0.0183013916015625,Terrain/Ground_0_-1/Collision,Terrain/Ground_0_-1/Collision
road,LandDetails/Trail_HillHamlet,Model/Trail_HillHamlet:triangle75:sample2,7.4337797164917,15.9189596176147,-118.963104248047,15.818359375,15.80322265625,-0.01513671875,0.115736961364746,0.000600242614746088,0.0157369613647461,Terrain/Ground_0_-1/Collision,Terrain/Ground_0_-1/Collision
road,LandDetails/Trail_HillHamlet,Model/Trail_HillHamlet:triangle75:sample3,7.97145938873291,15.9820404052734,-119.013023376465,15.881591796875,15.86376953125,-0.017822265625,0.118270874023438,0.000448608398437494,0.0182708740234375,Terrain/Ground_0_-1/Collision,Terrain/Ground_0_-1/Collision
road,LandDetails/Trail_HillHamlet,Model/Trail_HillHamlet:triangle75:sample4,7.57329940795898,15.9369487762451,-118.921546936035,15.83642578125,15.8203125,-0.01611328125,0.116636276245117,0.000522994995117182,0.0166362762451172,Terrain/Ground_0_-1/Collision,Terrain/Ground_0_-1/Collision
road,LandDetails/Trail_HillHamlet,Model/Trail_HillHamlet:triangle75:sample5,7.56479930877686,15.9332504272461,-119.011596679688,15.83251953125,15.81689453125,-0.015625,0.116355895996094,0.000730895996093744,0.0163558959960937,Terrain/Ground_0_-1/Collision,Terrain/Ground_0_-1/Collision
road,LandDetails/Trail_HillHamlet,Model/Trail_HillHamlet:triangle75:sample6,8.24539947509766,16.0158004760742,-118.983947753906,15.91552734375,15.896484375,-0.01904296875,0.119316101074219,0.000273132324218744,0.0193161010742187,Terrain/Ground_0_-1/Collision,Terrain/Ground_0_-1/Collision
road,LandDetails/Trail_HillHamlet,Model/Trail_HillHamlet:triangle76:sample0,7.28846597671509,15.8842344284058,-119.545265197754,15.78369140625,15.77099609375,-0.0126953125,0.113238334655762,0.000543022155761713,0.0132383346557617,Terrain/Ground_0_-1/Collision,Terrain/Ground_0_-1/Collision
road,LandDetails/Trail_HillHamlet,Model/Trail_HillHamlet:triangle76:sample1,7.66783952713013,15.9353809356689,-119.35676574707,15.8349609375,15.820068359375,-0.014892578125,0.115312576293945,0.000419998168945307,0.0153125762939453,Terrain/Ground_0_-1/Collision,Terrain/Ground_0_-1/Collision
road,LandDetails/Trail_HillHamlet,Model/Trail_HillHamlet:triangle76:sample2,7.13015985488892,15.8723001480103,-119.306846618652,15.771728515625,15.759033203125,-0.0126953125,0.113266944885254,0.000571632385253901,0.0132669448852539,Terrain/Ground_0_-1/Collision,Terrain/Ground_0_-1/Collision
road,LandDetails/Trail_HillHamlet,Model/Trail_HillHamlet:triangle76:sample3,7.0673999786377,15.8450202941895,-119.972198486328,15.744384765625,15.734375,-0.010009765625,0.110645294189453,0.000635528564453119,0.0106452941894531,Terrain/Ground_0_-1/Collision,Terrain/Ground_0_-1/Collision
road,LandDetails/Trail_HillHamlet,Model/Trail_HillHamlet:triangle76:sample4,7.56479930877686,15.9332504272461,-119.011596679688,15.83251953125,15.81689453125,-0.015625,0.116355895996094,0.000730895996093744,0.0163558959960937,Terrain/Ground_0_-1/Collision,Terrain/Ground_0_-1/Collision
road,LandDetails/Trail_HillHamlet,Model/Trail_HillHamlet:triangle76:sample6,7.48634958267212,15.8991498947144,-119.843292236328,15.798828125,15.785888671875,-0.012939453125,0.113261222839355,0.000321769714355463,0.0132612228393555,Terrain/Ground_0_-1/Collision,Terrain/Ground_0_-1/Collision
road,LandDetails/Trail_HillHamlet,Model/Trail_HillHamlet:triangle77:sample0,7.68413305282593,15.9140663146973,-120.142028808594,15.8134765625,15.801025390625,-0.012451171875,0.113040924072266,0.000589752197265619,0.0130409240722656,Terrain/Ground_0_-1/Collision,Terrain/Ground_0_-1/Collision
road,LandDetails/Trail_HillHamlet,Model/Trail_HillHamlet:triangle77:sample1,7.90523958206177,15.9532804489136,-119.714828491211,15.852783203125,15.838134765625,-0.0146484375,0.115145683288574,0.000497245788574213,0.0151456832885742,Terrain/Ground_0_-1/Collision,Terrain/Ground_0_-1/Collision
road,LandDetails/Trail_HillHamlet,Model/Trail_HillHamlet:triangle77:sample2,7.30480003356934,15.8629198074341,-120.330261230469,15.762451171875,15.75244140625,-0.010009765625,0.110478401184082,0.000468635559082026,0.010478401184082,Terrain/Ground_0_-1/Collision,Terrain/Ground_0_-1/Collision
road,LandDetails/Trail_HillHamlet,Model/Trail_HillHamlet:triangle77:sample3,7.84235954284668,15.9259996414185,-120.381019592285,15.82568359375,15.813232421875,-0.012451171875,0.112767219543457,0.000316047668457026,0.012767219543457,Terrain/Ground_0_-1/Collision,Terrain/Ground_0_-1/Collision
road,LandDetails/Trail_HillHamlet,Model/Trail_HillHamlet:triangle77:sample4,7.48634958267212,15.8991498947144,-119.843292236328,15.798828125,15.785888671875,-0.012939453125,0.113261222839355,0.000321769714355463,0.0132612228393555,Terrain/Ground_0_-1/Collision,Terrain/Ground_0_-1/Collision
road,LandDetails/Trail_HillHamlet,Model/Trail_HillHamlet:triangle77:sample6,8.15829944610596,15.9779996871948,-119.906745910645,15.877685546875,15.86181640625,-0.015869140625,0.116183280944824,0.000314140319824213,0.0161832809448242,Terrain/Ground_0_-1/Collision,Terrain/Ground_0_-1/Collision
road,LandDetails/Trail_HillHamlet,Model/Trail_HillHamlet:triangle82:sample0,7.83366632461548,15.9797325134277,-118.556999206543,15.87939453125,15.861083984375,-0.018310546875,0.118648529052734,0.000337982177734369,0.0186485290527344,Terrain/Ground_0_-1/Collision,Terrain/Ground_0_-1/Collision
road,LandDetails/Trail_HillHamlet,Model/Trail_HillHamlet:triangle82:sample1,8.00176048278809,15.9956398010254,-118.691764831543,15.895263671875,15.876708984375,-0.0185546875,0.118930816650391,0.000376129150390619,0.0189308166503906,Terrain/Ground_0_-1/Collision,Terrain/Ground_0_-1/Collision
road,LandDetails/Trail_HillHamlet,Model/Trail_HillHamlet:triangle82:sample2,8.00483894348145,15.9974403381348,-118.659042358398,15.8974609375,15.87841796875,-0.01904296875,0.119022369384766,-2.05993652343806e-05,0.0190223693847656,Terrain/Ground_0_-1/Collision,Terrain/Ground_0_-1/Collision
road,LandDetails/Trail_HillHamlet,Model/Trail_HillHamlet:triangle82:sample3,7.49440002441406,15.946120262146,-118.320198059082,15.845703125,15.828125,-0.017578125,0.117995262145996,0.000417137145996088,0.0179952621459961,Terrain/Ground_0_-1/Collision,Terrain/Ground_0_-1/Collision
road,LandDetails/Trail_HillHamlet,Model/Trail_HillHamlet:triangle82:sample4,8.25774955749512,16.02174949646,-118.852996826172,15.921630859375,15.90185546875,-0.019775390625,0.119894027709961,0.000118637084960932,0.0198940277099609,Terrain/Ground_0_-1/Collision,Terrain/Ground_0_-1/Collision
road,LandDetails/Trail_HillHamlet,Model/Trail_HillHamlet:triangle82:sample5,7.62354946136475,15.9598503112793,-118.388549804688,15.859375,15.841552734375,-0.017822265625,0.118297576904297,0.000475311279296869,0.0182975769042969,Terrain/Ground_0_-1/Collision,Terrain/Ground_0_-1/Collision
road,LandDetails/Trail_HillHamlet,Model/Trail_HillHamlet:triangle82:sample6,7.61969947814941,15.9575996398926,-118.429443359375,15.857177734375,15.83935546875,-0.017822265625,0.118244171142578,0.000421905517578119,0.0182441711425781,Terrain/Ground_0_-1/Collision,Terrain/Ground_0_-1/Collision
road,LandDetails/Trail_HillHamlet,Model/Trail_HillHamlet:triangle83:sample0,7.40609979629517,15.9356660842896,-118.298492431641,15.835205078125,15.81787109375,-0.017333984375,0.117794990539551,0.000461006164550776,0.0177949905395508,Terrain/Ground_0_-1/Collision,Terrain/Ground_0_-1/Collision
road,LandDetails/Trail_HillHamlet,Model/Trail_HillHamlet:triangle83:sample1,7.74522018432617,15.9692001342773,-118.536666870117,15.868896484375,15.8505859375,-0.018310546875,0.118614196777344,0.000303649902343744,0.0186141967773437,Terrain/Ground_0_-1/Collision,Terrain/Ground_0_-1/Collision
road,LandDetails/Trail_HillHamlet,Model/Trail_HillHamlet:triangle83:sample2,7.23786020278931,15.9196796417236,-118.165100097656,15.8193359375,15.802490234375,-0.016845703125,0.117189407348633,0.000343704223632807,0.0171894073486328,Terrain/Ground_0_-1/Collision,Terrain/Ground_0_-1/Collision
road,LandDetails/Trail_HillHamlet,Model/Trail_HillHamlet:triangle83:sample3,7.23521995544434,15.918119430542,-118.193740844727,15.8173828125,15.800537109375,-0.016845703125,0.117582321166992,0.000736618041992182,0.0175823211669922,Terrain/Ground_0_-1/Collision,Terrain/Ground_0_-1/Collision
road,LandDetails/Trail_HillHamlet,Model/Trail_HillHamlet:triangle83:sample4,7.61969947814941,15.9575996398926,-118.429443359375,15.857177734375,15.83935546875,-0.017822265625,0.118244171142578,0.000421905517578119,0.0182441711425781,Terrain/Ground_0_-1/Collision,Terrain/Ground_0_-1/Collision
road,LandDetails/Trail_HillHamlet,Model/Trail_HillHamlet:triangle83:sample5,6.98219966888428,15.8937492370605,-118.000793457031,15.793212890625,15.77685546875,-0.016357421875,0.116893768310547,0.000536346435546869,0.0168937683105469,Terrain/Ground_0_-1/Collision,Terrain/Ground_0_-1/Collision
road,LandDetails/Trail_HillHamlet,Model/Trail_HillHamlet:triangle83:sample6,7.61639976501465,15.9556493759155,-118.46524810791,15.855224609375,15.837158203125,-0.01806640625,0.118491172790527,0.000424766540527338,0.0184911727905273,Terrain/Ground_0_-1/Collision,Terrain/Ground_0_-1/Collision
landmark,Settlements/cottage_57181,origin,10.2330474853516,16.019287109375,-112.987030029297,16.019287109375,15.98974609375,-0.029541015625,0.029541015625,,,Terrain/Ground_0_-1/Collision,Terrain/Ground_0_-1/Collision
landmark,Settlements/cottage_57181,"Model/cottage:bottom-aabb:0.0,0.0",7.95804738998413,16.019287109375,-114.787033081055,15.82177734375,15.801025390625,-0.020751953125,0.21826171875,,,Terrain/Ground_0_-1/Collision,Terrain/Ground_0_-1/Collision
landmark,Settlements/cottage_57181,"Model/cottage:bottom-aabb:0.0,0.5",7.95804738998413,16.019287109375,-112.987030029297,15.788330078125,15.766845703125,-0.021484375,0.25244140625,,,Terrain/Ground_0_-1/Collision,Terrain/Ground_0_-1/Collision
landmark,Settlements/cottage_57181,"Model/cottage:bottom-aabb:0.0,1.0",7.95804738998413,16.019287109375,-111.187026977539,15.7548828125,15.732177734375,-0.022705078125,0.287109375,,,Terrain/Ground_0_-1/Collision,Terrain/Ground_0_-1/Collision
landmark,Settlements/cottage_57181,"Model/cottage:bottom-aabb:0.5,0.0",10.2330474853516,16.019287109375,-114.787033081055,16.022705078125,15.99609375,-0.026611328125,0.023193359375,,,Terrain/Ground_0_-1/Collision,Terrain/Ground_0_-1/Collision
landmark,Settlements/cottage_57181,"Model/cottage:bottom-aabb:0.5,0.5",10.2330474853516,16.019287109375,-112.987030029297,16.019287109375,15.98974609375,-0.029541015625,0.029541015625,,,Terrain/Ground_0_-1/Collision,Terrain/Ground_0_-1/Collision
landmark,Settlements/cottage_57181,"Model/cottage:bottom-aabb:0.5,1.0",10.2330474853516,16.019287109375,-111.187026977539,16.14404296875,16.1044921875,-0.03955078125,-0.085205078125,,,Terrain/Ground_0_-1/Collision,Terrain/Ground_0_-1/Collision
landmark,Settlements/cottage_57181,"Model/cottage:bottom-aabb:1.0,0.0",12.5080471038818,16.019287109375,-114.787033081055,16.40283203125,16.359619140625,-0.043212890625,-0.34033203125,,,Terrain/Ground_0_-1/Collision,Terrain/Ground_0_-1/Collision
landmark,Settlements/cottage_57181,"Model/cottage:bottom-aabb:1.0,0.5",12.5080471038818,16.019287109375,-112.987030029297,16.527587890625,16.474365234375,-0.05322265625,-0.455078125,,,Terrain/Ground_0_-1/Collision,Terrain/Ground_0_-1/Collision
landmark,Settlements/cottage_57181,"Model/cottage:bottom-aabb:1.0,1.0",12.5080471038818,16.019287109375,-111.187026977539,16.652099609375,16.5888671875,-0.063232421875,-0.569580078125,,,Terrain/Ground_0_-1/Collision,Terrain/Ground_0_-1/Collision
vegetation,Vegetation/bush_0_-1,instance8,91.5220031738281,29.79638671875,-126.065002441406,29.79638671875,29.328369140625,-0.468017578125,0.468017578125,,,Terrain/Ground_0_-1/Collision,Terrain/Ground_0_-1/Collision
vegetation,Vegetation/rock_0_-1,instance4,25.1889991760254,19.30517578125,-115.512023925781,19.30517578125,19.1279296875,-0.17724609375,0.17724609375,,,Terrain/Ground_0_-1/Collision,Terrain/Ground_0_-1/Collision
vegetation,Vegetation/rock_0_-1,instance11,64.3629989624023,25.152587890625,-132.601013183594,25.152587890625,24.88623046875,-0.266357421875,0.266357421875,,,Terrain/Ground_0_-1/Collision,Terrain/Ground_0_-1/Collision
vegetation,Vegetation/rock_0_-1,instance20,47.4140014648438,24.19677734375,-128.8330078125,24.19677734375,23.87548828125,-0.3212890625,0.3212890625,,,Terrain/Ground_0_-1/Collision,Terrain/Ground_0_-1/Collision
vegetation,Vegetation/rock_0_-1,instance29,154.567001342773,43.954345703125,-102.049987792969,43.954345703125,43.059814453125,-0.89453125,0.89453125,,,Terrain/Ground_0_-1/Collision,Terrain/Ground_0_-1/Collision
vegetation,Vegetation/bush_0_0,instance4,109.825996398926,20.31103515625,73.7239990234375,18.626708984375,7.346435546875,-11.2802734375,12.964599609375,,,Terrain/Ground_0_0/Collision,Terrain/Ground_0_0/Collision
vegetation,Vegetation/bush_0_0,instance8,116.962997436523,18.266357421875,154.339996337891,18.266357421875,13.07568359375,-5.190673828125,5.190673828125,,,Terrain/Ground_0_0/Collision,Terrain/Ground_0_0/Collision
vegetation,Vegetation/rock_0_0,instance2,190.891998291016,33.305908203125,13.5150003433228,33.305908203125,32.880859375,-0.425048828125,0.425048828125,,,Terrain/Ground_0_0/Collision,Cliffs/cliff_eastern_plateau/Collision
vegetation,Vegetation/rock_0_0,instance5,227.272003173828,16.977783203125,82.2099990844727,16.977783203125,9.671630859375,-7.30615234375,7.30615234375,,,Terrain/Ground_0_0/Collision,Terrain/Ground_0_0/Collision
vegetation,Vegetation/rock_0_0,instance7,10.5509996414185,18.20361328125,108.750999450684,18.20361328125,17.125732421875,-1.077880859375,1.077880859375,,,Terrain/Ground_0_0/Collision,Terrain/Ground_0_0/Collision
vegetation,Vegetation/rock_0_0,instance15,153.065002441406,17.98388671875,65.1350021362305,17.98388671875,6.76953125,-11.21435546875,11.21435546875,,,Terrain/Ground_0_0/Collision,Terrain/Ground_0_0/Collision
vegetation,Vegetation/rock_0_0,instance16,331.97900390625,22.041748046875,131.602005004883,22.041748046875,21.29541015625,-0.746337890625,0.746337890625,,,Terrain/Ground_0_0/Collision,Terrain/Ground_0_0/Collision
vegetation,Vegetation/rock_0_0,instance28,207.858001708984,15.973876953125,74.7440032958984,15.973876953125,7.580810546875,-8.39306640625,8.39306640625,,,Terrain/Ground_0_0/Collision,Terrain/Ground_0_0/Collision
vegetation,Vegetation/Authored_EastMeadowCopse,instance0,45.4909973144531,27.712646484375,-68.966552734375,27.712646484375,26.982421875,-0.730224609375,0.730224609375,,,Terrain/Ground_0_-1/Collision,Terrain/Ground_0_-1/Collision
vegetation,Vegetation/Authored_EastMeadowCopse,instance1,40.8158950805664,26.2998046875,-66.428955078125,26.2998046875,25.67626953125,-0.62353515625,0.62353515625,,,Terrain/Ground_0_-1/Collision,Terrain/Ground_0_-1/Collision
vegetation,Vegetation/Authored_EastMeadowCopse,instance2,51.2654418945313,29.075439453125,-70.857666015625,29.075439453125,28.244384765625,-0.8310546875,0.8310546875,,,Terrain/Ground_0_-1/Collision,Terrain/Ground_0_-1/Collision
vegetation,Vegetation/Authored_EastMeadowCopse,instance3,38.2491035461426,25.764892578125,-72.2613525390625,25.764892578125,25.168212890625,-0.5966796875,0.5966796875,,,Terrain/Ground_0_-1/Collision,Terrain/Ground_0_-1/Collision
vegetation,Vegetation/Authored_EastMeadowCopse,instance4,43.0281562805176,27.132080078125,-68.1920166015625,27.132080078125,26.4443359375,-0.687744140625,0.687744140625,,,Terrain/Ground_0_-1/Collision,Terrain/Ground_0_-1/Collision
vegetation,Vegetation/Authored_NearMeadowShrubs,instance0,41.553653717041,26.5654296875,-65.8760986328125,26.5654296875,25.921630859375,-0.643798828125,0.643798828125,,,Terrain/Ground_0_-1/Collision,Terrain/Ground_0_-1/Collision
vegetation,Vegetation/Authored_NearMeadowShrubs,instance1,39.3095817565918,26.016845703125,-65.3317260742188,26.016845703125,25.412353515625,-0.6044921875,0.6044921875,,,Terrain/Ground_0_-1/Collision,Terrain/Ground_0_-1/Collision
vegetation,Vegetation/Authored_NearMeadowShrubs,instance2,38.823356628418,26.177978515625,-59.620849609375,26.177978515625,25.572265625,-0.605712890625,0.605712890625,,,Terrain/Ground_0_-1/Collision,Terrain/Ground_0_-1/Collision
vegetation,Vegetation/Authored_NearMeadowShrubs,instance3,35.7626953125,25.3519725799561,-69.5235595703125,25.007568359375,24.468017578125,-0.53955078125,0.883955001831055,,,Terrain/Ground_0_-1/Collision,Terrain/Ground_0_-1/Collision
vegetation,Vegetation/Authored_NearMeadowShrubs,instance4,34.9081649780273,25.0553741455078,-72.844482421875,24.6376953125,24.116455078125,-0.521240234375,0.938919067382813,,,Terrain/Ground_0_-1/Collision,Terrain/Ground_0_-1/Collision
vegetation,Vegetation/Authored_NearMeadowShrubs,instance5,37.4086799621582,25.75927734375,-60.2058715820313,25.75927734375,25.183349609375,-0.575927734375,0.575927734375,,,Terrain/Ground_0_-1/Collision,Terrain/Ground_0_-1/Collision
vegetation,Vegetation/Authored_NearMeadowShrubs,instance6,42.5042724609375,27.4793758392334,-69.1441650390625,27.030517578125,26.345947265625,-0.6845703125,1.1334285736084,,,Terrain/Ground_0_-1/Collision,Terrain/Ground_0_-1/Collision
vegetation,Vegetation/Authored_NearMeadowShrubs,instance7,37.863037109375,26.0023403167725,-70.3121337890625,25.67724609375,25.089111328125,-0.588134765625,0.913228988647461,,,Terrain/Ground_0_-1/Collision,Terrain/Ground_0_-1/Collision
vegetation,Vegetation/Authored_NearMeadowShrubs,instance8,49.7345542907715,29.1078624725342,-70.07177734375,28.708740234375,27.90576171875,-0.802978515625,1.20210075378418,,,Terrain/Ground_0_-1/Collision,Terrain/Ground_0_-1/Collision
