Blender 4.5.14 LTS (hash 62c1db4208e8 built 2026-09-15 01:31:19)
Read blend: "/workspace/scratch/a29d03198654/Aether/source-assets/lake49/island_near_left.blend"
Fra:1 Mem:13.21M (Peak 13.21M) | Time:00:00.00 | Mem:0.00M, Peak:0.00M | Scene, ViewLayer | Synchronizing object | island_near_left_rockroot
Fra:1 Mem:13.21M (Peak 13.21M) | Time:00:00.00 | Mem:0.00M, Peak:0.00M | Scene, ViewLayer | Synchronizing object | island_near_left_grasscap_west
Fra:1 Mem:13.26M (Peak 13.26M) | Time:00:00.00 | Mem:0.00M, Peak:0.00M | Scene, ViewLayer | Synchronizing object | island_near_left_grasscap_east
Fra:1 Mem:13.26M (Peak 13.26M) | Time:00:00.00 | Mem:0.00M, Peak:0.00M | Scene, ViewLayer | Synchronizing object | island_near_left_wetshore_00
Fra:1 Mem:13.28M (Peak 13.28M) | Time:00:00.00 | Mem:0.00M, Peak:0.00M | Scene, ViewLayer | Synchronizing object | island_near_left_wetshore_01
Fra:1 Mem:13.29M (Peak 13.29M) | Time:00:00.00 | Mem:0.00M, Peak:0.00M | Scene, ViewLayer | Synchronizing object | island_near_left_wetshore_02
Fra:1 Mem:13.31M (Peak 13.31M) | Time:00:00.00 | Mem:0.00M, Peak:0.00M | Scene, ViewLayer | Synchronizing object | island_near_left_wetshore_03
Fra:1 Mem:13.32M (Peak 13.32M) | Time:00:00.00 | Mem:0.00M, Peak:0.00M | Scene, ViewLayer | Synchronizing object | island_near_left_wetshore_04
Fra:1 Mem:13.32M (Peak 13.32M) | Time:00:00.00 | Mem:0.00M, Peak:0.00M | Scene, ViewLayer | Synchronizing object | island_near_left_wetshore_05
Fra:1 Mem:13.33M (Peak 13.33M) | Time:00:00.00 | Mem:0.00M, Peak:0.00M | Scene, ViewLayer | Synchronizing object | island_near_left_pine_01_trunk
Fra:1 Mem:13.33M (Peak 13.33M) | Time:00:00.00 | Mem:0.00M, Peak:0.00M | Scene, ViewLayer | Synchronizing object | island_near_left_pine_01_branch_00_00
Fra:1 Mem:13.34M (Peak 13.34M) | Time:00:00.00 | Mem:0.00M, Peak:0.00M | Scene, ViewLayer | Synchronizing object | island_near_left_pine_01_branch_00_01
Fra:1 Mem:13.34M (Peak 13.34M) | Time:00:00.00 | Mem:0.00M, Peak:0.00M | Scene, ViewLayer | Synchronizing object | island_near_left_pine_01_branch_00_02
Fra:1 Mem:13.35M (Peak 13.35M) | Time:00:00.00 | Mem:0.00M, Peak:0.00M | Scene, ViewLayer | Synchronizing object | island_near_left_pine_01_branch_00_04
Fra:1 Mem:13.35M (Peak 13.35M) | Time:00:00.00 | Mem:0.00M, Peak:0.00M | Scene, ViewLayer | Synchronizing object | island_near_left_pine_01_crown_tier_00
Fra:1 Mem:13.35M (Peak 13.35M) | Time:00:00.00 | Mem:0.00M, Peak:0.00M | Scene, ViewLayer | Synchronizing object | island_near_left_pine_01_branch_01_00
Fra:1 Mem:13.37M (Peak 13.37M) | Time:00:00.00 | Mem:0.00M, Peak:0.00M | Scene, ViewLayer | Synchronizing object | island_near_left_pine_01_branch_01_01
Fra:1 Mem:13.37M (Peak 13.37M) | Time:00:00.00 | Mem:0.00M, Peak:0.00M | Scene, ViewLayer | Synchronizing object | island_near_left_pine_01_branch_01_02
Fra:1 Mem:13.37M (Peak 13.37M) | Time:00:00.00 | Mem:0.00M, Peak:0.00M | Scene, ViewLayer | Synchronizing object | island_near_left_pine_01_branch_01_04
Fra:1 Mem:13.38M (Peak 13.38M) | Time:00:00.00 | Mem:0.00M, Peak:0.00M | Scene, ViewLayer | Synchronizing object | island_near_left_pine_01_crown_tier_01
Fra:1 Mem:13.38M (Peak 13.38M) | Time:00:00.00 | Mem:0.00M, Peak:0.00M | Scene, ViewLayer | Synchronizing object | island_near_left_pine_01_branch_02_00
Fra:1 Mem:13.38M (Peak 13.38M) | Time:00:00.00 | Mem:0.00M, Peak:0.00M | Scene, ViewLayer | Synchronizing object | island_near_left_pine_01_branch_02_01
Fra:1 Mem:13.39M (Peak 13.39M) | Time:00:00.00 | Mem:0.00M, Peak:0.00M | Scene, ViewLayer | Synchronizing object | island_near_left_pine_01_branch_02_02
Fra:1 Mem:13.40M (Peak 13.40M) | Time:00:00.00 | Mem:0.00M, Peak:0.00M | Scene, ViewLayer | Synchronizing object | island_near_left_pine_01_branch_02_03
Fra:1 Mem:13.40M (Peak 13.40M) | Time:00:00.00 | Mem:0.00M, Peak:0.00M | Scene, ViewLayer | Synchronizing object | island_near_left_pine_01_crown_tier_02
Fra:1 Mem:13.40M (Peak 13.40M) | Time:00:00.00 | Mem:0.00M, Peak:0.00M | Scene, ViewLayer | Synchronizing object | island_near_left_pine_01_crown_tier_03
Fra:1 Mem:13.41M (Peak 13.41M) | Time:00:00.00 | Mem:0.00M, Peak:0.00M | Scene, ViewLayer | Synchronizing object | island_near_left_pine_01_crown_tier_04
Fra:1 Mem:13.42M (Peak 13.42M) | Time:00:00.00 | Mem:0.00M, Peak:0.00M | Scene, ViewLayer | Synchronizing object | island_near_left_pine_02_trunk
Fra:1 Mem:13.42M (Peak 13.42M) | Time:00:00.00 | Mem:0.00M, Peak:0.00M | Scene, ViewLayer | Synchronizing object | island_near_left_pine_02_branch_00_00
Fra:1 Mem:13.43M (Peak 13.43M) | Time:00:00.00 | Mem:0.00M, Peak:0.00M | Scene, ViewLayer | Synchronizing object | island_near_left_pine_02_branch_00_01
Fra:1 Mem:13.43M (Peak 13.43M) | Time:00:00.00 | Mem:0.00M, Peak:0.00M | Scene, ViewLayer | Synchronizing object | island_near_left_pine_02_branch_00_02
Fra:1 Mem:13.44M (Peak 13.44M) | Time:00:00.00 | Mem:0.00M, Peak:0.00M | Scene, ViewLayer | Synchronizing object | island_near_left_pine_02_branch_00_03
Fra:1 Mem:13.44M (Peak 13.44M) | Time:00:00.00 | Mem:0.00M, Peak:0.00M | Scene, ViewLayer | Synchronizing object | island_near_left_pine_02_leader
Fra:1 Mem:13.45M (Peak 13.45M) | Time:00:00.00 | Mem:0.00M, Peak:0.00M | Scene, ViewLayer | Synchronizing object | island_near_left_pine_02_crown_tier_00
Fra:1 Mem:13.46M (Peak 13.46M) | Time:00:00.00 | Mem:0.00M, Peak:0.00M | Scene, ViewLayer | Synchronizing object | island_near_left_pine_02_crown_tier_04
Fra:1 Mem:13.46M (Peak 13.46M) | Time:00:00.00 | Mem:0.00M, Peak:0.00M | Scene, ViewLayer | Synchronizing object | island_near_left_pine_02_branch_01_02
Fra:1 Mem:13.47M (Peak 13.47M) | Time:00:00.00 | Mem:0.00M, Peak:0.00M | Scene, ViewLayer | Synchronizing object | island_near_left_pine_02_crown_tier_03
Fra:1 Mem:13.48M (Peak 13.48M) | Time:00:00.00 | Mem:0.00M, Peak:0.00M | Scene, ViewLayer | Synchronizing object | island_near_left_pine_02_branch_01_03
Fra:1 Mem:13.48M (Peak 13.48M) | Time:00:00.00 | Mem:0.00M, Peak:0.00M | Scene, ViewLayer | Synchronizing object | island_near_left_pine_02_branch_01_04
Fra:1 Mem:13.48M (Peak 13.48M) | Time:00:00.00 | Mem:0.00M, Peak:0.00M | Scene, ViewLayer | Synchronizing object | island_near_left_pine_02_crown_tier_02
Fra:1 Mem:13.49M (Peak 13.49M) | Time:00:00.00 | Mem:0.00M, Peak:0.00M | Scene, ViewLayer | Synchronizing object | island_near_left_pine_02_branch_02_01
Fra:1 Mem:13.50M (Peak 13.50M) | Time:00:00.00 | Mem:0.00M, Peak:0.00M | Scene, ViewLayer | Synchronizing object | island_near_left_pine_02_branch_02_04
Fra:1 Mem:13.51M (Peak 13.51M) | Time:00:00.00 | Mem:0.00M, Peak:0.00M | Scene, ViewLayer | Synchronizing object | island_near_left_pine_02_branch_02_02
Fra:1 Mem:13.51M (Peak 13.51M) | Time:00:00.00 | Mem:0.00M, Peak:0.00M | Scene, ViewLayer | Synchronizing object | island_near_left_pine_02_branch_02_03
Fra:1 Mem:13.52M (Peak 13.52M) | Time:00:00.00 | Mem:0.00M, Peak:0.00M | Scene, ViewLayer | Initializing
Fra:1 Mem:11.33M (Peak 13.52M) | Time:00:00.00 | Mem:0.00M, Peak:0.00M | Scene, ViewLayer | Waiting for render to start
Fra:1 Mem:11.33M (Peak 13.52M) | Time:00:00.00 | Mem:0.00M, Peak:0.00M | Scene, ViewLayer | Updating Scene
Fra:1 Mem:11.33M (Peak 13.52M) | Time:00:00.00 | Mem:0.00M, Peak:0.00M | Scene, ViewLayer | Updating Shaders
Fra:1 Mem:11.33M (Peak 13.52M) | Time:00:00.00 | Mem:0.00M, Peak:0.00M | Scene, ViewLayer | Loading render kernels (may take a few minutes the first time)
Fra:1 Mem:11.42M (Peak 13.52M) | Time:00:00.00 | Mem:0.01M, Peak:0.01M | Scene, ViewLayer | Updating Procedurals
Fra:1 Mem:11.42M (Peak 13.52M) | Time:00:00.00 | Mem:0.01M, Peak:0.01M | Scene, ViewLayer | Updating Background
Fra:1 Mem:11.42M (Peak 13.52M) | Time:00:00.00 | Mem:0.01M, Peak:0.01M | Scene, ViewLayer | Updating Camera
Fra:1 Mem:11.42M (Peak 13.52M) | Time:00:00.00 | Mem:0.01M, Peak:0.01M | Scene, ViewLayer | Updating Meshes Flags
Fra:1 Mem:11.42M (Peak 13.52M) | Time:00:00.00 | Mem:0.01M, Peak:0.01M | Scene, ViewLayer | Updating Objects
Fra:1 Mem:11.42M (Peak 13.52M) | Time:00:00.00 | Mem:0.01M, Peak:0.01M | Scene, ViewLayer | Updating Objects | Copying Transformations to device
Fra:1 Mem:11.43M (Peak 13.52M) | Time:00:00.00 | Mem:0.02M, Peak:0.02M | Scene, ViewLayer | Updating Particle Systems
Fra:1 Mem:11.43M (Peak 13.52M) | Time:00:00.00 | Mem:0.02M, Peak:0.02M | Scene, ViewLayer | Updating Particle Systems | Copying Particles to device
Fra:1 Mem:11.43M (Peak 13.52M) | Time:00:00.00 | Mem:0.02M, Peak:0.02M | Scene, ViewLayer | Updating Meshes
Fra:1 Mem:11.43M (Peak 13.52M) | Time:00:00.00 | Mem:0.02M, Peak:0.02M | Scene, ViewLayer | Updating Objects | Applying Static Transformations
Fra:1 Mem:11.43M (Peak 13.52M) | Time:00:00.00 | Mem:0.02M, Peak:0.02M | Scene, ViewLayer | Updating Mesh | Computing attributes
Fra:1 Mem:11.56M (Peak 13.52M) | Time:00:00.00 | Mem:0.02M, Peak:0.02M | Scene, ViewLayer | Updating Mesh | Copying Attributes to device
Fra:1 Mem:11.55M (Peak 13.52M) | Time:00:00.00 | Mem:0.14M, Peak:0.14M | Scene, ViewLayer | Updating Scene BVH | Building
Fra:1 Mem:11.55M (Peak 13.52M) | Time:00:00.00 | Mem:0.14M, Peak:0.14M | Scene, ViewLayer | Updating Scene BVH | Building BVH
Fra:1 Mem:11.55M (Peak 13.52M) | Time:00:00.00 | Mem:0.21M, Peak:0.21M | Scene, ViewLayer | Updating Scene BVH | Building BVH 0%
Fra:1 Mem:11.55M (Peak 13.52M) | Time:00:00.00 | Mem:0.30M, Peak:0.36M | Scene, ViewLayer | Updating Scene BVH | Copying BVH to device
Fra:1 Mem:11.55M (Peak 13.52M) | Time:00:00.00 | Mem:0.30M, Peak:0.36M | Scene, ViewLayer | Updating Mesh | Computing normals
Fra:1 Mem:11.62M (Peak 13.52M) | Time:00:00.00 | Mem:0.30M, Peak:0.36M | Scene, ViewLayer | Updating Mesh | Copying Mesh to device
Fra:1 Mem:11.62M (Peak 13.52M) | Time:00:00.00 | Mem:0.36M, Peak:0.36M | Scene, ViewLayer | Updating Objects Flags
Fra:1 Mem:11.62M (Peak 13.52M) | Time:00:00.00 | Mem:0.36M, Peak:0.36M | Scene, ViewLayer | Updating Primitive Offsets
Fra:1 Mem:11.62M (Peak 13.52M) | Time:00:00.00 | Mem:0.36M, Peak:0.36M | Scene, ViewLayer | Updating Images
Fra:1 Mem:11.62M (Peak 13.52M) | Time:00:00.00 | Mem:0.36M, Peak:0.36M | Scene, ViewLayer | Updating Camera Volume
Fra:1 Mem:11.62M (Peak 13.52M) | Time:00:00.00 | Mem:0.36M, Peak:0.36M | Scene, ViewLayer | Updating Lookup Tables
Fra:1 Mem:11.62M (Peak 13.52M) | Time:00:00.00 | Mem:0.44M, Peak:0.44M | Scene, ViewLayer | Updating Lights
Fra:1 Mem:11.62M (Peak 13.52M) | Time:00:00.00 | Mem:0.44M, Peak:0.44M | Scene, ViewLayer | Updating Lights | Computing tree
Fra:1 Mem:11.62M (Peak 13.52M) | Time:00:00.00 | Mem:0.44M, Peak:0.44M | Scene, ViewLayer | Updating Integrator
Fra:1 Mem:11.62M (Peak 13.52M) | Time:00:00.00 | Mem:0.44M, Peak:0.44M | Scene, ViewLayer | Updating Film
Fra:1 Mem:11.62M (Peak 13.52M) | Time:00:00.00 | Mem:0.36M, Peak:0.44M | Scene, ViewLayer | Updating Lookup Tables
Fra:1 Mem:11.62M (Peak 13.52M) | Time:00:00.00 | Mem:0.45M, Peak:0.45M | Scene, ViewLayer | Updating Baking
Fra:1 Mem:11.62M (Peak 13.52M) | Time:00:00.00 | Mem:0.45M, Peak:0.45M | Scene, ViewLayer | Updating Device | Writing constant memory
Fra:1 Mem:11.63M (Peak 13.52M) | Time:00:00.00 | Mem:0.45M, Peak:0.45M | Scene, ViewLayer | Loading denoising kernels (may take a few minutes the first time)
Fra:1 Mem:11.63M (Peak 13.52M) | Time:00:00.00 | Mem:0.45M, Peak:0.45M | Scene, ViewLayer | Sample 0/12
Fra:1 Mem:46.46M (Peak 46.46M) | Time:00:00.19 | Remaining:00:02.09 | Mem:35.24M, Peak:35.24M | Scene, ViewLayer | Sample 1/12
Fra:1 Mem:61.11M (Peak 83.08M) | Time:00:04.86 | Mem:35.24M, Peak:35.24M | Scene, ViewLayer | Sample 12/12
Fra:1 Mem:61.11M (Peak 83.08M) | Time:00:04.86 | Mem:35.24M, Peak:35.24M | Scene, ViewLayer | Finished
Saved: '/workspace/scratch/a29d03198654/Aether/source-assets/lake49/source-views/island_near_left-front.png'
Time: 00:04.92 (Saving: 00:00.06)

RENDERED island_near_left front
Fra:1 Mem:13.31M (Peak 13.31M) | Time:00:00.00 | Mem:0.00M, Peak:0.00M | Scene, ViewLayer | Synchronizing object | island_near_left_rockroot
Fra:1 Mem:13.31M (Peak 13.31M) | Time:00:00.00 | Mem:0.00M, Peak:0.00M | Scene, ViewLayer | Synchronizing object | island_near_left_shoulder
Fra:1 Mem:13.33M (Peak 13.33M) | Time:00:00.00 | Mem:0.00M, Peak:0.00M | Scene, ViewLayer | Synchronizing object | island_near_left_grasscap_east
Fra:1 Mem:13.35M (Peak 13.35M) | Time:00:00.00 | Mem:0.00M, Peak:0.00M | Scene, ViewLayer | Synchronizing object | island_near_left_wetshore_00
Fra:1 Mem:13.36M (Peak 13.36M) | Time:00:00.00 | Mem:0.00M, Peak:0.00M | Scene, ViewLayer | Synchronizing object | island_near_left_wetshore_01
Fra:1 Mem:13.37M (Peak 13.37M) | Time:00:00.00 | Mem:0.00M, Peak:0.00M | Scene, ViewLayer | Synchronizing object | island_near_left_wetshore_02
Fra:1 Mem:13.37M (Peak 13.37M) | Time:00:00.00 | Mem:0.00M, Peak:0.00M | Scene, ViewLayer | Synchronizing object | island_near_left_wetshore_03
Fra:1 Mem:13.39M (Peak 13.39M) | Time:00:00.00 | Mem:0.00M, Peak:0.00M | Scene, ViewLayer | Synchronizing object | island_near_left_wetshore_04
Fra:1 Mem:13.39M (Peak 13.39M) | Time:00:00.00 | Mem:0.00M, Peak:0.00M | Scene, ViewLayer | Synchronizing object | island_near_left_wetshore_05
Fra:1 Mem:13.40M (Peak 13.40M) | Time:00:00.00 | Mem:0.00M, Peak:0.00M | Scene, ViewLayer | Synchronizing object | island_near_left_pine_01_trunk
Fra:1 Mem:13.40M (Peak 13.40M) | Time:00:00.00 | Mem:0.00M, Peak:0.00M | Scene, ViewLayer | Synchronizing object | island_near_left_pine_01_branch_00_00
Fra:1 Mem:13.40M (Peak 13.40M) | Time:00:00.00 | Mem:0.00M, Peak:0.00M | Scene, ViewLayer | Synchronizing object | island_near_left_pine_01_branch_00_02
Fra:1 Mem:13.40M (Peak 13.40M) | Time:00:00.00 | Mem:0.00M, Peak:0.00M | Scene, ViewLayer | Synchronizing object | island_near_left_pine_01_branch_00_03
Fra:1 Mem:13.41M (Peak 13.41M) | Time:00:00.00 | Mem:0.00M, Peak:0.00M | Scene, ViewLayer | Synchronizing object | island_near_left_pine_01_branch_00_04
Fra:1 Mem:13.41M (Peak 13.41M) | Time:00:00.00 | Mem:0.00M, Peak:0.00M | Scene, ViewLayer | Synchronizing object | island_near_left_pine_01_crown_tier_00
Fra:1 Mem:13.41M (Peak 13.41M) | Time:00:00.00 | Mem:0.00M, Peak:0.00M | Scene, ViewLayer | Synchronizing object | island_near_left_pine_01_branch_01_00
Fra:1 Mem:13.41M (Peak 13.41M) | Time:00:00.00 | Mem:0.00M, Peak:0.00M | Scene, ViewLayer | Synchronizing object | island_near_left_pine_01_branch_01_01
Fra:1 Mem:13.42M (Peak 13.42M) | Time:00:00.00 | Mem:0.00M, Peak:0.00M | Scene, ViewLayer | Synchronizing object | island_near_left_pine_01_branch_01_02
Fra:1 Mem:13.42M (Peak 13.42M) | Time:00:00.00 | Mem:0.00M, Peak:0.00M | Scene, ViewLayer | Synchronizing object | island_near_left_pine_01_branch_01_04
Fra:1 Mem:13.43M (Peak 13.43M) | Time:00:00.00 | Mem:0.00M, Peak:0.00M | Scene, ViewLayer | Synchronizing object | island_near_left_pine_01_crown_tier_01
Fra:1 Mem:13.43M (Peak 13.43M) | Time:00:00.00 | Mem:0.00M, Peak:0.00M | Scene, ViewLayer | Synchronizing object | island_near_left_pine_01_branch_02_00
Fra:1 Mem:13.43M (Peak 13.43M) | Time:00:00.00 | Mem:0.00M, Peak:0.00M | Scene, ViewLayer | Synchronizing object | island_near_left_pine_01_branch_02_01
Fra:1 Mem:13.43M (Peak 13.43M) | Time:00:00.00 | Mem:0.00M, Peak:0.00M | Scene, ViewLayer | Synchronizing object | island_near_left_pine_01_branch_02_03
Fra:1 Mem:13.44M (Peak 13.44M) | Time:00:00.00 | Mem:0.00M, Peak:0.00M | Scene, ViewLayer | Synchronizing object | island_near_left_pine_01_branch_02_04
Fra:1 Mem:13.44M (Peak 13.44M) | Time:00:00.00 | Mem:0.00M, Peak:0.00M | Scene, ViewLayer | Synchronizing object | island_near_left_pine_01_crown_tier_02
Fra:1 Mem:13.44M (Peak 13.44M) | Time:00:00.00 | Mem:0.00M, Peak:0.00M | Scene, ViewLayer | Synchronizing object | island_near_left_pine_01_crown_tier_04
Fra:1 Mem:13.45M (Peak 13.45M) | Time:00:00.00 | Mem:0.00M, Peak:0.00M | Scene, ViewLayer | Synchronizing object | island_near_left_pine_01_leader
Fra:1 Mem:13.45M (Peak 13.45M) | Time:00:00.00 | Mem:0.00M, Peak:0.00M | Scene, ViewLayer | Synchronizing object | island_near_left_pine_02_trunk
Fra:1 Mem:13.46M (Peak 13.46M) | Time:00:00.00 | Mem:0.00M, Peak:0.00M | Scene, ViewLayer | Synchronizing object | island_near_left_pine_02_branch_00_00
Fra:1 Mem:13.46M (Peak 13.46M) | Time:00:00.00 | Mem:0.00M, Peak:0.00M | Scene, ViewLayer | Synchronizing object | island_near_left_pine_02_branch_00_01
Fra:1 Mem:13.47M (Peak 13.47M) | Time:00:00.00 | Mem:0.00M, Peak:0.00M | Scene, ViewLayer | Synchronizing object | island_near_left_pine_02_branch_00_02
Fra:1 Mem:13.47M (Peak 13.47M) | Time:00:00.00 | Mem:0.00M, Peak:0.00M | Scene, ViewLayer | Synchronizing object | island_near_left_pine_02_branch_00_04
Fra:1 Mem:13.47M (Peak 13.47M) | Time:00:00.00 | Mem:0.00M, Peak:0.00M | Scene, ViewLayer | Synchronizing object | island_near_left_pine_02_crown_tier_00
Fra:1 Mem:13.47M (Peak 13.47M) | Time:00:00.00 | Mem:0.00M, Peak:0.00M | Scene, ViewLayer | Synchronizing object | island_near_left_pine_02_branch_01_00
Fra:1 Mem:13.48M (Peak 13.48M) | Time:00:00.00 | Mem:0.00M, Peak:0.00M | Scene, ViewLayer | Synchronizing object | island_near_left_pine_02_branch_01_01
Fra:1 Mem:13.48M (Peak 13.48M) | Time:00:00.00 | Mem:0.00M, Peak:0.00M | Scene, ViewLayer | Synchronizing object | Evidence_Sun
Fra:1 Mem:13.48M (Peak 13.48M) | Time:00:00.00 | Mem:0.00M, Peak:0.00M | Scene, ViewLayer | Synchronizing object | island_near_left_pine_02_branch_01_04
Fra:1 Mem:13.49M (Peak 13.49M) | Time:00:00.00 | Mem:0.00M, Peak:0.00M | Scene, ViewLayer | Synchronizing object | island_near_left_pine_02_crown_tier_01
Fra:1 Mem:13.49M (Peak 13.49M) | Time:00:00.00 | Mem:0.00M, Peak:0.00M | Scene, ViewLayer | Synchronizing object | island_near_left_pine_02_branch_02_01
Fra:1 Mem:13.49M (Peak 13.49M) | Time:00:00.00 | Mem:0.00M, Peak:0.00M | Scene, ViewLayer | Synchronizing object | island_near_left_pine_02_branch_02_02
Fra:1 Mem:13.50M (Peak 13.50M) | Time:00:00.00 | Mem:0.00M, Peak:0.00M | Scene, ViewLayer | Synchronizing object | island_near_left_pine_02_branch_02_03
Fra:1 Mem:13.50M (Peak 13.50M) | Time:00:00.00 | Mem:0.00M, Peak:0.00M | Scene, ViewLayer | Synchronizing object | island_near_left_pine_02_crown_tier_04
Fra:1 Mem:13.50M (Peak 13.50M) | Time:00:00.00 | Mem:0.00M, Peak:0.00M | Scene, ViewLayer | Synchronizing object | island_near_left_pine_02_crown_tier_03
Fra:1 Mem:13.50M (Peak 13.50M) | Time:00:00.00 | Mem:0.00M, Peak:0.00M | Scene, ViewLayer | Synchronizing object | island_near_left_pine_02_branch_02_04
Fra:1 Mem:13.51M (Peak 13.51M) | Time:00:00.00 | Mem:0.00M, Peak:0.00M | Scene, ViewLayer | Synchronizing object | island_near_left_pine_02_crown_tier_02
Fra:1 Mem:13.52M (Peak 13.52M) | Time:00:00.00 | Mem:0.00M, Peak:0.00M | Scene, ViewLayer | Initializing
Fra:1 Mem:11.33M (Peak 13.52M) | Time:00:00.00 | Mem:0.00M, Peak:0.00M | Scene, ViewLayer | Waiting for render to start
Fra:1 Mem:11.33M (Peak 13.52M) | Time:00:00.00 | Mem:0.00M, Peak:0.00M | Scene, ViewLayer | Updating Scene
Fra:1 Mem:11.33M (Peak 13.52M) | Time:00:00.00 | Mem:0.00M, Peak:0.00M | Scene, ViewLayer | Updating Shaders
Fra:1 Mem:11.33M (Peak 13.52M) | Time:00:00.00 | Mem:0.00M, Peak:0.00M | Scene, ViewLayer | Loading render kernels (may take a few minutes the first time)
Fra:1 Mem:11.42M (Peak 13.52M) | Time:00:00.00 | Mem:0.01M, Peak:0.01M | Scene, ViewLayer | Updating Procedurals
Fra:1 Mem:11.42M (Peak 13.52M) | Time:00:00.00 | Mem:0.01M, Peak:0.01M | Scene, ViewLayer | Updating Background
Fra:1 Mem:11.42M (Peak 13.52M) | Time:00:00.00 | Mem:0.01M, Peak:0.01M | Scene, ViewLayer | Updating Camera
Fra:1 Mem:11.42M (Peak 13.52M) | Time:00:00.00 | Mem:0.01M, Peak:0.01M | Scene, ViewLayer | Updating Meshes Flags
Fra:1 Mem:11.42M (Peak 13.52M) | Time:00:00.00 | Mem:0.01M, Peak:0.01M | Scene, ViewLayer | Updating Objects
Fra:1 Mem:11.42M (Peak 13.52M) | Time:00:00.00 | Mem:0.01M, Peak:0.01M | Scene, ViewLayer | Updating Objects | Copying Transformations to device
Fra:1 Mem:11.43M (Peak 13.52M) | Time:00:00.00 | Mem:0.02M, Peak:0.02M | Scene, ViewLayer | Updating Particle Systems
Fra:1 Mem:11.43M (Peak 13.52M) | Time:00:00.00 | Mem:0.02M, Peak:0.02M | Scene, ViewLayer | Updating Particle Systems | Copying Particles to device
Fra:1 Mem:11.43M (Peak 13.52M) | Time:00:00.00 | Mem:0.02M, Peak:0.02M | Scene, ViewLayer | Updating Meshes
Fra:1 Mem:11.43M (Peak 13.52M) | Time:00:00.00 | Mem:0.02M, Peak:0.02M | Scene, ViewLayer | Updating Objects | Applying Static Transformations
Fra:1 Mem:11.43M (Peak 13.52M) | Time:00:00.00 | Mem:0.02M, Peak:0.02M | Scene, ViewLayer | Updating Mesh | Computing attributes
Fra:1 Mem:11.56M (Peak 13.52M) | Time:00:00.00 | Mem:0.02M, Peak:0.02M | Scene, ViewLayer | Updating Mesh | Copying Attributes to device
Fra:1 Mem:11.55M (Peak 13.52M) | Time:00:00.00 | Mem:0.14M, Peak:0.14M | Scene, ViewLayer | Updating Scene BVH | Building
Fra:1 Mem:11.55M (Peak 13.52M) | Time:00:00.00 | Mem:0.14M, Peak:0.14M | Scene, ViewLayer | Updating Scene BVH | Building BVH
Fra:1 Mem:11.55M (Peak 13.52M) | Time:00:00.00 | Mem:0.21M, Peak:0.21M | Scene, ViewLayer | Updating Scene BVH | Building BVH 0%
Fra:1 Mem:11.55M (Peak 13.52M) | Time:00:00.00 | Mem:0.30M, Peak:0.36M | Scene, ViewLayer | Updating Scene BVH | Copying BVH to device
Fra:1 Mem:11.55M (Peak 13.52M) | Time:00:00.00 | Mem:0.30M, Peak:0.36M | Scene, ViewLayer | Updating Mesh | Computing normals
Fra:1 Mem:11.62M (Peak 13.52M) | Time:00:00.00 | Mem:0.30M, Peak:0.36M | Scene, ViewLayer | Updating Mesh | Copying Mesh to device
Fra:1 Mem:11.62M (Peak 13.52M) | Time:00:00.00 | Mem:0.36M, Peak:0.36M | Scene, ViewLayer | Updating Objects Flags
Fra:1 Mem:11.62M (Peak 13.52M) | Time:00:00.00 | Mem:0.36M, Peak:0.36M | Scene, ViewLayer | Updating Primitive Offsets
Fra:1 Mem:11.62M (Peak 13.52M) | Time:00:00.00 | Mem:0.36M, Peak:0.36M | Scene, ViewLayer | Updating Images
Fra:1 Mem:11.62M (Peak 13.52M) | Time:00:00.00 | Mem:0.36M, Peak:0.36M | Scene, ViewLayer | Updating Camera Volume
Fra:1 Mem:11.62M (Peak 13.52M) | Time:00:00.00 | Mem:0.36M, Peak:0.36M | Scene, ViewLayer | Updating Lookup Tables
Fra:1 Mem:11.62M (Peak 13.52M) | Time:00:00.00 | Mem:0.44M, Peak:0.44M | Scene, ViewLayer | Updating Lights
Fra:1 Mem:11.62M (Peak 13.52M) | Time:00:00.00 | Mem:0.44M, Peak:0.44M | Scene, ViewLayer | Updating Lights | Computing tree
Fra:1 Mem:11.62M (Peak 13.52M) | Time:00:00.00 | Mem:0.44M, Peak:0.44M | Scene, ViewLayer | Updating Integrator
Fra:1 Mem:11.62M (Peak 13.52M) | Time:00:00.00 | Mem:0.44M, Peak:0.44M | Scene, ViewLayer | Updating Film
Fra:1 Mem:11.62M (Peak 13.52M) | Time:00:00.00 | Mem:0.36M, Peak:0.44M | Scene, ViewLayer | Updating Lookup Tables
Fra:1 Mem:11.62M (Peak 13.52M) | Time:00:00.00 | Mem:0.45M, Peak:0.45M | Scene, ViewLayer | Updating Baking
Fra:1 Mem:11.62M (Peak 13.52M) | Time:00:00.00 | Mem:0.45M, Peak:0.45M | Scene, ViewLayer | Updating Device | Writing constant memory
Fra:1 Mem:11.63M (Peak 13.52M) | Time:00:00.00 | Mem:0.45M, Peak:0.45M | Scene, ViewLayer | Loading denoising kernels (may take a few minutes the first time)
Fra:1 Mem:11.63M (Peak 13.52M) | Time:00:00.00 | Mem:0.45M, Peak:0.45M | Scene, ViewLayer | Sample 0/12
Fra:1 Mem:46.46M (Peak 46.46M) | Time:00:00.21 | Remaining:00:02.27 | Mem:35.24M, Peak:35.24M | Scene, ViewLayer | Sample 1/12
Fra:1 Mem:61.11M (Peak 83.08M) | Time:00:05.03 | Mem:35.24M, Peak:35.24M | Scene, ViewLayer | Sample 12/12
Fra:1 Mem:61.11M (Peak 83.08M) | Time:00:05.03 | Mem:35.24M, Peak:35.24M | Scene, ViewLayer | Finished
Saved: '/workspace/scratch/a29d03198654/Aether/source-assets/lake49/source-views/island_near_left-side.png'
Time: 00:05.09 (Saving: 00:00.05)

RENDERED island_near_left side
Fra:1 Mem:13.31M (Peak 13.31M) | Time:00:00.00 | Mem:0.00M, Peak:0.00M | Scene, ViewLayer | Synchronizing object | island_near_left_rockroot
Fra:1 Mem:13.32M (Peak 13.32M) | Time:00:00.00 | Mem:0.00M, Peak:0.00M | Scene, ViewLayer | Synchronizing object | island_near_left_grasscap_west
Fra:1 Mem:13.34M (Peak 13.34M) | Time:00:00.00 | Mem:0.00M, Peak:0.00M | Scene, ViewLayer | Synchronizing object | island_near_left_grasscap_east
Fra:1 Mem:13.37M (Peak 13.37M) | Time:00:00.00 | Mem:0.00M, Peak:0.00M | Scene, ViewLayer | Synchronizing object | island_near_left_wetshore_00
Fra:1 Mem:13.37M (Peak 13.37M) | Time:00:00.00 | Mem:0.00M, Peak:0.00M | Scene, ViewLayer | Synchronizing object | island_near_left_wetshore_01
Fra:1 Mem:13.38M (Peak 13.38M) | Time:00:00.00 | Mem:0.00M, Peak:0.00M | Scene, ViewLayer | Synchronizing object | island_near_left_wetshore_02
Fra:1 Mem:13.39M (Peak 13.39M) | Time:00:00.00 | Mem:0.00M, Peak:0.00M | Scene, ViewLayer | Synchronizing object | island_near_left_wetshore_03
Fra:1 Mem:13.38M (Peak 13.39M) | Time:00:00.00 | Mem:0.00M, Peak:0.00M | Scene, ViewLayer | Synchronizing object | island_near_left_wetshore_05
Fra:1 Mem:13.39M (Peak 13.39M) | Time:00:00.00 | Mem:0.00M, Peak:0.00M | Scene, ViewLayer | Synchronizing object | island_near_left_pine_01_trunk
Fra:1 Mem:13.40M (Peak 13.40M) | Time:00:00.00 | Mem:0.00M, Peak:0.00M | Scene, ViewLayer | Synchronizing object | island_near_left_pine_01_branch_00_00
Fra:1 Mem:13.40M (Peak 13.40M) | Time:00:00.00 | Mem:0.00M, Peak:0.00M | Scene, ViewLayer | Synchronizing object | island_near_left_pine_01_branch_00_01
Fra:1 Mem:13.40M (Peak 13.40M) | Time:00:00.00 | Mem:0.00M, Peak:0.00M | Scene, ViewLayer | Synchronizing object | island_near_left_pine_01_branch_00_03
Fra:1 Mem:13.41M (Peak 13.41M) | Time:00:00.00 | Mem:0.00M, Peak:0.00M | Scene, ViewLayer | Synchronizing object | island_near_left_pine_01_branch_00_04
Fra:1 Mem:13.41M (Peak 13.41M) | Time:00:00.00 | Mem:0.00M, Peak:0.00M | Scene, ViewLayer | Synchronizing object | island_near_left_pine_01_branch_01_00
Fra:1 Mem:13.42M (Peak 13.42M) | Time:00:00.00 | Mem:0.00M, Peak:0.00M | Scene, ViewLayer | Synchronizing object | island_near_left_pine_01_branch_01_01
Fra:1 Mem:13.42M (Peak 13.42M) | Time:00:00.00 | Mem:0.00M, Peak:0.00M | Scene, ViewLayer | Synchronizing object | island_near_left_pine_01_branch_01_02
Fra:1 Mem:13.42M (Peak 13.42M) | Time:00:00.00 | Mem:0.00M, Peak:0.00M | Scene, ViewLayer | Synchronizing object | island_near_left_pine_01_branch_01_03
Fra:1 Mem:13.42M (Peak 13.42M) | Time:00:00.00 | Mem:0.00M, Peak:0.00M | Scene, ViewLayer | Synchronizing object | island_near_left_pine_01_crown_tier_01
Fra:1 Mem:13.43M (Peak 13.43M) | Time:00:00.00 | Mem:0.00M, Peak:0.00M | Scene, ViewLayer | Synchronizing object | island_near_left_pine_01_branch_02_01
Fra:1 Mem:13.43M (Peak 13.43M) | Time:00:00.00 | Mem:0.00M, Peak:0.00M | Scene, ViewLayer | Synchronizing object | island_near_left_pine_01_branch_02_02
Fra:1 Mem:13.44M (Peak 13.44M) | Time:00:00.00 | Mem:0.00M, Peak:0.00M | Scene, ViewLayer | Synchronizing object | island_near_left_pine_01_branch_02_03
Fra:1 Mem:13.44M (Peak 13.44M) | Time:00:00.00 | Mem:0.00M, Peak:0.00M | Scene, ViewLayer | Synchronizing object | island_near_left_pine_01_branch_02_04
Fra:1 Mem:13.44M (Peak 13.44M) | Time:00:00.00 | Mem:0.00M, Peak:0.00M | Scene, ViewLayer | Synchronizing object | island_near_left_pine_01_crown_tier_02
Fra:1 Mem:13.44M (Peak 13.44M) | Time:00:00.00 | Mem:0.00M, Peak:0.00M | Scene, ViewLayer | Synchronizing object | island_near_left_pine_01_crown_tier_03
Fra:1 Mem:13.45M (Peak 13.45M) | Time:00:00.00 | Mem:0.00M, Peak:0.00M | Scene, ViewLayer | Synchronizing object | island_near_left_pine_01_crown_tier_04
Fra:1 Mem:13.45M (Peak 13.45M) | Time:00:00.00 | Mem:0.00M, Peak:0.00M | Scene, ViewLayer | Synchronizing object | island_near_left_pine_01_leader
Fra:1 Mem:13.46M (Peak 13.46M) | Time:00:00.00 | Mem:0.00M, Peak:0.00M | Scene, ViewLayer | Synchronizing object | island_near_left_pine_02_trunk
Fra:1 Mem:13.46M (Peak 13.46M) | Time:00:00.00 | Mem:0.00M, Peak:0.00M | Scene, ViewLayer | Synchronizing object | island_near_left_pine_02_branch_00_00
Fra:1 Mem:13.46M (Peak 13.46M) | Time:00:00.00 | Mem:0.00M, Peak:0.00M | Scene, ViewLayer | Synchronizing object | island_near_left_pine_02_branch_00_01
Fra:1 Mem:13.47M (Peak 13.47M) | Time:00:00.00 | Mem:0.00M, Peak:0.00M | Scene, ViewLayer | Synchronizing object | island_near_left_pine_02_branch_00_02
Fra:1 Mem:13.47M (Peak 13.47M) | Time:00:00.00 | Mem:0.00M, Peak:0.00M | Scene, ViewLayer | Synchronizing object | island_near_left_pine_02_branch_00_04
Fra:1 Mem:13.47M (Peak 13.47M) | Time:00:00.00 | Mem:0.00M, Peak:0.00M | Scene, ViewLayer | Synchronizing object | island_near_left_pine_02_crown_tier_00
Fra:1 Mem:13.47M (Peak 13.47M) | Time:00:00.00 | Mem:0.00M, Peak:0.00M | Scene, ViewLayer | Synchronizing object | island_near_left_pine_02_branch_01_01
Fra:1 Mem:13.48M (Peak 13.48M) | Time:00:00.00 | Mem:0.00M, Peak:0.00M | Scene, ViewLayer | Synchronizing object | island_near_left_pine_02_branch_01_02
Fra:1 Mem:13.48M (Peak 13.48M) | Time:00:00.00 | Mem:0.00M, Peak:0.00M | Scene, ViewLayer | Synchronizing object | island_near_left_pine_02_branch_01_03
Fra:1 Mem:13.48M (Peak 13.48M) | Time:00:00.00 | Mem:0.00M, Peak:0.00M | Scene, ViewLayer | Synchronizing object | island_near_left_pine_02_branch_01_04
Fra:1 Mem:13.48M (Peak 13.48M) | Time:00:00.00 | Mem:0.00M, Peak:0.00M | Scene, ViewLayer | Synchronizing object | Evidence_Water_guide_only
Fra:1 Mem:13.49M (Peak 13.49M) | Time:00:00.00 | Mem:0.00M, Peak:0.00M | Scene, ViewLayer | Synchronizing object | island_near_left_pine_02_branch_02_00
Fra:1 Mem:13.49M (Peak 13.49M) | Time:00:00.00 | Mem:0.00M, Peak:0.00M | Scene, ViewLayer | Synchronizing object | island_near_left_pine_02_branch_02_01
Fra:1 Mem:13.49M (Peak 13.49M) | Time:00:00.00 | Mem:0.00M, Peak:0.00M | Scene, ViewLayer | Synchronizing object | Evidence_Sun
Fra:1 Mem:13.50M (Peak 13.50M) | Time:00:00.00 | Mem:0.00M, Peak:0.00M | Scene, ViewLayer | Synchronizing object | island_near_left_pine_02_branch_02_02
Fra:1 Mem:13.50M (Peak 13.50M) | Time:00:00.00 | Mem:0.00M, Peak:0.00M | Scene, ViewLayer | Synchronizing object | island_near_left_pine_02_leader
Fra:1 Mem:13.50M (Peak 13.50M) | Time:00:00.00 | Mem:0.00M, Peak:0.00M | Scene, ViewLayer | Synchronizing object | island_near_left_pine_02_crown_tier_02
Fra:1 Mem:13.51M (Peak 13.51M) | Time:00:00.00 | Mem:0.00M, Peak:0.00M | Scene, ViewLayer | Synchronizing object | island_near_left_pine_02_crown_tier_03
Fra:1 Mem:13.51M (Peak 13.51M) | Time:00:00.00 | Mem:0.00M, Peak:0.00M | Scene, ViewLayer | Synchronizing object | island_near_left_pine_02_crown_tier_04
Fra:1 Mem:13.52M (Peak 13.52M) | Time:00:00.00 | Mem:0.00M, Peak:0.00M | Scene, ViewLayer | Initializing
Fra:1 Mem:11.33M (Peak 13.52M) | Time:00:00.00 | Mem:0.00M, Peak:0.00M | Scene, ViewLayer | Waiting for render to start
Fra:1 Mem:11.33M (Peak 13.52M) | Time:00:00.00 | Mem:0.00M, Peak:0.00M | Scene, ViewLayer | Updating Scene
Fra:1 Mem:11.33M (Peak 13.52M) | Time:00:00.00 | Mem:0.00M, Peak:0.00M | Scene, ViewLayer | Updating Shaders
Fra:1 Mem:11.33M (Peak 13.52M) | Time:00:00.00 | Mem:0.00M, Peak:0.00M | Scene, ViewLayer | Loading render kernels (may take a few minutes the first time)
Fra:1 Mem:11.42M (Peak 13.52M) | Time:00:00.00 | Mem:0.01M, Peak:0.01M | Scene, ViewLayer | Updating Procedurals
Fra:1 Mem:11.42M (Peak 13.52M) | Time:00:00.00 | Mem:0.01M, Peak:0.01M | Scene, ViewLayer | Updating Background
Fra:1 Mem:11.42M (Peak 13.52M) | Time:00:00.00 | Mem:0.01M, Peak:0.01M | Scene, ViewLayer | Updating Camera
Fra:1 Mem:11.42M (Peak 13.52M) | Time:00:00.00 | Mem:0.01M, Peak:0.01M | Scene, ViewLayer | Updating Meshes Flags
Fra:1 Mem:11.42M (Peak 13.52M) | Time:00:00.00 | Mem:0.01M, Peak:0.01M | Scene, ViewLayer | Updating Objects
Fra:1 Mem:11.42M (Peak 13.52M) | Time:00:00.00 | Mem:0.01M, Peak:0.01M | Scene, ViewLayer | Updating Objects | Copying Transformations to device
Fra:1 Mem:11.43M (Peak 13.52M) | Time:00:00.00 | Mem:0.02M, Peak:0.02M | Scene, ViewLayer | Updating Particle Systems
Fra:1 Mem:11.43M (Peak 13.52M) | Time:00:00.00 | Mem:0.02M, Peak:0.02M | Scene, ViewLayer | Updating Particle Systems | Copying Particles to device
Fra:1 Mem:11.43M (Peak 13.52M) | Time:00:00.00 | Mem:0.02M, Peak:0.02M | Scene, ViewLayer | Updating Meshes
Fra:1 Mem:11.43M (Peak 13.52M) | Time:00:00.00 | Mem:0.02M, Peak:0.02M | Scene, ViewLayer | Updating Objects | Applying Static Transformations
Fra:1 Mem:11.43M (Peak 13.52M) | Time:00:00.00 | Mem:0.02M, Peak:0.02M | Scene, ViewLayer | Updating Mesh | Computing attributes
Fra:1 Mem:11.56M (Peak 13.52M) | Time:00:00.00 | Mem:0.02M, Peak:0.02M | Scene, ViewLayer | Updating Mesh | Copying Attributes to device
Fra:1 Mem:11.55M (Peak 13.52M) | Time:00:00.00 | Mem:0.14M, Peak:0.14M | Scene, ViewLayer | Updating Scene BVH | Building
Fra:1 Mem:11.55M (Peak 13.52M) | Time:00:00.00 | Mem:0.14M, Peak:0.14M | Scene, ViewLayer | Updating Scene BVH | Building BVH
Fra:1 Mem:11.55M (Peak 13.52M) | Time:00:00.00 | Mem:0.21M, Peak:0.21M | Scene, ViewLayer | Updating Scene BVH | Building BVH 0%
Fra:1 Mem:11.55M (Peak 13.52M) | Time:00:00.00 | Mem:0.30M, Peak:0.36M | Scene, ViewLayer | Updating Scene BVH | Copying BVH to device
Fra:1 Mem:11.55M (Peak 13.52M) | Time:00:00.00 | Mem:0.30M, Peak:0.36M | Scene, ViewLayer | Updating Mesh | Computing normals
Fra:1 Mem:11.62M (Peak 13.52M) | Time:00:00.00 | Mem:0.30M, Peak:0.36M | Scene, ViewLayer | Updating Mesh | Copying Mesh to device
Fra:1 Mem:11.62M (Peak 13.52M) | Time:00:00.00 | Mem:0.36M, Peak:0.36M | Scene, ViewLayer | Updating Objects Flags
Fra:1 Mem:11.62M (Peak 13.52M) | Time:00:00.00 | Mem:0.36M, Peak:0.36M | Scene, ViewLayer | Updating Primitive Offsets
Fra:1 Mem:11.62M (Peak 13.52M) | Time:00:00.00 | Mem:0.36M, Peak:0.36M | Scene, ViewLayer | Updating Images
Fra:1 Mem:11.62M (Peak 13.52M) | Time:00:00.00 | Mem:0.36M, Peak:0.36M | Scene, ViewLayer | Updating Camera Volume
Fra:1 Mem:11.62M (Peak 13.52M) | Time:00:00.00 | Mem:0.36M, Peak:0.36M | Scene, ViewLayer | Updating Lookup Tables
Fra:1 Mem:11.62M (Peak 13.52M) | Time:00:00.00 | Mem:0.44M, Peak:0.44M | Scene, ViewLayer | Updating Lights
Fra:1 Mem:11.62M (Peak 13.52M) | Time:00:00.00 | Mem:0.44M, Peak:0.44M | Scene, ViewLayer | Updating Lights | Computing tree
Fra:1 Mem:11.62M (Peak 13.52M) | Time:00:00.00 | Mem:0.44M, Peak:0.44M | Scene, ViewLayer | Updating Integrator
Fra:1 Mem:11.62M (Peak 13.52M) | Time:00:00.00 | Mem:0.44M, Peak:0.44M | Scene, ViewLayer | Updating Film
Fra:1 Mem:11.62M (Peak 13.52M) | Time:00:00.00 | Mem:0.36M, Peak:0.44M | Scene, ViewLayer | Updating Lookup Tables
Fra:1 Mem:11.62M (Peak 13.52M) | Time:00:00.00 | Mem:0.45M, Peak:0.45M | Scene, ViewLayer | Updating Baking
Fra:1 Mem:11.62M (Peak 13.52M) | Time:00:00.00 | Mem:0.45M, Peak:0.45M | Scene, ViewLayer | Updating Device | Writing constant memory
Fra:1 Mem:11.63M (Peak 13.52M) | Time:00:00.00 | Mem:0.45M, Peak:0.45M | Scene, ViewLayer | Loading denoising kernels (may take a few minutes the first time)
Fra:1 Mem:11.63M (Peak 13.52M) | Time:00:00.00 | Mem:0.45M, Peak:0.45M | Scene, ViewLayer | Sample 0/12
Fra:1 Mem:46.46M (Peak 46.46M) | Time:00:00.22 | Remaining:00:02.37 | Mem:35.24M, Peak:35.24M | Scene, ViewLayer | Sample 1/12
Fra:1 Mem:61.11M (Peak 83.08M) | Time:00:05.17 | Mem:35.24M, Peak:35.24M | Scene, ViewLayer | Sample 12/12
Fra:1 Mem:61.11M (Peak 83.08M) | Time:00:05.17 | Mem:35.24M, Peak:35.24M | Scene, ViewLayer | Finished
Saved: '/workspace/scratch/a29d03198654/Aether/source-assets/lake49/source-views/island_near_left-top.png'
Time: 00:05.22 (Saving: 00:00.04)

RENDERED island_near_left top
Fra:1 Mem:13.24M (Peak 13.24M) | Time:00:00.00 | Mem:0.00M, Peak:0.00M | Scene, ViewLayer | Synchronizing object | island_near_left_rockroot
Fra:1 Mem:13.24M (Peak 13.24M) | Time:00:00.00 | Mem:0.00M, Peak:0.00M | Scene, ViewLayer | Synchronizing object | island_near_left_grasscap_west
Fra:1 Mem:13.26M (Peak 13.26M) | Time:00:00.00 | Mem:0.00M, Peak:0.00M | Scene, ViewLayer | Synchronizing object | island_near_left_grasscap_east
Fra:1 Mem:13.29M (Peak 13.29M) | Time:00:00.00 | Mem:0.00M, Peak:0.00M | Scene, ViewLayer | Synchronizing object | island_near_left_wetshore_00
Fra:1 Mem:13.28M (Peak 13.29M) | Time:00:00.00 | Mem:0.00M, Peak:0.00M | Scene, ViewLayer | Synchronizing object | island_near_left_wetshore_01
Fra:1 Mem:13.29M (Peak 13.29M) | Time:00:00.00 | Mem:0.00M, Peak:0.00M | Scene, ViewLayer | Synchronizing object | island_near_left_wetshore_02
Fra:1 Mem:13.31M (Peak 13.31M) | Time:00:00.00 | Mem:0.00M, Peak:0.00M | Scene, ViewLayer | Synchronizing object | island_near_left_wetshore_03
Fra:1 Mem:13.31M (Peak 13.31M) | Time:00:00.00 | Mem:0.00M, Peak:0.00M | Scene, ViewLayer | Synchronizing object | island_near_left_wetshore_04
Fra:1 Mem:13.32M (Peak 13.32M) | Time:00:00.00 | Mem:0.00M, Peak:0.00M | Scene, ViewLayer | Synchronizing object | island_near_left_wetshore_05
Fra:1 Mem:13.32M (Peak 13.32M) | Time:00:00.00 | Mem:0.00M, Peak:0.00M | Scene, ViewLayer | Synchronizing object | island_near_left_pine_01_branch_00_00
Fra:1 Mem:13.33M (Peak 13.33M) | Time:00:00.00 | Mem:0.00M, Peak:0.00M | Scene, ViewLayer | Synchronizing object | island_near_left_pine_01_branch_00_01
Fra:1 Mem:13.33M (Peak 13.33M) | Time:00:00.00 | Mem:0.00M, Peak:0.00M | Scene, ViewLayer | Synchronizing object | island_near_left_pine_01_branch_00_03
Fra:1 Mem:13.33M (Peak 13.33M) | Time:00:00.00 | Mem:0.00M, Peak:0.00M | Scene, ViewLayer | Synchronizing object | island_near_left_pine_01_branch_00_04
Fra:1 Mem:13.33M (Peak 13.33M) | Time:00:00.00 | Mem:0.00M, Peak:0.00M | Scene, ViewLayer | Synchronizing object | island_near_left_pine_01_crown_tier_00
Fra:1 Mem:13.33M (Peak 13.33M) | Time:00:00.00 | Mem:0.00M, Peak:0.00M | Scene, ViewLayer | Synchronizing object | island_near_left_pine_01_branch_01_00
Fra:1 Mem:13.34M (Peak 13.34M) | Time:00:00.00 | Mem:0.00M, Peak:0.00M | Scene, ViewLayer | Synchronizing object | island_near_left_pine_01_branch_01_01
Fra:1 Mem:13.35M (Peak 13.35M) | Time:00:00.00 | Mem:0.00M, Peak:0.00M | Scene, ViewLayer | Synchronizing object | Evidence_Sun
Fra:1 Mem:13.35M (Peak 13.35M) | Time:00:00.00 | Mem:0.00M, Peak:0.00M | Scene, ViewLayer | Synchronizing object | island_near_left_pine_02_leader
Fra:1 Mem:13.35M (Peak 13.35M) | Time:00:00.00 | Mem:0.00M, Peak:0.00M | Scene, ViewLayer | Synchronizing object | island_near_left_pine_02_crown_tier_04
Fra:1 Mem:13.36M (Peak 13.36M) | Time:00:00.00 | Mem:0.00M, Peak:0.00M | Scene, ViewLayer | Synchronizing object | island_near_left_pine_02_crown_tier_03
Fra:1 Mem:13.36M (Peak 13.36M) | Time:00:00.00 | Mem:0.00M, Peak:0.00M | Scene, ViewLayer | Synchronizing object | island_near_left_pine_01_crown_tier_01
Fra:1 Mem:13.36M (Peak 13.36M) | Time:00:00.00 | Mem:0.00M, Peak:0.00M | Scene, ViewLayer | Synchronizing object | island_near_left_pine_02_crown_tier_02
Fra:1 Mem:13.37M (Peak 13.37M) | Time:00:00.00 | Mem:0.00M, Peak:0.00M | Scene, ViewLayer | Synchronizing object | island_near_left_pine_01_branch_02_01
Fra:1 Mem:13.38M (Peak 13.38M) | Time:00:00.00 | Mem:0.00M, Peak:0.00M | Scene, ViewLayer | Synchronizing object | island_near_left_pine_01_branch_02_02
Fra:1 Mem:13.38M (Peak 13.38M) | Time:00:00.00 | Mem:0.00M, Peak:0.00M | Scene, ViewLayer | Synchronizing object | island_near_left_pine_01_branch_02_03
Fra:1 Mem:13.38M (Peak 13.38M) | Time:00:00.00 | Mem:0.00M, Peak:0.00M | Scene, ViewLayer | Synchronizing object | island_near_left_pine_01_branch_02_04
Fra:1 Mem:13.38M (Peak 13.38M) | Time:00:00.00 | Mem:0.00M, Peak:0.00M | Scene, ViewLayer | Synchronizing object | island_near_left_pine_02_branch_02_03
Fra:1 Mem:13.39M (Peak 13.39M) | Time:00:00.00 | Mem:0.00M, Peak:0.00M | Scene, ViewLayer | Synchronizing object | island_near_left_pine_02_branch_02_02
Fra:1 Mem:13.39M (Peak 13.39M) | Time:00:00.00 | Mem:0.00M, Peak:0.00M | Scene, ViewLayer | Synchronizing object | island_near_left_pine_01_crown_tier_03
Fra:1 Mem:13.39M (Peak 13.39M) | Time:00:00.00 | Mem:0.00M, Peak:0.00M | Scene, ViewLayer | Synchronizing object | island_near_left_pine_02_branch_02_01
Fra:1 Mem:13.39M (Peak 13.39M) | Time:00:00.00 | Mem:0.00M, Peak:0.00M | Scene, ViewLayer | Synchronizing object | island_near_left_pine_01_crown_tier_04
Fra:1 Mem:13.40M (Peak 13.40M) | Time:00:00.00 | Mem:0.00M, Peak:0.00M | Scene, ViewLayer | Synchronizing object | island_near_left_pine_01_leader
Fra:1 Mem:13.41M (Peak 13.41M) | Time:00:00.00 | Mem:0.00M, Peak:0.00M | Scene, ViewLayer | Synchronizing object | island_near_left_pine_02_branch_02_00
Fra:1 Mem:13.41M (Peak 13.41M) | Time:00:00.00 | Mem:0.00M, Peak:0.00M | Scene, ViewLayer | Synchronizing object | island_near_left_pine_02_branch_00_00
Fra:1 Mem:13.41M (Peak 13.41M) | Time:00:00.00 | Mem:0.00M, Peak:0.00M | Scene, ViewLayer | Synchronizing object | island_near_left_pine_02_branch_00_01
Fra:1 Mem:13.42M (Peak 13.42M) | Time:00:00.00 | Mem:0.00M, Peak:0.00M | Scene, ViewLayer | Synchronizing object | island_near_left_pine_02_crown_tier_01
Fra:1 Mem:13.42M (Peak 13.42M) | Time:00:00.00 | Mem:0.00M, Peak:0.00M | Scene, ViewLayer | Synchronizing object | island_near_left_pine_02_branch_00_03
Fra:1 Mem:13.43M (Peak 13.43M) | Time:00:00.00 | Mem:0.00M, Peak:0.00M | Scene, ViewLayer | Synchronizing object | island_near_left_pine_02_branch_01_04
Fra:1 Mem:13.43M (Peak 13.43M) | Time:00:00.00 | Mem:0.00M, Peak:0.00M | Scene, ViewLayer | Synchronizing object | island_near_left_pine_02_branch_01_01
Fra:1 Mem:13.43M (Peak 13.43M) | Time:00:00.00 | Mem:0.00M, Peak:0.00M | Scene, ViewLayer | Synchronizing object | island_near_left_pine_02_branch_01_03
Fra:1 Mem:13.44M (Peak 13.44M) | Time:00:00.00 | Mem:0.00M, Peak:0.00M | Scene, ViewLayer | Synchronizing object | island_near_left_pine_02_branch_01_02
Fra:1 Mem:13.44M (Peak 13.44M) | Time:00:00.00 | Mem:0.00M, Peak:0.00M | Scene, ViewLayer | Initializing
Fra:1 Mem:11.33M (Peak 13.44M) | Time:00:00.00 | Mem:0.00M, Peak:0.00M | Scene, ViewLayer | Waiting for render to start
Fra:1 Mem:11.33M (Peak 13.44M) | Time:00:00.00 | Mem:0.00M, Peak:0.00M | Scene, ViewLayer | Updating Scene
Fra:1 Mem:11.33M (Peak 13.44M) | Time:00:00.00 | Mem:0.00M, Peak:0.00M | Scene, ViewLayer | Updating Shaders
Fra:1 Mem:11.33M (Peak 13.44M) | Time:00:00.00 | Mem:0.00M, Peak:0.00M | Scene, ViewLayer | Loading render kernels (may take a few minutes the first time)
Fra:1 Mem:11.42M (Peak 13.44M) | Time:00:00.00 | Mem:0.00M, Peak:0.00M | Scene, ViewLayer | Updating Procedurals
Fra:1 Mem:11.42M (Peak 13.44M) | Time:00:00.00 | Mem:0.00M, Peak:0.00M | Scene, ViewLayer | Updating Background
Fra:1 Mem:11.42M (Peak 13.44M) | Time:00:00.00 | Mem:0.00M, Peak:0.00M | Scene, ViewLayer | Updating Camera
Fra:1 Mem:11.42M (Peak 13.44M) | Time:00:00.00 | Mem:0.00M, Peak:0.00M | Scene, ViewLayer | Updating Meshes Flags
Fra:1 Mem:11.42M (Peak 13.44M) | Time:00:00.00 | Mem:0.00M, Peak:0.00M | Scene, ViewLayer | Updating Objects
Fra:1 Mem:11.42M (Peak 13.44M) | Time:00:00.00 | Mem:0.00M, Peak:0.00M | Scene, ViewLayer | Updating Objects | Copying Transformations to device
Fra:1 Mem:11.43M (Peak 13.44M) | Time:00:00.00 | Mem:0.02M, Peak:0.02M | Scene, ViewLayer | Updating Particle Systems
Fra:1 Mem:11.43M (Peak 13.44M) | Time:00:00.00 | Mem:0.02M, Peak:0.02M | Scene, ViewLayer | Updating Particle Systems | Copying Particles to device
Fra:1 Mem:11.43M (Peak 13.44M) | Time:00:00.00 | Mem:0.02M, Peak:0.02M | Scene, ViewLayer | Updating Meshes
Fra:1 Mem:11.43M (Peak 13.44M) | Time:00:00.00 | Mem:0.02M, Peak:0.02M | Scene, ViewLayer | Updating Objects | Applying Static Transformations
Fra:1 Mem:11.43M (Peak 13.44M) | Time:00:00.00 | Mem:0.02M, Peak:0.02M | Scene, ViewLayer | Updating Mesh | Computing attributes
Fra:1 Mem:11.56M (Peak 13.44M) | Time:00:00.00 | Mem:0.02M, Peak:0.02M | Scene, ViewLayer | Updating Mesh | Copying Attributes to device
Fra:1 Mem:11.55M (Peak 13.44M) | Time:00:00.00 | Mem:0.14M, Peak:0.14M | Scene, ViewLayer | Updating Scene BVH | Building
Fra:1 Mem:11.55M (Peak 13.44M) | Time:00:00.00 | Mem:0.14M, Peak:0.14M | Scene, ViewLayer | Updating Scene BVH | Building BVH
Fra:1 Mem:11.55M (Peak 13.44M) | Time:00:00.00 | Mem:0.21M, Peak:0.21M | Scene, ViewLayer | Updating Scene BVH | Building BVH 0%
Fra:1 Mem:11.55M (Peak 13.44M) | Time:00:00.00 | Mem:0.29M, Peak:0.36M | Scene, ViewLayer | Updating Scene BVH | Copying BVH to device
Fra:1 Mem:11.55M (Peak 13.44M) | Time:00:00.00 | Mem:0.29M, Peak:0.36M | Scene, ViewLayer | Updating Mesh | Computing normals
Fra:1 Mem:11.62M (Peak 13.44M) | Time:00:00.00 | Mem:0.29M, Peak:0.36M | Scene, ViewLayer | Updating Mesh | Copying Mesh to device
Fra:1 Mem:11.62M (Peak 13.44M) | Time:00:00.00 | Mem:0.36M, Peak:0.36M | Scene, ViewLayer | Updating Objects Flags
Fra:1 Mem:11.62M (Peak 13.44M) | Time:00:00.00 | Mem:0.36M, Peak:0.36M | Scene, ViewLayer | Updating Primitive Offsets
Fra:1 Mem:11.62M (Peak 13.44M) | Time:00:00.00 | Mem:0.36M, Peak:0.36M | Scene, ViewLayer | Updating Images
Fra:1 Mem:11.62M (Peak 13.44M) | Time:00:00.00 | Mem:0.36M, Peak:0.36M | Scene, ViewLayer | Updating Camera Volume
Fra:1 Mem:11.62M (Peak 13.44M) | Time:00:00.00 | Mem:0.36M, Peak:0.36M | Scene, ViewLayer | Updating Lookup Tables
Fra:1 Mem:11.62M (Peak 13.44M) | Time:00:00.00 | Mem:0.44M, Peak:0.44M | Scene, ViewLayer | Updating Lights
Fra:1 Mem:11.62M (Peak 13.44M) | Time:00:00.00 | Mem:0.44M, Peak:0.44M | Scene, ViewLayer | Updating Lights | Computing tree
Fra:1 Mem:11.62M (Peak 13.44M) | Time:00:00.00 | Mem:0.44M, Peak:0.44M | Scene, ViewLayer | Updating Integrator
Fra:1 Mem:11.62M (Peak 13.44M) | Time:00:00.00 | Mem:0.44M, Peak:0.44M | Scene, ViewLayer | Updating Film
Fra:1 Mem:11.62M (Peak 13.44M) | Time:00:00.00 | Mem:0.36M, Peak:0.44M | Scene, ViewLayer | Updating Lookup Tables
Fra:1 Mem:11.62M (Peak 13.44M) | Time:00:00.00 | Mem:0.44M, Peak:0.44M | Scene, ViewLayer | Updating Baking
Fra:1 Mem:11.62M (Peak 13.44M) | Time:00:00.00 | Mem:0.44M, Peak:0.44M | Scene, ViewLayer | Updating Device | Writing constant memory
Fra:1 Mem:11.62M (Peak 13.44M) | Time:00:00.00 | Mem:0.44M, Peak:0.44M | Scene, ViewLayer | Loading denoising kernels (may take a few minutes the first time)
Fra:1 Mem:11.62M (Peak 13.44M) | Time:00:00.00 | Mem:0.44M, Peak:0.44M | Scene, ViewLayer | Sample 0/12
Fra:1 Mem:46.46M (Peak 46.46M) | Time:00:00.10 | Remaining:00:01.08 | Mem:35.23M, Peak:35.23M | Scene, ViewLayer | Sample 1/12
Fra:1 Mem:61.11M (Peak 83.08M) | Time:00:03.89 | Mem:35.23M, Peak:35.23M | Scene, ViewLayer | Sample 12/12
Fra:1 Mem:61.11M (Peak 83.08M) | Time:00:03.89 | Mem:35.23M, Peak:35.23M | Scene, ViewLayer | Finished
Saved: '/workspace/scratch/a29d03198654/Aether/source-assets/lake49/source-views/island_near_left-anatomy.png'
Time: 00:03.97 (Saving: 00:00.07)

RENDERED island_near_left anatomy
Read blend: "/workspace/scratch/a29d03198654/Aether/source-assets/lake49/island_far_middle.blend"
Fra:1 Mem:14.84M (Peak 14.84M) | Time:00:00.00 | Mem:0.00M, Peak:0.00M | Scene, ViewLayer | Synchronizing object | island_far_middle_rockroot
Fra:1 Mem:14.84M (Peak 14.84M) | Time:00:00.00 | Mem:0.00M, Peak:0.00M | Scene, ViewLayer | Synchronizing object | island_far_middle_grasscap_west
Fra:1 Mem:14.91M (Peak 14.91M) | Time:00:00.00 | Mem:0.00M, Peak:0.00M | Scene, ViewLayer | Synchronizing object | island_far_middle_grasscap_east
Fra:1 Mem:14.92M (Peak 14.92M) | Time:00:00.00 | Mem:0.00M, Peak:0.00M | Scene, ViewLayer | Synchronizing object | island_far_middle_wetshore_00
Fra:1 Mem:14.92M (Peak 14.92M) | Time:00:00.00 | Mem:0.00M, Peak:0.00M | Scene, ViewLayer | Synchronizing object | island_far_middle_wetshore_01
Fra:1 Mem:14.93M (Peak 14.93M) | Time:00:00.00 | Mem:0.00M, Peak:0.00M | Scene, ViewLayer | Synchronizing object | island_far_middle_wetshore_02
Fra:1 Mem:14.94M (Peak 14.94M) | Time:00:00.00 | Mem:0.00M, Peak:0.00M | Scene, ViewLayer | Synchronizing object | island_far_middle_wetshore_03
Fra:1 Mem:14.95M (Peak 14.95M) | Time:00:00.00 | Mem:0.00M, Peak:0.00M | Scene, ViewLayer | Synchronizing object | island_far_middle_wetshore_04
Fra:1 Mem:14.96M (Peak 14.96M) | Time:00:00.00 | Mem:0.00M, Peak:0.00M | Scene, ViewLayer | Synchronizing object | island_far_middle_wetshore_05
Fra:1 Mem:14.96M (Peak 14.96M) | Time:00:00.00 | Mem:0.00M, Peak:0.00M | Scene, ViewLayer | Synchronizing object | island_far_middle_pine_01_trunk
Fra:1 Mem:14.97M (Peak 14.97M) | Time:00:00.00 | Mem:0.00M, Peak:0.00M | Scene, ViewLayer | Synchronizing object | island_far_middle_pine_01_branch_00_00
Fra:1 Mem:14.98M (Peak 14.98M) | Time:00:00.00 | Mem:0.00M, Peak:0.00M | Scene, ViewLayer | Synchronizing object | island_far_middle_pine_01_branch_00_01
Fra:1 Mem:14.98M (Peak 14.98M) | Time:00:00.00 | Mem:0.00M, Peak:0.00M | Scene, ViewLayer | Synchronizing object | island_far_middle_pine_01_branch_00_03
Fra:1 Mem:14.98M (Peak 14.98M) | Time:00:00.00 | Mem:0.00M, Peak:0.00M | Scene, ViewLayer | Synchronizing object | island_far_middle_pine_01_crown_tier_00
Fra:1 Mem:14.98M (Peak 14.98M) | Time:00:00.00 | Mem:0.00M, Peak:0.00M | Scene, ViewLayer | Synchronizing object | island_far_middle_pine_01_branch_00_04
Fra:1 Mem:14.99M (Peak 14.99M) | Time:00:00.00 | Mem:0.00M, Peak:0.00M | Scene, ViewLayer | Synchronizing object | island_far_middle_pine_01_branch_01_00
Fra:1 Mem:15.00M (Peak 15.00M) | Time:00:00.00 | Mem:0.00M, Peak:0.00M | Scene, ViewLayer | Synchronizing object | island_far_middle_pine_01_branch_01_01
Fra:1 Mem:15.00M (Peak 15.00M) | Time:00:00.00 | Mem:0.00M, Peak:0.00M | Scene, ViewLayer | Synchronizing object | island_far_middle_pine_01_branch_01_03
Fra:1 Mem:15.00M (Peak 15.00M) | Time:00:00.00 | Mem:0.00M, Peak:0.00M | Scene, ViewLayer | Synchronizing object | island_far_middle_pine_01_branch_01_04
Fra:1 Mem:15.01M (Peak 15.01M) | Time:00:00.00 | Mem:0.00M, Peak:0.00M | Scene, ViewLayer | Synchronizing object | island_far_middle_pine_01_branch_02_00
Fra:1 Mem:15.02M (Peak 15.02M) | Time:00:00.00 | Mem:0.00M, Peak:0.00M | Scene, ViewLayer | Synchronizing object | island_far_middle_pine_01_branch_02_01
Fra:1 Mem:15.02M (Peak 15.02M) | Time:00:00.00 | Mem:0.00M, Peak:0.00M | Scene, ViewLayer | Synchronizing object | island_far_middle_pine_01_branch_02_02
Fra:1 Mem:15.03M (Peak 15.03M) | Time:00:00.00 | Mem:0.00M, Peak:0.00M | Scene, ViewLayer | Synchronizing object | island_far_middle_pine_01_branch_02_03
Fra:1 Mem:15.04M (Peak 15.04M) | Time:00:00.00 | Mem:0.00M, Peak:0.00M | Scene, ViewLayer | Synchronizing object | island_far_middle_pine_01_branch_02_04
Fra:1 Mem:15.04M (Peak 15.04M) | Time:00:00.00 | Mem:0.00M, Peak:0.00M | Scene, ViewLayer | Synchronizing object | island_far_middle_pine_01_crown_tier_03
Fra:1 Mem:15.05M (Peak 15.05M) | Time:00:00.00 | Mem:0.00M, Peak:0.00M | Scene, ViewLayer | Synchronizing object | island_far_middle_pine_01_crown_tier_04
Fra:1 Mem:15.06M (Peak 15.06M) | Time:00:00.00 | Mem:0.00M, Peak:0.00M | Scene, ViewLayer | Synchronizing object | island_far_middle_pine_01_leader
Fra:1 Mem:15.06M (Peak 15.06M) | Time:00:00.00 | Mem:0.00M, Peak:0.00M | Scene, ViewLayer | Synchronizing object | island_far_middle_pine_02_trunk
Fra:1 Mem:15.06M (Peak 15.06M) | Time:00:00.00 | Mem:0.00M, Peak:0.00M | Scene, ViewLayer | Synchronizing object | island_far_middle_pine_02_branch_00_00
Fra:1 Mem:15.07M (Peak 15.07M) | Time:00:00.00 | Mem:0.00M, Peak:0.00M | Scene, ViewLayer | Synchronizing object | island_far_middle_pine_02_branch_00_02
Fra:1 Mem:15.07M (Peak 15.07M) | Time:00:00.00 | Mem:0.00M, Peak:0.00M | Scene, ViewLayer | Synchronizing object | island_far_middle_pine_02_branch_00_03
Fra:1 Mem:15.08M (Peak 15.08M) | Time:00:00.00 | Mem:0.00M, Peak:0.00M | Scene, ViewLayer | Synchronizing object | island_far_middle_pine_02_branch_00_04
Fra:1 Mem:15.08M (Peak 15.08M) | Time:00:00.00 | Mem:0.00M, Peak:0.00M | Scene, ViewLayer | Synchronizing object | island_far_middle_pine_02_branch_01_00
Fra:1 Mem:15.09M (Peak 15.09M) | Time:00:00.00 | Mem:0.00M, Peak:0.00M | Scene, ViewLayer | Synchronizing object | island_far_middle_pine_02_branch_01_01
Fra:1 Mem:15.09M (Peak 15.09M) | Time:00:00.00 | Mem:0.00M, Peak:0.00M | Scene, ViewLayer | Synchronizing object | island_far_middle_pine_02_branch_01_02
Fra:1 Mem:15.10M (Peak 15.10M) | Time:00:00.00 | Mem:0.00M, Peak:0.00M | Scene, ViewLayer | Synchronizing object | island_far_middle_pine_02_branch_01_03
Fra:1 Mem:15.10M (Peak 15.10M) | Time:00:00.00 | Mem:0.00M, Peak:0.00M | Scene, ViewLayer | Synchronizing object | island_far_middle_pine_02_branch_01_04
Fra:1 Mem:15.11M (Peak 15.11M) | Time:00:00.00 | Mem:0.00M, Peak:0.00M | Scene, ViewLayer | Synchronizing object | island_far_middle_pine_02_crown_tier_01
Fra:1 Mem:15.11M (Peak 15.11M) | Time:00:00.00 | Mem:0.00M, Peak:0.00M | Scene, ViewLayer | Synchronizing object | island_far_middle_pine_02_branch_02_00
Fra:1 Mem:15.12M (Peak 15.12M) | Time:00:00.00 | Mem:0.00M, Peak:0.00M | Scene, ViewLayer | Synchronizing object | island_far_middle_pine_02_branch_02_01
Fra:1 Mem:15.12M (Peak 15.12M) | Time:00:00.00 | Mem:0.00M, Peak:0.00M | Scene, ViewLayer | Synchronizing object | island_far_middle_pine_02_branch_02_02
Fra:1 Mem:15.12M (Peak 15.12M) | Time:00:00.00 | Mem:0.00M, Peak:0.00M | Scene, ViewLayer | Synchronizing object | island_far_middle_pine_02_branch_02_03
Fra:1 Mem:15.13M (Peak 15.13M) | Time:00:00.00 | Mem:0.00M, Peak:0.00M | Scene, ViewLayer | Synchronizing object | island_far_middle_pine_02_branch_02_04
Fra:1 Mem:15.13M (Peak 15.13M) | Time:00:00.00 | Mem:0.00M, Peak:0.00M | Scene, ViewLayer | Synchronizing object | island_far_middle_pine_02_crown_tier_02
Fra:1 Mem:15.13M (Peak 15.13M) | Time:00:00.00 | Mem:0.00M, Peak:0.00M | Scene, ViewLayer | Synchronizing object | island_far_middle_pine_02_crown_tier_03
Fra:1 Mem:15.14M (Peak 15.14M) | Time:00:00.00 | Mem:0.00M, Peak:0.00M | Scene, ViewLayer | Synchronizing object | island_far_middle_pine_02_crown_tier_04
Fra:1 Mem:15.15M (Peak 15.15M) | Time:00:00.00 | Mem:0.00M, Peak:0.00M | Scene, ViewLayer | Synchronizing object | island_far_middle_pine_02_leader
Fra:1 Mem:15.15M (Peak 15.15M) | Time:00:00.00 | Mem:0.00M, Peak:0.00M | Scene, ViewLayer | Synchronizing object | island_far_middle_pine_03_trunk
Fra:1 Mem:15.16M (Peak 15.16M) | Time:00:00.00 | Mem:0.00M, Peak:0.00M | Scene, ViewLayer | Synchronizing object | island_far_middle_pine_03_branch_00_00
Fra:1 Mem:15.16M (Peak 15.16M) | Time:00:00.00 | Mem:0.00M, Peak:0.00M | Scene, ViewLayer | Synchronizing object | island_far_middle_pine_03_branch_00_01
Fra:1 Mem:15.17M (Peak 15.17M) | Time:00:00.00 | Mem:0.00M, Peak:0.00M | Scene, ViewLayer | Synchronizing object | island_far_middle_pine_03_branch_00_02
Fra:1 Mem:15.17M (Peak 15.17M) | Time:00:00.00 | Mem:0.00M, Peak:0.00M | Scene, ViewLayer | Synchronizing object | island_far_middle_pine_03_branch_00_03
Fra:1 Mem:15.17M (Peak 15.17M) | Time:00:00.00 | Mem:0.00M, Peak:0.00M | Scene, ViewLayer | Synchronizing object | island_far_middle_pine_03_branch_00_04
Fra:1 Mem:15.18M (Peak 15.18M) | Time:00:00.00 | Mem:0.00M, Peak:0.00M | Scene, ViewLayer | Synchronizing object | island_far_middle_pine_03_crown_tier_00
Fra:1 Mem:15.18M (Peak 15.18M) | Time:00:00.00 | Mem:0.00M, Peak:0.00M | Scene, ViewLayer | Synchronizing object | island_far_middle_pine_03_branch_01_00
Fra:1 Mem:15.19M (Peak 15.19M) | Time:00:00.00 | Mem:0.00M, Peak:0.00M | Scene, ViewLayer | Synchronizing object | island_far_middle_pine_03_branch_01_01
Fra:1 Mem:15.19M (Peak 15.19M) | Time:00:00.00 | Mem:0.00M, Peak:0.00M | Scene, ViewLayer | Synchronizing object | island_far_middle_pine_03_branch_01_02
Fra:1 Mem:15.19M (Peak 15.19M) | Time:00:00.00 | Mem:0.00M, Peak:0.00M | Scene, ViewLayer | Synchronizing object | island_far_middle_pine_03_branch_01_03
Fra:1 Mem:15.20M (Peak 15.20M) | Time:00:00.00 | Mem:0.00M, Peak:0.00M | Scene, ViewLayer | Synchronizing object | island_far_middle_pine_03_branch_01_04
Fra:1 Mem:15.20M (Peak 15.20M) | Time:00:00.00 | Mem:0.00M, Peak:0.00M | Scene, ViewLayer | Synchronizing object | island_far_middle_pine_03_crown_tier_01
Fra:1 Mem:15.20M (Peak 15.20M) | Time:00:00.00 | Mem:0.00M, Peak:0.00M | Scene, ViewLayer | Synchronizing object | island_far_middle_pine_03_branch_02_00
Fra:1 Mem:15.21M (Peak 15.21M) | Time:00:00.00 | Mem:0.00M, Peak:0.00M | Scene, ViewLayer | Synchronizing object | island_far_middle_pine_03_branch_02_01
Fra:1 Mem:15.22M (Peak 15.22M) | Time:00:00.00 | Mem:0.00M, Peak:0.00M | Scene, ViewLayer | Synchronizing object | island_far_middle_pine_03_branch_02_02
Fra:1 Mem:15.22M (Peak 15.22M) | Time:00:00.00 | Mem:0.00M, Peak:0.00M | Scene, ViewLayer | Synchronizing object | island_far_middle_pine_03_branch_02_03
Fra:1 Mem:15.22M (Peak 15.22M) | Time:00:00.00 | Mem:0.00M, Peak:0.00M | Scene, ViewLayer | Synchronizing object | island_far_middle_pine_03_branch_02_04
Fra:1 Mem:15.23M (Peak 15.23M) | Time:00:00.00 | Mem:0.00M, Peak:0.00M | Scene, ViewLayer | Synchronizing object | island_far_middle_pine_03_crown_tier_02
Fra:1 Mem:15.23M (Peak 15.23M) | Time:00:00.00 | Mem:0.00M, Peak:0.00M | Scene, ViewLayer | Synchronizing object | island_far_middle_pine_03_crown_tier_03
Fra:1 Mem:15.24M (Peak 15.24M) | Time:00:00.00 | Mem:0.00M, Peak:0.00M | Scene, ViewLayer | Synchronizing object | island_far_middle_pine_03_crown_tier_04
Fra:1 Mem:15.24M (Peak 15.24M) | Time:00:00.00 | Mem:0.00M, Peak:0.00M | Scene, ViewLayer | Synchronizing object | island_far_middle_pine_03_leader
Fra:1 Mem:15.25M (Peak 15.25M) | Time:00:00.00 | Mem:0.00M, Peak:0.00M | Scene, ViewLayer | Synchronizing object | Evidence_Sun
Fra:1 Mem:15.25M (Peak 15.25M) | Time:00:00.00 | Mem:0.00M, Peak:0.00M | Scene, ViewLayer | Synchronizing object | Evidence_Water_guide_only
Fra:1 Mem:15.25M (Peak 15.25M) | Time:00:00.00 | Mem:0.00M, Peak:0.00M | Scene, ViewLayer | Initializing
Fra:1 Mem:12.34M (Peak 15.25M) | Time:00:00.01 | Mem:0.00M, Peak:0.00M | Scene, ViewLayer | Waiting for render to start
Fra:1 Mem:12.34M (Peak 15.25M) | Time:00:00.01 | Mem:0.00M, Peak:0.00M | Scene, ViewLayer | Updating Scene
Fra:1 Mem:12.34M (Peak 15.25M) | Time:00:00.01 | Mem:0.00M, Peak:0.00M | Scene, ViewLayer | Updating Shaders
Fra:1 Mem:12.34M (Peak 15.25M) | Time:00:00.01 | Mem:0.00M, Peak:0.00M | Scene, ViewLayer | Loading render kernels (may take a few minutes the first time)
Fra:1 Mem:12.43M (Peak 15.25M) | Time:00:00.01 | Mem:0.01M, Peak:0.01M | Scene, ViewLayer | Updating Procedurals
Fra:1 Mem:12.43M (Peak 15.25M) | Time:00:00.01 | Mem:0.01M, Peak:0.01M | Scene, ViewLayer | Updating Background
Fra:1 Mem:12.43M (Peak 15.25M) | Time:00:00.01 | Mem:0.01M, Peak:0.01M | Scene, ViewLayer | Updating Camera
Fra:1 Mem:12.43M (Peak 15.25M) | Time:00:00.01 | Mem:0.01M, Peak:0.01M | Scene, ViewLayer | Updating Meshes Flags
Fra:1 Mem:12.43M (Peak 15.25M) | Time:00:00.01 | Mem:0.01M, Peak:0.01M | Scene, ViewLayer | Updating Objects
Fra:1 Mem:12.43M (Peak 15.25M) | Time:00:00.01 | Mem:0.01M, Peak:0.01M | Scene, ViewLayer | Updating Objects | Copying Transformations to device
Fra:1 Mem:12.45M (Peak 15.25M) | Time:00:00.01 | Mem:0.02M, Peak:0.02M | Scene, ViewLayer | Updating Particle Systems
Fra:1 Mem:12.45M (Peak 15.25M) | Time:00:00.01 | Mem:0.02M, Peak:0.02M | Scene, ViewLayer | Updating Particle Systems | Copying Particles to device
Fra:1 Mem:12.45M (Peak 15.25M) | Time:00:00.01 | Mem:0.02M, Peak:0.02M | Scene, ViewLayer | Updating Meshes
Fra:1 Mem:12.45M (Peak 15.25M) | Time:00:00.01 | Mem:0.02M, Peak:0.02M | Scene, ViewLayer | Updating Objects | Applying Static Transformations
Fra:1 Mem:12.45M (Peak 15.25M) | Time:00:00.01 | Mem:0.02M, Peak:0.02M | Scene, ViewLayer | Updating Mesh | Computing attributes
Fra:1 Mem:12.62M (Peak 15.25M) | Time:00:00.01 | Mem:0.03M, Peak:0.03M | Scene, ViewLayer | Updating Mesh | Copying Attributes to device
Fra:1 Mem:12.61M (Peak 15.25M) | Time:00:00.01 | Mem:0.18M, Peak:0.18M | Scene, ViewLayer | Updating Scene BVH | Building
Fra:1 Mem:12.61M (Peak 15.25M) | Time:00:00.01 | Mem:0.18M, Peak:0.18M | Scene, ViewLayer | Updating Scene BVH | Building BVH
Fra:1 Mem:12.61M (Peak 15.25M) | Time:00:00.01 | Mem:0.27M, Peak:0.27M | Scene, ViewLayer | Updating Scene BVH | Building BVH 0%
Fra:1 Mem:12.61M (Peak 15.25M) | Time:00:00.01 | Mem:0.38M, Peak:0.47M | Scene, ViewLayer | Updating Scene BVH | Copying BVH to device
Fra:1 Mem:12.61M (Peak 15.25M) | Time:00:00.01 | Mem:0.38M, Peak:0.47M | Scene, ViewLayer | Updating Mesh | Computing normals
Fra:1 Mem:12.69M (Peak 15.25M) | Time:00:00.01 | Mem:0.38M, Peak:0.47M | Scene, ViewLayer | Updating Mesh | Copying Mesh to device
Fra:1 Mem:12.69M (Peak 15.25M) | Time:00:00.01 | Mem:0.46M, Peak:0.47M | Scene, ViewLayer | Updating Objects Flags
Fra:1 Mem:12.69M (Peak 15.25M) | Time:00:00.01 | Mem:0.46M, Peak:0.47M | Scene, ViewLayer | Updating Primitive Offsets
Fra:1 Mem:12.69M (Peak 15.25M) | Time:00:00.01 | Mem:0.46M, Peak:0.47M | Scene, ViewLayer | Updating Images
Fra:1 Mem:12.69M (Peak 15.25M) | Time:00:00.01 | Mem:0.46M, Peak:0.47M | Scene, ViewLayer | Updating Camera Volume
Fra:1 Mem:12.69M (Peak 15.25M) | Time:00:00.01 | Mem:0.46M, Peak:0.47M | Scene, ViewLayer | Updating Lookup Tables
Fra:1 Mem:12.69M (Peak 15.25M) | Time:00:00.01 | Mem:0.55M, Peak:0.55M | Scene, ViewLayer | Updating Lights
Fra:1 Mem:12.69M (Peak 15.25M) | Time:00:00.01 | Mem:0.55M, Peak:0.55M | Scene, ViewLayer | Updating Lights | Computing tree
Fra:1 Mem:12.69M (Peak 15.25M) | Time:00:00.01 | Mem:0.55M, Peak:0.55M | Scene, ViewLayer | Updating Integrator
Fra:1 Mem:12.69M (Peak 15.25M) | Time:00:00.01 | Mem:0.55M, Peak:0.55M | Scene, ViewLayer | Updating Film
Fra:1 Mem:12.70M (Peak 15.25M) | Time:00:00.01 | Mem:0.47M, Peak:0.55M | Scene, ViewLayer | Updating Lookup Tables
Fra:1 Mem:12.70M (Peak 15.25M) | Time:00:00.01 | Mem:0.55M, Peak:0.55M | Scene, ViewLayer | Updating Baking
Fra:1 Mem:12.70M (Peak 15.25M) | Time:00:00.01 | Mem:0.55M, Peak:0.55M | Scene, ViewLayer | Updating Device | Writing constant memory
Fra:1 Mem:12.70M (Peak 15.25M) | Time:00:00.01 | Mem:0.55M, Peak:0.55M | Scene, ViewLayer | Loading denoising kernels (may take a few minutes the first time)
Fra:1 Mem:12.70M (Peak 15.25M) | Time:00:00.01 | Mem:0.55M, Peak:0.55M | Scene, ViewLayer | Sample 0/12
Fra:1 Mem:47.53M (Peak 47.53M) | Time:00:00.21 | Remaining:00:02.26 | Mem:35.34M, Peak:35.34M | Scene, ViewLayer | Sample 1/12
Fra:1 Mem:62.18M (Peak 84.16M) | Time:00:05.08 | Mem:35.34M, Peak:35.34M | Scene, ViewLayer | Sample 12/12
Fra:1 Mem:62.18M (Peak 84.16M) | Time:00:05.08 | Mem:35.34M, Peak:35.34M | Scene, ViewLayer | Finished
Saved: '/workspace/scratch/a29d03198654/Aether/source-assets/lake49/source-views/island_far_middle-front.png'
Time: 00:05.13 (Saving: 00:00.04)

RENDERED island_far_middle front
Fra:1 Mem:14.98M (Peak 14.98M) | Time:00:00.00 | Mem:0.00M, Peak:0.00M | Scene, ViewLayer | Synchronizing object | island_far_middle_rockroot
Fra:1 Mem:14.98M (Peak 14.98M) | Time:00:00.00 | Mem:0.00M, Peak:0.00M | Scene, ViewLayer | Synchronizing object | island_far_middle_grasscap_west
Fra:1 Mem:15.00M (Peak 15.00M) | Time:00:00.00 | Mem:0.00M, Peak:0.00M | Scene, ViewLayer | Synchronizing object | island_far_middle_grasscap_east
Fra:1 Mem:15.02M (Peak 15.02M) | Time:00:00.00 | Mem:0.00M, Peak:0.00M | Scene, ViewLayer | Synchronizing object | island_far_middle_wetshore_00
Fra:1 Mem:15.03M (Peak 15.03M) | Time:00:00.00 | Mem:0.00M, Peak:0.00M | Scene, ViewLayer | Synchronizing object | island_far_middle_wetshore_01
Fra:1 Mem:15.04M (Peak 15.04M) | Time:00:00.00 | Mem:0.00M, Peak:0.00M | Scene, ViewLayer | Synchronizing object | island_far_middle_wetshore_02
Fra:1 Mem:15.04M (Peak 15.04M) | Time:00:00.00 | Mem:0.00M, Peak:0.00M | Scene, ViewLayer | Synchronizing object | island_far_middle_wetshore_03
Fra:1 Mem:15.06M (Peak 15.06M) | Time:00:00.00 | Mem:0.00M, Peak:0.00M | Scene, ViewLayer | Synchronizing object | island_far_middle_wetshore_04
Fra:1 Mem:15.06M (Peak 15.06M) | Time:00:00.00 | Mem:0.00M, Peak:0.00M | Scene, ViewLayer | Synchronizing object | island_far_middle_pine_01_trunk
Fra:1 Mem:15.07M (Peak 15.07M) | Time:00:00.00 | Mem:0.00M, Peak:0.00M | Scene, ViewLayer | Synchronizing object | island_far_middle_pine_01_branch_00_00
Fra:1 Mem:15.07M (Peak 15.07M) | Time:00:00.00 | Mem:0.00M, Peak:0.00M | Scene, ViewLayer | Synchronizing object | island_far_middle_pine_01_branch_00_01
Fra:1 Mem:15.07M (Peak 15.07M) | Time:00:00.00 | Mem:0.00M, Peak:0.00M | Scene, ViewLayer | Synchronizing object | island_far_middle_pine_01_branch_00_03
Fra:1 Mem:15.08M (Peak 15.08M) | Time:00:00.00 | Mem:0.00M, Peak:0.00M | Scene, ViewLayer | Synchronizing object | island_far_middle_pine_01_branch_00_04
Fra:1 Mem:15.08M (Peak 15.08M) | Time:00:00.00 | Mem:0.00M, Peak:0.00M | Scene, ViewLayer | Synchronizing object | island_far_middle_pine_01_crown_tier_00
Fra:1 Mem:15.09M (Peak 15.09M) | Time:00:00.00 | Mem:0.00M, Peak:0.00M | Scene, ViewLayer | Synchronizing object | island_far_middle_pine_01_branch_01_00
Fra:1 Mem:15.09M (Peak 15.09M) | Time:00:00.00 | Mem:0.00M, Peak:0.00M | Scene, ViewLayer | Synchronizing object | island_far_middle_pine_01_branch_01_01
Fra:1 Mem:15.09M (Peak 15.09M) | Time:00:00.00 | Mem:0.00M, Peak:0.00M | Scene, ViewLayer | Synchronizing object | island_far_middle_pine_01_branch_01_03
Fra:1 Mem:15.09M (Peak 15.09M) | Time:00:00.00 | Mem:0.00M, Peak:0.00M | Scene, ViewLayer | Synchronizing object | island_far_middle_pine_01_branch_01_04
Fra:1 Mem:15.10M (Peak 15.10M) | Time:00:00.00 | Mem:0.00M, Peak:0.00M | Scene, ViewLayer | Synchronizing object | island_far_middle_pine_01_crown_tier_01
Fra:1 Mem:15.10M (Peak 15.10M) | Time:00:00.00 | Mem:0.00M, Peak:0.00M | Scene, ViewLayer | Synchronizing object | island_far_middle_pine_01_branch_02_00
Fra:1 Mem:15.10M (Peak 15.10M) | Time:00:00.00 | Mem:0.00M, Peak:0.00M | Scene, ViewLayer | Synchronizing object | island_far_middle_pine_01_branch_02_01
Fra:1 Mem:15.11M (Peak 15.11M) | Time:00:00.00 | Mem:0.00M, Peak:0.00M | Scene, ViewLayer | Synchronizing object | island_far_middle_pine_01_branch_02_03
Fra:1 Mem:15.11M (Peak 15.11M) | Time:00:00.00 | Mem:0.00M, Peak:0.00M | Scene, ViewLayer | Synchronizing object | island_far_middle_pine_01_branch_02_04
Fra:1 Mem:15.11M (Peak 15.11M) | Time:00:00.00 | Mem:0.00M, Peak:0.00M | Scene, ViewLayer | Synchronizing object | island_far_middle_pine_01_crown_tier_03
Fra:1 Mem:15.12M (Peak 15.12M) | Time:00:00.00 | Mem:0.00M, Peak:0.00M | Scene, ViewLayer | Synchronizing object | island_far_middle_pine_01_crown_tier_04
Fra:1 Mem:15.12M (Peak 15.12M) | Time:00:00.00 | Mem:0.00M, Peak:0.00M | Scene, ViewLayer | Synchronizing object | island_far_middle_pine_01_leader
Fra:1 Mem:15.13M (Peak 15.13M) | Time:00:00.00 | Mem:0.00M, Peak:0.00M | Scene, ViewLayer | Synchronizing object | island_far_middle_pine_02_trunk
Fra:1 Mem:15.13M (Peak 15.13M) | Time:00:00.00 | Mem:0.00M, Peak:0.00M | Scene, ViewLayer | Synchronizing object | island_far_middle_pine_02_branch_00_00
Fra:1 Mem:15.13M (Peak 15.13M) | Time:00:00.00 | Mem:0.00M, Peak:0.00M | Scene, ViewLayer | Synchronizing object | island_far_middle_pine_02_branch_00_01
Fra:1 Mem:15.14M (Peak 15.14M) | Time:00:00.00 | Mem:0.00M, Peak:0.00M | Scene, ViewLayer | Synchronizing object | island_far_middle_pine_02_branch_00_02
Fra:1 Mem:15.14M (Peak 15.14M) | Time:00:00.00 | Mem:0.00M, Peak:0.00M | Scene, ViewLayer | Synchronizing object | island_far_middle_pine_02_branch_00_04
Fra:1 Mem:15.14M (Peak 15.14M) | Time:00:00.00 | Mem:0.00M, Peak:0.00M | Scene, ViewLayer | Synchronizing object | Evidence_Water_guide_only
Fra:1 Mem:15.14M (Peak 15.14M) | Time:00:00.00 | Mem:0.00M, Peak:0.00M | Scene, ViewLayer | Synchronizing object | island_far_middle_pine_02_branch_01_00
Fra:1 Mem:15.15M (Peak 15.15M) | Time:00:00.00 | Mem:0.00M, Peak:0.00M | Scene, ViewLayer | Synchronizing object | Evidence_Sun
Fra:1 Mem:15.15M (Peak 15.15M) | Time:00:00.00 | Mem:0.00M, Peak:0.00M | Scene, ViewLayer | Synchronizing object | island_far_middle_pine_02_branch_01_01
Fra:1 Mem:15.15M (Peak 15.15M) | Time:00:00.00 | Mem:0.00M, Peak:0.00M | Scene, ViewLayer | Synchronizing object | island_far_middle_pine_03_leader
Fra:1 Mem:15.15M (Peak 15.15M) | Time:00:00.00 | Mem:0.00M, Peak:0.00M | Scene, ViewLayer | Synchronizing object | island_far_middle_pine_02_branch_01_02
Fra:1 Mem:15.16M (Peak 15.16M) | Time:00:00.00 | Mem:0.00M, Peak:0.00M | Scene, ViewLayer | Synchronizing object | island_far_middle_pine_02_branch_01_03
Fra:1 Mem:15.16M (Peak 15.16M) | Time:00:00.00 | Mem:0.00M, Peak:0.00M | Scene, ViewLayer | Synchronizing object | island_far_middle_pine_02_branch_01_04
Fra:1 Mem:15.16M (Peak 15.16M) | Time:00:00.00 | Mem:0.00M, Peak:0.00M | Scene, ViewLayer | Synchronizing object | island_far_middle_pine_02_crown_tier_01
Fra:1 Mem:15.17M (Peak 15.17M) | Time:00:00.00 | Mem:0.00M, Peak:0.00M | Scene, ViewLayer | Synchronizing object | island_far_middle_pine_02_branch_02_00
Fra:1 Mem:15.17M (Peak 15.17M) | Time:00:00.00 | Mem:0.00M, Peak:0.00M | Scene, ViewLayer | Synchronizing object | island_far_middle_pine_03_crown_tier_03
Fra:1 Mem:15.17M (Peak 15.17M) | Time:00:00.00 | Mem:0.00M, Peak:0.00M | Scene, ViewLayer | Synchronizing object | island_far_middle_pine_02_branch_02_02
Fra:1 Mem:15.18M (Peak 15.18M) | Time:00:00.00 | Mem:0.00M, Peak:0.00M | Scene, ViewLayer | Synchronizing object | island_far_middle_pine_02_branch_02_03
Fra:1 Mem:15.18M (Peak 15.18M) | Time:00:00.00 | Mem:0.00M, Peak:0.00M | Scene, ViewLayer | Synchronizing object | island_far_middle_pine_03_crown_tier_02
Fra:1 Mem:15.19M (Peak 15.19M) | Time:00:00.00 | Mem:0.00M, Peak:0.00M | Scene, ViewLayer | Synchronizing object | island_far_middle_pine_02_branch_02_04
Fra:1 Mem:15.19M (Peak 15.19M) | Time:00:00.00 | Mem:0.00M, Peak:0.00M | Scene, ViewLayer | Synchronizing object | island_far_middle_pine_02_crown_tier_03
Fra:1 Mem:15.19M (Peak 15.19M) | Time:00:00.00 | Mem:0.00M, Peak:0.00M | Scene, ViewLayer | Synchronizing object | island_far_middle_pine_03_branch_02_04
Fra:1 Mem:15.20M (Peak 15.20M) | Time:00:00.00 | Mem:0.00M, Peak:0.00M | Scene, ViewLayer | Synchronizing object | island_far_middle_pine_02_crown_tier_04
Fra:1 Mem:15.20M (Peak 15.20M) | Time:00:00.00 | Mem:0.00M, Peak:0.00M | Scene, ViewLayer | Synchronizing object | island_far_middle_pine_03_branch_02_03
Fra:1 Mem:15.21M (Peak 15.21M) | Time:00:00.00 | Mem:0.00M, Peak:0.00M | Scene, ViewLayer | Synchronizing object | island_far_middle_pine_03_trunk
Fra:1 Mem:15.21M (Peak 15.21M) | Time:00:00.00 | Mem:0.00M, Peak:0.00M | Scene, ViewLayer | Synchronizing object | island_far_middle_pine_03_branch_02_02
Fra:1 Mem:15.21M (Peak 15.21M) | Time:00:00.00 | Mem:0.00M, Peak:0.00M | Scene, ViewLayer | Synchronizing object | island_far_middle_pine_03_branch_02_01
Fra:1 Mem:15.22M (Peak 15.22M) | Time:00:00.00 | Mem:0.00M, Peak:0.00M | Scene, ViewLayer | Synchronizing object | island_far_middle_pine_03_branch_00_01
Fra:1 Mem:15.22M (Peak 15.22M) | Time:00:00.00 | Mem:0.00M, Peak:0.00M | Scene, ViewLayer | Synchronizing object | island_far_middle_pine_03_branch_02_00
Fra:1 Mem:15.22M (Peak 15.22M) | Time:00:00.00 | Mem:0.00M, Peak:0.00M | Scene, ViewLayer | Synchronizing object | island_far_middle_pine_03_branch_00_02
Fra:1 Mem:15.22M (Peak 15.22M) | Time:00:00.00 | Mem:0.00M, Peak:0.00M | Scene, ViewLayer | Synchronizing object | island_far_middle_pine_03_branch_00_03
Fra:1 Mem:15.23M (Peak 15.23M) | Time:00:00.00 | Mem:0.00M, Peak:0.00M | Scene, ViewLayer | Synchronizing object | island_far_middle_pine_03_branch_00_04
Fra:1 Mem:15.23M (Peak 15.23M) | Time:00:00.00 | Mem:0.00M, Peak:0.00M | Scene, ViewLayer | Synchronizing object | island_far_middle_pine_03_crown_tier_00
Fra:1 Mem:15.23M (Peak 15.23M) | Time:00:00.00 | Mem:0.00M, Peak:0.00M | Scene, ViewLayer | Synchronizing object | island_far_middle_pine_03_branch_01_01
Fra:1 Mem:15.24M (Peak 15.24M) | Time:00:00.00 | Mem:0.00M, Peak:0.00M | Scene, ViewLayer | Synchronizing object | island_far_middle_pine_03_branch_01_02
Fra:1 Mem:15.24M (Peak 15.24M) | Time:00:00.00 | Mem:0.00M, Peak:0.00M | Scene, ViewLayer | Synchronizing object | island_far_middle_pine_03_branch_01_03
Fra:1 Mem:15.24M (Peak 15.24M) | Time:00:00.00 | Mem:0.00M, Peak:0.00M | Scene, ViewLayer | Synchronizing object | island_far_middle_pine_03_branch_01_04
Fra:1 Mem:15.25M (Peak 15.25M) | Time:00:00.00 | Mem:0.00M, Peak:0.00M | Scene, ViewLayer | Initializing
Fra:1 Mem:12.34M (Peak 15.25M) | Time:00:00.00 | Mem:0.00M, Peak:0.00M | Scene, ViewLayer | Waiting for render to start
Fra:1 Mem:12.34M (Peak 15.25M) | Time:00:00.00 | Mem:0.00M, Peak:0.00M | Scene, ViewLayer | Updating Scene
Fra:1 Mem:12.34M (Peak 15.25M) | Time:00:00.00 | Mem:0.00M, Peak:0.00M | Scene, ViewLayer | Updating Shaders
Fra:1 Mem:12.34M (Peak 15.25M) | Time:00:00.00 | Mem:0.00M, Peak:0.00M | Scene, ViewLayer | Loading render kernels (may take a few minutes the first time)
Fra:1 Mem:12.43M (Peak 15.25M) | Time:00:00.00 | Mem:0.01M, Peak:0.01M | Scene, ViewLayer | Updating Procedurals
Fra:1 Mem:12.43M (Peak 15.25M) | Time:00:00.00 | Mem:0.01M, Peak:0.01M | Scene, ViewLayer | Updating Background
Fra:1 Mem:12.43M (Peak 15.25M) | Time:00:00.00 | Mem:0.01M, Peak:0.01M | Scene, ViewLayer | Updating Camera
Fra:1 Mem:12.43M (Peak 15.25M) | Time:00:00.00 | Mem:0.01M, Peak:0.01M | Scene, ViewLayer | Updating Meshes Flags
Fra:1 Mem:12.43M (Peak 15.25M) | Time:00:00.00 | Mem:0.01M, Peak:0.01M | Scene, ViewLayer | Updating Objects
Fra:1 Mem:12.43M (Peak 15.25M) | Time:00:00.00 | Mem:0.01M, Peak:0.01M | Scene, ViewLayer | Updating Objects | Copying Transformations to device
Fra:1 Mem:12.45M (Peak 15.25M) | Time:00:00.00 | Mem:0.02M, Peak:0.02M | Scene, ViewLayer | Updating Particle Systems
Fra:1 Mem:12.45M (Peak 15.25M) | Time:00:00.00 | Mem:0.02M, Peak:0.02M | Scene, ViewLayer | Updating Particle Systems | Copying Particles to device
Fra:1 Mem:12.45M (Peak 15.25M) | Time:00:00.00 | Mem:0.02M, Peak:0.02M | Scene, ViewLayer | Updating Meshes
Fra:1 Mem:12.45M (Peak 15.25M) | Time:00:00.00 | Mem:0.02M, Peak:0.02M | Scene, ViewLayer | Updating Objects | Applying Static Transformations
Fra:1 Mem:12.45M (Peak 15.25M) | Time:00:00.00 | Mem:0.02M, Peak:0.02M | Scene, ViewLayer | Updating Mesh | Computing attributes
Fra:1 Mem:12.62M (Peak 15.25M) | Time:00:00.00 | Mem:0.03M, Peak:0.03M | Scene, ViewLayer | Updating Mesh | Copying Attributes to device
Fra:1 Mem:12.61M (Peak 15.25M) | Time:00:00.00 | Mem:0.18M, Peak:0.18M | Scene, ViewLayer | Updating Scene BVH | Building
Fra:1 Mem:12.61M (Peak 15.25M) | Time:00:00.00 | Mem:0.18M, Peak:0.18M | Scene, ViewLayer | Updating Scene BVH | Building BVH
Fra:1 Mem:12.61M (Peak 15.25M) | Time:00:00.00 | Mem:0.27M, Peak:0.27M | Scene, ViewLayer | Updating Scene BVH | Building BVH 0%
Fra:1 Mem:12.61M (Peak 15.25M) | Time:00:00.00 | Mem:0.38M, Peak:0.47M | Scene, ViewLayer | Updating Scene BVH | Copying BVH to device
Fra:1 Mem:12.61M (Peak 15.25M) | Time:00:00.00 | Mem:0.38M, Peak:0.47M | Scene, ViewLayer | Updating Mesh | Computing normals
Fra:1 Mem:12.69M (Peak 15.25M) | Time:00:00.00 | Mem:0.38M, Peak:0.47M | Scene, ViewLayer | Updating Mesh | Copying Mesh to device
Fra:1 Mem:12.69M (Peak 15.25M) | Time:00:00.00 | Mem:0.46M, Peak:0.47M | Scene, ViewLayer | Updating Objects Flags
Fra:1 Mem:12.69M (Peak 15.25M) | Time:00:00.00 | Mem:0.46M, Peak:0.47M | Scene, ViewLayer | Updating Primitive Offsets
Fra:1 Mem:12.69M (Peak 15.25M) | Time:00:00.00 | Mem:0.46M, Peak:0.47M | Scene, ViewLayer | Updating Images
Fra:1 Mem:12.69M (Peak 15.25M) | Time:00:00.00 | Mem:0.46M, Peak:0.47M | Scene, ViewLayer | Updating Camera Volume
Fra:1 Mem:12.69M (Peak 15.25M) | Time:00:00.00 | Mem:0.46M, Peak:0.47M | Scene, ViewLayer | Updating Lookup Tables
Fra:1 Mem:12.69M (Peak 15.25M) | Time:00:00.00 | Mem:0.55M, Peak:0.55M | Scene, ViewLayer | Updating Lights
Fra:1 Mem:12.69M (Peak 15.25M) | Time:00:00.00 | Mem:0.55M, Peak:0.55M | Scene, ViewLayer | Updating Lights | Computing tree
Fra:1 Mem:12.69M (Peak 15.25M) | Time:00:00.00 | Mem:0.55M, Peak:0.55M | Scene, ViewLayer | Updating Integrator
Fra:1 Mem:12.69M (Peak 15.25M) | Time:00:00.00 | Mem:0.55M, Peak:0.55M | Scene, ViewLayer | Updating Film
Fra:1 Mem:12.70M (Peak 15.25M) | Time:00:00.00 | Mem:0.47M, Peak:0.55M | Scene, ViewLayer | Updating Lookup Tables
Fra:1 Mem:12.70M (Peak 15.25M) | Time:00:00.00 | Mem:0.55M, Peak:0.55M | Scene, ViewLayer | Updating Baking
Fra:1 Mem:12.70M (Peak 15.25M) | Time:00:00.00 | Mem:0.55M, Peak:0.55M | Scene, ViewLayer | Updating Device | Writing constant memory
Fra:1 Mem:12.70M (Peak 15.25M) | Time:00:00.00 | Mem:0.55M, Peak:0.55M | Scene, ViewLayer | Loading denoising kernels (may take a few minutes the first time)
Fra:1 Mem:12.70M (Peak 15.25M) | Time:00:00.00 | Mem:0.55M, Peak:0.55M | Scene, ViewLayer | Sample 0/12
Fra:1 Mem:47.53M (Peak 47.53M) | Time:00:00.20 | Remaining:00:02.14 | Mem:35.34M, Peak:35.34M | Scene, ViewLayer | Sample 1/12
Fra:1 Mem:62.18M (Peak 84.16M) | Time:00:05.01 | Mem:35.34M, Peak:35.34M | Scene, ViewLayer | Sample 12/12
Fra:1 Mem:62.18M (Peak 84.16M) | Time:00:05.01 | Mem:35.34M, Peak:35.34M | Scene, ViewLayer | Finished
Saved: '/workspace/scratch/a29d03198654/Aether/source-assets/lake49/source-views/island_far_middle-side.png'
Time: 00:05.07 (Saving: 00:00.04)

RENDERED island_far_middle side
Fra:1 Mem:14.98M (Peak 14.98M) | Time:00:00.00 | Mem:0.00M, Peak:0.00M | Scene, ViewLayer | Synchronizing object | island_far_middle_rockroot
Fra:1 Mem:14.98M (Peak 14.98M) | Time:00:00.00 | Mem:0.00M, Peak:0.00M | Scene, ViewLayer | Synchronizing object | island_far_middle_grasscap_west
Fra:1 Mem:15.02M (Peak 15.02M) | Time:00:00.00 | Mem:0.00M, Peak:0.00M | Scene, ViewLayer | Synchronizing object | island_far_middle_grasscap_east
Fra:1 Mem:15.02M (Peak 15.02M) | Time:00:00.00 | Mem:0.00M, Peak:0.00M | Scene, ViewLayer | Synchronizing object | island_far_middle_wetshore_01
Fra:1 Mem:15.04M (Peak 15.04M) | Time:00:00.00 | Mem:0.00M, Peak:0.00M | Scene, ViewLayer | Synchronizing object | island_far_middle_wetshore_02
Fra:1 Mem:15.05M (Peak 15.05M) | Time:00:00.00 | Mem:0.00M, Peak:0.00M | Scene, ViewLayer | Synchronizing object | island_far_middle_wetshore_03
Fra:1 Mem:15.05M (Peak 15.05M) | Time:00:00.00 | Mem:0.00M, Peak:0.00M | Scene, ViewLayer | Synchronizing object | island_far_middle_wetshore_05
Fra:1 Mem:15.06M (Peak 15.06M) | Time:00:00.00 | Mem:0.00M, Peak:0.00M | Scene, ViewLayer | Synchronizing object | island_far_middle_pine_01_trunk
Fra:1 Mem:15.06M (Peak 15.06M) | Time:00:00.00 | Mem:0.00M, Peak:0.00M | Scene, ViewLayer | Synchronizing object | island_far_middle_pine_01_branch_00_00
Fra:1 Mem:15.06M (Peak 15.06M) | Time:00:00.00 | Mem:0.00M, Peak:0.00M | Scene, ViewLayer | Synchronizing object | island_far_middle_pine_01_branch_00_01
Fra:1 Mem:15.07M (Peak 15.07M) | Time:00:00.00 | Mem:0.00M, Peak:0.00M | Scene, ViewLayer | Synchronizing object | island_far_middle_pine_01_branch_00_02
Fra:1 Mem:15.07M (Peak 15.07M) | Time:00:00.00 | Mem:0.00M, Peak:0.00M | Scene, ViewLayer | Synchronizing object | island_far_middle_pine_01_branch_00_03
Fra:1 Mem:15.07M (Peak 15.07M) | Time:00:00.00 | Mem:0.00M, Peak:0.00M | Scene, ViewLayer | Synchronizing object | island_far_middle_pine_01_branch_00_04
Fra:1 Mem:15.08M (Peak 15.08M) | Time:00:00.00 | Mem:0.00M, Peak:0.00M | Scene, ViewLayer | Synchronizing object | island_far_middle_pine_01_crown_tier_00
Fra:1 Mem:15.08M (Peak 15.08M) | Time:00:00.00 | Mem:0.00M, Peak:0.00M | Scene, ViewLayer | Synchronizing object | island_far_middle_pine_01_branch_01_00
Fra:1 Mem:15.08M (Peak 15.08M) | Time:00:00.00 | Mem:0.00M, Peak:0.00M | Scene, ViewLayer | Synchronizing object | island_far_middle_pine_01_branch_01_01
Fra:1 Mem:15.09M (Peak 15.09M) | Time:00:00.00 | Mem:0.00M, Peak:0.00M | Scene, ViewLayer | Synchronizing object | island_far_middle_pine_01_branch_01_02
Fra:1 Mem:15.09M (Peak 15.09M) | Time:00:00.00 | Mem:0.00M, Peak:0.00M | Scene, ViewLayer | Synchronizing object | island_far_middle_pine_01_branch_01_03
Fra:1 Mem:15.09M (Peak 15.09M) | Time:00:00.00 | Mem:0.00M, Peak:0.00M | Scene, ViewLayer | Synchronizing object | island_far_middle_pine_01_branch_01_04
Fra:1 Mem:15.09M (Peak 15.09M) | Time:00:00.00 | Mem:0.00M, Peak:0.00M | Scene, ViewLayer | Synchronizing object | island_far_middle_pine_01_crown_tier_01
Fra:1 Mem:15.10M (Peak 15.10M) | Time:00:00.00 | Mem:0.00M, Peak:0.00M | Scene, ViewLayer | Synchronizing object | island_far_middle_pine_01_branch_02_00
Fra:1 Mem:15.10M (Peak 15.10M) | Time:00:00.00 | Mem:0.00M, Peak:0.00M | Scene, ViewLayer | Synchronizing object | island_far_middle_pine_01_branch_02_02
Fra:1 Mem:15.10M (Peak 15.10M) | Time:00:00.00 | Mem:0.00M, Peak:0.00M | Scene, ViewLayer | Synchronizing object | island_far_middle_pine_01_branch_02_03
Fra:1 Mem:15.11M (Peak 15.11M) | Time:00:00.00 | Mem:0.00M, Peak:0.00M | Scene, ViewLayer | Synchronizing object | island_far_middle_pine_01_branch_02_04
Fra:1 Mem:15.11M (Peak 15.11M) | Time:00:00.00 | Mem:0.00M, Peak:0.00M | Scene, ViewLayer | Synchronizing object | island_far_middle_pine_01_crown_tier_02
Fra:1 Mem:15.12M (Peak 15.12M) | Time:00:00.00 | Mem:0.00M, Peak:0.00M | Scene, ViewLayer | Synchronizing object | island_far_middle_pine_01_crown_tier_03
Fra:1 Mem:15.12M (Peak 15.12M) | Time:00:00.00 | Mem:0.00M, Peak:0.00M | Scene, ViewLayer | Synchronizing object | island_far_middle_pine_01_crown_tier_04
Fra:1 Mem:15.12M (Peak 15.12M) | Time:00:00.00 | Mem:0.00M, Peak:0.00M | Scene, ViewLayer | Synchronizing object | island_far_middle_pine_02_trunk
Fra:1 Mem:15.13M (Peak 15.13M) | Time:00:00.00 | Mem:0.00M, Peak:0.00M | Scene, ViewLayer | Synchronizing object | island_far_middle_pine_02_branch_00_00
Fra:1 Mem:15.13M (Peak 15.13M) | Time:00:00.00 | Mem:0.00M, Peak:0.00M | Scene, ViewLayer | Synchronizing object | island_far_middle_pine_02_branch_00_02
Fra:1 Mem:15.14M (Peak 15.14M) | Time:00:00.00 | Mem:0.00M, Peak:0.00M | Scene, ViewLayer | Synchronizing object | island_far_middle_pine_02_branch_00_03
Fra:1 Mem:15.14M (Peak 15.14M) | Time:00:00.00 | Mem:0.00M, Peak:0.00M | Scene, ViewLayer | Synchronizing object | island_far_middle_pine_02_crown_tier_00
Fra:1 Mem:15.14M (Peak 15.14M) | Time:00:00.00 | Mem:0.00M, Peak:0.00M | Scene, ViewLayer | Synchronizing object | island_far_middle_pine_02_branch_01_00
Fra:1 Mem:15.14M (Peak 15.14M) | Time:00:00.00 | Mem:0.00M, Peak:0.00M | Scene, ViewLayer | Synchronizing object | island_far_middle_pine_02_branch_01_01
Fra:1 Mem:15.15M (Peak 15.15M) | Time:00:00.00 | Mem:0.00M, Peak:0.00M | Scene, ViewLayer | Synchronizing object | island_far_middle_pine_02_branch_01_02
Fra:1 Mem:15.15M (Peak 15.15M) | Time:00:00.00 | Mem:0.00M, Peak:0.00M | Scene, ViewLayer | Synchronizing object | island_far_middle_pine_02_branch_01_03
Fra:1 Mem:15.15M (Peak 15.15M) | Time:00:00.00 | Mem:0.00M, Peak:0.00M | Scene, ViewLayer | Synchronizing object | island_far_middle_pine_02_crown_tier_01
Fra:1 Mem:15.16M (Peak 15.16M) | Time:00:00.00 | Mem:0.00M, Peak:0.00M | Scene, ViewLayer | Synchronizing object | island_far_middle_pine_02_branch_02_00
Fra:1 Mem:15.16M (Peak 15.16M) | Time:00:00.00 | Mem:0.00M, Peak:0.00M | Scene, ViewLayer | Synchronizing object | island_far_middle_pine_02_branch_02_01
Fra:1 Mem:15.16M (Peak 15.16M) | Time:00:00.00 | Mem:0.00M, Peak:0.00M | Scene, ViewLayer | Synchronizing object | island_far_middle_pine_02_branch_02_02
Fra:1 Mem:15.17M (Peak 15.17M) | Time:00:00.00 | Mem:0.00M, Peak:0.00M | Scene, ViewLayer | Synchronizing object | island_far_middle_pine_02_branch_02_03
Fra:1 Mem:15.17M (Peak 15.17M) | Time:00:00.00 | Mem:0.00M, Peak:0.00M | Scene, ViewLayer | Synchronizing object | island_far_middle_pine_02_branch_02_04
Fra:1 Mem:15.17M (Peak 15.17M) | Time:00:00.00 | Mem:0.00M, Peak:0.00M | Scene, ViewLayer | Synchronizing object | island_far_middle_pine_02_crown_tier_02
Fra:1 Mem:15.18M (Peak 15.18M) | Time:00:00.00 | Mem:0.00M, Peak:0.00M | Scene, ViewLayer | Synchronizing object | island_far_middle_pine_02_crown_tier_03
Fra:1 Mem:15.18M (Peak 15.18M) | Time:00:00.00 | Mem:0.00M, Peak:0.00M | Scene, ViewLayer | Synchronizing object | island_far_middle_pine_02_crown_tier_04
Fra:1 Mem:15.18M (Peak 15.18M) | Time:00:00.00 | Mem:0.00M, Peak:0.00M | Scene, ViewLayer | Synchronizing object | island_far_middle_pine_02_leader
Fra:1 Mem:15.18M (Peak 15.18M) | Time:00:00.00 | Mem:0.00M, Peak:0.00M | Scene, ViewLayer | Synchronizing object | island_far_middle_pine_03_branch_00_00
Fra:1 Mem:15.19M (Peak 15.19M) | Time:00:00.00 | Mem:0.00M, Peak:0.00M | Scene, ViewLayer | Synchronizing object | island_far_middle_pine_03_branch_00_01
Fra:1 Mem:15.19M (Peak 15.19M) | Time:00:00.00 | Mem:0.00M, Peak:0.00M | Scene, ViewLayer | Synchronizing object | island_far_middle_pine_03_branch_00_02
Fra:1 Mem:15.20M (Peak 15.20M) | Time:00:00.00 | Mem:0.00M, Peak:0.00M | Scene, ViewLayer | Synchronizing object | island_far_middle_pine_03_branch_00_03
Fra:1 Mem:15.20M (Peak 15.20M) | Time:00:00.00 | Mem:0.00M, Peak:0.00M | Scene, ViewLayer | Synchronizing object | island_far_middle_pine_03_branch_00_04
Fra:1 Mem:15.20M (Peak 15.20M) | Time:00:00.00 | Mem:0.00M, Peak:0.00M | Scene, ViewLayer | Synchronizing object | island_far_middle_pine_03_branch_01_00
Fra:1 Mem:15.20M (Peak 15.20M) | Time:00:00.00 | Mem:0.00M, Peak:0.00M | Scene, ViewLayer | Synchronizing object | island_far_middle_pine_03_branch_01_01
Fra:1 Mem:15.21M (Peak 15.21M) | Time:00:00.00 | Mem:0.00M, Peak:0.00M | Scene, ViewLayer | Synchronizing object | island_far_middle_pine_03_branch_01_02
Fra:1 Mem:15.22M (Peak 15.22M) | Time:00:00.00 | Mem:0.00M, Peak:0.00M | Scene, ViewLayer | Synchronizing object | island_far_middle_pine_03_branch_01_03
Fra:1 Mem:15.21M (Peak 15.22M) | Time:00:00.00 | Mem:0.00M, Peak:0.00M | Scene, ViewLayer | Synchronizing object | island_far_middle_pine_03_branch_01_04
Fra:1 Mem:15.22M (Peak 15.22M) | Time:00:00.00 | Mem:0.00M, Peak:0.00M | Scene, ViewLayer | Synchronizing object | island_far_middle_pine_03_branch_02_00
Fra:1 Mem:15.22M (Peak 15.22M) | Time:00:00.00 | Mem:0.00M, Peak:0.00M | Scene, ViewLayer | Synchronizing object | island_far_middle_pine_03_branch_02_01
Fra:1 Mem:15.23M (Peak 15.23M) | Time:00:00.00 | Mem:0.00M, Peak:0.00M | Scene, ViewLayer | Synchronizing object | island_far_middle_pine_03_branch_02_03
Fra:1 Mem:15.23M (Peak 15.23M) | Time:00:00.00 | Mem:0.00M, Peak:0.00M | Scene, ViewLayer | Synchronizing object | Evidence_Water_guide_only
Fra:1 Mem:15.23M (Peak 15.23M) | Time:00:00.00 | Mem:0.00M, Peak:0.00M | Scene, ViewLayer | Synchronizing object | island_far_middle_pine_03_crown_tier_03
Fra:1 Mem:15.23M (Peak 15.23M) | Time:00:00.00 | Mem:0.00M, Peak:0.00M | Scene, ViewLayer | Synchronizing object | Evidence_Sun
Fra:1 Mem:15.24M (Peak 15.24M) | Time:00:00.00 | Mem:0.00M, Peak:0.00M | Scene, ViewLayer | Synchronizing object | island_far_middle_pine_03_leader
Fra:1 Mem:15.25M (Peak 15.25M) | Time:00:00.00 | Mem:0.00M, Peak:0.00M | Scene, ViewLayer | Initializing
Fra:1 Mem:12.34M (Peak 15.25M) | Time:00:00.00 | Mem:0.00M, Peak:0.00M | Scene, ViewLayer | Waiting for render to start
Fra:1 Mem:12.34M (Peak 15.25M) | Time:00:00.00 | Mem:0.00M, Peak:0.00M | Scene, ViewLayer | Updating Scene
Fra:1 Mem:12.34M (Peak 15.25M) | Time:00:00.00 | Mem:0.00M, Peak:0.00M | Scene, ViewLayer | Updating Shaders
Fra:1 Mem:12.34M (Peak 15.25M) | Time:00:00.00 | Mem:0.00M, Peak:0.00M | Scene, ViewLayer | Loading render kernels (may take a few minutes the first time)
Fra:1 Mem:12.43M (Peak 15.25M) | Time:00:00.00 | Mem:0.01M, Peak:0.01M | Scene, ViewLayer | Updating Procedurals
Fra:1 Mem:12.43M (Peak 15.25M) | Time:00:00.00 | Mem:0.01M, Peak:0.01M | Scene, ViewLayer | Updating Background
Fra:1 Mem:12.43M (Peak 15.25M) | Time:00:00.00 | Mem:0.01M, Peak:0.01M | Scene, ViewLayer | Updating Camera
Fra:1 Mem:12.43M (Peak 15.25M) | Time:00:00.00 | Mem:0.01M, Peak:0.01M | Scene, ViewLayer | Updating Meshes Flags
Fra:1 Mem:12.43M (Peak 15.25M) | Time:00:00.00 | Mem:0.01M, Peak:0.01M | Scene, ViewLayer | Updating Objects
Fra:1 Mem:12.43M (Peak 15.25M) | Time:00:00.00 | Mem:0.01M, Peak:0.01M | Scene, ViewLayer | Updating Objects | Copying Transformations to device
Fra:1 Mem:12.45M (Peak 15.25M) | Time:00:00.00 | Mem:0.02M, Peak:0.02M | Scene, ViewLayer | Updating Particle Systems
Fra:1 Mem:12.45M (Peak 15.25M) | Time:00:00.00 | Mem:0.02M, Peak:0.02M | Scene, ViewLayer | Updating Particle Systems | Copying Particles to device
Fra:1 Mem:12.45M (Peak 15.25M) | Time:00:00.00 | Mem:0.02M, Peak:0.02M | Scene, ViewLayer | Updating Meshes
Fra:1 Mem:12.45M (Peak 15.25M) | Time:00:00.00 | Mem:0.02M, Peak:0.02M | Scene, ViewLayer | Updating Objects | Applying Static Transformations
Fra:1 Mem:12.45M (Peak 15.25M) | Time:00:00.00 | Mem:0.02M, Peak:0.02M | Scene, ViewLayer | Updating Mesh | Computing attributes
Fra:1 Mem:12.62M (Peak 15.25M) | Time:00:00.00 | Mem:0.03M, Peak:0.03M | Scene, ViewLayer | Updating Mesh | Copying Attributes to device
Fra:1 Mem:12.61M (Peak 15.25M) | Time:00:00.00 | Mem:0.18M, Peak:0.18M | Scene, ViewLayer | Updating Scene BVH | Building
Fra:1 Mem:12.61M (Peak 15.25M) | Time:00:00.00 | Mem:0.18M, Peak:0.18M | Scene, ViewLayer | Updating Scene BVH | Building BVH
Fra:1 Mem:12.61M (Peak 15.25M) | Time:00:00.00 | Mem:0.27M, Peak:0.27M | Scene, ViewLayer | Updating Scene BVH | Building BVH 0%
Fra:1 Mem:12.61M (Peak 15.25M) | Time:00:00.00 | Mem:0.38M, Peak:0.47M | Scene, ViewLayer | Updating Scene BVH | Copying BVH to device
Fra:1 Mem:12.61M (Peak 15.25M) | Time:00:00.00 | Mem:0.38M, Peak:0.47M | Scene, ViewLayer | Updating Mesh | Computing normals
Fra:1 Mem:12.69M (Peak 15.25M) | Time:00:00.01 | Mem:0.38M, Peak:0.47M | Scene, ViewLayer | Updating Mesh | Copying Mesh to device
Fra:1 Mem:12.69M (Peak 15.25M) | Time:00:00.01 | Mem:0.46M, Peak:0.47M | Scene, ViewLayer | Updating Objects Flags
Fra:1 Mem:12.69M (Peak 15.25M) | Time:00:00.01 | Mem:0.46M, Peak:0.47M | Scene, ViewLayer | Updating Primitive Offsets
Fra:1 Mem:12.69M (Peak 15.25M) | Time:00:00.01 | Mem:0.46M, Peak:0.47M | Scene, ViewLayer | Updating Images
Fra:1 Mem:12.69M (Peak 15.25M) | Time:00:00.01 | Mem:0.46M, Peak:0.47M | Scene, ViewLayer | Updating Camera Volume
Fra:1 Mem:12.69M (Peak 15.25M) | Time:00:00.01 | Mem:0.46M, Peak:0.47M | Scene, ViewLayer | Updating Lookup Tables
Fra:1 Mem:12.69M (Peak 15.25M) | Time:00:00.01 | Mem:0.55M, Peak:0.55M | Scene, ViewLayer | Updating Lights
Fra:1 Mem:12.69M (Peak 15.25M) | Time:00:00.01 | Mem:0.55M, Peak:0.55M | Scene, ViewLayer | Updating Lights | Computing tree
Fra:1 Mem:12.69M (Peak 15.25M) | Time:00:00.01 | Mem:0.55M, Peak:0.55M | Scene, ViewLayer | Updating Integrator
Fra:1 Mem:12.69M (Peak 15.25M) | Time:00:00.01 | Mem:0.55M, Peak:0.55M | Scene, ViewLayer | Updating Film
Fra:1 Mem:12.70M (Peak 15.25M) | Time:00:00.01 | Mem:0.47M, Peak:0.55M | Scene, ViewLayer | Updating Lookup Tables
Fra:1 Mem:12.70M (Peak 15.25M) | Time:00:00.01 | Mem:0.55M, Peak:0.55M | Scene, ViewLayer | Updating Baking
Fra:1 Mem:12.70M (Peak 15.25M) | Time:00:00.01 | Mem:0.55M, Peak:0.55M | Scene, ViewLayer | Updating Device | Writing constant memory
Fra:1 Mem:12.70M (Peak 15.25M) | Time:00:00.01 | Mem:0.55M, Peak:0.55M | Scene, ViewLayer | Loading denoising kernels (may take a few minutes the first time)
Fra:1 Mem:12.70M (Peak 15.25M) | Time:00:00.01 | Mem:0.55M, Peak:0.55M | Scene, ViewLayer | Sample 0/12
Fra:1 Mem:47.53M (Peak 47.53M) | Time:00:00.23 | Remaining:00:02.48 | Mem:35.34M, Peak:35.34M | Scene, ViewLayer | Sample 1/12
Fra:1 Mem:62.18M (Peak 84.16M) | Time:00:05.23 | Mem:35.34M, Peak:35.34M | Scene, ViewLayer | Sample 12/12
Fra:1 Mem:62.18M (Peak 84.16M) | Time:00:05.23 | Mem:35.34M, Peak:35.34M | Scene, ViewLayer | Finished
Saved: '/workspace/scratch/a29d03198654/Aether/source-assets/lake49/source-views/island_far_middle-top.png'
Time: 00:05.28 (Saving: 00:00.04)

RENDERED island_far_middle top
Fra:1 Mem:14.91M (Peak 14.91M) | Time:00:00.00 | Mem:0.00M, Peak:0.00M | Scene, ViewLayer | Synchronizing object | island_far_middle_rockroot
Fra:1 Mem:14.91M (Peak 14.91M) | Time:00:00.00 | Mem:0.00M, Peak:0.00M | Scene, ViewLayer | Synchronizing object | island_far_middle_grasscap_west
Fra:1 Mem:14.95M (Peak 14.95M) | Time:00:00.00 | Mem:0.00M, Peak:0.00M | Scene, ViewLayer | Synchronizing object | island_far_middle_grasscap_east
Fra:1 Mem:14.96M (Peak 14.96M) | Time:00:00.00 | Mem:0.00M, Peak:0.00M | Scene, ViewLayer | Synchronizing object | island_far_middle_wetshore_00
Fra:1 Mem:14.97M (Peak 14.97M) | Time:00:00.00 | Mem:0.00M, Peak:0.00M | Scene, ViewLayer | Synchronizing object | island_far_middle_wetshore_01
Fra:1 Mem:14.98M (Peak 14.98M) | Time:00:00.00 | Mem:0.00M, Peak:0.00M | Scene, ViewLayer | Synchronizing object | island_far_middle_wetshore_03
Fra:1 Mem:14.98M (Peak 14.98M) | Time:00:00.00 | Mem:0.00M, Peak:0.00M | Scene, ViewLayer | Synchronizing object | island_far_middle_wetshore_04
Fra:1 Mem:14.98M (Peak 14.98M) | Time:00:00.00 | Mem:0.00M, Peak:0.00M | Scene, ViewLayer | Synchronizing object | island_far_middle_wetshore_05
Fra:1 Mem:14.99M (Peak 14.99M) | Time:00:00.00 | Mem:0.00M, Peak:0.00M | Scene, ViewLayer | Synchronizing object | island_far_middle_pine_01_trunk
Fra:1 Mem:14.99M (Peak 14.99M) | Time:00:00.00 | Mem:0.00M, Peak:0.00M | Scene, ViewLayer | Synchronizing object | island_far_middle_pine_01_branch_00_00
Fra:1 Mem:15.00M (Peak 15.00M) | Time:00:00.00 | Mem:0.00M, Peak:0.00M | Scene, ViewLayer | Synchronizing object | island_far_middle_pine_01_branch_00_01
Fra:1 Mem:15.00M (Peak 15.00M) | Time:00:00.00 | Mem:0.00M, Peak:0.00M | Scene, ViewLayer | Synchronizing object | island_far_middle_pine_01_branch_00_03
Fra:1 Mem:15.00M (Peak 15.00M) | Time:00:00.00 | Mem:0.00M, Peak:0.00M | Scene, ViewLayer | Synchronizing object | island_far_middle_pine_01_branch_00_04
Fra:1 Mem:15.01M (Peak 15.01M) | Time:00:00.00 | Mem:0.00M, Peak:0.00M | Scene, ViewLayer | Synchronizing object | island_far_middle_pine_01_branch_01_00
Fra:1 Mem:15.01M (Peak 15.01M) | Time:00:00.00 | Mem:0.00M, Peak:0.00M | Scene, ViewLayer | Synchronizing object | island_far_middle_pine_01_branch_01_01
Fra:1 Mem:15.02M (Peak 15.02M) | Time:00:00.00 | Mem:0.00M, Peak:0.00M | Scene, ViewLayer | Synchronizing object | island_far_middle_pine_01_branch_01_02
Fra:1 Mem:15.02M (Peak 15.02M) | Time:00:00.00 | Mem:0.00M, Peak:0.00M | Scene, ViewLayer | Synchronizing object | island_far_middle_pine_01_branch_01_03
Fra:1 Mem:15.02M (Peak 15.02M) | Time:00:00.00 | Mem:0.00M, Peak:0.00M | Scene, ViewLayer | Synchronizing object | island_far_middle_pine_01_branch_01_04
Fra:1 Mem:15.02M (Peak 15.02M) | Time:00:00.00 | Mem:0.00M, Peak:0.00M | Scene, ViewLayer | Synchronizing object | island_far_middle_pine_01_branch_02_00
Fra:1 Mem:15.02M (Peak 15.02M) | Time:00:00.00 | Mem:0.00M, Peak:0.00M | Scene, ViewLayer | Synchronizing object | island_far_middle_pine_01_branch_02_01
Fra:1 Mem:15.03M (Peak 15.03M) | Time:00:00.00 | Mem:0.00M, Peak:0.00M | Scene, ViewLayer | Synchronizing object | island_far_middle_pine_01_branch_02_02
Fra:1 Mem:15.03M (Peak 15.03M) | Time:00:00.00 | Mem:0.00M, Peak:0.00M | Scene, ViewLayer | Synchronizing object | island_far_middle_pine_01_branch_02_03
Fra:1 Mem:15.04M (Peak 15.04M) | Time:00:00.00 | Mem:0.00M, Peak:0.00M | Scene, ViewLayer | Synchronizing object | island_far_middle_pine_01_branch_02_04
Fra:1 Mem:15.04M (Peak 15.04M) | Time:00:00.00 | Mem:0.00M, Peak:0.00M | Scene, ViewLayer | Synchronizing object | island_far_middle_pine_01_crown_tier_02
Fra:1 Mem:15.05M (Peak 15.05M) | Time:00:00.00 | Mem:0.00M, Peak:0.00M | Scene, ViewLayer | Synchronizing object | island_far_middle_pine_01_crown_tier_03
Fra:1 Mem:15.05M (Peak 15.05M) | Time:00:00.00 | Mem:0.00M, Peak:0.00M | Scene, ViewLayer | Synchronizing object | island_far_middle_pine_01_leader
Fra:1 Mem:15.05M (Peak 15.05M) | Time:00:00.00 | Mem:0.00M, Peak:0.00M | Scene, ViewLayer | Synchronizing object | island_far_middle_pine_02_trunk
Fra:1 Mem:15.06M (Peak 15.06M) | Time:00:00.00 | Mem:0.00M, Peak:0.00M | Scene, ViewLayer | Synchronizing object | island_far_middle_pine_02_branch_00_00
Fra:1 Mem:15.06M (Peak 15.06M) | Time:00:00.00 | Mem:0.00M, Peak:0.00M | Scene, ViewLayer | Synchronizing object | island_far_middle_pine_02_branch_00_02
Fra:1 Mem:15.07M (Peak 15.07M) | Time:00:00.00 | Mem:0.00M, Peak:0.00M | Scene, ViewLayer | Synchronizing object | island_far_middle_pine_02_branch_00_03
Fra:1 Mem:15.07M (Peak 15.07M) | Time:00:00.00 | Mem:0.00M, Peak:0.00M | Scene, ViewLayer | Synchronizing object | island_far_middle_pine_02_crown_tier_00
Fra:1 Mem:15.07M (Peak 15.07M) | Time:00:00.00 | Mem:0.00M, Peak:0.00M | Scene, ViewLayer | Synchronizing object | island_far_middle_pine_02_branch_01_00
Fra:1 Mem:15.08M (Peak 15.08M) | Time:00:00.00 | Mem:0.00M, Peak:0.00M | Scene, ViewLayer | Synchronizing object | island_far_middle_pine_02_branch_01_01
Fra:1 Mem:15.08M (Peak 15.08M) | Time:00:00.00 | Mem:0.00M, Peak:0.00M | Scene, ViewLayer | Synchronizing object | island_far_middle_pine_02_branch_01_03
Fra:1 Mem:15.09M (Peak 15.09M) | Time:00:00.00 | Mem:0.00M, Peak:0.00M | Scene, ViewLayer | Synchronizing object | island_far_middle_pine_02_branch_01_04
Fra:1 Mem:15.09M (Peak 15.09M) | Time:00:00.00 | Mem:0.00M, Peak:0.00M | Scene, ViewLayer | Synchronizing object | island_far_middle_pine_02_branch_02_00
Fra:1 Mem:15.09M (Peak 15.09M) | Time:00:00.00 | Mem:0.00M, Peak:0.00M | Scene, ViewLayer | Synchronizing object | island_far_middle_pine_02_branch_02_01
Fra:1 Mem:15.10M (Peak 15.10M) | Time:00:00.00 | Mem:0.00M, Peak:0.00M | Scene, ViewLayer | Synchronizing object | island_far_middle_pine_02_branch_02_04
Fra:1 Mem:15.10M (Peak 15.10M) | Time:00:00.00 | Mem:0.00M, Peak:0.00M | Scene, ViewLayer | Synchronizing object | island_far_middle_pine_02_crown_tier_02
Fra:1 Mem:15.11M (Peak 15.11M) | Time:00:00.00 | Mem:0.00M, Peak:0.00M | Scene, ViewLayer | Synchronizing object | island_far_middle_pine_02_crown_tier_03
Fra:1 Mem:15.11M (Peak 15.11M) | Time:00:00.00 | Mem:0.00M, Peak:0.00M | Scene, ViewLayer | Synchronizing object | island_far_middle_pine_02_crown_tier_04
Fra:1 Mem:15.11M (Peak 15.11M) | Time:00:00.00 | Mem:0.00M, Peak:0.00M | Scene, ViewLayer | Synchronizing object | Evidence_Sun
Fra:1 Mem:15.12M (Peak 15.12M) | Time:00:00.00 | Mem:0.00M, Peak:0.00M | Scene, ViewLayer | Synchronizing object | island_far_middle_pine_03_branch_00_00
Fra:1 Mem:15.12M (Peak 15.12M) | Time:00:00.00 | Mem:0.00M, Peak:0.00M | Scene, ViewLayer | Synchronizing object | island_far_middle_pine_03_leader
Fra:1 Mem:15.12M (Peak 15.12M) | Time:00:00.00 | Mem:0.00M, Peak:0.00M | Scene, ViewLayer | Synchronizing object | island_far_middle_pine_03_branch_00_01
Fra:1 Mem:15.12M (Peak 15.12M) | Time:00:00.00 | Mem:0.00M, Peak:0.00M | Scene, ViewLayer | Synchronizing object | island_far_middle_pine_03_branch_00_03
Fra:1 Mem:15.13M (Peak 15.13M) | Time:00:00.00 | Mem:0.00M, Peak:0.00M | Scene, ViewLayer | Synchronizing object | island_far_middle_pine_03_branch_00_04
Fra:1 Mem:15.13M (Peak 15.13M) | Time:00:00.00 | Mem:0.00M, Peak:0.00M | Scene, ViewLayer | Synchronizing object | island_far_middle_pine_03_crown_tier_00
Fra:1 Mem:15.14M (Peak 15.14M) | Time:00:00.00 | Mem:0.00M, Peak:0.00M | Scene, ViewLayer | Synchronizing object | island_far_middle_pine_03_branch_01_00
Fra:1 Mem:15.14M (Peak 15.14M) | Time:00:00.00 | Mem:0.00M, Peak:0.00M | Scene, ViewLayer | Synchronizing object | island_far_middle_pine_03_branch_01_01
Fra:1 Mem:15.15M (Peak 15.15M) | Time:00:00.00 | Mem:0.00M, Peak:0.00M | Scene, ViewLayer | Synchronizing object | island_far_middle_pine_03_branch_01_02
Fra:1 Mem:15.15M (Peak 15.15M) | Time:00:00.00 | Mem:0.00M, Peak:0.00M | Scene, ViewLayer | Synchronizing object | island_far_middle_pine_03_branch_01_03
Fra:1 Mem:15.15M (Peak 15.15M) | Time:00:00.00 | Mem:0.00M, Peak:0.00M | Scene, ViewLayer | Synchronizing object | island_far_middle_pine_03_crown_tier_04
Fra:1 Mem:15.15M (Peak 15.15M) | Time:00:00.00 | Mem:0.00M, Peak:0.00M | Scene, ViewLayer | Synchronizing object | island_far_middle_pine_03_branch_02_00
Fra:1 Mem:15.16M (Peak 15.16M) | Time:00:00.00 | Mem:0.00M, Peak:0.00M | Scene, ViewLayer | Synchronizing object | island_far_middle_pine_03_branch_02_01
Fra:1 Mem:15.16M (Peak 15.16M) | Time:00:00.00 | Mem:0.00M, Peak:0.00M | Scene, ViewLayer | Synchronizing object | island_far_middle_pine_03_crown_tier_03
Fra:1 Mem:15.16M (Peak 15.16M) | Time:00:00.00 | Mem:0.00M, Peak:0.00M | Scene, ViewLayer | Synchronizing object | island_far_middle_pine_03_branch_02_02
Fra:1 Mem:15.16M (Peak 15.16M) | Time:00:00.00 | Mem:0.00M, Peak:0.00M | Scene, ViewLayer | Synchronizing object | island_far_middle_pine_03_branch_02_03
Fra:1 Mem:15.17M (Peak 15.17M) | Time:00:00.00 | Mem:0.00M, Peak:0.00M | Scene, ViewLayer | Synchronizing object | island_far_middle_pine_03_crown_tier_02
Fra:1 Mem:15.18M (Peak 15.18M) | Time:00:00.00 | Mem:0.00M, Peak:0.00M | Scene, ViewLayer | Synchronizing object | island_far_middle_pine_03_branch_02_04
Fra:1 Mem:15.18M (Peak 15.18M) | Time:00:00.00 | Mem:0.00M, Peak:0.00M | Scene, ViewLayer | Initializing
Fra:1 Mem:12.34M (Peak 15.18M) | Time:00:00.00 | Mem:0.00M, Peak:0.00M | Scene, ViewLayer | Waiting for render to start
Fra:1 Mem:12.34M (Peak 15.18M) | Time:00:00.00 | Mem:0.00M, Peak:0.00M | Scene, ViewLayer | Updating Scene
Fra:1 Mem:12.34M (Peak 15.18M) | Time:00:00.00 | Mem:0.00M, Peak:0.00M | Scene, ViewLayer | Updating Shaders
Fra:1 Mem:12.34M (Peak 15.18M) | Time:00:00.00 | Mem:0.00M, Peak:0.00M | Scene, ViewLayer | Loading render kernels (may take a few minutes the first time)
Fra:1 Mem:12.43M (Peak 15.18M) | Time:00:00.00 | Mem:0.00M, Peak:0.00M | Scene, ViewLayer | Updating Procedurals
Fra:1 Mem:12.43M (Peak 15.18M) | Time:00:00.00 | Mem:0.00M, Peak:0.00M | Scene, ViewLayer | Updating Background
Fra:1 Mem:12.43M (Peak 15.18M) | Time:00:00.00 | Mem:0.00M, Peak:0.00M | Scene, ViewLayer | Updating Camera
Fra:1 Mem:12.43M (Peak 15.18M) | Time:00:00.00 | Mem:0.00M, Peak:0.00M | Scene, ViewLayer | Updating Meshes Flags
Fra:1 Mem:12.43M (Peak 15.18M) | Time:00:00.00 | Mem:0.00M, Peak:0.00M | Scene, ViewLayer | Updating Objects
Fra:1 Mem:12.43M (Peak 15.18M) | Time:00:00.00 | Mem:0.00M, Peak:0.00M | Scene, ViewLayer | Updating Objects | Copying Transformations to device
Fra:1 Mem:12.45M (Peak 15.18M) | Time:00:00.00 | Mem:0.02M, Peak:0.02M | Scene, ViewLayer | Updating Particle Systems
Fra:1 Mem:12.45M (Peak 15.18M) | Time:00:00.00 | Mem:0.02M, Peak:0.02M | Scene, ViewLayer | Updating Particle Systems | Copying Particles to device
Fra:1 Mem:12.45M (Peak 15.18M) | Time:00:00.00 | Mem:0.02M, Peak:0.02M | Scene, ViewLayer | Updating Meshes
Fra:1 Mem:12.45M (Peak 15.18M) | Time:00:00.00 | Mem:0.02M, Peak:0.02M | Scene, ViewLayer | Updating Objects | Applying Static Transformations
Fra:1 Mem:12.45M (Peak 15.18M) | Time:00:00.00 | Mem:0.02M, Peak:0.02M | Scene, ViewLayer | Updating Mesh | Computing attributes
Fra:1 Mem:12.62M (Peak 15.18M) | Time:00:00.00 | Mem:0.03M, Peak:0.03M | Scene, ViewLayer | Updating Mesh | Copying Attributes to device
Fra:1 Mem:12.61M (Peak 15.18M) | Time:00:00.00 | Mem:0.18M, Peak:0.18M | Scene, ViewLayer | Updating Scene BVH | Building
Fra:1 Mem:12.61M (Peak 15.18M) | Time:00:00.00 | Mem:0.18M, Peak:0.18M | Scene, ViewLayer | Updating Scene BVH | Building BVH
Fra:1 Mem:12.61M (Peak 15.18M) | Time:00:00.00 | Mem:0.27M, Peak:0.27M | Scene, ViewLayer | Updating Scene BVH | Building BVH 0%
Fra:1 Mem:12.61M (Peak 15.18M) | Time:00:00.00 | Mem:0.39M, Peak:0.48M | Scene, ViewLayer | Updating Scene BVH | Copying BVH to device
Fra:1 Mem:12.61M (Peak 15.18M) | Time:00:00.00 | Mem:0.39M, Peak:0.48M | Scene, ViewLayer | Updating Mesh | Computing normals
Fra:1 Mem:12.69M (Peak 15.18M) | Time:00:00.00 | Mem:0.39M, Peak:0.48M | Scene, ViewLayer | Updating Mesh | Copying Mesh to device
Fra:1 Mem:12.69M (Peak 15.18M) | Time:00:00.00 | Mem:0.47M, Peak:0.48M | Scene, ViewLayer | Updating Objects Flags
Fra:1 Mem:12.69M (Peak 15.18M) | Time:00:00.00 | Mem:0.47M, Peak:0.48M | Scene, ViewLayer | Updating Primitive Offsets
Fra:1 Mem:12.69M (Peak 15.18M) | Time:00:00.00 | Mem:0.47M, Peak:0.48M | Scene, ViewLayer | Updating Images
Fra:1 Mem:12.69M (Peak 15.18M) | Time:00:00.00 | Mem:0.47M, Peak:0.48M | Scene, ViewLayer | Updating Camera Volume
Fra:1 Mem:12.69M (Peak 15.18M) | Time:00:00.00 | Mem:0.47M, Peak:0.48M | Scene, ViewLayer | Updating Lookup Tables
Fra:1 Mem:12.69M (Peak 15.18M) | Time:00:00.00 | Mem:0.55M, Peak:0.55M | Scene, ViewLayer | Updating Lights
Fra:1 Mem:12.69M (Peak 15.18M) | Time:00:00.00 | Mem:0.55M, Peak:0.55M | Scene, ViewLayer | Updating Lights | Computing tree
Fra:1 Mem:12.69M (Peak 15.18M) | Time:00:00.00 | Mem:0.55M, Peak:0.55M | Scene, ViewLayer | Updating Integrator
Fra:1 Mem:12.69M (Peak 15.18M) | Time:00:00.00 | Mem:0.55M, Peak:0.55M | Scene, ViewLayer | Updating Film
Fra:1 Mem:12.70M (Peak 15.18M) | Time:00:00.00 | Mem:0.47M, Peak:0.55M | Scene, ViewLayer | Updating Lookup Tables
Fra:1 Mem:12.70M (Peak 15.18M) | Time:00:00.00 | Mem:0.56M, Peak:0.56M | Scene, ViewLayer | Updating Baking
Fra:1 Mem:12.70M (Peak 15.18M) | Time:00:00.00 | Mem:0.56M, Peak:0.56M | Scene, ViewLayer | Updating Device | Writing constant memory
Fra:1 Mem:12.70M (Peak 15.18M) | Time:00:00.00 | Mem:0.56M, Peak:0.56M | Scene, ViewLayer | Loading denoising kernels (may take a few minutes the first time)
Fra:1 Mem:12.70M (Peak 15.18M) | Time:00:00.00 | Mem:0.56M, Peak:0.56M | Scene, ViewLayer | Sample 0/12
Fra:1 Mem:47.53M (Peak 47.53M) | Time:00:00.10 | Remaining:00:01.13 | Mem:35.35M, Peak:35.35M | Scene, ViewLayer | Sample 1/12
Fra:1 Mem:62.18M (Peak 84.16M) | Time:00:03.85 | Mem:35.35M, Peak:35.35M | Scene, ViewLayer | Sample 12/12
Fra:1 Mem:62.18M (Peak 84.16M) | Time:00:03.85 | Mem:35.35M, Peak:35.35M | Scene, ViewLayer | Finished
Saved: '/workspace/scratch/a29d03198654/Aether/source-assets/lake49/source-views/island_far_middle-anatomy.png'
Time: 00:03.90 (Saving: 00:00.04)

RENDERED island_far_middle anatomy
Read blend: "/workspace/scratch/a29d03198654/Aether/source-assets/lake49/island_near_right.blend"
Fra:1 Mem:13.21M (Peak 13.21M) | Time:00:00.00 | Mem:0.00M, Peak:0.00M | Scene, ViewLayer | Synchronizing object | island_near_right_rockroot
Fra:1 Mem:13.21M (Peak 13.21M) | Time:00:00.00 | Mem:0.00M, Peak:0.00M | Scene, ViewLayer | Synchronizing object | island_near_right_grasscap_west
Fra:1 Mem:13.26M (Peak 13.26M) | Time:00:00.00 | Mem:0.00M, Peak:0.00M | Scene, ViewLayer | Synchronizing object | island_near_right_grasscap_east
Fra:1 Mem:13.26M (Peak 13.26M) | Time:00:00.00 | Mem:0.00M, Peak:0.00M | Scene, ViewLayer | Synchronizing object | island_near_right_wetshore_00
Fra:1 Mem:13.29M (Peak 13.29M) | Time:00:00.00 | Mem:0.00M, Peak:0.00M | Scene, ViewLayer | Synchronizing object | island_near_right_wetshore_01
Fra:1 Mem:13.30M (Peak 13.30M) | Time:00:00.00 | Mem:0.00M, Peak:0.00M | Scene, ViewLayer | Synchronizing object | island_near_right_wetshore_02
Fra:1 Mem:13.31M (Peak 13.31M) | Time:00:00.00 | Mem:0.00M, Peak:0.00M | Scene, ViewLayer | Synchronizing object | island_near_right_wetshore_03
Fra:1 Mem:13.31M (Peak 13.31M) | Time:00:00.00 | Mem:0.00M, Peak:0.00M | Scene, ViewLayer | Synchronizing object | island_near_right_wetshore_05
Fra:1 Mem:13.32M (Peak 13.32M) | Time:00:00.00 | Mem:0.00M, Peak:0.00M | Scene, ViewLayer | Synchronizing object | island_near_right_pine_01_trunk
Fra:1 Mem:13.33M (Peak 13.33M) | Time:00:00.00 | Mem:0.00M, Peak:0.00M | Scene, ViewLayer | Synchronizing object | island_near_right_pine_01_branch_00_00
Fra:1 Mem:13.34M (Peak 13.34M) | Time:00:00.00 | Mem:0.00M, Peak:0.00M | Scene, ViewLayer | Synchronizing object | island_near_right_pine_01_branch_00_01
Fra:1 Mem:13.34M (Peak 13.34M) | Time:00:00.00 | Mem:0.00M, Peak:0.00M | Scene, ViewLayer | Synchronizing object | island_near_right_pine_01_branch_00_03
Fra:1 Mem:13.35M (Peak 13.35M) | Time:00:00.00 | Mem:0.00M, Peak:0.00M | Scene, ViewLayer | Synchronizing object | island_near_right_pine_01_branch_00_04
Fra:1 Mem:13.35M (Peak 13.35M) | Time:00:00.00 | Mem:0.00M, Peak:0.00M | Scene, ViewLayer | Synchronizing object | island_near_right_pine_01_crown_tier_00
Fra:1 Mem:13.35M (Peak 13.35M) | Time:00:00.00 | Mem:0.00M, Peak:0.00M | Scene, ViewLayer | Synchronizing object | island_near_right_pine_01_branch_01_01
Fra:1 Mem:13.36M (Peak 13.36M) | Time:00:00.00 | Mem:0.00M, Peak:0.00M | Scene, ViewLayer | Synchronizing object | island_near_right_pine_01_branch_01_02
Fra:1 Mem:13.37M (Peak 13.37M) | Time:00:00.00 | Mem:0.00M, Peak:0.00M | Scene, ViewLayer | Synchronizing object | island_near_right_pine_01_branch_01_03
Fra:1 Mem:13.37M (Peak 13.37M) | Time:00:00.00 | Mem:0.00M, Peak:0.00M | Scene, ViewLayer | Synchronizing object | island_near_right_pine_01_branch_01_04
Fra:1 Mem:13.37M (Peak 13.37M) | Time:00:00.00 | Mem:0.00M, Peak:0.00M | Scene, ViewLayer | Synchronizing object | island_near_right_pine_01_branch_02_00
Fra:1 Mem:13.38M (Peak 13.38M) | Time:00:00.00 | Mem:0.00M, Peak:0.00M | Scene, ViewLayer | Synchronizing object | island_near_right_pine_01_branch_02_01
Fra:1 Mem:13.39M (Peak 13.39M) | Time:00:00.00 | Mem:0.00M, Peak:0.00M | Scene, ViewLayer | Synchronizing object | island_near_right_pine_01_branch_02_02
Fra:1 Mem:13.39M (Peak 13.39M) | Time:00:00.00 | Mem:0.00M, Peak:0.00M | Scene, ViewLayer | Synchronizing object | island_near_right_pine_01_branch_02_03
Fra:1 Mem:13.39M (Peak 13.39M) | Time:00:00.00 | Mem:0.00M, Peak:0.00M | Scene, ViewLayer | Synchronizing object | island_near_right_pine_01_branch_02_04
Fra:1 Mem:13.40M (Peak 13.40M) | Time:00:00.00 | Mem:0.00M, Peak:0.00M | Scene, ViewLayer | Synchronizing object | island_near_right_pine_01_crown_tier_02
Fra:1 Mem:13.41M (Peak 13.41M) | Time:00:00.00 | Mem:0.00M, Peak:0.00M | Scene, ViewLayer | Synchronizing object | island_near_right_pine_01_crown_tier_03
Fra:1 Mem:13.41M (Peak 13.41M) | Time:00:00.00 | Mem:0.00M, Peak:0.00M | Scene, ViewLayer | Synchronizing object | island_near_right_pine_01_leader
Fra:1 Mem:13.42M (Peak 13.42M) | Time:00:00.00 | Mem:0.00M, Peak:0.00M | Scene, ViewLayer | Synchronizing object | island_near_right_pine_02_trunk
Fra:1 Mem:13.42M (Peak 13.42M) | Time:00:00.00 | Mem:0.00M, Peak:0.00M | Scene, ViewLayer | Synchronizing object | island_near_right_pine_02_branch_00_00
Fra:1 Mem:13.43M (Peak 13.43M) | Time:00:00.00 | Mem:0.00M, Peak:0.00M | Scene, ViewLayer | Synchronizing object | island_near_right_pine_02_branch_00_01
Fra:1 Mem:13.43M (Peak 13.43M) | Time:00:00.00 | Mem:0.00M, Peak:0.00M | Scene, ViewLayer | Synchronizing object | island_near_right_pine_02_branch_00_02
Fra:1 Mem:13.44M (Peak 13.44M) | Time:00:00.00 | Mem:0.00M, Peak:0.00M | Scene, ViewLayer | Synchronizing object | island_near_right_pine_02_branch_00_03
Fra:1 Mem:13.44M (Peak 13.44M) | Time:00:00.00 | Mem:0.00M, Peak:0.00M | Scene, ViewLayer | Synchronizing object | island_near_right_pine_02_branch_00_04
Fra:1 Mem:13.44M (Peak 13.44M) | Time:00:00.00 | Mem:0.00M, Peak:0.00M | Scene, ViewLayer | Synchronizing object | island_near_right_pine_02_branch_01_00
Fra:1 Mem:13.45M (Peak 13.45M) | Time:00:00.00 | Mem:0.00M, Peak:0.00M | Scene, ViewLayer | Synchronizing object | island_near_right_pine_02_branch_01_01
Fra:1 Mem:13.45M (Peak 13.45M) | Time:00:00.00 | Mem:0.00M, Peak:0.00M | Scene, ViewLayer | Synchronizing object | island_near_right_pine_02_branch_01_02
Fra:1 Mem:13.46M (Peak 13.46M) | Time:00:00.00 | Mem:0.00M, Peak:0.00M | Scene, ViewLayer | Synchronizing object | island_near_right_pine_02_branch_01_03
Fra:1 Mem:13.46M (Peak 13.46M) | Time:00:00.00 | Mem:0.00M, Peak:0.00M | Scene, ViewLayer | Synchronizing object | island_near_right_pine_02_branch_01_04
Fra:1 Mem:13.47M (Peak 13.47M) | Time:00:00.00 | Mem:0.00M, Peak:0.00M | Scene, ViewLayer | Synchronizing object | island_near_right_pine_02_crown_tier_01
Fra:1 Mem:13.47M (Peak 13.47M) | Time:00:00.00 | Mem:0.00M, Peak:0.00M | Scene, ViewLayer | Synchronizing object | island_near_right_pine_02_branch_02_00
Fra:1 Mem:13.48M (Peak 13.48M) | Time:00:00.00 | Mem:0.00M, Peak:0.00M | Scene, ViewLayer | Synchronizing object | island_near_right_pine_02_branch_02_01
Fra:1 Mem:13.48M (Peak 13.48M) | Time:00:00.00 | Mem:0.00M, Peak:0.00M | Scene, ViewLayer | Synchronizing object | island_near_right_pine_02_branch_02_02
Fra:1 Mem:13.48M (Peak 13.48M) | Time:00:00.00 | Mem:0.00M, Peak:0.00M | Scene, ViewLayer | Synchronizing object | island_near_right_pine_02_branch_02_04
Fra:1 Mem:13.49M (Peak 13.49M) | Time:00:00.00 | Mem:0.00M, Peak:0.00M | Scene, ViewLayer | Synchronizing object | Evidence_Water_guide_only
Fra:1 Mem:13.49M (Peak 13.49M) | Time:00:00.00 | Mem:0.00M, Peak:0.00M | Scene, ViewLayer | Synchronizing object | island_near_right_pine_02_crown_tier_02
Fra:1 Mem:13.49M (Peak 13.49M) | Time:00:00.00 | Mem:0.00M, Peak:0.00M | Scene, ViewLayer | Synchronizing object | island_near_right_pine_02_crown_tier_03
Fra:1 Mem:13.50M (Peak 13.50M) | Time:00:00.00 | Mem:0.00M, Peak:0.00M | Scene, ViewLayer | Synchronizing object | island_near_right_pine_02_crown_tier_04
Fra:1 Mem:13.51M (Peak 13.51M) | Time:00:00.00 | Mem:0.00M, Peak:0.00M | Scene, ViewLayer | Synchronizing object | island_near_right_pine_02_leader
Fra:1 Mem:13.52M (Peak 13.52M) | Time:00:00.00 | Mem:0.00M, Peak:0.00M | Scene, ViewLayer | Initializing
Fra:1 Mem:11.33M (Peak 13.52M) | Time:00:00.00 | Mem:0.00M, Peak:0.00M | Scene, ViewLayer | Waiting for render to start
Fra:1 Mem:11.33M (Peak 13.52M) | Time:00:00.00 | Mem:0.00M, Peak:0.00M | Scene, ViewLayer | Updating Scene
Fra:1 Mem:11.33M (Peak 13.52M) | Time:00:00.00 | Mem:0.00M, Peak:0.00M | Scene, ViewLayer | Updating Shaders
Fra:1 Mem:11.33M (Peak 13.52M) | Time:00:00.00 | Mem:0.00M, Peak:0.00M | Scene, ViewLayer | Loading render kernels (may take a few minutes the first time)
Fra:1 Mem:11.42M (Peak 13.52M) | Time:00:00.00 | Mem:0.01M, Peak:0.01M | Scene, ViewLayer | Updating Procedurals
Fra:1 Mem:11.42M (Peak 13.52M) | Time:00:00.00 | Mem:0.01M, Peak:0.01M | Scene, ViewLayer | Updating Background
Fra:1 Mem:11.42M (Peak 13.52M) | Time:00:00.00 | Mem:0.01M, Peak:0.01M | Scene, ViewLayer | Updating Camera
Fra:1 Mem:11.42M (Peak 13.52M) | Time:00:00.00 | Mem:0.01M, Peak:0.01M | Scene, ViewLayer | Updating Meshes Flags
Fra:1 Mem:11.42M (Peak 13.52M) | Time:00:00.00 | Mem:0.01M, Peak:0.01M | Scene, ViewLayer | Updating Objects
Fra:1 Mem:11.42M (Peak 13.52M) | Time:00:00.00 | Mem:0.01M, Peak:0.01M | Scene, ViewLayer | Updating Objects | Copying Transformations to device
Fra:1 Mem:11.43M (Peak 13.52M) | Time:00:00.00 | Mem:0.02M, Peak:0.02M | Scene, ViewLayer | Updating Particle Systems
Fra:1 Mem:11.43M (Peak 13.52M) | Time:00:00.00 | Mem:0.02M, Peak:0.02M | Scene, ViewLayer | Updating Particle Systems | Copying Particles to device
Fra:1 Mem:11.43M (Peak 13.52M) | Time:00:00.00 | Mem:0.02M, Peak:0.02M | Scene, ViewLayer | Updating Meshes
Fra:1 Mem:11.43M (Peak 13.52M) | Time:00:00.00 | Mem:0.02M, Peak:0.02M | Scene, ViewLayer | Updating Objects | Applying Static Transformations
Fra:1 Mem:11.43M (Peak 13.52M) | Time:00:00.00 | Mem:0.02M, Peak:0.02M | Scene, ViewLayer | Updating Mesh | Computing attributes
Fra:1 Mem:11.56M (Peak 13.52M) | Time:00:00.00 | Mem:0.02M, Peak:0.02M | Scene, ViewLayer | Updating Mesh | Copying Attributes to device
Fra:1 Mem:11.55M (Peak 13.52M) | Time:00:00.00 | Mem:0.14M, Peak:0.14M | Scene, ViewLayer | Updating Scene BVH | Building
Fra:1 Mem:11.55M (Peak 13.52M) | Time:00:00.00 | Mem:0.14M, Peak:0.14M | Scene, ViewLayer | Updating Scene BVH | Building BVH
Fra:1 Mem:11.55M (Peak 13.52M) | Time:00:00.00 | Mem:0.21M, Peak:0.21M | Scene, ViewLayer | Updating Scene BVH | Building BVH 0%
Fra:1 Mem:11.55M (Peak 13.52M) | Time:00:00.00 | Mem:0.29M, Peak:0.36M | Scene, ViewLayer | Updating Scene BVH | Copying BVH to device
Fra:1 Mem:11.55M (Peak 13.52M) | Time:00:00.00 | Mem:0.29M, Peak:0.36M | Scene, ViewLayer | Updating Mesh | Computing normals
Fra:1 Mem:11.62M (Peak 13.52M) | Time:00:00.00 | Mem:0.29M, Peak:0.36M | Scene, ViewLayer | Updating Mesh | Copying Mesh to device
Fra:1 Mem:11.62M (Peak 13.52M) | Time:00:00.00 | Mem:0.36M, Peak:0.36M | Scene, ViewLayer | Updating Objects Flags
Fra:1 Mem:11.62M (Peak 13.52M) | Time:00:00.00 | Mem:0.36M, Peak:0.36M | Scene, ViewLayer | Updating Primitive Offsets
Fra:1 Mem:11.62M (Peak 13.52M) | Time:00:00.00 | Mem:0.36M, Peak:0.36M | Scene, ViewLayer | Updating Images
Fra:1 Mem:11.62M (Peak 13.52M) | Time:00:00.00 | Mem:0.36M, Peak:0.36M | Scene, ViewLayer | Updating Camera Volume
Fra:1 Mem:11.62M (Peak 13.52M) | Time:00:00.00 | Mem:0.36M, Peak:0.36M | Scene, ViewLayer | Updating Lookup Tables
Fra:1 Mem:11.62M (Peak 13.52M) | Time:00:00.00 | Mem:0.44M, Peak:0.44M | Scene, ViewLayer | Updating Lights
Fra:1 Mem:11.62M (Peak 13.52M) | Time:00:00.00 | Mem:0.44M, Peak:0.44M | Scene, ViewLayer | Updating Lights | Computing tree
Fra:1 Mem:11.62M (Peak 13.52M) | Time:00:00.00 | Mem:0.44M, Peak:0.44M | Scene, ViewLayer | Updating Integrator
Fra:1 Mem:11.62M (Peak 13.52M) | Time:00:00.00 | Mem:0.44M, Peak:0.44M | Scene, ViewLayer | Updating Film
Fra:1 Mem:11.62M (Peak 13.52M) | Time:00:00.00 | Mem:0.36M, Peak:0.44M | Scene, ViewLayer | Updating Lookup Tables
Fra:1 Mem:11.62M (Peak 13.52M) | Time:00:00.00 | Mem:0.45M, Peak:0.45M | Scene, ViewLayer | Updating Baking
Fra:1 Mem:11.62M (Peak 13.52M) | Time:00:00.00 | Mem:0.45M, Peak:0.45M | Scene, ViewLayer | Updating Device | Writing constant memory
Fra:1 Mem:11.62M (Peak 13.52M) | Time:00:00.00 | Mem:0.45M, Peak:0.45M | Scene, ViewLayer | Loading denoising kernels (may take a few minutes the first time)
Fra:1 Mem:11.62M (Peak 13.52M) | Time:00:00.00 | Mem:0.45M, Peak:0.45M | Scene, ViewLayer | Sample 0/12
Fra:1 Mem:46.46M (Peak 46.46M) | Time:00:00.21 | Remaining:00:02.30 | Mem:35.24M, Peak:35.24M | Scene, ViewLayer | Sample 1/12
Fra:1 Mem:61.11M (Peak 83.08M) | Time:00:04.99 | Mem:35.24M, Peak:35.24M | Scene, ViewLayer | Sample 12/12
Fra:1 Mem:61.11M (Peak 83.08M) | Time:00:04.99 | Mem:35.24M, Peak:35.24M | Scene, ViewLayer | Finished
Saved: '/workspace/scratch/a29d03198654/Aether/source-assets/lake49/source-views/island_near_right-front.png'
Time: 00:05.04 (Saving: 00:00.04)

RENDERED island_near_right front
Fra:1 Mem:13.31M (Peak 13.31M) | Time:00:00.00 | Mem:0.00M, Peak:0.00M | Scene, ViewLayer | Synchronizing object | island_near_right_rockroot
Fra:1 Mem:13.31M (Peak 13.31M) | Time:00:00.00 | Mem:0.00M, Peak:0.00M | Scene, ViewLayer | Synchronizing object | island_near_right_grasscap_west
Fra:1 Mem:13.34M (Peak 13.34M) | Time:00:00.00 | Mem:0.00M, Peak:0.00M | Scene, ViewLayer | Synchronizing object | island_near_right_grasscap_east
Fra:1 Mem:13.36M (Peak 13.36M) | Time:00:00.00 | Mem:0.00M, Peak:0.00M | Scene, ViewLayer | Synchronizing object | island_near_right_wetshore_00
Fra:1 Mem:13.36M (Peak 13.36M) | Time:00:00.00 | Mem:0.00M, Peak:0.00M | Scene, ViewLayer | Synchronizing object | island_near_right_wetshore_01
Fra:1 Mem:13.37M (Peak 13.37M) | Time:00:00.00 | Mem:0.00M, Peak:0.00M | Scene, ViewLayer | Synchronizing object | island_near_right_wetshore_02
Fra:1 Mem:13.37M (Peak 13.37M) | Time:00:00.00 | Mem:0.00M, Peak:0.00M | Scene, ViewLayer | Synchronizing object | island_near_right_wetshore_04
Fra:1 Mem:13.39M (Peak 13.39M) | Time:00:00.00 | Mem:0.00M, Peak:0.00M | Scene, ViewLayer | Synchronizing object | island_near_right_wetshore_05
Fra:1 Mem:13.39M (Peak 13.39M) | Time:00:00.00 | Mem:0.00M, Peak:0.00M | Scene, ViewLayer | Synchronizing object | island_near_right_pine_01_branch_00_00
Fra:1 Mem:13.39M (Peak 13.39M) | Time:00:00.00 | Mem:0.00M, Peak:0.00M | Scene, ViewLayer | Synchronizing object | island_near_right_pine_01_branch_00_01
Fra:1 Mem:13.40M (Peak 13.40M) | Time:00:00.00 | Mem:0.00M, Peak:0.00M | Scene, ViewLayer | Synchronizing object | island_near_right_pine_01_branch_00_02
Fra:1 Mem:13.40M (Peak 13.40M) | Time:00:00.00 | Mem:0.00M, Peak:0.00M | Scene, ViewLayer | Synchronizing object | island_near_right_pine_01_branch_00_04
Fra:1 Mem:13.40M (Peak 13.40M) | Time:00:00.00 | Mem:0.00M, Peak:0.00M | Scene, ViewLayer | Synchronizing object | island_near_right_pine_01_crown_tier_00
Fra:1 Mem:13.41M (Peak 13.41M) | Time:00:00.00 | Mem:0.00M, Peak:0.00M | Scene, ViewLayer | Synchronizing object | island_near_right_pine_01_branch_01_00
Fra:1 Mem:13.41M (Peak 13.41M) | Time:00:00.00 | Mem:0.00M, Peak:0.00M | Scene, ViewLayer | Synchronizing object | island_near_right_pine_01_branch_01_01
Fra:1 Mem:13.41M (Peak 13.41M) | Time:00:00.00 | Mem:0.00M, Peak:0.00M | Scene, ViewLayer | Synchronizing object | island_near_right_pine_01_branch_01_03
Fra:1 Mem:13.42M (Peak 13.42M) | Time:00:00.00 | Mem:0.00M, Peak:0.00M | Scene, ViewLayer | Synchronizing object | island_near_right_pine_01_branch_01_04
Fra:1 Mem:13.42M (Peak 13.42M) | Time:00:00.00 | Mem:0.00M, Peak:0.00M | Scene, ViewLayer | Synchronizing object | island_near_right_pine_01_crown_tier_01
Fra:1 Mem:13.43M (Peak 13.43M) | Time:00:00.00 | Mem:0.00M, Peak:0.00M | Scene, ViewLayer | Synchronizing object | island_near_right_pine_01_branch_02_00
Fra:1 Mem:13.43M (Peak 13.43M) | Time:00:00.00 | Mem:0.00M, Peak:0.00M | Scene, ViewLayer | Synchronizing object | island_near_right_pine_01_branch_02_01
Fra:1 Mem:13.43M (Peak 13.43M) | Time:00:00.00 | Mem:0.00M, Peak:0.00M | Scene, ViewLayer | Synchronizing object | island_near_right_pine_01_branch_02_02
Fra:1 Mem:13.43M (Peak 13.43M) | Time:00:00.00 | Mem:0.00M, Peak:0.00M | Scene, ViewLayer | Synchronizing object | island_near_right_pine_01_branch_02_03
Fra:1 Mem:13.44M (Peak 13.44M) | Time:00:00.00 | Mem:0.00M, Peak:0.00M | Scene, ViewLayer | Synchronizing object | island_near_right_pine_01_branch_02_04
Fra:1 Mem:13.44M (Peak 13.44M) | Time:00:00.00 | Mem:0.00M, Peak:0.00M | Scene, ViewLayer | Synchronizing object | island_near_right_pine_01_crown_tier_02
Fra:1 Mem:13.44M (Peak 13.44M) | Time:00:00.00 | Mem:0.00M, Peak:0.00M | Scene, ViewLayer | Synchronizing object | island_near_right_pine_01_crown_tier_03
Fra:1 Mem:13.45M (Peak 13.45M) | Time:00:00.00 | Mem:0.00M, Peak:0.00M | Scene, ViewLayer | Synchronizing object | island_near_right_pine_01_crown_tier_04
Fra:1 Mem:13.45M (Peak 13.45M) | Time:00:00.00 | Mem:0.00M, Peak:0.00M | Scene, ViewLayer | Synchronizing object | island_near_right_pine_02_trunk
Fra:1 Mem:13.46M (Peak 13.46M) | Time:00:00.00 | Mem:0.00M, Peak:0.00M | Scene, ViewLayer | Synchronizing object | island_near_right_pine_02_branch_00_00
Fra:1 Mem:13.46M (Peak 13.46M) | Time:00:00.00 | Mem:0.00M, Peak:0.00M | Scene, ViewLayer | Synchronizing object | island_near_right_pine_02_branch_00_01
Fra:1 Mem:13.46M (Peak 13.46M) | Time:00:00.00 | Mem:0.00M, Peak:0.00M | Scene, ViewLayer | Synchronizing object | island_near_right_pine_02_branch_00_03
Fra:1 Mem:13.46M (Peak 13.46M) | Time:00:00.00 | Mem:0.00M, Peak:0.00M | Scene, ViewLayer | Synchronizing object | island_near_right_pine_02_branch_00_04
Fra:1 Mem:13.47M (Peak 13.47M) | Time:00:00.00 | Mem:0.00M, Peak:0.00M | Scene, ViewLayer | Synchronizing object | island_near_right_pine_02_crown_tier_00
Fra:1 Mem:13.47M (Peak 13.47M) | Time:00:00.00 | Mem:0.00M, Peak:0.00M | Scene, ViewLayer | Synchronizing object | island_near_right_pine_02_branch_01_00
Fra:1 Mem:13.47M (Peak 13.47M) | Time:00:00.00 | Mem:0.00M, Peak:0.00M | Scene, ViewLayer | Synchronizing object | island_near_right_pine_02_branch_01_01
Fra:1 Mem:13.47M (Peak 13.47M) | Time:00:00.00 | Mem:0.00M, Peak:0.00M | Scene, ViewLayer | Synchronizing object | island_near_right_pine_02_branch_01_02
Fra:1 Mem:13.48M (Peak 13.48M) | Time:00:00.00 | Mem:0.00M, Peak:0.00M | Scene, ViewLayer | Synchronizing object | island_near_right_pine_02_branch_01_03
Fra:1 Mem:13.48M (Peak 13.48M) | Time:00:00.00 | Mem:0.00M, Peak:0.00M | Scene, ViewLayer | Synchronizing object | island_near_right_pine_02_branch_01_04
Fra:1 Mem:13.48M (Peak 13.48M) | Time:00:00.00 | Mem:0.00M, Peak:0.00M | Scene, ViewLayer | Synchronizing object | island_near_right_pine_02_crown_tier_01
Fra:1 Mem:13.48M (Peak 13.48M) | Time:00:00.00 | Mem:0.00M, Peak:0.00M | Scene, ViewLayer | Synchronizing object | Evidence_Sun
Fra:1 Mem:13.49M (Peak 13.49M) | Time:00:00.00 | Mem:0.00M, Peak:0.00M | Scene, ViewLayer | Synchronizing object | island_near_right_pine_02_branch_02_01
Fra:1 Mem:13.49M (Peak 13.49M) | Time:00:00.00 | Mem:0.00M, Peak:0.00M | Scene, ViewLayer | Synchronizing object | island_near_right_pine_02_branch_02_02
Fra:1 Mem:13.49M (Peak 13.49M) | Time:00:00.00 | Mem:0.00M, Peak:0.00M | Scene, ViewLayer | Synchronizing object | island_near_right_pine_02_leader
Fra:1 Mem:13.49M (Peak 13.49M) | Time:00:00.00 | Mem:0.00M, Peak:0.00M | Scene, ViewLayer | Synchronizing object | island_near_right_pine_02_branch_02_03
Fra:1 Mem:13.50M (Peak 13.50M) | Time:00:00.00 | Mem:0.00M, Peak:0.00M | Scene, ViewLayer | Synchronizing object | island_near_right_pine_02_branch_02_04
Fra:1 Mem:13.50M (Peak 13.50M) | Time:00:00.00 | Mem:0.00M, Peak:0.00M | Scene, ViewLayer | Synchronizing object | island_near_right_pine_02_crown_tier_04
Fra:1 Mem:13.51M (Peak 13.51M) | Time:00:00.00 | Mem:0.00M, Peak:0.00M | Scene, ViewLayer | Synchronizing object | island_near_right_pine_02_crown_tier_02
Fra:1 Mem:13.51M (Peak 13.51M) | Time:00:00.00 | Mem:0.00M, Peak:0.00M | Scene, ViewLayer | Synchronizing object | island_near_right_pine_02_crown_tier_03
Fra:1 Mem:13.52M (Peak 13.52M) | Time:00:00.00 | Mem:0.00M, Peak:0.00M | Scene, ViewLayer | Initializing
Fra:1 Mem:11.33M (Peak 13.52M) | Time:00:00.00 | Mem:0.00M, Peak:0.00M | Scene, ViewLayer | Waiting for render to start
Fra:1 Mem:11.33M (Peak 13.52M) | Time:00:00.00 | Mem:0.00M, Peak:0.00M | Scene, ViewLayer | Updating Scene
Fra:1 Mem:11.33M (Peak 13.52M) | Time:00:00.00 | Mem:0.00M, Peak:0.00M | Scene, ViewLayer | Updating Shaders
Fra:1 Mem:11.33M (Peak 13.52M) | Time:00:00.00 | Mem:0.00M, Peak:0.00M | Scene, ViewLayer | Loading render kernels (may take a few minutes the first time)
Fra:1 Mem:11.42M (Peak 13.52M) | Time:00:00.00 | Mem:0.01M, Peak:0.01M | Scene, ViewLayer | Updating Procedurals
Fra:1 Mem:11.42M (Peak 13.52M) | Time:00:00.00 | Mem:0.01M, Peak:0.01M | Scene, ViewLayer | Updating Background
Fra:1 Mem:11.42M (Peak 13.52M) | Time:00:00.00 | Mem:0.01M, Peak:0.01M | Scene, ViewLayer | Updating Camera
Fra:1 Mem:11.42M (Peak 13.52M) | Time:00:00.00 | Mem:0.01M, Peak:0.01M | Scene, ViewLayer | Updating Meshes Flags
Fra:1 Mem:11.42M (Peak 13.52M) | Time:00:00.00 | Mem:0.01M, Peak:0.01M | Scene, ViewLayer | Updating Objects
Fra:1 Mem:11.42M (Peak 13.52M) | Time:00:00.00 | Mem:0.01M, Peak:0.01M | Scene, ViewLayer | Updating Objects | Copying Transformations to device
Fra:1 Mem:11.43M (Peak 13.52M) | Time:00:00.00 | Mem:0.02M, Peak:0.02M | Scene, ViewLayer | Updating Particle Systems
Fra:1 Mem:11.43M (Peak 13.52M) | Time:00:00.00 | Mem:0.02M, Peak:0.02M | Scene, ViewLayer | Updating Particle Systems | Copying Particles to device
Fra:1 Mem:11.43M (Peak 13.52M) | Time:00:00.00 | Mem:0.02M, Peak:0.02M | Scene, ViewLayer | Updating Meshes
Fra:1 Mem:11.43M (Peak 13.52M) | Time:00:00.00 | Mem:0.02M, Peak:0.02M | Scene, ViewLayer | Updating Objects | Applying Static Transformations
Fra:1 Mem:11.43M (Peak 13.52M) | Time:00:00.00 | Mem:0.02M, Peak:0.02M | Scene, ViewLayer | Updating Mesh | Computing attributes
Fra:1 Mem:11.56M (Peak 13.52M) | Time:00:00.00 | Mem:0.02M, Peak:0.02M | Scene, ViewLayer | Updating Mesh | Copying Attributes to device
Fra:1 Mem:11.55M (Peak 13.52M) | Time:00:00.00 | Mem:0.14M, Peak:0.14M | Scene, ViewLayer | Updating Scene BVH | Building
Fra:1 Mem:11.55M (Peak 13.52M) | Time:00:00.00 | Mem:0.14M, Peak:0.14M | Scene, ViewLayer | Updating Scene BVH | Building BVH
Fra:1 Mem:11.55M (Peak 13.52M) | Time:00:00.00 | Mem:0.21M, Peak:0.21M | Scene, ViewLayer | Updating Scene BVH | Building BVH 0%
Fra:1 Mem:11.55M (Peak 13.52M) | Time:00:00.00 | Mem:0.29M, Peak:0.36M | Scene, ViewLayer | Updating Scene BVH | Copying BVH to device
Fra:1 Mem:11.55M (Peak 13.52M) | Time:00:00.00 | Mem:0.29M, Peak:0.36M | Scene, ViewLayer | Updating Mesh | Computing normals
Fra:1 Mem:11.62M (Peak 13.52M) | Time:00:00.00 | Mem:0.29M, Peak:0.36M | Scene, ViewLayer | Updating Mesh | Copying Mesh to device
Fra:1 Mem:11.62M (Peak 13.52M) | Time:00:00.00 | Mem:0.36M, Peak:0.36M | Scene, ViewLayer | Updating Objects Flags
Fra:1 Mem:11.62M (Peak 13.52M) | Time:00:00.00 | Mem:0.36M, Peak:0.36M | Scene, ViewLayer | Updating Primitive Offsets
Fra:1 Mem:11.62M (Peak 13.52M) | Time:00:00.00 | Mem:0.36M, Peak:0.36M | Scene, ViewLayer | Updating Images
Fra:1 Mem:11.62M (Peak 13.52M) | Time:00:00.00 | Mem:0.36M, Peak:0.36M | Scene, ViewLayer | Updating Camera Volume
Fra:1 Mem:11.62M (Peak 13.52M) | Time:00:00.00 | Mem:0.36M, Peak:0.36M | Scene, ViewLayer | Updating Lookup Tables
Fra:1 Mem:11.62M (Peak 13.52M) | Time:00:00.00 | Mem:0.44M, Peak:0.44M | Scene, ViewLayer | Updating Lights
Fra:1 Mem:11.62M (Peak 13.52M) | Time:00:00.00 | Mem:0.44M, Peak:0.44M | Scene, ViewLayer | Updating Lights | Computing tree
Fra:1 Mem:11.62M (Peak 13.52M) | Time:00:00.00 | Mem:0.44M, Peak:0.44M | Scene, ViewLayer | Updating Integrator
Fra:1 Mem:11.62M (Peak 13.52M) | Time:00:00.00 | Mem:0.44M, Peak:0.44M | Scene, ViewLayer | Updating Film
Fra:1 Mem:11.62M (Peak 13.52M) | Time:00:00.00 | Mem:0.36M, Peak:0.44M | Scene, ViewLayer | Updating Lookup Tables
Fra:1 Mem:11.62M (Peak 13.52M) | Time:00:00.00 | Mem:0.45M, Peak:0.45M | Scene, ViewLayer | Updating Baking
Fra:1 Mem:11.62M (Peak 13.52M) | Time:00:00.00 | Mem:0.45M, Peak:0.45M | Scene, ViewLayer | Updating Device | Writing constant memory
Fra:1 Mem:11.62M (Peak 13.52M) | Time:00:00.00 | Mem:0.45M, Peak:0.45M | Scene, ViewLayer | Loading denoising kernels (may take a few minutes the first time)
Fra:1 Mem:11.62M (Peak 13.52M) | Time:00:00.00 | Mem:0.45M, Peak:0.45M | Scene, ViewLayer | Sample 0/12
Fra:1 Mem:46.46M (Peak 46.46M) | Time:00:00.19 | Remaining:00:02.10 | Mem:35.24M, Peak:35.24M | Scene, ViewLayer | Sample 1/12
Fra:1 Mem:61.11M (Peak 83.08M) | Time:00:04.90 | Mem:35.24M, Peak:35.24M | Scene, ViewLayer | Sample 12/12
Fra:1 Mem:61.11M (Peak 83.08M) | Time:00:04.90 | Mem:35.24M, Peak:35.24M | Scene, ViewLayer | Finished
Saved: '/workspace/scratch/a29d03198654/Aether/source-assets/lake49/source-views/island_near_right-side.png'
Time: 00:04.95 (Saving: 00:00.04)

RENDERED island_near_right side
Fra:1 Mem:13.31M (Peak 13.31M) | Time:00:00.00 | Mem:0.00M, Peak:0.00M | Scene, ViewLayer | Synchronizing object | island_near_right_rockroot
Fra:1 Mem:13.31M (Peak 13.31M) | Time:00:00.00 | Mem:0.00M, Peak:0.00M | Scene, ViewLayer | Synchronizing object | island_near_right_grasscap_west
Fra:1 Mem:13.34M (Peak 13.34M) | Time:00:00.00 | Mem:0.00M, Peak:0.00M | Scene, ViewLayer | Synchronizing object | island_near_right_grasscap_east
Fra:1 Mem:13.34M (Peak 13.34M) | Time:00:00.00 | Mem:0.00M, Peak:0.00M | Scene, ViewLayer | Synchronizing object | island_near_right_wetshore_00
Fra:1 Mem:13.36M (Peak 13.36M) | Time:00:00.00 | Mem:0.00M, Peak:0.00M | Scene, ViewLayer | Synchronizing object | island_near_right_wetshore_01
Fra:1 Mem:13.37M (Peak 13.37M) | Time:00:00.00 | Mem:0.00M, Peak:0.00M | Scene, ViewLayer | Synchronizing object | island_near_right_wetshore_02
Fra:1 Mem:13.39M (Peak 13.39M) | Time:00:00.00 | Mem:0.00M, Peak:0.00M | Scene, ViewLayer | Synchronizing object | island_near_right_wetshore_03
Fra:1 Mem:13.38M (Peak 13.39M) | Time:00:00.00 | Mem:0.00M, Peak:0.00M | Scene, ViewLayer | Synchronizing object | island_near_right_wetshore_05
Fra:1 Mem:13.39M (Peak 13.39M) | Time:00:00.00 | Mem:0.00M, Peak:0.00M | Scene, ViewLayer | Synchronizing object | island_near_right_pine_01_trunk
Fra:1 Mem:13.39M (Peak 13.39M) | Time:00:00.00 | Mem:0.00M, Peak:0.00M | Scene, ViewLayer | Synchronizing object | island_near_right_pine_01_branch_00_00
Fra:1 Mem:13.39M (Peak 13.39M) | Time:00:00.00 | Mem:0.00M, Peak:0.00M | Scene, ViewLayer | Synchronizing object | island_near_right_pine_01_branch_00_01
Fra:1 Mem:13.40M (Peak 13.40M) | Time:00:00.00 | Mem:0.00M, Peak:0.00M | Scene, ViewLayer | Synchronizing object | island_near_right_pine_01_branch_00_03
Fra:1 Mem:13.40M (Peak 13.40M) | Time:00:00.00 | Mem:0.00M, Peak:0.00M | Scene, ViewLayer | Synchronizing object | island_near_right_pine_01_crown_tier_00
Fra:1 Mem:13.41M (Peak 13.41M) | Time:00:00.00 | Mem:0.00M, Peak:0.00M | Scene, ViewLayer | Synchronizing object | island_near_right_pine_01_branch_01_00
Fra:1 Mem:13.41M (Peak 13.41M) | Time:00:00.00 | Mem:0.00M, Peak:0.00M | Scene, ViewLayer | Synchronizing object | island_near_right_pine_01_branch_01_01
Fra:1 Mem:13.42M (Peak 13.42M) | Time:00:00.00 | Mem:0.00M, Peak:0.00M | Scene, ViewLayer | Synchronizing object | island_near_right_pine_01_branch_01_03
Fra:1 Mem:13.42M (Peak 13.42M) | Time:00:00.00 | Mem:0.00M, Peak:0.00M | Scene, ViewLayer | Synchronizing object | island_near_right_pine_01_branch_01_04
Fra:1 Mem:13.42M (Peak 13.42M) | Time:00:00.00 | Mem:0.00M, Peak:0.00M | Scene, ViewLayer | Synchronizing object | Evidence_Water_guide_only
Fra:1 Mem:13.42M (Peak 13.42M) | Time:00:00.00 | Mem:0.00M, Peak:0.00M | Scene, ViewLayer | Synchronizing object | island_near_right_pine_01_crown_tier_01
Fra:1 Mem:13.43M (Peak 13.43M) | Time:00:00.00 | Mem:0.00M, Peak:0.00M | Scene, ViewLayer | Synchronizing object | island_near_right_pine_01_branch_02_01
Fra:1 Mem:13.43M (Peak 13.43M) | Time:00:00.00 | Mem:0.00M, Peak:0.00M | Scene, ViewLayer | Synchronizing object | island_near_right_pine_01_branch_02_02
Fra:1 Mem:13.43M (Peak 13.43M) | Time:00:00.00 | Mem:0.00M, Peak:0.00M | Scene, ViewLayer | Synchronizing object | island_near_right_pine_01_branch_02_03
Fra:1 Mem:13.44M (Peak 13.44M) | Time:00:00.00 | Mem:0.00M, Peak:0.00M | Scene, ViewLayer | Synchronizing object | island_near_right_pine_01_branch_02_04
Fra:1 Mem:13.44M (Peak 13.44M) | Time:00:00.00 | Mem:0.00M, Peak:0.00M | Scene, ViewLayer | Synchronizing object | island_near_right_pine_01_crown_tier_02
Fra:1 Mem:13.44M (Peak 13.44M) | Time:00:00.00 | Mem:0.00M, Peak:0.00M | Scene, ViewLayer | Synchronizing object | island_near_right_pine_01_crown_tier_03
Fra:1 Mem:13.45M (Peak 13.45M) | Time:00:00.00 | Mem:0.00M, Peak:0.00M | Scene, ViewLayer | Synchronizing object | Evidence_Sun
Fra:1 Mem:13.45M (Peak 13.45M) | Time:00:00.00 | Mem:0.00M, Peak:0.00M | Scene, ViewLayer | Synchronizing object | island_near_right_pine_02_leader
Fra:1 Mem:13.46M (Peak 13.46M) | Time:00:00.00 | Mem:0.00M, Peak:0.00M | Scene, ViewLayer | Synchronizing object | island_near_right_pine_02_branch_00_00
Fra:1 Mem:13.46M (Peak 13.46M) | Time:00:00.00 | Mem:0.00M, Peak:0.00M | Scene, ViewLayer | Synchronizing object | island_near_right_pine_02_branch_00_01
Fra:1 Mem:13.46M (Peak 13.46M) | Time:00:00.00 | Mem:0.00M, Peak:0.00M | Scene, ViewLayer | Synchronizing object | island_near_right_pine_02_branch_00_02
Fra:1 Mem:13.47M (Peak 13.47M) | Time:00:00.00 | Mem:0.00M, Peak:0.00M | Scene, ViewLayer | Synchronizing object | island_near_right_pine_02_branch_00_03
Fra:1 Mem:13.47M (Peak 13.47M) | Time:00:00.00 | Mem:0.00M, Peak:0.00M | Scene, ViewLayer | Synchronizing object | island_near_right_pine_02_branch_00_04
Fra:1 Mem:13.47M (Peak 13.47M) | Time:00:00.00 | Mem:0.00M, Peak:0.00M | Scene, ViewLayer | Synchronizing object | island_near_right_pine_02_crown_tier_00
Fra:1 Mem:13.48M (Peak 13.48M) | Time:00:00.00 | Mem:0.00M, Peak:0.00M | Scene, ViewLayer | Synchronizing object | island_near_right_pine_02_crown_tier_03
Fra:1 Mem:13.48M (Peak 13.48M) | Time:00:00.00 | Mem:0.00M, Peak:0.00M | Scene, ViewLayer | Synchronizing object | island_near_right_pine_02_branch_01_01
Fra:1 Mem:13.48M (Peak 13.48M) | Time:00:00.00 | Mem:0.00M, Peak:0.00M | Scene, ViewLayer | Synchronizing object | island_near_right_pine_02_crown_tier_02
Fra:1 Mem:13.49M (Peak 13.49M) | Time:00:00.00 | Mem:0.00M, Peak:0.00M | Scene, ViewLayer | Synchronizing object | island_near_right_pine_02_branch_01_02
Fra:1 Mem:13.49M (Peak 13.49M) | Time:00:00.00 | Mem:0.00M, Peak:0.00M | Scene, ViewLayer | Synchronizing object | island_near_right_pine_02_branch_02_04
Fra:1 Mem:13.49M (Peak 13.49M) | Time:00:00.00 | Mem:0.00M, Peak:0.00M | Scene, ViewLayer | Synchronizing object | island_near_right_pine_02_branch_01_03
Fra:1 Mem:13.50M (Peak 13.50M) | Time:00:00.00 | Mem:0.00M, Peak:0.00M | Scene, ViewLayer | Synchronizing object | island_near_right_pine_02_branch_02_03
Fra:1 Mem:13.50M (Peak 13.50M) | Time:00:00.00 | Mem:0.00M, Peak:0.00M | Scene, ViewLayer | Synchronizing object | island_near_right_pine_02_branch_01_04
Fra:1 Mem:13.50M (Peak 13.50M) | Time:00:00.00 | Mem:0.00M, Peak:0.00M | Scene, ViewLayer | Synchronizing object | island_near_right_pine_02_branch_02_02
Fra:1 Mem:13.50M (Peak 13.50M) | Time:00:00.00 | Mem:0.00M, Peak:0.00M | Scene, ViewLayer | Synchronizing object | island_near_right_pine_02_crown_tier_01
Fra:1 Mem:13.51M (Peak 13.51M) | Time:00:00.00 | Mem:0.00M, Peak:0.00M | Scene, ViewLayer | Synchronizing object | island_near_right_pine_02_branch_02_01
Fra:1 Mem:13.52M (Peak 13.52M) | Time:00:00.00 | Mem:0.00M, Peak:0.00M | Scene, ViewLayer | Initializing
Fra:1 Mem:11.33M (Peak 13.52M) | Time:00:00.00 | Mem:0.00M, Peak:0.00M | Scene, ViewLayer | Waiting for render to start
Fra:1 Mem:11.33M (Peak 13.52M) | Time:00:00.00 | Mem:0.00M, Peak:0.00M | Scene, ViewLayer | Updating Scene
Fra:1 Mem:11.33M (Peak 13.52M) | Time:00:00.00 | Mem:0.00M, Peak:0.00M | Scene, ViewLayer | Updating Shaders
Fra:1 Mem:11.33M (Peak 13.52M) | Time:00:00.00 | Mem:0.00M, Peak:0.00M | Scene, ViewLayer | Loading render kernels (may take a few minutes the first time)
Fra:1 Mem:11.42M (Peak 13.52M) | Time:00:00.00 | Mem:0.01M, Peak:0.01M | Scene, ViewLayer | Updating Procedurals
Fra:1 Mem:11.42M (Peak 13.52M) | Time:00:00.00 | Mem:0.01M, Peak:0.01M | Scene, ViewLayer | Updating Background
Fra:1 Mem:11.42M (Peak 13.52M) | Time:00:00.00 | Mem:0.01M, Peak:0.01M | Scene, ViewLayer | Updating Camera
Fra:1 Mem:11.42M (Peak 13.52M) | Time:00:00.00 | Mem:0.01M, Peak:0.01M | Scene, ViewLayer | Updating Meshes Flags
Fra:1 Mem:11.42M (Peak 13.52M) | Time:00:00.00 | Mem:0.01M, Peak:0.01M | Scene, ViewLayer | Updating Objects
Fra:1 Mem:11.42M (Peak 13.52M) | Time:00:00.00 | Mem:0.01M, Peak:0.01M | Scene, ViewLayer | Updating Objects | Copying Transformations to device
Fra:1 Mem:11.43M (Peak 13.52M) | Time:00:00.00 | Mem:0.02M, Peak:0.02M | Scene, ViewLayer | Updating Particle Systems
Fra:1 Mem:11.43M (Peak 13.52M) | Time:00:00.00 | Mem:0.02M, Peak:0.02M | Scene, ViewLayer | Updating Particle Systems | Copying Particles to device
Fra:1 Mem:11.43M (Peak 13.52M) | Time:00:00.00 | Mem:0.02M, Peak:0.02M | Scene, ViewLayer | Updating Meshes
Fra:1 Mem:11.43M (Peak 13.52M) | Time:00:00.00 | Mem:0.02M, Peak:0.02M | Scene, ViewLayer | Updating Objects | Applying Static Transformations
Fra:1 Mem:11.43M (Peak 13.52M) | Time:00:00.00 | Mem:0.02M, Peak:0.02M | Scene, ViewLayer | Updating Mesh | Computing attributes
Fra:1 Mem:11.56M (Peak 13.52M) | Time:00:00.00 | Mem:0.02M, Peak:0.02M | Scene, ViewLayer | Updating Mesh | Copying Attributes to device
Fra:1 Mem:11.55M (Peak 13.52M) | Time:00:00.00 | Mem:0.14M, Peak:0.14M | Scene, ViewLayer | Updating Scene BVH | Building
Fra:1 Mem:11.55M (Peak 13.52M) | Time:00:00.00 | Mem:0.14M, Peak:0.14M | Scene, ViewLayer | Updating Scene BVH | Building BVH
Fra:1 Mem:11.55M (Peak 13.52M) | Time:00:00.00 | Mem:0.21M, Peak:0.21M | Scene, ViewLayer | Updating Scene BVH | Building BVH 0%
Fra:1 Mem:11.55M (Peak 13.52M) | Time:00:00.00 | Mem:0.29M, Peak:0.36M | Scene, ViewLayer | Updating Scene BVH | Copying BVH to device
Fra:1 Mem:11.55M (Peak 13.52M) | Time:00:00.00 | Mem:0.29M, Peak:0.36M | Scene, ViewLayer | Updating Mesh | Computing normals
Fra:1 Mem:11.62M (Peak 13.52M) | Time:00:00.00 | Mem:0.29M, Peak:0.36M | Scene, ViewLayer | Updating Mesh | Copying Mesh to device
Fra:1 Mem:11.62M (Peak 13.52M) | Time:00:00.00 | Mem:0.36M, Peak:0.36M | Scene, ViewLayer | Updating Objects Flags
Fra:1 Mem:11.62M (Peak 13.52M) | Time:00:00.00 | Mem:0.36M, Peak:0.36M | Scene, ViewLayer | Updating Primitive Offsets
Fra:1 Mem:11.62M (Peak 13.52M) | Time:00:00.00 | Mem:0.36M, Peak:0.36M | Scene, ViewLayer | Updating Images
Fra:1 Mem:11.62M (Peak 13.52M) | Time:00:00.00 | Mem:0.36M, Peak:0.36M | Scene, ViewLayer | Updating Camera Volume
Fra:1 Mem:11.62M (Peak 13.52M) | Time:00:00.00 | Mem:0.36M, Peak:0.36M | Scene, ViewLayer | Updating Lookup Tables
Fra:1 Mem:11.62M (Peak 13.52M) | Time:00:00.00 | Mem:0.44M, Peak:0.44M | Scene, ViewLayer | Updating Lights
Fra:1 Mem:11.62M (Peak 13.52M) | Time:00:00.00 | Mem:0.44M, Peak:0.44M | Scene, ViewLayer | Updating Lights | Computing tree
Fra:1 Mem:11.62M (Peak 13.52M) | Time:00:00.00 | Mem:0.44M, Peak:0.44M | Scene, ViewLayer | Updating Integrator
Fra:1 Mem:11.62M (Peak 13.52M) | Time:00:00.00 | Mem:0.44M, Peak:0.44M | Scene, ViewLayer | Updating Film
Fra:1 Mem:11.62M (Peak 13.52M) | Time:00:00.00 | Mem:0.36M, Peak:0.44M | Scene, ViewLayer | Updating Lookup Tables
Fra:1 Mem:11.62M (Peak 13.52M) | Time:00:00.00 | Mem:0.45M, Peak:0.45M | Scene, ViewLayer | Updating Baking
Fra:1 Mem:11.62M (Peak 13.52M) | Time:00:00.00 | Mem:0.45M, Peak:0.45M | Scene, ViewLayer | Updating Device | Writing constant memory
Fra:1 Mem:11.62M (Peak 13.52M) | Time:00:00.00 | Mem:0.45M, Peak:0.45M | Scene, ViewLayer | Loading denoising kernels (may take a few minutes the first time)
Fra:1 Mem:11.62M (Peak 13.52M) | Time:00:00.00 | Mem:0.45M, Peak:0.45M | Scene, ViewLayer | Sample 0/12
Fra:1 Mem:46.46M (Peak 46.46M) | Time:00:00.22 | Remaining:00:02.44 | Mem:35.24M, Peak:35.24M | Scene, ViewLayer | Sample 1/12
Fra:1 Mem:61.11M (Peak 83.08M) | Time:00:05.00 | Mem:35.24M, Peak:35.24M | Scene, ViewLayer | Sample 12/12
Fra:1 Mem:61.11M (Peak 83.08M) | Time:00:05.00 | Mem:35.24M, Peak:35.24M | Scene, ViewLayer | Finished
Saved: '/workspace/scratch/a29d03198654/Aether/source-assets/lake49/source-views/island_near_right-top.png'
Time: 00:05.05 (Saving: 00:00.04)

RENDERED island_near_right top
Fra:1 Mem:13.23M (Peak 13.23M) | Time:00:00.00 | Mem:0.00M, Peak:0.00M | Scene, ViewLayer | Synchronizing object | island_near_right_rockroot
Fra:1 Mem:13.24M (Peak 13.24M) | Time:00:00.00 | Mem:0.00M, Peak:0.00M | Scene, ViewLayer | Synchronizing object | island_near_right_grasscap_west
Fra:1 Mem:13.26M (Peak 13.26M) | Time:00:00.00 | Mem:0.00M, Peak:0.00M | Scene, ViewLayer | Synchronizing object | island_near_right_grasscap_east
Fra:1 Mem:13.27M (Peak 13.27M) | Time:00:00.00 | Mem:0.00M, Peak:0.00M | Scene, ViewLayer | Synchronizing object | island_near_right_wetshore_00
Fra:1 Mem:13.29M (Peak 13.29M) | Time:00:00.00 | Mem:0.00M, Peak:0.00M | Scene, ViewLayer | Synchronizing object | island_near_right_wetshore_01
Fra:1 Mem:13.30M (Peak 13.30M) | Time:00:00.00 | Mem:0.00M, Peak:0.00M | Scene, ViewLayer | Synchronizing object | island_near_right_wetshore_02
Fra:1 Mem:13.30M (Peak 13.30M) | Time:00:00.00 | Mem:0.00M, Peak:0.00M | Scene, ViewLayer | Synchronizing object | island_near_right_wetshore_04
Fra:1 Mem:13.30M (Peak 13.30M) | Time:00:00.00 | Mem:0.00M, Peak:0.00M | Scene, ViewLayer | Synchronizing object | island_near_right_wetshore_05
Fra:1 Mem:13.31M (Peak 13.31M) | Time:00:00.00 | Mem:0.00M, Peak:0.00M | Scene, ViewLayer | Synchronizing object | island_near_right_pine_01_trunk
Fra:1 Mem:13.31M (Peak 13.31M) | Time:00:00.00 | Mem:0.00M, Peak:0.00M | Scene, ViewLayer | Synchronizing object | island_near_right_pine_01_branch_00_00
Fra:1 Mem:13.32M (Peak 13.32M) | Time:00:00.00 | Mem:0.00M, Peak:0.00M | Scene, ViewLayer | Synchronizing object | island_near_right_pine_01_branch_00_01
Fra:1 Mem:13.32M (Peak 13.32M) | Time:00:00.00 | Mem:0.00M, Peak:0.00M | Scene, ViewLayer | Synchronizing object | island_near_right_pine_01_branch_00_02
Fra:1 Mem:13.33M (Peak 13.33M) | Time:00:00.00 | Mem:0.00M, Peak:0.00M | Scene, ViewLayer | Synchronizing object | island_near_right_pine_01_crown_tier_00
Fra:1 Mem:13.34M (Peak 13.34M) | Time:00:00.00 | Mem:0.00M, Peak:0.00M | Scene, ViewLayer | Synchronizing object | island_near_right_pine_01_branch_01_00
Fra:1 Mem:13.34M (Peak 13.34M) | Time:00:00.00 | Mem:0.00M, Peak:0.00M | Scene, ViewLayer | Synchronizing object | island_near_right_pine_01_branch_01_01
Fra:1 Mem:13.34M (Peak 13.34M) | Time:00:00.00 | Mem:0.00M, Peak:0.00M | Scene, ViewLayer | Synchronizing object | island_near_right_pine_01_branch_01_02
Fra:1 Mem:13.34M (Peak 13.34M) | Time:00:00.00 | Mem:0.00M, Peak:0.00M | Scene, ViewLayer | Synchronizing object | island_near_right_pine_01_branch_01_03
Fra:1 Mem:13.35M (Peak 13.35M) | Time:00:00.00 | Mem:0.00M, Peak:0.00M | Scene, ViewLayer | Synchronizing object | island_near_right_pine_01_branch_01_04
Fra:1 Mem:13.35M (Peak 13.35M) | Time:00:00.00 | Mem:0.00M, Peak:0.00M | Scene, ViewLayer | Synchronizing object | island_near_right_pine_01_crown_tier_01
Fra:1 Mem:13.35M (Peak 13.35M) | Time:00:00.00 | Mem:0.00M, Peak:0.00M | Scene, ViewLayer | Synchronizing object | island_near_right_pine_01_branch_02_00
Fra:1 Mem:13.35M (Peak 13.35M) | Time:00:00.00 | Mem:0.00M, Peak:0.00M | Scene, ViewLayer | Synchronizing object | island_near_right_pine_01_branch_02_01
Fra:1 Mem:13.35M (Peak 13.35M) | Time:00:00.00 | Mem:0.00M, Peak:0.00M | Scene, ViewLayer | Synchronizing object | island_near_right_pine_01_branch_02_02
Fra:1 Mem:13.36M (Peak 13.36M) | Time:00:00.00 | Mem:0.00M, Peak:0.00M | Scene, ViewLayer | Synchronizing object | island_near_right_pine_01_branch_02_03
Fra:1 Mem:13.36M (Peak 13.36M) | Time:00:00.00 | Mem:0.00M, Peak:0.00M | Scene, ViewLayer | Synchronizing object | island_near_right_pine_01_branch_02_04
Fra:1 Mem:13.37M (Peak 13.37M) | Time:00:00.00 | Mem:0.00M, Peak:0.00M | Scene, ViewLayer | Synchronizing object | island_near_right_pine_01_crown_tier_02
Fra:1 Mem:13.37M (Peak 13.37M) | Time:00:00.00 | Mem:0.00M, Peak:0.00M | Scene, ViewLayer | Synchronizing object | island_near_right_pine_01_crown_tier_03
Fra:1 Mem:13.37M (Peak 13.37M) | Time:00:00.00 | Mem:0.00M, Peak:0.00M | Scene, ViewLayer | Synchronizing object | island_near_right_pine_01_crown_tier_04
Fra:1 Mem:13.38M (Peak 13.38M) | Time:00:00.00 | Mem:0.00M, Peak:0.00M | Scene, ViewLayer | Synchronizing object | island_near_right_pine_01_leader
Fra:1 Mem:13.38M (Peak 13.38M) | Time:00:00.00 | Mem:0.00M, Peak:0.00M | Scene, ViewLayer | Synchronizing object | island_near_right_pine_02_trunk
Fra:1 Mem:13.38M (Peak 13.38M) | Time:00:00.00 | Mem:0.00M, Peak:0.00M | Scene, ViewLayer | Synchronizing object | island_near_right_pine_02_branch_00_00
Fra:1 Mem:13.39M (Peak 13.39M) | Time:00:00.00 | Mem:0.00M, Peak:0.00M | Scene, ViewLayer | Synchronizing object | island_near_right_pine_02_branch_00_01
Fra:1 Mem:13.39M (Peak 13.39M) | Time:00:00.00 | Mem:0.00M, Peak:0.00M | Scene, ViewLayer | Synchronizing object | island_near_right_pine_02_crown_tier_04
Fra:1 Mem:13.39M (Peak 13.39M) | Time:00:00.00 | Mem:0.00M, Peak:0.00M | Scene, ViewLayer | Synchronizing object | island_near_right_pine_02_branch_00_04
Fra:1 Mem:13.40M (Peak 13.40M) | Time:00:00.00 | Mem:0.00M, Peak:0.00M | Scene, ViewLayer | Synchronizing object | island_near_right_pine_02_crown_tier_03
Fra:1 Mem:13.40M (Peak 13.40M) | Time:00:00.00 | Mem:0.00M, Peak:0.00M | Scene, ViewLayer | Synchronizing object | island_near_right_pine_02_crown_tier_02
Fra:1 Mem:13.41M (Peak 13.41M) | Time:00:00.00 | Mem:0.00M, Peak:0.00M | Scene, ViewLayer | Synchronizing object | island_near_right_pine_02_branch_01_01
Fra:1 Mem:13.42M (Peak 13.42M) | Time:00:00.00 | Mem:0.00M, Peak:0.00M | Scene, ViewLayer | Synchronizing object | island_near_right_pine_02_branch_01_02
Fra:1 Mem:13.42M (Peak 13.42M) | Time:00:00.00 | Mem:0.00M, Peak:0.00M | Scene, ViewLayer | Synchronizing object | island_near_right_pine_02_branch_01_03
Fra:1 Mem:13.42M (Peak 13.42M) | Time:00:00.00 | Mem:0.00M, Peak:0.00M | Scene, ViewLayer | Synchronizing object | island_near_right_pine_02_crown_tier_01
Fra:1 Mem:13.43M (Peak 13.43M) | Time:00:00.00 | Mem:0.00M, Peak:0.00M | Scene, ViewLayer | Synchronizing object | island_near_right_pine_02_branch_02_00
Fra:1 Mem:13.44M (Peak 13.44M) | Time:00:00.00 | Mem:0.00M, Peak:0.00M | Scene, ViewLayer | Synchronizing object | island_near_right_pine_02_branch_02_01
Fra:1 Mem:13.44M (Peak 13.44M) | Time:00:00.00 | Mem:0.00M, Peak:0.00M | Scene, ViewLayer | Synchronizing object | island_near_right_pine_02_branch_02_02
Fra:1 Mem:13.44M (Peak 13.44M) | Time:00:00.00 | Mem:0.00M, Peak:0.00M | Scene, ViewLayer | Initializing
Fra:1 Mem:11.33M (Peak 13.44M) | Time:00:00.00 | Mem:0.00M, Peak:0.00M | Scene, ViewLayer | Waiting for render to start
Fra:1 Mem:11.33M (Peak 13.44M) | Time:00:00.00 | Mem:0.00M, Peak:0.00M | Scene, ViewLayer | Updating Scene
Fra:1 Mem:11.33M (Peak 13.44M) | Time:00:00.00 | Mem:0.00M, Peak:0.00M | Scene, ViewLayer | Updating Shaders
Fra:1 Mem:11.33M (Peak 13.44M) | Time:00:00.00 | Mem:0.00M, Peak:0.00M | Scene, ViewLayer | Loading render kernels (may take a few minutes the first time)
Fra:1 Mem:11.41M (Peak 13.44M) | Time:00:00.00 | Mem:0.00M, Peak:0.00M | Scene, ViewLayer | Updating Procedurals
Fra:1 Mem:11.41M (Peak 13.44M) | Time:00:00.00 | Mem:0.00M, Peak:0.00M | Scene, ViewLayer | Updating Background
Fra:1 Mem:11.41M (Peak 13.44M) | Time:00:00.00 | Mem:0.00M, Peak:0.00M | Scene, ViewLayer | Updating Camera
Fra:1 Mem:11.41M (Peak 13.44M) | Time:00:00.00 | Mem:0.00M, Peak:0.00M | Scene, ViewLayer | Updating Meshes Flags
Fra:1 Mem:11.41M (Peak 13.44M) | Time:00:00.00 | Mem:0.00M, Peak:0.00M | Scene, ViewLayer | Updating Objects
Fra:1 Mem:11.41M (Peak 13.44M) | Time:00:00.00 | Mem:0.00M, Peak:0.00M | Scene, ViewLayer | Updating Objects | Copying Transformations to device
Fra:1 Mem:11.43M (Peak 13.44M) | Time:00:00.00 | Mem:0.02M, Peak:0.02M | Scene, ViewLayer | Updating Particle Systems
Fra:1 Mem:11.43M (Peak 13.44M) | Time:00:00.00 | Mem:0.02M, Peak:0.02M | Scene, ViewLayer | Updating Particle Systems | Copying Particles to device
Fra:1 Mem:11.43M (Peak 13.44M) | Time:00:00.00 | Mem:0.02M, Peak:0.02M | Scene, ViewLayer | Updating Meshes
Fra:1 Mem:11.43M (Peak 13.44M) | Time:00:00.00 | Mem:0.02M, Peak:0.02M | Scene, ViewLayer | Updating Objects | Applying Static Transformations
Fra:1 Mem:11.43M (Peak 13.44M) | Time:00:00.00 | Mem:0.02M, Peak:0.02M | Scene, ViewLayer | Updating Mesh | Computing attributes
Fra:1 Mem:11.56M (Peak 13.44M) | Time:00:00.00 | Mem:0.02M, Peak:0.02M | Scene, ViewLayer | Updating Mesh | Copying Attributes to device
Fra:1 Mem:11.55M (Peak 13.44M) | Time:00:00.00 | Mem:0.14M, Peak:0.14M | Scene, ViewLayer | Updating Scene BVH | Building
Fra:1 Mem:11.55M (Peak 13.44M) | Time:00:00.00 | Mem:0.14M, Peak:0.14M | Scene, ViewLayer | Updating Scene BVH | Building BVH
Fra:1 Mem:11.55M (Peak 13.44M) | Time:00:00.00 | Mem:0.21M, Peak:0.21M | Scene, ViewLayer | Updating Scene BVH | Building BVH 0%
Fra:1 Mem:11.55M (Peak 13.44M) | Time:00:00.00 | Mem:0.29M, Peak:0.36M | Scene, ViewLayer | Updating Scene BVH | Copying BVH to device
Fra:1 Mem:11.55M (Peak 13.44M) | Time:00:00.00 | Mem:0.29M, Peak:0.36M | Scene, ViewLayer | Updating Mesh | Computing normals
Fra:1 Mem:11.61M (Peak 13.44M) | Time:00:00.00 | Mem:0.29M, Peak:0.36M | Scene, ViewLayer | Updating Mesh | Copying Mesh to device
Fra:1 Mem:11.61M (Peak 13.44M) | Time:00:00.00 | Mem:0.36M, Peak:0.36M | Scene, ViewLayer | Updating Objects Flags
Fra:1 Mem:11.61M (Peak 13.44M) | Time:00:00.00 | Mem:0.36M, Peak:0.36M | Scene, ViewLayer | Updating Primitive Offsets
Fra:1 Mem:11.61M (Peak 13.44M) | Time:00:00.00 | Mem:0.36M, Peak:0.36M | Scene, ViewLayer | Updating Images
Fra:1 Mem:11.61M (Peak 13.44M) | Time:00:00.00 | Mem:0.36M, Peak:0.36M | Scene, ViewLayer | Updating Camera Volume
Fra:1 Mem:11.61M (Peak 13.44M) | Time:00:00.00 | Mem:0.36M, Peak:0.36M | Scene, ViewLayer | Updating Lookup Tables
Fra:1 Mem:11.61M (Peak 13.44M) | Time:00:00.00 | Mem:0.44M, Peak:0.44M | Scene, ViewLayer | Updating Lights
Fra:1 Mem:11.61M (Peak 13.44M) | Time:00:00.00 | Mem:0.44M, Peak:0.44M | Scene, ViewLayer | Updating Lights | Computing tree
Fra:1 Mem:11.62M (Peak 13.44M) | Time:00:00.00 | Mem:0.44M, Peak:0.44M | Scene, ViewLayer | Updating Integrator
Fra:1 Mem:11.62M (Peak 13.44M) | Time:00:00.00 | Mem:0.44M, Peak:0.44M | Scene, ViewLayer | Updating Film
Fra:1 Mem:11.62M (Peak 13.44M) | Time:00:00.00 | Mem:0.36M, Peak:0.44M | Scene, ViewLayer | Updating Lookup Tables
Fra:1 Mem:11.62M (Peak 13.44M) | Time:00:00.00 | Mem:0.44M, Peak:0.44M | Scene, ViewLayer | Updating Baking
Fra:1 Mem:11.62M (Peak 13.44M) | Time:00:00.00 | Mem:0.44M, Peak:0.44M | Scene, ViewLayer | Updating Device | Writing constant memory
Fra:1 Mem:11.62M (Peak 13.44M) | Time:00:00.00 | Mem:0.44M, Peak:0.44M | Scene, ViewLayer | Loading denoising kernels (may take a few minutes the first time)
Fra:1 Mem:11.62M (Peak 13.44M) | Time:00:00.00 | Mem:0.44M, Peak:0.44M | Scene, ViewLayer | Sample 0/12
Fra:1 Mem:46.45M (Peak 46.45M) | Time:00:00.09 | Remaining:00:01.02 | Mem:35.23M, Peak:35.23M | Scene, ViewLayer | Sample 1/12
Fra:1 Mem:61.11M (Peak 83.08M) | Time:00:03.57 | Mem:35.23M, Peak:35.23M | Scene, ViewLayer | Sample 12/12
Fra:1 Mem:61.11M (Peak 83.08M) | Time:00:03.57 | Mem:35.23M, Peak:35.23M | Scene, ViewLayer | Finished
Saved: '/workspace/scratch/a29d03198654/Aether/source-assets/lake49/source-views/island_near_right-anatomy.png'
Time: 00:03.62 (Saving: 00:00.04)

RENDERED island_near_right anatomy
Read blend: "/workspace/scratch/a29d03198654/Aether/source-assets/lake49/foreground_rock.blend"
Fra:1 Mem:10.06M (Peak 10.06M) | Time:00:00.00 | Mem:0.00M, Peak:0.00M | Scene, ViewLayer | Synchronizing object | foreground_rock_rockroot
Fra:1 Mem:10.06M (Peak 10.06M) | Time:00:00.00 | Mem:0.00M, Peak:0.00M | Scene, ViewLayer | Synchronizing object | foreground_rock_shoulder
Fra:1 Mem:10.10M (Peak 10.10M) | Time:00:00.00 | Mem:0.00M, Peak:0.00M | Scene, ViewLayer | Synchronizing object | foreground_rock_wetshore_00
Fra:1 Mem:10.09M (Peak 10.10M) | Time:00:00.00 | Mem:0.00M, Peak:0.00M | Scene, ViewLayer | Synchronizing object | foreground_rock_wetshore_01
Fra:1 Mem:10.11M (Peak 10.11M) | Time:00:00.00 | Mem:0.00M, Peak:0.00M | Scene, ViewLayer | Synchronizing object | Evidence_Water_guide_only
Fra:1 Mem:10.12M (Peak 10.12M) | Time:00:00.00 | Mem:0.00M, Peak:0.00M | Scene, ViewLayer | Synchronizing object | foreground_rock_wetshore_03
Fra:1 Mem:10.13M (Peak 10.13M) | Time:00:00.00 | Mem:0.00M, Peak:0.00M | Scene, ViewLayer | Synchronizing object | Evidence_Sun
Fra:1 Mem:10.13M (Peak 10.13M) | Time:00:00.00 | Mem:0.00M, Peak:0.00M | Scene, ViewLayer | Synchronizing object | foreground_rock_grassblade_06
Fra:1 Mem:10.13M (Peak 10.13M) | Time:00:00.00 | Mem:0.00M, Peak:0.00M | Scene, ViewLayer | Synchronizing object | foreground_rock_wetshore_05
Fra:1 Mem:10.13M (Peak 10.13M) | Time:00:00.00 | Mem:0.00M, Peak:0.00M | Scene, ViewLayer | Synchronizing object | foreground_rock_grassblade_05
Fra:1 Mem:10.14M (Peak 10.14M) | Time:00:00.00 | Mem:0.00M, Peak:0.00M | Scene, ViewLayer | Synchronizing object | foreground_rock_grassblade_04
Fra:1 Mem:10.14M (Peak 10.14M) | Time:00:00.00 | Mem:0.00M, Peak:0.00M | Scene, ViewLayer | Synchronizing object | foreground_rock_grassblade_00
Fra:1 Mem:10.15M (Peak 10.15M) | Time:00:00.00 | Mem:0.00M, Peak:0.00M | Scene, ViewLayer | Synchronizing object | foreground_rock_grassblade_03
Fra:1 Mem:10.15M (Peak 10.15M) | Time:00:00.00 | Mem:0.00M, Peak:0.00M | Scene, ViewLayer | Synchronizing object | foreground_rock_grassblade_01
Fra:1 Mem:10.15M (Peak 10.15M) | Time:00:00.00 | Mem:0.00M, Peak:0.00M | Scene, ViewLayer | Synchronizing object | foreground_rock_grassblade_02
Fra:1 Mem:10.15M (Peak 10.15M) | Time:00:00.00 | Mem:0.00M, Peak:0.00M | Scene, ViewLayer | Initializing
Fra:1 Mem:9.31M (Peak 10.15M) | Time:00:00.00 | Mem:0.00M, Peak:0.00M | Scene, ViewLayer | Waiting for render to start
Fra:1 Mem:9.31M (Peak 10.15M) | Time:00:00.00 | Mem:0.00M, Peak:0.00M | Scene, ViewLayer | Updating Scene
Fra:1 Mem:9.31M (Peak 10.15M) | Time:00:00.00 | Mem:0.00M, Peak:0.00M | Scene, ViewLayer | Updating Shaders
Fra:1 Mem:9.31M (Peak 10.15M) | Time:00:00.00 | Mem:0.00M, Peak:0.00M | Scene, ViewLayer | Loading render kernels (may take a few minutes the first time)
Fra:1 Mem:9.40M (Peak 10.15M) | Time:00:00.00 | Mem:0.00M, Peak:0.00M | Scene, ViewLayer | Updating Procedurals
Fra:1 Mem:9.40M (Peak 10.15M) | Time:00:00.00 | Mem:0.00M, Peak:0.00M | Scene, ViewLayer | Updating Background
Fra:1 Mem:9.40M (Peak 10.15M) | Time:00:00.00 | Mem:0.00M, Peak:0.00M | Scene, ViewLayer | Updating Camera
Fra:1 Mem:9.40M (Peak 10.15M) | Time:00:00.00 | Mem:0.00M, Peak:0.00M | Scene, ViewLayer | Updating Meshes Flags
Fra:1 Mem:9.40M (Peak 10.15M) | Time:00:00.00 | Mem:0.00M, Peak:0.00M | Scene, ViewLayer | Updating Objects
Fra:1 Mem:9.40M (Peak 10.15M) | Time:00:00.00 | Mem:0.00M, Peak:0.00M | Scene, ViewLayer | Updating Objects | Copying Transformations to device
Fra:1 Mem:9.40M (Peak 10.15M) | Time:00:00.00 | Mem:0.01M, Peak:0.01M | Scene, ViewLayer | Updating Particle Systems
Fra:1 Mem:9.40M (Peak 10.15M) | Time:00:00.00 | Mem:0.01M, Peak:0.01M | Scene, ViewLayer | Updating Particle Systems | Copying Particles to device
Fra:1 Mem:9.40M (Peak 10.15M) | Time:00:00.00 | Mem:0.01M, Peak:0.01M | Scene, ViewLayer | Updating Meshes
Fra:1 Mem:9.40M (Peak 10.15M) | Time:00:00.00 | Mem:0.01M, Peak:0.01M | Scene, ViewLayer | Updating Objects | Applying Static Transformations
Fra:1 Mem:9.40M (Peak 10.15M) | Time:00:00.00 | Mem:0.01M, Peak:0.01M | Scene, ViewLayer | Updating Mesh | Computing attributes
Fra:1 Mem:9.45M (Peak 10.15M) | Time:00:00.00 | Mem:0.01M, Peak:0.01M | Scene, ViewLayer | Updating Mesh | Copying Attributes to device
Fra:1 Mem:9.44M (Peak 10.15M) | Time:00:00.00 | Mem:0.05M, Peak:0.05M | Scene, ViewLayer | Updating Scene BVH | Building
Fra:1 Mem:9.44M (Peak 10.15M) | Time:00:00.00 | Mem:0.05M, Peak:0.05M | Scene, ViewLayer | Updating Scene BVH | Building BVH
Fra:1 Mem:9.44M (Peak 10.15M) | Time:00:00.00 | Mem:0.07M, Peak:0.07M | Scene, ViewLayer | Updating Scene BVH | Building BVH 0%
Fra:1 Mem:9.44M (Peak 10.15M) | Time:00:00.00 | Mem:0.10M, Peak:0.12M | Scene, ViewLayer | Updating Scene BVH | Copying BVH to device
Fra:1 Mem:9.44M (Peak 10.15M) | Time:00:00.00 | Mem:0.10M, Peak:0.12M | Scene, ViewLayer | Updating Mesh | Computing normals
Fra:1 Mem:9.46M (Peak 10.15M) | Time:00:00.00 | Mem:0.10M, Peak:0.12M | Scene, ViewLayer | Updating Mesh | Copying Mesh to device
Fra:1 Mem:9.46M (Peak 10.15M) | Time:00:00.00 | Mem:0.12M, Peak:0.12M | Scene, ViewLayer | Updating Objects Flags
Fra:1 Mem:9.46M (Peak 10.15M) | Time:00:00.00 | Mem:0.12M, Peak:0.12M | Scene, ViewLayer | Updating Primitive Offsets
Fra:1 Mem:9.46M (Peak 10.15M) | Time:00:00.00 | Mem:0.12M, Peak:0.12M | Scene, ViewLayer | Updating Images
Fra:1 Mem:9.46M (Peak 10.15M) | Time:00:00.00 | Mem:0.12M, Peak:0.12M | Scene, ViewLayer | Updating Camera Volume
Fra:1 Mem:9.46M (Peak 10.15M) | Time:00:00.00 | Mem:0.12M, Peak:0.12M | Scene, ViewLayer | Updating Lookup Tables
Fra:1 Mem:9.46M (Peak 10.15M) | Time:00:00.00 | Mem:0.20M, Peak:0.20M | Scene, ViewLayer | Updating Lights
Fra:1 Mem:9.46M (Peak 10.15M) | Time:00:00.00 | Mem:0.20M, Peak:0.20M | Scene, ViewLayer | Updating Lights | Computing tree
Fra:1 Mem:9.46M (Peak 10.15M) | Time:00:00.00 | Mem:0.20M, Peak:0.20M | Scene, ViewLayer | Updating Integrator
Fra:1 Mem:9.46M (Peak 10.15M) | Time:00:00.00 | Mem:0.20M, Peak:0.20M | Scene, ViewLayer | Updating Film
Fra:1 Mem:9.47M (Peak 10.15M) | Time:00:00.00 | Mem:0.12M, Peak:0.20M | Scene, ViewLayer | Updating Lookup Tables
Fra:1 Mem:9.47M (Peak 10.15M) | Time:00:00.00 | Mem:0.20M, Peak:0.20M | Scene, ViewLayer | Updating Baking
Fra:1 Mem:9.47M (Peak 10.15M) | Time:00:00.00 | Mem:0.20M, Peak:0.20M | Scene, ViewLayer | Updating Device | Writing constant memory
Fra:1 Mem:9.47M (Peak 10.15M) | Time:00:00.00 | Mem:0.20M, Peak:0.20M | Scene, ViewLayer | Loading denoising kernels (may take a few minutes the first time)
Fra:1 Mem:9.47M (Peak 10.15M) | Time:00:00.00 | Mem:0.20M, Peak:0.20M | Scene, ViewLayer | Sample 0/12
Fra:1 Mem:44.30M (Peak 44.30M) | Time:00:00.14 | Remaining:00:01.61 | Mem:34.99M, Peak:34.99M | Scene, ViewLayer | Sample 1/12
Fra:1 Mem:58.95M (Peak 80.93M) | Time:00:04.51 | Mem:34.99M, Peak:34.99M | Scene, ViewLayer | Sample 12/12
Fra:1 Mem:58.95M (Peak 80.93M) | Time:00:04.51 | Mem:34.99M, Peak:34.99M | Scene, ViewLayer | Finished
Saved: '/workspace/scratch/a29d03198654/Aether/source-assets/lake49/source-views/foreground_rock-front.png'
Time: 00:04.56 (Saving: 00:00.04)

RENDERED foreground_rock front
Fra:1 Mem:10.09M (Peak 10.09M) | Time:00:00.00 | Mem:0.00M, Peak:0.00M | Scene, ViewLayer | Synchronizing object | foreground_rock_rockroot
Fra:1 Mem:10.09M (Peak 10.09M) | Time:00:00.00 | Mem:0.00M, Peak:0.00M | Scene, ViewLayer | Synchronizing object | foreground_rock_shoulder
Fra:1 Mem:10.12M (Peak 10.12M) | Time:00:00.00 | Mem:0.00M, Peak:0.00M | Scene, ViewLayer | Synchronizing object | foreground_rock_wetshore_00
Fra:1 Mem:10.12M (Peak 10.12M) | Time:00:00.00 | Mem:0.00M, Peak:0.00M | Scene, ViewLayer | Synchronizing object | foreground_rock_wetshore_01
Fra:1 Mem:10.13M (Peak 10.13M) | Time:00:00.00 | Mem:0.00M, Peak:0.00M | Scene, ViewLayer | Synchronizing object | foreground_rock_wetshore_02
Fra:1 Mem:10.13M (Peak 10.13M) | Time:00:00.00 | Mem:0.00M, Peak:0.00M | Scene, ViewLayer | Synchronizing object | foreground_rock_wetshore_04
Fra:1 Mem:10.13M (Peak 10.13M) | Time:00:00.00 | Mem:0.00M, Peak:0.00M | Scene, ViewLayer | Synchronizing object | Evidence_Water_guide_only
Fra:1 Mem:10.14M (Peak 10.14M) | Time:00:00.00 | Mem:0.00M, Peak:0.00M | Scene, ViewLayer | Synchronizing object | foreground_rock_wetshore_05
Fra:1 Mem:10.15M (Peak 10.15M) | Time:00:00.00 | Mem:0.00M, Peak:0.00M | Scene, ViewLayer | Synchronizing object | foreground_rock_grassblade_01
Fra:1 Mem:10.15M (Peak 10.15M) | Time:00:00.00 | Mem:0.00M, Peak:0.00M | Scene, ViewLayer | Synchronizing object | foreground_rock_grassblade_02
Fra:1 Mem:10.15M (Peak 10.15M) | Time:00:00.00 | Mem:0.00M, Peak:0.00M | Scene, ViewLayer | Synchronizing object | foreground_rock_grassblade_03
Fra:1 Mem:10.15M (Peak 10.15M) | Time:00:00.00 | Mem:0.00M, Peak:0.00M | Scene, ViewLayer | Synchronizing object | foreground_rock_grassblade_04
Fra:1 Mem:10.15M (Peak 10.15M) | Time:00:00.00 | Mem:0.00M, Peak:0.00M | Scene, ViewLayer | Synchronizing object | foreground_rock_grassblade_05
Fra:1 Mem:10.15M (Peak 10.15M) | Time:00:00.00 | Mem:0.00M, Peak:0.00M | Scene, ViewLayer | Synchronizing object | foreground_rock_grassblade_06
Fra:1 Mem:10.15M (Peak 10.15M) | Time:00:00.00 | Mem:0.00M, Peak:0.00M | Scene, ViewLayer | Initializing
Fra:1 Mem:9.31M (Peak 10.15M) | Time:00:00.00 | Mem:0.00M, Peak:0.00M | Scene, ViewLayer | Waiting for render to start
Fra:1 Mem:9.31M (Peak 10.15M) | Time:00:00.00 | Mem:0.00M, Peak:0.00M | Scene, ViewLayer | Updating Scene
Fra:1 Mem:9.31M (Peak 10.15M) | Time:00:00.00 | Mem:0.00M, Peak:0.00M | Scene, ViewLayer | Updating Shaders
Fra:1 Mem:9.31M (Peak 10.15M) | Time:00:00.00 | Mem:0.00M, Peak:0.00M | Scene, ViewLayer | Loading render kernels (may take a few minutes the first time)
Fra:1 Mem:9.40M (Peak 10.15M) | Time:00:00.00 | Mem:0.00M, Peak:0.00M | Scene, ViewLayer | Updating Procedurals
Fra:1 Mem:9.40M (Peak 10.15M) | Time:00:00.00 | Mem:0.00M, Peak:0.00M | Scene, ViewLayer | Updating Background
Fra:1 Mem:9.40M (Peak 10.15M) | Time:00:00.00 | Mem:0.00M, Peak:0.00M | Scene, ViewLayer | Updating Camera
Fra:1 Mem:9.40M (Peak 10.15M) | Time:00:00.00 | Mem:0.00M, Peak:0.00M | Scene, ViewLayer | Updating Meshes Flags
Fra:1 Mem:9.40M (Peak 10.15M) | Time:00:00.00 | Mem:0.00M, Peak:0.00M | Scene, ViewLayer | Updating Objects
Fra:1 Mem:9.40M (Peak 10.15M) | Time:00:00.00 | Mem:0.00M, Peak:0.00M | Scene, ViewLayer | Updating Objects | Copying Transformations to device
Fra:1 Mem:9.40M (Peak 10.15M) | Time:00:00.00 | Mem:0.01M, Peak:0.01M | Scene, ViewLayer | Updating Particle Systems
Fra:1 Mem:9.40M (Peak 10.15M) | Time:00:00.00 | Mem:0.01M, Peak:0.01M | Scene, ViewLayer | Updating Particle Systems | Copying Particles to device
Fra:1 Mem:9.40M (Peak 10.15M) | Time:00:00.00 | Mem:0.01M, Peak:0.01M | Scene, ViewLayer | Updating Meshes
Fra:1 Mem:9.40M (Peak 10.15M) | Time:00:00.00 | Mem:0.01M, Peak:0.01M | Scene, ViewLayer | Updating Objects | Applying Static Transformations
Fra:1 Mem:9.40M (Peak 10.15M) | Time:00:00.00 | Mem:0.01M, Peak:0.01M | Scene, ViewLayer | Updating Mesh | Computing attributes
Fra:1 Mem:9.45M (Peak 10.15M) | Time:00:00.00 | Mem:0.01M, Peak:0.01M | Scene, ViewLayer | Updating Mesh | Copying Attributes to device
Fra:1 Mem:9.44M (Peak 10.15M) | Time:00:00.00 | Mem:0.05M, Peak:0.05M | Scene, ViewLayer | Updating Scene BVH | Building
Fra:1 Mem:9.44M (Peak 10.15M) | Time:00:00.00 | Mem:0.05M, Peak:0.05M | Scene, ViewLayer | Updating Scene BVH | Building BVH
Fra:1 Mem:9.44M (Peak 10.15M) | Time:00:00.00 | Mem:0.07M, Peak:0.07M | Scene, ViewLayer | Updating Scene BVH | Building BVH 0%
Fra:1 Mem:9.44M (Peak 10.15M) | Time:00:00.00 | Mem:0.10M, Peak:0.12M | Scene, ViewLayer | Updating Scene BVH | Copying BVH to device
Fra:1 Mem:9.44M (Peak 10.15M) | Time:00:00.00 | Mem:0.10M, Peak:0.12M | Scene, ViewLayer | Updating Mesh | Computing normals
Fra:1 Mem:9.46M (Peak 10.15M) | Time:00:00.00 | Mem:0.10M, Peak:0.12M | Scene, ViewLayer | Updating Mesh | Copying Mesh to device
Fra:1 Mem:9.46M (Peak 10.15M) | Time:00:00.00 | Mem:0.12M, Peak:0.12M | Scene, ViewLayer | Updating Objects Flags
Fra:1 Mem:9.46M (Peak 10.15M) | Time:00:00.00 | Mem:0.12M, Peak:0.12M | Scene, ViewLayer | Updating Primitive Offsets
Fra:1 Mem:9.46M (Peak 10.15M) | Time:00:00.00 | Mem:0.12M, Peak:0.12M | Scene, ViewLayer | Updating Images
Fra:1 Mem:9.46M (Peak 10.15M) | Time:00:00.00 | Mem:0.12M, Peak:0.12M | Scene, ViewLayer | Updating Camera Volume
Fra:1 Mem:9.46M (Peak 10.15M) | Time:00:00.00 | Mem:0.12M, Peak:0.12M | Scene, ViewLayer | Updating Lookup Tables
Fra:1 Mem:9.46M (Peak 10.15M) | Time:00:00.00 | Mem:0.20M, Peak:0.20M | Scene, ViewLayer | Updating Lights
Fra:1 Mem:9.46M (Peak 10.15M) | Time:00:00.00 | Mem:0.20M, Peak:0.20M | Scene, ViewLayer | Updating Lights | Computing tree
Fra:1 Mem:9.46M (Peak 10.15M) | Time:00:00.00 | Mem:0.20M, Peak:0.20M | Scene, ViewLayer | Updating Integrator
Fra:1 Mem:9.46M (Peak 10.15M) | Time:00:00.00 | Mem:0.20M, Peak:0.20M | Scene, ViewLayer | Updating Film
Fra:1 Mem:9.47M (Peak 10.15M) | Time:00:00.00 | Mem:0.12M, Peak:0.20M | Scene, ViewLayer | Updating Lookup Tables
Fra:1 Mem:9.47M (Peak 10.15M) | Time:00:00.00 | Mem:0.20M, Peak:0.20M | Scene, ViewLayer | Updating Baking
Fra:1 Mem:9.47M (Peak 10.15M) | Time:00:00.00 | Mem:0.20M, Peak:0.20M | Scene, ViewLayer | Updating Device | Writing constant memory
Fra:1 Mem:9.47M (Peak 10.15M) | Time:00:00.00 | Mem:0.20M, Peak:0.20M | Scene, ViewLayer | Loading denoising kernels (may take a few minutes the first time)
Fra:1 Mem:9.47M (Peak 10.15M) | Time:00:00.00 | Mem:0.20M, Peak:0.20M | Scene, ViewLayer | Sample 0/12
Fra:1 Mem:44.30M (Peak 44.30M) | Time:00:00.19 | Remaining:00:02.09 | Mem:34.99M, Peak:34.99M | Scene, ViewLayer | Sample 1/12
Fra:1 Mem:58.95M (Peak 80.93M) | Time:00:05.06 | Mem:34.99M, Peak:34.99M | Scene, ViewLayer | Sample 12/12
Fra:1 Mem:58.95M (Peak 80.93M) | Time:00:05.06 | Mem:34.99M, Peak:34.99M | Scene, ViewLayer | Finished
Saved: '/workspace/scratch/a29d03198654/Aether/source-assets/lake49/source-views/foreground_rock-side.png'
Time: 00:05.10 (Saving: 00:00.04)

RENDERED foreground_rock side
Fra:1 Mem:10.09M (Peak 10.09M) | Time:00:00.00 | Mem:0.00M, Peak:0.00M | Scene, ViewLayer | Synchronizing object | foreground_rock_rockroot
Fra:1 Mem:10.09M (Peak 10.09M) | Time:00:00.00 | Mem:0.00M, Peak:0.00M | Scene, ViewLayer | Synchronizing object | foreground_rock_wetshore_00
Fra:1 Mem:10.12M (Peak 10.12M) | Time:00:00.00 | Mem:0.00M, Peak:0.00M | Scene, ViewLayer | Synchronizing object | foreground_rock_wetshore_01
Fra:1 Mem:10.12M (Peak 10.12M) | Time:00:00.00 | Mem:0.00M, Peak:0.00M | Scene, ViewLayer | Synchronizing object | foreground_rock_wetshore_02
Fra:1 Mem:10.13M (Peak 10.13M) | Time:00:00.00 | Mem:0.00M, Peak:0.00M | Scene, ViewLayer | Synchronizing object | foreground_rock_wetshore_03
Fra:1 Mem:10.14M (Peak 10.14M) | Time:00:00.00 | Mem:0.00M, Peak:0.00M | Scene, ViewLayer | Synchronizing object | foreground_rock_wetshore_04
Fra:1 Mem:10.14M (Peak 10.14M) | Time:00:00.00 | Mem:0.00M, Peak:0.00M | Scene, ViewLayer | Synchronizing object | Evidence_Sun
Fra:1 Mem:10.15M (Peak 10.15M) | Time:00:00.00 | Mem:0.00M, Peak:0.00M | Scene, ViewLayer | Synchronizing object | foreground_rock_grassblade_01
Fra:1 Mem:10.15M (Peak 10.15M) | Time:00:00.00 | Mem:0.00M, Peak:0.00M | Scene, ViewLayer | Synchronizing object | foreground_rock_grassblade_02
Fra:1 Mem:10.15M (Peak 10.15M) | Time:00:00.00 | Mem:0.00M, Peak:0.00M | Scene, ViewLayer | Synchronizing object | foreground_rock_grassblade_03
Fra:1 Mem:10.15M (Peak 10.15M) | Time:00:00.00 | Mem:0.00M, Peak:0.00M | Scene, ViewLayer | Synchronizing object | foreground_rock_grassblade_05
Fra:1 Mem:10.15M (Peak 10.15M) | Time:00:00.00 | Mem:0.00M, Peak:0.00M | Scene, ViewLayer | Initializing
Fra:1 Mem:9.31M (Peak 10.15M) | Time:00:00.00 | Mem:0.00M, Peak:0.00M | Scene, ViewLayer | Waiting for render to start
Fra:1 Mem:9.31M (Peak 10.15M) | Time:00:00.00 | Mem:0.00M, Peak:0.00M | Scene, ViewLayer | Updating Scene
Fra:1 Mem:9.31M (Peak 10.15M) | Time:00:00.00 | Mem:0.00M, Peak:0.00M | Scene, ViewLayer | Updating Shaders
Fra:1 Mem:9.31M (Peak 10.15M) | Time:00:00.00 | Mem:0.00M, Peak:0.00M | Scene, ViewLayer | Loading render kernels (may take a few minutes the first time)
Fra:1 Mem:9.40M (Peak 10.15M) | Time:00:00.00 | Mem:0.00M, Peak:0.00M | Scene, ViewLayer | Updating Procedurals
Fra:1 Mem:9.40M (Peak 10.15M) | Time:00:00.00 | Mem:0.00M, Peak:0.00M | Scene, ViewLayer | Updating Background
Fra:1 Mem:9.40M (Peak 10.15M) | Time:00:00.00 | Mem:0.00M, Peak:0.00M | Scene, ViewLayer | Updating Camera
Fra:1 Mem:9.40M (Peak 10.15M) | Time:00:00.00 | Mem:0.00M, Peak:0.00M | Scene, ViewLayer | Updating Meshes Flags
Fra:1 Mem:9.40M (Peak 10.15M) | Time:00:00.00 | Mem:0.00M, Peak:0.00M | Scene, ViewLayer | Updating Objects
Fra:1 Mem:9.40M (Peak 10.15M) | Time:00:00.00 | Mem:0.00M, Peak:0.00M | Scene, ViewLayer | Updating Objects | Copying Transformations to device
Fra:1 Mem:9.40M (Peak 10.15M) | Time:00:00.00 | Mem:0.01M, Peak:0.01M | Scene, ViewLayer | Updating Particle Systems
Fra:1 Mem:9.40M (Peak 10.15M) | Time:00:00.00 | Mem:0.01M, Peak:0.01M | Scene, ViewLayer | Updating Particle Systems | Copying Particles to device
Fra:1 Mem:9.40M (Peak 10.15M) | Time:00:00.00 | Mem:0.01M, Peak:0.01M | Scene, ViewLayer | Updating Meshes
Fra:1 Mem:9.40M (Peak 10.15M) | Time:00:00.00 | Mem:0.01M, Peak:0.01M | Scene, ViewLayer | Updating Objects | Applying Static Transformations
Fra:1 Mem:9.40M (Peak 10.15M) | Time:00:00.00 | Mem:0.01M, Peak:0.01M | Scene, ViewLayer | Updating Mesh | Computing attributes
Fra:1 Mem:9.45M (Peak 10.15M) | Time:00:00.00 | Mem:0.01M, Peak:0.01M | Scene, ViewLayer | Updating Mesh | Copying Attributes to device
Fra:1 Mem:9.44M (Peak 10.15M) | Time:00:00.00 | Mem:0.05M, Peak:0.05M | Scene, ViewLayer | Updating Scene BVH | Building
Fra:1 Mem:9.44M (Peak 10.15M) | Time:00:00.00 | Mem:0.05M, Peak:0.05M | Scene, ViewLayer | Updating Scene BVH | Building BVH
Fra:1 Mem:9.44M (Peak 10.15M) | Time:00:00.00 | Mem:0.07M, Peak:0.07M | Scene, ViewLayer | Updating Scene BVH | Building BVH 0%
Fra:1 Mem:9.44M (Peak 10.15M) | Time:00:00.00 | Mem:0.10M, Peak:0.12M | Scene, ViewLayer | Updating Scene BVH | Copying BVH to device
Fra:1 Mem:9.44M (Peak 10.15M) | Time:00:00.00 | Mem:0.10M, Peak:0.12M | Scene, ViewLayer | Updating Mesh | Computing normals
Fra:1 Mem:9.46M (Peak 10.15M) | Time:00:00.00 | Mem:0.10M, Peak:0.12M | Scene, ViewLayer | Updating Mesh | Copying Mesh to device
Fra:1 Mem:9.46M (Peak 10.15M) | Time:00:00.00 | Mem:0.12M, Peak:0.12M | Scene, ViewLayer | Updating Objects Flags
Fra:1 Mem:9.46M (Peak 10.15M) | Time:00:00.00 | Mem:0.12M, Peak:0.12M | Scene, ViewLayer | Updating Primitive Offsets
Fra:1 Mem:9.46M (Peak 10.15M) | Time:00:00.00 | Mem:0.12M, Peak:0.12M | Scene, ViewLayer | Updating Images
Fra:1 Mem:9.46M (Peak 10.15M) | Time:00:00.00 | Mem:0.12M, Peak:0.12M | Scene, ViewLayer | Updating Camera Volume
Fra:1 Mem:9.46M (Peak 10.15M) | Time:00:00.00 | Mem:0.12M, Peak:0.12M | Scene, ViewLayer | Updating Lookup Tables
Fra:1 Mem:9.46M (Peak 10.15M) | Time:00:00.00 | Mem:0.20M, Peak:0.20M | Scene, ViewLayer | Updating Lights
Fra:1 Mem:9.46M (Peak 10.15M) | Time:00:00.00 | Mem:0.20M, Peak:0.20M | Scene, ViewLayer | Updating Lights | Computing tree
Fra:1 Mem:9.46M (Peak 10.15M) | Time:00:00.00 | Mem:0.20M, Peak:0.20M | Scene, ViewLayer | Updating Integrator
Fra:1 Mem:9.46M (Peak 10.15M) | Time:00:00.00 | Mem:0.20M, Peak:0.20M | Scene, ViewLayer | Updating Film
Fra:1 Mem:9.47M (Peak 10.15M) | Time:00:00.00 | Mem:0.12M, Peak:0.20M | Scene, ViewLayer | Updating Lookup Tables
Fra:1 Mem:9.47M (Peak 10.15M) | Time:00:00.00 | Mem:0.20M, Peak:0.20M | Scene, ViewLayer | Updating Baking
Fra:1 Mem:9.47M (Peak 10.15M) | Time:00:00.00 | Mem:0.20M, Peak:0.20M | Scene, ViewLayer | Updating Device | Writing constant memory
Fra:1 Mem:9.47M (Peak 10.15M) | Time:00:00.00 | Mem:0.20M, Peak:0.20M | Scene, ViewLayer | Loading denoising kernels (may take a few minutes the first time)
Fra:1 Mem:9.47M (Peak 10.15M) | Time:00:00.00 | Mem:0.20M, Peak:0.20M | Scene, ViewLayer | Sample 0/12
Fra:1 Mem:44.30M (Peak 44.30M) | Time:00:00.18 | Remaining:00:02.03 | Mem:34.99M, Peak:34.99M | Scene, ViewLayer | Sample 1/12
Fra:1 Mem:58.95M (Peak 80.93M) | Time:00:04.91 | Mem:34.99M, Peak:34.99M | Scene, ViewLayer | Sample 12/12
Fra:1 Mem:58.95M (Peak 80.93M) | Time:00:04.91 | Mem:34.99M, Peak:34.99M | Scene, ViewLayer | Finished
Saved: '/workspace/scratch/a29d03198654/Aether/source-assets/lake49/source-views/foreground_rock-top.png'
Time: 00:04.95 (Saving: 00:00.04)

RENDERED foreground_rock top
Fra:1 Mem:10.02M (Peak 10.02M) | Time:00:00.00 | Mem:0.00M, Peak:0.00M | Scene, ViewLayer | Synchronizing object | foreground_rock_rockroot
Fra:1 Mem:10.02M (Peak 10.02M) | Time:00:00.00 | Mem:0.00M, Peak:0.00M | Scene, ViewLayer | Synchronizing object | foreground_rock_shoulder
Fra:1 Mem:10.04M (Peak 10.04M) | Time:00:00.00 | Mem:0.00M, Peak:0.00M | Scene, ViewLayer | Synchronizing object | foreground_rock_wetshore_01
Fra:1 Mem:10.04M (Peak 10.04M) | Time:00:00.00 | Mem:0.00M, Peak:0.00M | Scene, ViewLayer | Synchronizing object | foreground_rock_wetshore_02
Fra:1 Mem:10.06M (Peak 10.06M) | Time:00:00.00 | Mem:0.00M, Peak:0.00M | Scene, ViewLayer | Synchronizing object | Evidence_Sun
Fra:1 Mem:10.07M (Peak 10.07M) | Time:00:00.00 | Mem:0.00M, Peak:0.00M | Scene, ViewLayer | Synchronizing object | foreground_rock_wetshore_05
Fra:1 Mem:10.07M (Peak 10.07M) | Time:00:00.00 | Mem:0.00M, Peak:0.00M | Scene, ViewLayer | Synchronizing object | foreground_rock_grassblade_06
Fra:1 Mem:10.07M (Peak 10.07M) | Time:00:00.00 | Mem:0.00M, Peak:0.00M | Scene, ViewLayer | Synchronizing object | foreground_rock_grassblade_00
Fra:1 Mem:10.07M (Peak 10.07M) | Time:00:00.00 | Mem:0.00M, Peak:0.00M | Scene, ViewLayer | Synchronizing object | foreground_rock_grassblade_05
Fra:1 Mem:10.08M (Peak 10.08M) | Time:00:00.00 | Mem:0.00M, Peak:0.00M | Scene, ViewLayer | Synchronizing object | foreground_rock_grassblade_01
Fra:1 Mem:10.08M (Peak 10.08M) | Time:00:00.00 | Mem:0.00M, Peak:0.00M | Scene, ViewLayer | Synchronizing object | foreground_rock_grassblade_03
Fra:1 Mem:10.08M (Peak 10.08M) | Time:00:00.00 | Mem:0.00M, Peak:0.00M | Scene, ViewLayer | Initializing
Fra:1 Mem:9.31M (Peak 10.08M) | Time:00:00.00 | Mem:0.00M, Peak:0.00M | Scene, ViewLayer | Waiting for render to start
Fra:1 Mem:9.31M (Peak 10.08M) | Time:00:00.00 | Mem:0.00M, Peak:0.00M | Scene, ViewLayer | Updating Scene
Fra:1 Mem:9.31M (Peak 10.08M) | Time:00:00.00 | Mem:0.00M, Peak:0.00M | Scene, ViewLayer | Updating Shaders
Fra:1 Mem:9.31M (Peak 10.08M) | Time:00:00.00 | Mem:0.00M, Peak:0.00M | Scene, ViewLayer | Loading render kernels (may take a few minutes the first time)
Fra:1 Mem:9.40M (Peak 10.08M) | Time:00:00.00 | Mem:0.00M, Peak:0.00M | Scene, ViewLayer | Updating Procedurals
Fra:1 Mem:9.40M (Peak 10.08M) | Time:00:00.00 | Mem:0.00M, Peak:0.00M | Scene, ViewLayer | Updating Background
Fra:1 Mem:9.40M (Peak 10.08M) | Time:00:00.00 | Mem:0.00M, Peak:0.00M | Scene, ViewLayer | Updating Camera
Fra:1 Mem:9.40M (Peak 10.08M) | Time:00:00.00 | Mem:0.00M, Peak:0.00M | Scene, ViewLayer | Updating Meshes Flags
Fra:1 Mem:9.40M (Peak 10.08M) | Time:00:00.00 | Mem:0.00M, Peak:0.00M | Scene, ViewLayer | Updating Objects
Fra:1 Mem:9.40M (Peak 10.08M) | Time:00:00.00 | Mem:0.00M, Peak:0.00M | Scene, ViewLayer | Updating Objects | Copying Transformations to device
Fra:1 Mem:9.40M (Peak 10.08M) | Time:00:00.00 | Mem:0.01M, Peak:0.01M | Scene, ViewLayer | Updating Particle Systems
Fra:1 Mem:9.40M (Peak 10.08M) | Time:00:00.00 | Mem:0.01M, Peak:0.01M | Scene, ViewLayer | Updating Particle Systems | Copying Particles to device
Fra:1 Mem:9.40M (Peak 10.08M) | Time:00:00.00 | Mem:0.01M, Peak:0.01M | Scene, ViewLayer | Updating Meshes
Fra:1 Mem:9.40M (Peak 10.08M) | Time:00:00.00 | Mem:0.01M, Peak:0.01M | Scene, ViewLayer | Updating Objects | Applying Static Transformations
Fra:1 Mem:9.40M (Peak 10.08M) | Time:00:00.00 | Mem:0.01M, Peak:0.01M | Scene, ViewLayer | Updating Mesh | Computing attributes
Fra:1 Mem:9.44M (Peak 10.08M) | Time:00:00.00 | Mem:0.01M, Peak:0.01M | Scene, ViewLayer | Updating Mesh | Copying Attributes to device
Fra:1 Mem:9.44M (Peak 10.08M) | Time:00:00.00 | Mem:0.05M, Peak:0.05M | Scene, ViewLayer | Updating Scene BVH | Building
Fra:1 Mem:9.44M (Peak 10.08M) | Time:00:00.00 | Mem:0.05M, Peak:0.05M | Scene, ViewLayer | Updating Scene BVH | Building BVH
Fra:1 Mem:9.44M (Peak 10.08M) | Time:00:00.00 | Mem:0.07M, Peak:0.07M | Scene, ViewLayer | Updating Scene BVH | Building BVH 0%
Fra:1 Mem:9.44M (Peak 10.08M) | Time:00:00.00 | Mem:0.10M, Peak:0.12M | Scene, ViewLayer | Updating Scene BVH | Copying BVH to device
Fra:1 Mem:9.44M (Peak 10.08M) | Time:00:00.00 | Mem:0.10M, Peak:0.12M | Scene, ViewLayer | Updating Mesh | Computing normals
Fra:1 Mem:9.46M (Peak 10.08M) | Time:00:00.00 | Mem:0.10M, Peak:0.12M | Scene, ViewLayer | Updating Mesh | Copying Mesh to device
Fra:1 Mem:9.46M (Peak 10.08M) | Time:00:00.00 | Mem:0.12M, Peak:0.12M | Scene, ViewLayer | Updating Objects Flags
Fra:1 Mem:9.46M (Peak 10.08M) | Time:00:00.00 | Mem:0.12M, Peak:0.12M | Scene, ViewLayer | Updating Primitive Offsets
Fra:1 Mem:9.46M (Peak 10.08M) | Time:00:00.00 | Mem:0.12M, Peak:0.12M | Scene, ViewLayer | Updating Images
Fra:1 Mem:9.46M (Peak 10.08M) | Time:00:00.00 | Mem:0.12M, Peak:0.12M | Scene, ViewLayer | Updating Camera Volume
Fra:1 Mem:9.46M (Peak 10.08M) | Time:00:00.00 | Mem:0.12M, Peak:0.12M | Scene, ViewLayer | Updating Lookup Tables
Fra:1 Mem:9.46M (Peak 10.08M) | Time:00:00.00 | Mem:0.20M, Peak:0.20M | Scene, ViewLayer | Updating Lights
Fra:1 Mem:9.46M (Peak 10.08M) | Time:00:00.00 | Mem:0.20M, Peak:0.20M | Scene, ViewLayer | Updating Lights | Computing tree
Fra:1 Mem:9.46M (Peak 10.08M) | Time:00:00.00 | Mem:0.20M, Peak:0.20M | Scene, ViewLayer | Updating Integrator
Fra:1 Mem:9.46M (Peak 10.08M) | Time:00:00.00 | Mem:0.20M, Peak:0.20M | Scene, ViewLayer | Updating Film
Fra:1 Mem:9.47M (Peak 10.08M) | Time:00:00.00 | Mem:0.12M, Peak:0.20M | Scene, ViewLayer | Updating Lookup Tables
Fra:1 Mem:9.47M (Peak 10.08M) | Time:00:00.00 | Mem:0.20M, Peak:0.20M | Scene, ViewLayer | Updating Baking
Fra:1 Mem:9.47M (Peak 10.08M) | Time:00:00.00 | Mem:0.20M, Peak:0.20M | Scene, ViewLayer | Updating Device | Writing constant memory
Fra:1 Mem:9.47M (Peak 10.08M) | Time:00:00.00 | Mem:0.20M, Peak:0.20M | Scene, ViewLayer | Loading denoising kernels (may take a few minutes the first time)
Fra:1 Mem:9.47M (Peak 10.08M) | Time:00:00.00 | Mem:0.20M, Peak:0.20M | Scene, ViewLayer | Sample 0/12
Fra:1 Mem:44.30M (Peak 44.30M) | Time:00:00.05 | Remaining:00:00.54 | Mem:34.99M, Peak:34.99M | Scene, ViewLayer | Sample 1/12
Fra:1 Mem:58.95M (Peak 80.93M) | Time:00:03.20 | Mem:34.99M, Peak:34.99M | Scene, ViewLayer | Sample 12/12
Fra:1 Mem:58.95M (Peak 80.93M) | Time:00:03.20 | Mem:34.99M, Peak:34.99M | Scene, ViewLayer | Finished
Saved: '/workspace/scratch/a29d03198654/Aether/source-assets/lake49/source-views/foreground_rock-anatomy.png'
Time: 00:03.25 (Saving: 00:00.04)

RENDERED foreground_rock anatomy

Blender quit
