Godot Engine v4.5.1.stable.official.f62fdbde1 - https://godotengine.org
OpenGL API 4.5 (Core Profile) Mesa 25.0.7-2+deb13u1 - Compatibility - Using Device: Mesa - llvmpipe (LLVM 19.1.7, 256 bits)

FLIGHT61 STAGE before_identity
PASS Renderer required for actual five-image flight evidence
PASS Simulation begins at native time_scale1
PASS Only output argument supplied; no game-test/capture/tour flags
PASS Exact frozen source /workspace/scratch/a29d03198654/Aether/candidates/round40-exclusive-20260930/project/assets/coast56/Ground_-4_-4_coast56.mesh
PASS Exact frozen source /workspace/scratch/a29d03198654/Aether/candidates/round40-exclusive-20260930/project/assets/coast56/Ground_-4_-4_coast56_collision.res
PASS Exact frozen source /workspace/scratch/a29d03198654/Aether/candidates/round40-exclusive-20260930/project/assets/coast56/bush_-4_-4.res
PASS Exact frozen source /workspace/scratch/a29d03198654/Aether/candidates/round40-exclusive-20260930/project/assets/coast56/oak_-4_-4_CoastalPines36b.res
PASS Exact frozen source /workspace/scratch/a29d03198654/Aether/candidates/round40-exclusive-20260930/project/assets/coast56/poplar_-4_-4_CoastalPines36b.res
PASS Exact frozen source /workspace/scratch/a29d03198654/Aether/candidates/round40-exclusive-20260930/project/assets/coast56/rock_-4_-4.res
PASS Exact frozen source /workspace/scratch/a29d03198654/Aether/candidates/round40-exclusive-20260930/project/assets/coast61/Ground_-5_-5_coast61.mesh
PASS Exact frozen source /workspace/scratch/a29d03198654/Aether/candidates/round40-exclusive-20260930/project/assets/coast61/Ground_-5_-5_coast61_collision.res
PASS Exact frozen source /workspace/scratch/a29d03198654/Aether/candidates/round40-exclusive-20260930/project/assets/coast61/bush_-5_-5.res
PASS Exact frozen source /workspace/scratch/a29d03198654/Aether/candidates/round40-exclusive-20260930/project/assets/coast61/oak_-5_-5_CoastalPines36b.res
PASS Exact frozen source /workspace/scratch/a29d03198654/Aether/candidates/round40-exclusive-20260930/project/assets/coast61/poplar_-5_-5_CoastalPines36b.res
PASS Exact frozen source /workspace/scratch/a29d03198654/Aether/candidates/round40-exclusive-20260930/project/assets/coast61/rock_-5_-5.res
PASS Exact frozen source /workspace/scratch/a29d03198654/Aether/candidates/round40-exclusive-20260930/project/assets/collision/Ground_-1_-1.res
PASS Exact frozen source /workspace/scratch/a29d03198654/Aether/candidates/round40-exclusive-20260930/project/assets/collision/Ground_-1_-10.res
PASS Exact frozen source /workspace/scratch/a29d03198654/Aether/candidates/round40-exclusive-20260930/project/assets/collision/Ground_-1_-2.res
PASS Exact frozen source /workspace/scratch/a29d03198654/Aether/candidates/round40-exclusive-20260930/project/assets/collision/Ground_-1_-3.res
PASS Exact frozen source /workspace/scratch/a29d03198654/Aether/candidates/round40-exclusive-20260930/project/assets/collision/Ground_-1_-4.res
PASS Exact frozen source /workspace/scratch/a29d03198654/Aether/candidates/round40-exclusive-20260930/project/assets/collision/Ground_-1_-5.res
PASS Exact frozen source /workspace/scratch/a29d03198654/Aether/candidates/round40-exclusive-20260930/project/assets/collision/Ground_-1_-6.res
PASS Exact frozen source /workspace/scratch/a29d03198654/Aether/candidates/round40-exclusive-20260930/project/assets/collision/Ground_-1_-7.res
PASS Exact frozen source /workspace/scratch/a29d03198654/Aether/candidates/round40-exclusive-20260930/project/assets/collision/Ground_-1_-8.res
PASS Exact frozen source /workspace/scratch/a29d03198654/Aether/candidates/round40-exclusive-20260930/project/assets/collision/Ground_-1_-9.res
PASS Exact frozen source /workspace/scratch/a29d03198654/Aether/candidates/round40-exclusive-20260930/project/assets/collision/Ground_-1_0.res
PASS Exact frozen source /workspace/scratch/a29d03198654/Aether/candidates/round40-exclusive-20260930/project/assets/collision/Ground_-1_1.res
PASS Exact frozen source /workspace/scratch/a29d03198654/Aether/candidates/round40-exclusive-20260930/project/assets/collision/Ground_-1_2.res
PASS Exact frozen source /workspace/scratch/a29d03198654/Aether/candidates/round40-exclusive-20260930/project/assets/collision/Ground_-1_3.res
PASS Exact frozen source /workspace/scratch/a29d03198654/Aether/candidates/round40-exclusive-20260930/project/assets/collision/Ground_-1_4.res
PASS Exact frozen source /workspace/scratch/a29d03198654/Aether/candidates/round40-exclusive-20260930/project/assets/collision/Ground_-1_5.res
PASS Exact frozen source /workspace/scratch/a29d03198654/Aether/candidates/round40-exclusive-20260930/project/assets/collision/Ground_-2_-1.res
PASS Exact frozen source /workspace/scratch/a29d03198654/Aether/candidates/round40-exclusive-20260930/project/assets/collision/Ground_-2_-10.res
PASS Exact frozen source /workspace/scratch/a29d03198654/Aether/candidates/round40-exclusive-20260930/project/assets/collision/Ground_-2_-2.res
PASS Exact frozen source /workspace/scratch/a29d03198654/Aether/candidates/round40-exclusive-20260930/project/assets/collision/Ground_-2_-7.res
PASS Exact frozen source /workspace/scratch/a29d03198654/Aether/candidates/round40-exclusive-20260930/project/assets/collision/Ground_-2_-8.res
PASS Exact frozen source /workspace/scratch/a29d03198654/Aether/candidates/round40-exclusive-20260930/project/assets/collision/Ground_-2_-9.res
PASS Exact frozen source /workspace/scratch/a29d03198654/Aether/candidates/round40-exclusive-20260930/project/assets/collision/Ground_-2_0.res
PASS Exact frozen source /workspace/scratch/a29d03198654/Aether/candidates/round40-exclusive-20260930/project/assets/collision/Ground_-2_1.res
PASS Exact frozen source /workspace/scratch/a29d03198654/Aether/candidates/round40-exclusive-20260930/project/assets/collision/Ground_-2_2.res
PASS Exact frozen source /workspace/scratch/a29d03198654/Aether/candidates/round40-exclusive-20260930/project/assets/collision/Ground_-2_3.res
PASS Exact frozen source /workspace/scratch/a29d03198654/Aether/candidates/round40-exclusive-20260930/project/assets/collision/Ground_-2_4.res
PASS Exact frozen source /workspace/scratch/a29d03198654/Aether/candidates/round40-exclusive-20260930/project/assets/collision/Ground_-2_5.res
PASS Exact frozen source /workspace/scratch/a29d03198654/Aether/candidates/round40-exclusive-20260930/project/assets/collision/Ground_-3_-1.res
PASS Exact frozen source /workspace/scratch/a29d03198654/Aether/candidates/round40-exclusive-20260930/project/assets/collision/Ground_-3_-10.res
PASS Exact frozen source /workspace/scratch/a29d03198654/Aether/candidates/round40-exclusive-20260930/project/assets/collision/Ground_-3_-2.res
PASS Exact frozen source /workspace/scratch/a29d03198654/Aether/candidates/round40-exclusive-20260930/project/assets/collision/Ground_-3_-7.res
PASS Exact frozen source /workspace/scratch/a29d03198654/Aether/candidates/round40-exclusive-20260930/project/assets/collision/Ground_-3_-8.res
PASS Exact frozen source /workspace/scratch/a29d03198654/Aether/candidates/round40-exclusive-20260930/project/assets/collision/Ground_-3_-9.res
PASS Exact frozen source /workspace/scratch/a29d03198654/Aether/candidates/round40-exclusive-20260930/project/assets/collision/Ground_-3_0.res
PASS Exact frozen source /workspace/scratch/a29d03198654/Aether/candidates/round40-exclusive-20260930/project/assets/collision/Ground_-3_1.res
PASS Exact frozen source /workspace/scratch/a29d03198654/Aether/candidates/round40-exclusive-20260930/project/assets/collision/Ground_-3_2.res
PASS Exact frozen source /workspace/scratch/a29d03198654/Aether/candidates/round40-exclusive-20260930/project/assets/collision/Ground_-3_3.res
PASS Exact frozen source /workspace/scratch/a29d03198654/Aether/candidates/round40-exclusive-20260930/project/assets/collision/Ground_-3_4.res
PASS Exact frozen source /workspace/scratch/a29d03198654/Aether/candidates/round40-exclusive-20260930/project/assets/collision/Ground_-3_5.res
PASS Exact frozen source /workspace/scratch/a29d03198654/Aether/candidates/round40-exclusive-20260930/project/assets/collision/Ground_-4_-1.res
PASS Exact frozen source /workspace/scratch/a29d03198654/Aether/candidates/round40-exclusive-20260930/project/assets/collision/Ground_-4_-10.res
PASS Exact frozen source /workspace/scratch/a29d03198654/Aether/candidates/round40-exclusive-20260930/project/assets/collision/Ground_-4_-2.res
PASS Exact frozen source /workspace/scratch/a29d03198654/Aether/candidates/round40-exclusive-20260930/project/assets/collision/Ground_-4_-7.res
PASS Exact frozen source /workspace/scratch/a29d03198654/Aether/candidates/round40-exclusive-20260930/project/assets/collision/Ground_-4_-8.res
PASS Exact frozen source /workspace/scratch/a29d03198654/Aether/candidates/round40-exclusive-20260930/project/assets/collision/Ground_-4_-9.res
PASS Exact frozen source /workspace/scratch/a29d03198654/Aether/candidates/round40-exclusive-20260930/project/assets/collision/Ground_-4_0.res
PASS Exact frozen source /workspace/scratch/a29d03198654/Aether/candidates/round40-exclusive-20260930/project/assets/collision/Ground_-4_1.res
PASS Exact frozen source /workspace/scratch/a29d03198654/Aether/candidates/round40-exclusive-20260930/project/assets/collision/Ground_-4_2.res
PASS Exact frozen source /workspace/scratch/a29d03198654/Aether/candidates/round40-exclusive-20260930/project/assets/collision/Ground_-4_3.res
PASS Exact frozen source /workspace/scratch/a29d03198654/Aether/candidates/round40-exclusive-20260930/project/assets/collision/Ground_-4_4.res
PASS Exact frozen source /workspace/scratch/a29d03198654/Aether/candidates/round40-exclusive-20260930/project/assets/collision/Ground_-4_5.res
PASS Exact frozen source /workspace/scratch/a29d03198654/Aether/candidates/round40-exclusive-20260930/project/assets/collision/Ground_-5_-1.res
PASS Exact frozen source /workspace/scratch/a29d03198654/Aether/candidates/round40-exclusive-20260930/project/assets/collision/Ground_-5_-10.res
PASS Exact frozen source /workspace/scratch/a29d03198654/Aether/candidates/round40-exclusive-20260930/project/assets/collision/Ground_-5_-2.res
PASS Exact frozen source /workspace/scratch/a29d03198654/Aether/candidates/round40-exclusive-20260930/project/assets/collision/Ground_-5_-3.res
PASS Exact frozen source /workspace/scratch/a29d03198654/Aether/candidates/round40-exclusive-20260930/project/assets/collision/Ground_-5_-4.res
PASS Exact frozen source /workspace/scratch/a29d03198654/Aether/candidates/round40-exclusive-20260930/project/assets/collision/Ground_-5_-7.res
PASS Exact frozen source /workspace/scratch/a29d03198654/Aether/candidates/round40-exclusive-20260930/project/assets/collision/Ground_-5_-8.res
PASS Exact frozen source /workspace/scratch/a29d03198654/Aether/candidates/round40-exclusive-20260930/project/assets/collision/Ground_-5_-9.res
PASS Exact frozen source /workspace/scratch/a29d03198654/Aether/candidates/round40-exclusive-20260930/project/assets/collision/Ground_-5_0.res
PASS Exact frozen source /workspace/scratch/a29d03198654/Aether/candidates/round40-exclusive-20260930/project/assets/collision/Ground_-5_1.res
PASS Exact frozen source /workspace/scratch/a29d03198654/Aether/candidates/round40-exclusive-20260930/project/assets/collision/Ground_-5_2.res
PASS Exact frozen source /workspace/scratch/a29d03198654/Aether/candidates/round40-exclusive-20260930/project/assets/collision/Ground_-5_3.res
PASS Exact frozen source /workspace/scratch/a29d03198654/Aether/candidates/round40-exclusive-20260930/project/assets/collision/Ground_-5_4.res
PASS Exact frozen source /workspace/scratch/a29d03198654/Aether/candidates/round40-exclusive-20260930/project/assets/collision/Ground_-5_5.res
PASS Exact frozen source /workspace/scratch/a29d03198654/Aether/candidates/round40-exclusive-20260930/project/assets/collision/Ground_-6_-1.res
PASS Exact frozen source /workspace/scratch/a29d03198654/Aether/candidates/round40-exclusive-20260930/project/assets/collision/Ground_-6_-10.res
PASS Exact frozen source /workspace/scratch/a29d03198654/Aether/candidates/round40-exclusive-20260930/project/assets/collision/Ground_-6_-2.res
PASS Exact frozen source /workspace/scratch/a29d03198654/Aether/candidates/round40-exclusive-20260930/project/assets/collision/Ground_-6_-3.res
PASS Exact frozen source /workspace/scratch/a29d03198654/Aether/candidates/round40-exclusive-20260930/project/assets/collision/Ground_-6_-4.res
PASS Exact frozen source /workspace/scratch/a29d03198654/Aether/candidates/round40-exclusive-20260930/project/assets/collision/Ground_-6_-5.res
PASS Exact frozen source /workspace/scratch/a29d03198654/Aether/candidates/round40-exclusive-20260930/project/assets/collision/Ground_-6_-6.res
PASS Exact frozen source /workspace/scratch/a29d03198654/Aether/candidates/round40-exclusive-20260930/project/assets/collision/Ground_-6_-7.res
PASS Exact frozen source /workspace/scratch/a29d03198654/Aether/candidates/round40-exclusive-20260930/project/assets/collision/Ground_-6_-8.res
PASS Exact frozen source /workspace/scratch/a29d03198654/Aether/candidates/round40-exclusive-20260930/project/assets/collision/Ground_-6_-9.res
PASS Exact frozen source /workspace/scratch/a29d03198654/Aether/candidates/round40-exclusive-20260930/project/assets/collision/Ground_-6_0.res
PASS Exact frozen source /workspace/scratch/a29d03198654/Aether/candidates/round40-exclusive-20260930/project/assets/collision/Ground_-6_1.res
PASS Exact frozen source /workspace/scratch/a29d03198654/Aether/candidates/round40-exclusive-20260930/project/assets/collision/Ground_-6_2.res
PASS Exact frozen source /workspace/scratch/a29d03198654/Aether/candidates/round40-exclusive-20260930/project/assets/collision/Ground_-6_3.res
PASS Exact frozen source /workspace/scratch/a29d03198654/Aether/candidates/round40-exclusive-20260930/project/assets/collision/Ground_-6_4.res
PASS Exact frozen source /workspace/scratch/a29d03198654/Aether/candidates/round40-exclusive-20260930/project/assets/collision/Ground_-6_5.res
PASS Exact frozen source /workspace/scratch/a29d03198654/Aether/candidates/round40-exclusive-20260930/project/assets/collision/Ground_0_-1.res
PASS Exact frozen source /workspace/scratch/a29d03198654/Aether/candidates/round40-exclusive-20260930/project/assets/collision/Ground_0_-10.res
PASS Exact frozen source /workspace/scratch/a29d03198654/Aether/candidates/round40-exclusive-20260930/project/assets/collision/Ground_0_-2.res
PASS Exact frozen source /workspace/scratch/a29d03198654/Aether/candidates/round40-exclusive-20260930/project/assets/collision/Ground_0_-3.res
PASS Exact frozen source /workspace/scratch/a29d03198654/Aether/candidates/round40-exclusive-20260930/project/assets/collision/Ground_0_-4.res
PASS Exact frozen source /workspace/scratch/a29d03198654/Aether/candidates/round40-exclusive-20260930/project/assets/collision/Ground_0_-5.res
PASS Exact frozen source /workspace/scratch/a29d03198654/Aether/candidates/round40-exclusive-20260930/project/assets/collision/Ground_0_-6.res
PASS Exact frozen source /workspace/scratch/a29d03198654/Aether/candidates/round40-exclusive-20260930/project/assets/collision/Ground_0_-7.res
PASS Exact frozen source /workspace/scratch/a29d03198654/Aether/candidates/round40-exclusive-20260930/project/assets/collision/Ground_0_-8.res
PASS Exact frozen source /workspace/scratch/a29d03198654/Aether/candidates/round40-exclusive-20260930/project/assets/collision/Ground_0_-9.res
PASS Exact frozen source /workspace/scratch/a29d03198654/Aether/candidates/round40-exclusive-20260930/project/assets/collision/Ground_0_0.res
PASS Exact frozen source /workspace/scratch/a29d03198654/Aether/candidates/round40-exclusive-20260930/project/assets/collision/Ground_0_1.res
PASS Exact frozen source /workspace/scratch/a29d03198654/Aether/candidates/round40-exclusive-20260930/project/assets/collision/Ground_0_2.res
PASS Exact frozen source /workspace/scratch/a29d03198654/Aether/candidates/round40-exclusive-20260930/project/assets/collision/Ground_0_3.res
PASS Exact frozen source /workspace/scratch/a29d03198654/Aether/candidates/round40-exclusive-20260930/project/assets/collision/Ground_0_4.res
PASS Exact frozen source /workspace/scratch/a29d03198654/Aether/candidates/round40-exclusive-20260930/project/assets/collision/Ground_0_5.res
PASS Exact frozen source /workspace/scratch/a29d03198654/Aether/candidates/round40-exclusive-20260930/project/assets/collision/Ground_1_-1.res
PASS Exact frozen source /workspace/scratch/a29d03198654/Aether/candidates/round40-exclusive-20260930/project/assets/collision/Ground_1_-10.res
PASS Exact frozen source /workspace/scratch/a29d03198654/Aether/candidates/round40-exclusive-20260930/project/assets/collision/Ground_1_-4.res
PASS Exact frozen source /workspace/scratch/a29d03198654/Aether/candidates/round40-exclusive-20260930/project/assets/collision/Ground_1_-5.res
PASS Exact frozen source /workspace/scratch/a29d03198654/Aether/candidates/round40-exclusive-20260930/project/assets/collision/Ground_1_-6.res
PASS Exact frozen source /workspace/scratch/a29d03198654/Aether/candidates/round40-exclusive-20260930/project/assets/collision/Ground_1_-7.res
PASS Exact frozen source /workspace/scratch/a29d03198654/Aether/candidates/round40-exclusive-20260930/project/assets/collision/Ground_1_-8.res
PASS Exact frozen source /workspace/scratch/a29d03198654/Aether/candidates/round40-exclusive-20260930/project/assets/collision/Ground_1_-9.res
PASS Exact frozen source /workspace/scratch/a29d03198654/Aether/candidates/round40-exclusive-20260930/project/assets/collision/Ground_1_0.res
PASS Exact frozen source /workspace/scratch/a29d03198654/Aether/candidates/round40-exclusive-20260930/project/assets/collision/Ground_1_1.res
PASS Exact frozen source /workspace/scratch/a29d03198654/Aether/candidates/round40-exclusive-20260930/project/assets/collision/Ground_1_2.res
PASS Exact frozen source /workspace/scratch/a29d03198654/Aether/candidates/round40-exclusive-20260930/project/assets/collision/Ground_1_3.res
PASS Exact frozen source /workspace/scratch/a29d03198654/Aether/candidates/round40-exclusive-20260930/project/assets/collision/Ground_1_4.res
PASS Exact frozen source /workspace/scratch/a29d03198654/Aether/candidates/round40-exclusive-20260930/project/assets/collision/Ground_1_5.res
PASS Exact frozen source /workspace/scratch/a29d03198654/Aether/candidates/round40-exclusive-20260930/project/assets/collision/Ground_2_-1.res
PASS Exact frozen source /workspace/scratch/a29d03198654/Aether/candidates/round40-exclusive-20260930/project/assets/collision/Ground_2_-10.res
PASS Exact frozen source /workspace/scratch/a29d03198654/Aether/candidates/round40-exclusive-20260930/project/assets/collision/Ground_2_-2.res
PASS Exact frozen source /workspace/scratch/a29d03198654/Aether/candidates/round40-exclusive-20260930/project/assets/collision/Ground_2_-3.res
PASS Exact frozen source /workspace/scratch/a29d03198654/Aether/candidates/round40-exclusive-20260930/project/assets/collision/Ground_2_-4.res
PASS Exact frozen source /workspace/scratch/a29d03198654/Aether/candidates/round40-exclusive-20260930/project/assets/collision/Ground_2_-5.res
PASS Exact frozen source /workspace/scratch/a29d03198654/Aether/candidates/round40-exclusive-20260930/project/assets/collision/Ground_2_-6.res
PASS Exact frozen source /workspace/scratch/a29d03198654/Aether/candidates/round40-exclusive-20260930/project/assets/collision/Ground_2_-7.res
PASS Exact frozen source /workspace/scratch/a29d03198654/Aether/candidates/round40-exclusive-20260930/project/assets/collision/Ground_2_-8.res
PASS Exact frozen source /workspace/scratch/a29d03198654/Aether/candidates/round40-exclusive-20260930/project/assets/collision/Ground_2_-9.res
PASS Exact frozen source /workspace/scratch/a29d03198654/Aether/candidates/round40-exclusive-20260930/project/assets/collision/Ground_2_0.res
PASS Exact frozen source /workspace/scratch/a29d03198654/Aether/candidates/round40-exclusive-20260930/project/assets/collision/Ground_2_1.res
PASS Exact frozen source /workspace/scratch/a29d03198654/Aether/candidates/round40-exclusive-20260930/project/assets/collision/Ground_2_2.res
PASS Exact frozen source /workspace/scratch/a29d03198654/Aether/candidates/round40-exclusive-20260930/project/assets/collision/Ground_2_3.res
PASS Exact frozen source /workspace/scratch/a29d03198654/Aether/candidates/round40-exclusive-20260930/project/assets/collision/Ground_2_4.res
PASS Exact frozen source /workspace/scratch/a29d03198654/Aether/candidates/round40-exclusive-20260930/project/assets/collision/Ground_2_5.res
PASS Exact frozen source /workspace/scratch/a29d03198654/Aether/candidates/round40-exclusive-20260930/project/assets/collision/Ground_3_-1.res
PASS Exact frozen source /workspace/scratch/a29d03198654/Aether/candidates/round40-exclusive-20260930/project/assets/collision/Ground_3_-10.res
PASS Exact frozen source /workspace/scratch/a29d03198654/Aether/candidates/round40-exclusive-20260930/project/assets/collision/Ground_3_-2.res
PASS Exact frozen source /workspace/scratch/a29d03198654/Aether/candidates/round40-exclusive-20260930/project/assets/collision/Ground_3_-3.res
PASS Exact frozen source /workspace/scratch/a29d03198654/Aether/candidates/round40-exclusive-20260930/project/assets/collision/Ground_3_-4.res
PASS Exact frozen source /workspace/scratch/a29d03198654/Aether/candidates/round40-exclusive-20260930/project/assets/collision/Ground_3_-5.res
PASS Exact frozen source /workspace/scratch/a29d03198654/Aether/candidates/round40-exclusive-20260930/project/assets/collision/Ground_3_-6.res
PASS Exact frozen source /workspace/scratch/a29d03198654/Aether/candidates/round40-exclusive-20260930/project/assets/collision/Ground_3_-7.res
PASS Exact frozen source /workspace/scratch/a29d03198654/Aether/candidates/round40-exclusive-20260930/project/assets/collision/Ground_3_-8.res
PASS Exact frozen source /workspace/scratch/a29d03198654/Aether/candidates/round40-exclusive-20260930/project/assets/collision/Ground_3_-9.res
PASS Exact frozen source /workspace/scratch/a29d03198654/Aether/candidates/round40-exclusive-20260930/project/assets/collision/Ground_3_0.res
PASS Exact frozen source /workspace/scratch/a29d03198654/Aether/candidates/round40-exclusive-20260930/project/assets/collision/Ground_3_1.res
PASS Exact frozen source /workspace/scratch/a29d03198654/Aether/candidates/round40-exclusive-20260930/project/assets/collision/Ground_3_2.res
PASS Exact frozen source /workspace/scratch/a29d03198654/Aether/candidates/round40-exclusive-20260930/project/assets/collision/Ground_3_3.res
PASS Exact frozen source /workspace/scratch/a29d03198654/Aether/candidates/round40-exclusive-20260930/project/assets/collision/Ground_3_4.res
PASS Exact frozen source /workspace/scratch/a29d03198654/Aether/candidates/round40-exclusive-20260930/project/assets/collision/Ground_3_5.res
PASS Exact frozen source /workspace/scratch/a29d03198654/Aether/candidates/round40-exclusive-20260930/project/assets/collision/Ground_4_-1.res
PASS Exact frozen source /workspace/scratch/a29d03198654/Aether/candidates/round40-exclusive-20260930/project/assets/collision/Ground_4_-10.res
PASS Exact frozen source /workspace/scratch/a29d03198654/Aether/candidates/round40-exclusive-20260930/project/assets/collision/Ground_4_-2.res
PASS Exact frozen source /workspace/scratch/a29d03198654/Aether/candidates/round40-exclusive-20260930/project/assets/collision/Ground_4_-3.res
PASS Exact frozen source /workspace/scratch/a29d03198654/Aether/candidates/round40-exclusive-20260930/project/assets/collision/Ground_4_-4.res
PASS Exact frozen source /workspace/scratch/a29d03198654/Aether/candidates/round40-exclusive-20260930/project/assets/collision/Ground_4_-5.res
PASS Exact frozen source /workspace/scratch/a29d03198654/Aether/candidates/round40-exclusive-20260930/project/assets/collision/Ground_4_-6.res
PASS Exact frozen source /workspace/scratch/a29d03198654/Aether/candidates/round40-exclusive-20260930/project/assets/collision/Ground_4_-7.res
PASS Exact frozen source /workspace/scratch/a29d03198654/Aether/candidates/round40-exclusive-20260930/project/assets/collision/Ground_4_-8.res
PASS Exact frozen source /workspace/scratch/a29d03198654/Aether/candidates/round40-exclusive-20260930/project/assets/collision/Ground_4_-9.res
PASS Exact frozen source /workspace/scratch/a29d03198654/Aether/candidates/round40-exclusive-20260930/project/assets/collision/Ground_4_0.res
PASS Exact frozen source /workspace/scratch/a29d03198654/Aether/candidates/round40-exclusive-20260930/project/assets/collision/Ground_4_1.res
PASS Exact frozen source /workspace/scratch/a29d03198654/Aether/candidates/round40-exclusive-20260930/project/assets/collision/Ground_4_2.res
PASS Exact frozen source /workspace/scratch/a29d03198654/Aether/candidates/round40-exclusive-20260930/project/assets/collision/Ground_4_3.res
PASS Exact frozen source /workspace/scratch/a29d03198654/Aether/candidates/round40-exclusive-20260930/project/assets/collision/Ground_4_4.res
PASS Exact frozen source /workspace/scratch/a29d03198654/Aether/candidates/round40-exclusive-20260930/project/assets/collision/Ground_4_5.res
PASS Exact frozen source /workspace/scratch/a29d03198654/Aether/candidates/round40-exclusive-20260930/project/assets/collision/Ground_5_-1.res
PASS Exact frozen source /workspace/scratch/a29d03198654/Aether/candidates/round40-exclusive-20260930/project/assets/collision/Ground_5_-10.res
PASS Exact frozen source /workspace/scratch/a29d03198654/Aether/candidates/round40-exclusive-20260930/project/assets/collision/Ground_5_-2.res
PASS Exact frozen source /workspace/scratch/a29d03198654/Aether/candidates/round40-exclusive-20260930/project/assets/collision/Ground_5_-3.res
PASS Exact frozen source /workspace/scratch/a29d03198654/Aether/candidates/round40-exclusive-20260930/project/assets/collision/Ground_5_-4.res
PASS Exact frozen source /workspace/scratch/a29d03198654/Aether/candidates/round40-exclusive-20260930/project/assets/collision/Ground_5_-5.res
PASS Exact frozen source /workspace/scratch/a29d03198654/Aether/candidates/round40-exclusive-20260930/project/assets/collision/Ground_5_-6.res
PASS Exact frozen source /workspace/scratch/a29d03198654/Aether/candidates/round40-exclusive-20260930/project/assets/collision/Ground_5_-7.res
PASS Exact frozen source /workspace/scratch/a29d03198654/Aether/candidates/round40-exclusive-20260930/project/assets/collision/Ground_5_-8.res
PASS Exact frozen source /workspace/scratch/a29d03198654/Aether/candidates/round40-exclusive-20260930/project/assets/collision/Ground_5_-9.res
PASS Exact frozen source /workspace/scratch/a29d03198654/Aether/candidates/round40-exclusive-20260930/project/assets/collision/Ground_5_0.res
PASS Exact frozen source /workspace/scratch/a29d03198654/Aether/candidates/round40-exclusive-20260930/project/assets/collision/Ground_5_1.res
PASS Exact frozen source /workspace/scratch/a29d03198654/Aether/candidates/round40-exclusive-20260930/project/assets/collision/Ground_5_2.res
PASS Exact frozen source /workspace/scratch/a29d03198654/Aether/candidates/round40-exclusive-20260930/project/assets/collision/Ground_5_3.res
PASS Exact frozen source /workspace/scratch/a29d03198654/Aether/candidates/round40-exclusive-20260930/project/assets/collision/Ground_5_4.res
PASS Exact frozen source /workspace/scratch/a29d03198654/Aether/candidates/round40-exclusive-20260930/project/assets/collision/Ground_5_5.res
PASS Exact frozen source /workspace/scratch/a29d03198654/Aether/candidates/round40-exclusive-20260930/project/assets/collision/Ground_6_-1.res
PASS Exact frozen source /workspace/scratch/a29d03198654/Aether/candidates/round40-exclusive-20260930/project/assets/collision/Ground_6_-10.res
PASS Exact frozen source /workspace/scratch/a29d03198654/Aether/candidates/round40-exclusive-20260930/project/assets/collision/Ground_6_-2.res
PASS Exact frozen source /workspace/scratch/a29d03198654/Aether/candidates/round40-exclusive-20260930/project/assets/collision/Ground_6_-3.res
PASS Exact frozen source /workspace/scratch/a29d03198654/Aether/candidates/round40-exclusive-20260930/project/assets/collision/Ground_6_-4.res
PASS Exact frozen source /workspace/scratch/a29d03198654/Aether/candidates/round40-exclusive-20260930/project/assets/collision/Ground_6_-5.res
PASS Exact frozen source /workspace/scratch/a29d03198654/Aether/candidates/round40-exclusive-20260930/project/assets/collision/Ground_6_-6.res
PASS Exact frozen source /workspace/scratch/a29d03198654/Aether/candidates/round40-exclusive-20260930/project/assets/collision/Ground_6_-7.res
PASS Exact frozen source /workspace/scratch/a29d03198654/Aether/candidates/round40-exclusive-20260930/project/assets/collision/Ground_6_-8.res
PASS Exact frozen source /workspace/scratch/a29d03198654/Aether/candidates/round40-exclusive-20260930/project/assets/collision/Ground_6_-9.res
PASS Exact frozen source /workspace/scratch/a29d03198654/Aether/candidates/round40-exclusive-20260930/project/assets/collision/Ground_6_0.res
PASS Exact frozen source /workspace/scratch/a29d03198654/Aether/candidates/round40-exclusive-20260930/project/assets/collision/Ground_6_1.res
PASS Exact frozen source /workspace/scratch/a29d03198654/Aether/candidates/round40-exclusive-20260930/project/assets/collision/Ground_6_2.res
PASS Exact frozen source /workspace/scratch/a29d03198654/Aether/candidates/round40-exclusive-20260930/project/assets/collision/Ground_6_3.res
PASS Exact frozen source /workspace/scratch/a29d03198654/Aether/candidates/round40-exclusive-20260930/project/assets/collision/Ground_6_4.res
PASS Exact frozen source /workspace/scratch/a29d03198654/Aether/candidates/round40-exclusive-20260930/project/assets/collision/Ground_6_5.res
PASS Exact frozen source /workspace/scratch/a29d03198654/Aether/candidates/round40-exclusive-20260930/project/assets/collision/cliff_central_wall.res
PASS Exact frozen source /workspace/scratch/a29d03198654/Aether/candidates/round40-exclusive-20260930/project/assets/collision/cliff_crown.res
PASS Exact frozen source /workspace/scratch/a29d03198654/Aether/candidates/round40-exclusive-20260930/project/assets/collision/cliff_eastern_plateau.res
PASS Exact frozen source /workspace/scratch/a29d03198654/Aether/candidates/round40-exclusive-20260930/project/assets/collision/cliff_front_columns.res
PASS Exact frozen source /workspace/scratch/a29d03198654/Aether/candidates/round40-exclusive-20260930/project/assets/collision/cliff_shadow_buttress.res
PASS Exact frozen source /workspace/scratch/a29d03198654/Aether/candidates/round40-exclusive-20260930/project/assets/collision/cliff_western_mesa.res
PASS Exact frozen source /workspace/scratch/a29d03198654/Aether/candidates/round40-exclusive-20260930/project/assets/collision/cliff_western_slab.res
PASS Exact frozen source /workspace/scratch/a29d03198654/Aether/candidates/round40-exclusive-20260930/project/assets/collision/cottage.res
PASS Exact frozen source /workspace/scratch/a29d03198654/Aether/candidates/round40-exclusive-20260930/project/assets/collision/crate.res
PASS Exact frozen source /workspace/scratch/a29d03198654/Aether/candidates/round40-exclusive-20260930/project/assets/collision/dock.res
PASS Exact frozen source /workspace/scratch/a29d03198654/Aether/candidates/round40-exclusive-20260930/project/assets/collision/lighthouse.res
PASS Exact frozen source /workspace/scratch/a29d03198654/Aether/candidates/round40-exclusive-20260930/project/assets/collision/massif_blue_buttress.res
PASS Exact frozen source /workspace/scratch/a29d03198654/Aether/candidates/round40-exclusive-20260930/project/assets/collision/massif_east_spur.res
PASS Exact frozen source /workspace/scratch/a29d03198654/Aether/candidates/round40-exclusive-20260930/project/assets/collision/massif_east_summit.res
PASS Exact frozen source /workspace/scratch/a29d03198654/Aether/candidates/round40-exclusive-20260930/project/assets/collision/massif_frost_crown.res
PASS Exact frozen source /workspace/scratch/a29d03198654/Aether/candidates/round40-exclusive-20260930/project/assets/collision/massif_needle_ridge.res
PASS Exact frozen source /workspace/scratch/a29d03198654/Aether/candidates/round40-exclusive-20260930/project/assets/collision/massif_valley_guard.res
PASS Exact frozen source /workspace/scratch/a29d03198654/Aether/candidates/round40-exclusive-20260930/project/assets/collision/massif_west_foothill.res
PASS Exact frozen source /workspace/scratch/a29d03198654/Aether/candidates/round40-exclusive-20260930/project/assets/collision/massif_west_summit.res
PASS Exact frozen source /workspace/scratch/a29d03198654/Aether/candidates/round40-exclusive-20260930/project/assets/collision/mill.res
PASS Exact frozen source /workspace/scratch/a29d03198654/Aether/candidates/round40-exclusive-20260930/project/assets/collision/observatory.res
PASS Exact frozen source /workspace/scratch/a29d03198654/Aether/candidates/round40-exclusive-20260930/project/assets/collision/pine.res
PASS Exact frozen source /workspace/scratch/a29d03198654/Aether/candidates/round40-exclusive-20260930/project/assets/collision/ruins.res
PASS Exact frozen source /workspace/scratch/a29d03198654/Aether/candidates/round40-exclusive-20260930/project/assets/lake48/Ground_1_-2.mesh
PASS Exact frozen source /workspace/scratch/a29d03198654/Aether/candidates/round40-exclusive-20260930/project/assets/lake48/Ground_1_-2_collision.res
PASS Exact frozen source /workspace/scratch/a29d03198654/Aether/candidates/round40-exclusive-20260930/project/assets/lake48/Ground_1_-3.mesh
PASS Exact frozen source /workspace/scratch/a29d03198654/Aether/candidates/round40-exclusive-20260930/project/assets/lake48/Ground_1_-3_collision.res
PASS Exact frozen source /workspace/scratch/a29d03198654/Aether/candidates/round40-exclusive-20260930/project/assets/lake48/Grounded_bush_1_-2.res
PASS Exact frozen source /workspace/scratch/a29d03198654/Aether/candidates/round40-exclusive-20260930/project/assets/lake48/Grounded_bush_1_-3.res
PASS Exact frozen source /workspace/scratch/a29d03198654/Aether/candidates/round40-exclusive-20260930/project/assets/lake48/Grounded_oak_1_-2.res
PASS Exact frozen source /workspace/scratch/a29d03198654/Aether/candidates/round40-exclusive-20260930/project/assets/lake48/Grounded_oak_1_-3.res
PASS Exact frozen source /workspace/scratch/a29d03198654/Aether/candidates/round40-exclusive-20260930/project/assets/lake48/Grounded_poplar_1_-2.res
PASS Exact frozen source /workspace/scratch/a29d03198654/Aether/candidates/round40-exclusive-20260930/project/assets/lake48/Grounded_poplar_1_-3.res
PASS Exact frozen source /workspace/scratch/a29d03198654/Aether/candidates/round40-exclusive-20260930/project/assets/lake48/Grounded_rock_1_-2.res
PASS Exact frozen source /workspace/scratch/a29d03198654/Aether/candidates/round40-exclusive-20260930/project/assets/lake48/Grounded_rock_1_-3.res
PASS Exact frozen source /workspace/scratch/a29d03198654/Aether/candidates/round40-exclusive-20260930/project/assets/lake48/massif_cirque_wall.mesh
PASS Exact frozen source /workspace/scratch/a29d03198654/Aether/candidates/round40-exclusive-20260930/project/assets/lake48/massif_cirque_wall_collision.res
PASS Exact frozen source /workspace/scratch/a29d03198654/Aether/candidates/round40-exclusive-20260930/project/assets/lake48/massif_east_foothill.mesh
PASS Exact frozen source /workspace/scratch/a29d03198654/Aether/candidates/round40-exclusive-20260930/project/assets/lake48/massif_east_foothill_collision.res
PASS Exact frozen source /workspace/scratch/a29d03198654/Aether/candidates/round40-exclusive-20260930/project/assets/lake49/foreground_rock__foreground_rock_grassblade_00.mesh
PASS Exact frozen source /workspace/scratch/a29d03198654/Aether/candidates/round40-exclusive-20260930/project/assets/lake49/foreground_rock__foreground_rock_grassblade_01.mesh
PASS Exact frozen source /workspace/scratch/a29d03198654/Aether/candidates/round40-exclusive-20260930/project/assets/lake49/foreground_rock__foreground_rock_grassblade_02.mesh
PASS Exact frozen source /workspace/scratch/a29d03198654/Aether/candidates/round40-exclusive-20260930/project/assets/lake49/foreground_rock__foreground_rock_grassblade_03.mesh
PASS Exact frozen source /workspace/scratch/a29d03198654/Aether/candidates/round40-exclusive-20260930/project/assets/lake49/foreground_rock__foreground_rock_grassblade_04.mesh
PASS Exact frozen source /workspace/scratch/a29d03198654/Aether/candidates/round40-exclusive-20260930/project/assets/lake49/foreground_rock__foreground_rock_grassblade_05.mesh
PASS Exact frozen source /workspace/scratch/a29d03198654/Aether/candidates/round40-exclusive-20260930/project/assets/lake49/foreground_rock__foreground_rock_grassblade_06.mesh
PASS Exact frozen source /workspace/scratch/a29d03198654/Aether/candidates/round40-exclusive-20260930/project/assets/lake49/foreground_rock__foreground_rock_rockroot.mesh
PASS Exact frozen source /workspace/scratch/a29d03198654/Aether/candidates/round40-exclusive-20260930/project/assets/lake49/foreground_rock__foreground_rock_rockroot_collision.res
PASS Exact frozen source /workspace/scratch/a29d03198654/Aether/candidates/round40-exclusive-20260930/project/assets/lake49/foreground_rock__foreground_rock_shoulder.mesh
PASS Exact frozen source /workspace/scratch/a29d03198654/Aether/candidates/round40-exclusive-20260930/project/assets/lake49/foreground_rock__foreground_rock_shoulder_collision.res
PASS Exact frozen source /workspace/scratch/a29d03198654/Aether/candidates/round40-exclusive-20260930/project/assets/lake49/foreground_rock__foreground_rock_wetshore_00.mesh
PASS Exact frozen source /workspace/scratch/a29d03198654/Aether/candidates/round40-exclusive-20260930/project/assets/lake49/foreground_rock__foreground_rock_wetshore_00_collision.res
PASS Exact frozen source /workspace/scratch/a29d03198654/Aether/candidates/round40-exclusive-20260930/project/assets/lake49/foreground_rock__foreground_rock_wetshore_01.mesh
PASS Exact frozen source /workspace/scratch/a29d03198654/Aether/candidates/round40-exclusive-20260930/project/assets/lake49/foreground_rock__foreground_rock_wetshore_01_collision.res
PASS Exact frozen source /workspace/scratch/a29d03198654/Aether/candidates/round40-exclusive-20260930/project/assets/lake49/foreground_rock__foreground_rock_wetshore_02.mesh
PASS Exact frozen source /workspace/scratch/a29d03198654/Aether/candidates/round40-exclusive-20260930/project/assets/lake49/foreground_rock__foreground_rock_wetshore_02_collision.res
PASS Exact frozen source /workspace/scratch/a29d03198654/Aether/candidates/round40-exclusive-20260930/project/assets/lake49/foreground_rock__foreground_rock_wetshore_03.mesh
PASS Exact frozen source /workspace/scratch/a29d03198654/Aether/candidates/round40-exclusive-20260930/project/assets/lake49/foreground_rock__foreground_rock_wetshore_03_collision.res
PASS Exact frozen source /workspace/scratch/a29d03198654/Aether/candidates/round40-exclusive-20260930/project/assets/lake49/foreground_rock__foreground_rock_wetshore_04.mesh
PASS Exact frozen source /workspace/scratch/a29d03198654/Aether/candidates/round40-exclusive-20260930/project/assets/lake49/foreground_rock__foreground_rock_wetshore_04_collision.res
PASS Exact frozen source /workspace/scratch/a29d03198654/Aether/candidates/round40-exclusive-20260930/project/assets/lake49/foreground_rock__foreground_rock_wetshore_05.mesh
PASS Exact frozen source /workspace/scratch/a29d03198654/Aether/candidates/round40-exclusive-20260930/project/assets/lake49/foreground_rock__foreground_rock_wetshore_05_collision.res
PASS Exact frozen source /workspace/scratch/a29d03198654/Aether/candidates/round40-exclusive-20260930/project/assets/lake49/island_far_middle__island_far_middle_grasscap_east.mesh
PASS Exact frozen source /workspace/scratch/a29d03198654/Aether/candidates/round40-exclusive-20260930/project/assets/lake49/island_far_middle__island_far_middle_grasscap_west.mesh
PASS Exact frozen source /workspace/scratch/a29d03198654/Aether/candidates/round40-exclusive-20260930/project/assets/lake49/island_far_middle__island_far_middle_pine_01_branch_00_00.mesh
PASS Exact frozen source /workspace/scratch/a29d03198654/Aether/candidates/round40-exclusive-20260930/project/assets/lake49/island_far_middle__island_far_middle_pine_01_branch_00_00_collision.res
PASS Exact frozen source /workspace/scratch/a29d03198654/Aether/candidates/round40-exclusive-20260930/project/assets/lake49/island_far_middle__island_far_middle_pine_01_branch_00_01.mesh
PASS Exact frozen source /workspace/scratch/a29d03198654/Aether/candidates/round40-exclusive-20260930/project/assets/lake49/island_far_middle__island_far_middle_pine_01_branch_00_01_collision.res
PASS Exact frozen source /workspace/scratch/a29d03198654/Aether/candidates/round40-exclusive-20260930/project/assets/lake49/island_far_middle__island_far_middle_pine_01_branch_00_02.mesh
PASS Exact frozen source /workspace/scratch/a29d03198654/Aether/candidates/round40-exclusive-20260930/project/assets/lake49/island_far_middle__island_far_middle_pine_01_branch_00_02_collision.res
PASS Exact frozen source /workspace/scratch/a29d03198654/Aether/candidates/round40-exclusive-20260930/project/assets/lake49/island_far_middle__island_far_middle_pine_01_branch_00_03.mesh
PASS Exact frozen source /workspace/scratch/a29d03198654/Aether/candidates/round40-exclusive-20260930/project/assets/lake49/island_far_middle__island_far_middle_pine_01_branch_00_03_collision.res
PASS Exact frozen source /workspace/scratch/a29d03198654/Aether/candidates/round40-exclusive-20260930/project/assets/lake49/island_far_middle__island_far_middle_pine_01_branch_00_04.mesh
PASS Exact frozen source /workspace/scratch/a29d03198654/Aether/candidates/round40-exclusive-20260930/project/assets/lake49/island_far_middle__island_far_middle_pine_01_branch_00_04_collision.res
PASS Exact frozen source /workspace/scratch/a29d03198654/Aether/candidates/round40-exclusive-20260930/project/assets/lake49/island_far_middle__island_far_middle_pine_01_branch_01_00.mesh
PASS Exact frozen source /workspace/scratch/a29d03198654/Aether/candidates/round40-exclusive-20260930/project/assets/lake49/island_far_middle__island_far_middle_pine_01_branch_01_00_collision.res
PASS Exact frozen source /workspace/scratch/a29d03198654/Aether/candidates/round40-exclusive-20260930/project/assets/lake49/island_far_middle__island_far_middle_pine_01_branch_01_01.mesh
PASS Exact frozen source /workspace/scratch/a29d03198654/Aether/candidates/round40-exclusive-20260930/project/assets/lake49/island_far_middle__island_far_middle_pine_01_branch_01_01_collision.res
PASS Exact frozen source /workspace/scratch/a29d03198654/Aether/candidates/round40-exclusive-20260930/project/assets/lake49/island_far_middle__island_far_middle_pine_01_branch_01_02.mesh
PASS Exact frozen source /workspace/scratch/a29d03198654/Aether/candidates/round40-exclusive-20260930/project/assets/lake49/island_far_middle__island_far_middle_pine_01_branch_01_02_collision.res
PASS Exact frozen source /workspace/scratch/a29d03198654/Aether/candidates/round40-exclusive-20260930/project/assets/lake49/island_far_middle__island_far_middle_pine_01_branch_01_03.mesh
PASS Exact frozen source /workspace/scratch/a29d03198654/Aether/candidates/round40-exclusive-20260930/project/assets/lake49/island_far_middle__island_far_middle_pine_01_branch_01_03_collision.res
PASS Exact frozen source /workspace/scratch/a29d03198654/Aether/candidates/round40-exclusive-20260930/project/assets/lake49/island_far_middle__island_far_middle_pine_01_branch_01_04.mesh
PASS Exact frozen source /workspace/scratch/a29d03198654/Aether/candidates/round40-exclusive-20260930/project/assets/lake49/island_far_middle__island_far_middle_pine_01_branch_01_04_collision.res
PASS Exact frozen source /workspace/scratch/a29d03198654/Aether/candidates/round40-exclusive-20260930/project/assets/lake49/island_far_middle__island_far_middle_pine_01_branch_02_00.mesh
PASS Exact frozen source /workspace/scratch/a29d03198654/Aether/candidates/round40-exclusive-20260930/project/assets/lake49/island_far_middle__island_far_middle_pine_01_branch_02_00_collision.res
PASS Exact frozen source /workspace/scratch/a29d03198654/Aether/candidates/round40-exclusive-20260930/project/assets/lake49/island_far_middle__island_far_middle_pine_01_branch_02_01.mesh
PASS Exact frozen source /workspace/scratch/a29d03198654/Aether/candidates/round40-exclusive-20260930/project/assets/lake49/island_far_middle__island_far_middle_pine_01_branch_02_01_collision.res
PASS Exact frozen source /workspace/scratch/a29d03198654/Aether/candidates/round40-exclusive-20260930/project/assets/lake49/island_far_middle__island_far_middle_pine_01_branch_02_02.mesh
PASS Exact frozen source /workspace/scratch/a29d03198654/Aether/candidates/round40-exclusive-20260930/project/assets/lake49/island_far_middle__island_far_middle_pine_01_branch_02_02_collision.res
PASS Exact frozen source /workspace/scratch/a29d03198654/Aether/candidates/round40-exclusive-20260930/project/assets/lake49/island_far_middle__island_far_middle_pine_01_branch_02_03.mesh
PASS Exact frozen source /workspace/scratch/a29d03198654/Aether/candidates/round40-exclusive-20260930/project/assets/lake49/island_far_middle__island_far_middle_pine_01_branch_02_03_collision.res
PASS Exact frozen source /workspace/scratch/a29d03198654/Aether/candidates/round40-exclusive-20260930/project/assets/lake49/island_far_middle__island_far_middle_pine_01_branch_02_04.mesh
PASS Exact frozen source /workspace/scratch/a29d03198654/Aether/candidates/round40-exclusive-20260930/project/assets/lake49/island_far_middle__island_far_middle_pine_01_branch_02_04_collision.res
PASS Exact frozen source /workspace/scratch/a29d03198654/Aether/candidates/round40-exclusive-20260930/project/assets/lake49/island_far_middle__island_far_middle_pine_01_crown_tier_00.mesh
PASS Exact frozen source /workspace/scratch/a29d03198654/Aether/candidates/round40-exclusive-20260930/project/assets/lake49/island_far_middle__island_far_middle_pine_01_crown_tier_01.mesh
PASS Exact frozen source /workspace/scratch/a29d03198654/Aether/candidates/round40-exclusive-20260930/project/assets/lake49/island_far_middle__island_far_middle_pine_01_crown_tier_02.mesh
PASS Exact frozen source /workspace/scratch/a29d03198654/Aether/candidates/round40-exclusive-20260930/project/assets/lake49/island_far_middle__island_far_middle_pine_01_crown_tier_03.mesh
PASS Exact frozen source /workspace/scratch/a29d03198654/Aether/candidates/round40-exclusive-20260930/project/assets/lake49/island_far_middle__island_far_middle_pine_01_crown_tier_04.mesh
PASS Exact frozen source /workspace/scratch/a29d03198654/Aether/candidates/round40-exclusive-20260930/project/assets/lake49/island_far_middle__island_far_middle_pine_01_leader.mesh
PASS Exact frozen source /workspace/scratch/a29d03198654/Aether/candidates/round40-exclusive-20260930/project/assets/lake49/island_far_middle__island_far_middle_pine_01_trunk.mesh
PASS Exact frozen source /workspace/scratch/a29d03198654/Aether/candidates/round40-exclusive-20260930/project/assets/lake49/island_far_middle__island_far_middle_pine_01_trunk_collision.res
PASS Exact frozen source /workspace/scratch/a29d03198654/Aether/candidates/round40-exclusive-20260930/project/assets/lake49/island_far_middle__island_far_middle_pine_02_branch_00_00.mesh
PASS Exact frozen source /workspace/scratch/a29d03198654/Aether/candidates/round40-exclusive-20260930/project/assets/lake49/island_far_middle__island_far_middle_pine_02_branch_00_00_collision.res
PASS Exact frozen source /workspace/scratch/a29d03198654/Aether/candidates/round40-exclusive-20260930/project/assets/lake49/island_far_middle__island_far_middle_pine_02_branch_00_01.mesh
PASS Exact frozen source /workspace/scratch/a29d03198654/Aether/candidates/round40-exclusive-20260930/project/assets/lake49/island_far_middle__island_far_middle_pine_02_branch_00_01_collision.res
PASS Exact frozen source /workspace/scratch/a29d03198654/Aether/candidates/round40-exclusive-20260930/project/assets/lake49/island_far_middle__island_far_middle_pine_02_branch_00_02.mesh
PASS Exact frozen source /workspace/scratch/a29d03198654/Aether/candidates/round40-exclusive-20260930/project/assets/lake49/island_far_middle__island_far_middle_pine_02_branch_00_02_collision.res
PASS Exact frozen source /workspace/scratch/a29d03198654/Aether/candidates/round40-exclusive-20260930/project/assets/lake49/island_far_middle__island_far_middle_pine_02_branch_00_03.mesh
PASS Exact frozen source /workspace/scratch/a29d03198654/Aether/candidates/round40-exclusive-20260930/project/assets/lake49/island_far_middle__island_far_middle_pine_02_branch_00_03_collision.res
PASS Exact frozen source /workspace/scratch/a29d03198654/Aether/candidates/round40-exclusive-20260930/project/assets/lake49/island_far_middle__island_far_middle_pine_02_branch_00_04.mesh
PASS Exact frozen source /workspace/scratch/a29d03198654/Aether/candidates/round40-exclusive-20260930/project/assets/lake49/island_far_middle__island_far_middle_pine_02_branch_00_04_collision.res
PASS Exact frozen source /workspace/scratch/a29d03198654/Aether/candidates/round40-exclusive-20260930/project/assets/lake49/island_far_middle__island_far_middle_pine_02_branch_01_00.mesh
PASS Exact frozen source /workspace/scratch/a29d03198654/Aether/candidates/round40-exclusive-20260930/project/assets/lake49/island_far_middle__island_far_middle_pine_02_branch_01_00_collision.res
PASS Exact frozen source /workspace/scratch/a29d03198654/Aether/candidates/round40-exclusive-20260930/project/assets/lake49/island_far_middle__island_far_middle_pine_02_branch_01_01.mesh
PASS Exact frozen source /workspace/scratch/a29d03198654/Aether/candidates/round40-exclusive-20260930/project/assets/lake49/island_far_middle__island_far_middle_pine_02_branch_01_01_collision.res
PASS Exact frozen source /workspace/scratch/a29d03198654/Aether/candidates/round40-exclusive-20260930/project/assets/lake49/island_far_middle__island_far_middle_pine_02_branch_01_02.mesh
PASS Exact frozen source /workspace/scratch/a29d03198654/Aether/candidates/round40-exclusive-20260930/project/assets/lake49/island_far_middle__island_far_middle_pine_02_branch_01_02_collision.res
PASS Exact frozen source /workspace/scratch/a29d03198654/Aether/candidates/round40-exclusive-20260930/project/assets/lake49/island_far_middle__island_far_middle_pine_02_branch_01_03.mesh
PASS Exact frozen source /workspace/scratch/a29d03198654/Aether/candidates/round40-exclusive-20260930/project/assets/lake49/island_far_middle__island_far_middle_pine_02_branch_01_03_collision.res
PASS Exact frozen source /workspace/scratch/a29d03198654/Aether/candidates/round40-exclusive-20260930/project/assets/lake49/island_far_middle__island_far_middle_pine_02_branch_01_04.mesh
PASS Exact frozen source /workspace/scratch/a29d03198654/Aether/candidates/round40-exclusive-20260930/project/assets/lake49/island_far_middle__island_far_middle_pine_02_branch_01_04_collision.res
PASS Exact frozen source /workspace/scratch/a29d03198654/Aether/candidates/round40-exclusive-20260930/project/assets/lake49/island_far_middle__island_far_middle_pine_02_branch_02_00.mesh
PASS Exact frozen source /workspace/scratch/a29d03198654/Aether/candidates/round40-exclusive-20260930/project/assets/lake49/island_far_middle__island_far_middle_pine_02_branch_02_00_collision.res
PASS Exact frozen source /workspace/scratch/a29d03198654/Aether/candidates/round40-exclusive-20260930/project/assets/lake49/island_far_middle__island_far_middle_pine_02_branch_02_01.mesh
PASS Exact frozen source /workspace/scratch/a29d03198654/Aether/candidates/round40-exclusive-20260930/project/assets/lake49/island_far_middle__island_far_middle_pine_02_branch_02_01_collision.res
PASS Exact frozen source /workspace/scratch/a29d03198654/Aether/candidates/round40-exclusive-20260930/project/assets/lake49/island_far_middle__island_far_middle_pine_02_branch_02_02.mesh
PASS Exact frozen source /workspace/scratch/a29d03198654/Aether/candidates/round40-exclusive-20260930/project/assets/lake49/island_far_middle__island_far_middle_pine_02_branch_02_02_collision.res
PASS Exact frozen source /workspace/scratch/a29d03198654/Aether/candidates/round40-exclusive-20260930/project/assets/lake49/island_far_middle__island_far_middle_pine_02_branch_02_03.mesh
PASS Exact frozen source /workspace/scratch/a29d03198654/Aether/candidates/round40-exclusive-20260930/project/assets/lake49/island_far_middle__island_far_middle_pine_02_branch_02_03_collision.res
PASS Exact frozen source /workspace/scratch/a29d03198654/Aether/candidates/round40-exclusive-20260930/project/assets/lake49/island_far_middle__island_far_middle_pine_02_branch_02_04.mesh
PASS Exact frozen source /workspace/scratch/a29d03198654/Aether/candidates/round40-exclusive-20260930/project/assets/lake49/island_far_middle__island_far_middle_pine_02_branch_02_04_collision.res
PASS Exact frozen source /workspace/scratch/a29d03198654/Aether/candidates/round40-exclusive-20260930/project/assets/lake49/island_far_middle__island_far_middle_pine_02_crown_tier_00.mesh
PASS Exact frozen source /workspace/scratch/a29d03198654/Aether/candidates/round40-exclusive-20260930/project/assets/lake49/island_far_middle__island_far_middle_pine_02_crown_tier_01.mesh
PASS Exact frozen source /workspace/scratch/a29d03198654/Aether/candidates/round40-exclusive-20260930/project/assets/lake49/island_far_middle__island_far_middle_pine_02_crown_tier_02.mesh
PASS Exact frozen source /workspace/scratch/a29d03198654/Aether/candidates/round40-exclusive-20260930/project/assets/lake49/island_far_middle__island_far_middle_pine_02_crown_tier_03.mesh
PASS Exact frozen source /workspace/scratch/a29d03198654/Aether/candidates/round40-exclusive-20260930/project/assets/lake49/island_far_middle__island_far_middle_pine_02_crown_tier_04.mesh
PASS Exact frozen source /workspace/scratch/a29d03198654/Aether/candidates/round40-exclusive-20260930/project/assets/lake49/island_far_middle__island_far_middle_pine_02_leader.mesh
PASS Exact frozen source /workspace/scratch/a29d03198654/Aether/candidates/round40-exclusive-20260930/project/assets/lake49/island_far_middle__island_far_middle_pine_02_trunk.mesh
PASS Exact frozen source /workspace/scratch/a29d03198654/Aether/candidates/round40-exclusive-20260930/project/assets/lake49/island_far_middle__island_far_middle_pine_02_trunk_collision.res
PASS Exact frozen source /workspace/scratch/a29d03198654/Aether/candidates/round40-exclusive-20260930/project/assets/lake49/island_far_middle__island_far_middle_pine_03_branch_00_00.mesh
PASS Exact frozen source /workspace/scratch/a29d03198654/Aether/candidates/round40-exclusive-20260930/project/assets/lake49/island_far_middle__island_far_middle_pine_03_branch_00_00_collision.res
PASS Exact frozen source /workspace/scratch/a29d03198654/Aether/candidates/round40-exclusive-20260930/project/assets/lake49/island_far_middle__island_far_middle_pine_03_branch_00_01.mesh
PASS Exact frozen source /workspace/scratch/a29d03198654/Aether/candidates/round40-exclusive-20260930/project/assets/lake49/island_far_middle__island_far_middle_pine_03_branch_00_01_collision.res
PASS Exact frozen source /workspace/scratch/a29d03198654/Aether/candidates/round40-exclusive-20260930/project/assets/lake49/island_far_middle__island_far_middle_pine_03_branch_00_02.mesh
PASS Exact frozen source /workspace/scratch/a29d03198654/Aether/candidates/round40-exclusive-20260930/project/assets/lake49/island_far_middle__island_far_middle_pine_03_branch_00_02_collision.res
PASS Exact frozen source /workspace/scratch/a29d03198654/Aether/candidates/round40-exclusive-20260930/project/assets/lake49/island_far_middle__island_far_middle_pine_03_branch_00_03.mesh
PASS Exact frozen source /workspace/scratch/a29d03198654/Aether/candidates/round40-exclusive-20260930/project/assets/lake49/island_far_middle__island_far_middle_pine_03_branch_00_03_collision.res
PASS Exact frozen source /workspace/scratch/a29d03198654/Aether/candidates/round40-exclusive-20260930/project/assets/lake49/island_far_middle__island_far_middle_pine_03_branch_00_04.mesh
PASS Exact frozen source /workspace/scratch/a29d03198654/Aether/candidates/round40-exclusive-20260930/project/assets/lake49/island_far_middle__island_far_middle_pine_03_branch_00_04_collision.res
PASS Exact frozen source /workspace/scratch/a29d03198654/Aether/candidates/round40-exclusive-20260930/project/assets/lake49/island_far_middle__island_far_middle_pine_03_branch_01_00.mesh
PASS Exact frozen source /workspace/scratch/a29d03198654/Aether/candidates/round40-exclusive-20260930/project/assets/lake49/island_far_middle__island_far_middle_pine_03_branch_01_00_collision.res
PASS Exact frozen source /workspace/scratch/a29d03198654/Aether/candidates/round40-exclusive-20260930/project/assets/lake49/island_far_middle__island_far_middle_pine_03_branch_01_01.mesh
PASS Exact frozen source /workspace/scratch/a29d03198654/Aether/candidates/round40-exclusive-20260930/project/assets/lake49/island_far_middle__island_far_middle_pine_03_branch_01_01_collision.res
PASS Exact frozen source /workspace/scratch/a29d03198654/Aether/candidates/round40-exclusive-20260930/project/assets/lake49/island_far_middle__island_far_middle_pine_03_branch_01_02.mesh
PASS Exact frozen source /workspace/scratch/a29d03198654/Aether/candidates/round40-exclusive-20260930/project/assets/lake49/island_far_middle__island_far_middle_pine_03_branch_01_02_collision.res
PASS Exact frozen source /workspace/scratch/a29d03198654/Aether/candidates/round40-exclusive-20260930/project/assets/lake49/island_far_middle__island_far_middle_pine_03_branch_01_03.mesh
PASS Exact frozen source /workspace/scratch/a29d03198654/Aether/candidates/round40-exclusive-20260930/project/assets/lake49/island_far_middle__island_far_middle_pine_03_branch_01_03_collision.res
PASS Exact frozen source /workspace/scratch/a29d03198654/Aether/candidates/round40-exclusive-20260930/project/assets/lake49/island_far_middle__island_far_middle_pine_03_branch_01_04.mesh
PASS Exact frozen source /workspace/scratch/a29d03198654/Aether/candidates/round40-exclusive-20260930/project/assets/lake49/island_far_middle__island_far_middle_pine_03_branch_01_04_collision.res
PASS Exact frozen source /workspace/scratch/a29d03198654/Aether/candidates/round40-exclusive-20260930/project/assets/lake49/island_far_middle__island_far_middle_pine_03_branch_02_00.mesh
PASS Exact frozen source /workspace/scratch/a29d03198654/Aether/candidates/round40-exclusive-20260930/project/assets/lake49/island_far_middle__island_far_middle_pine_03_branch_02_00_collision.res
PASS Exact frozen source /workspace/scratch/a29d03198654/Aether/candidates/round40-exclusive-20260930/project/assets/lake49/island_far_middle__island_far_middle_pine_03_branch_02_01.mesh
PASS Exact frozen source /workspace/scratch/a29d03198654/Aether/candidates/round40-exclusive-20260930/project/assets/lake49/island_far_middle__island_far_middle_pine_03_branch_02_01_collision.res
PASS Exact frozen source /workspace/scratch/a29d03198654/Aether/candidates/round40-exclusive-20260930/project/assets/lake49/island_far_middle__island_far_middle_pine_03_branch_02_02.mesh
PASS Exact frozen source /workspace/scratch/a29d03198654/Aether/candidates/round40-exclusive-20260930/project/assets/lake49/island_far_middle__island_far_middle_pine_03_branch_02_02_collision.res
PASS Exact frozen source /workspace/scratch/a29d03198654/Aether/candidates/round40-exclusive-20260930/project/assets/lake49/island_far_middle__island_far_middle_pine_03_branch_02_03.mesh
PASS Exact frozen source /workspace/scratch/a29d03198654/Aether/candidates/round40-exclusive-20260930/project/assets/lake49/island_far_middle__island_far_middle_pine_03_branch_02_03_collision.res
PASS Exact frozen source /workspace/scratch/a29d03198654/Aether/candidates/round40-exclusive-20260930/project/assets/lake49/island_far_middle__island_far_middle_pine_03_branch_02_04.mesh
PASS Exact frozen source /workspace/scratch/a29d03198654/Aether/candidates/round40-exclusive-20260930/project/assets/lake49/island_far_middle__island_far_middle_pine_03_branch_02_04_collision.res
PASS Exact frozen source /workspace/scratch/a29d03198654/Aether/candidates/round40-exclusive-20260930/project/assets/lake49/island_far_middle__island_far_middle_pine_03_crown_tier_00.mesh
PASS Exact frozen source /workspace/scratch/a29d03198654/Aether/candidates/round40-exclusive-20260930/project/assets/lake49/island_far_middle__island_far_middle_pine_03_crown_tier_01.mesh
PASS Exact frozen source /workspace/scratch/a29d03198654/Aether/candidates/round40-exclusive-20260930/project/assets/lake49/island_far_middle__island_far_middle_pine_03_crown_tier_02.mesh
PASS Exact frozen source /workspace/scratch/a29d03198654/Aether/candidates/round40-exclusive-20260930/project/assets/lake49/island_far_middle__island_far_middle_pine_03_crown_tier_03.mesh
PASS Exact frozen source /workspace/scratch/a29d03198654/Aether/candidates/round40-exclusive-20260930/project/assets/lake49/island_far_middle__island_far_middle_pine_03_crown_tier_04.mesh
PASS Exact frozen source /workspace/scratch/a29d03198654/Aether/candidates/round40-exclusive-20260930/project/assets/lake49/island_far_middle__island_far_middle_pine_03_leader.mesh
PASS Exact frozen source /workspace/scratch/a29d03198654/Aether/candidates/round40-exclusive-20260930/project/assets/lake49/island_far_middle__island_far_middle_pine_03_trunk.mesh
PASS Exact frozen source /workspace/scratch/a29d03198654/Aether/candidates/round40-exclusive-20260930/project/assets/lake49/island_far_middle__island_far_middle_pine_03_trunk_collision.res
PASS Exact frozen source /workspace/scratch/a29d03198654/Aether/candidates/round40-exclusive-20260930/project/assets/lake49/island_far_middle__island_far_middle_rockroot.mesh
PASS Exact frozen source /workspace/scratch/a29d03198654/Aether/candidates/round40-exclusive-20260930/project/assets/lake49/island_far_middle__island_far_middle_rockroot_collision.res
PASS Exact frozen source /workspace/scratch/a29d03198654/Aether/candidates/round40-exclusive-20260930/project/assets/lake49/island_far_middle__island_far_middle_shoulder.mesh
PASS Exact frozen source /workspace/scratch/a29d03198654/Aether/candidates/round40-exclusive-20260930/project/assets/lake49/island_far_middle__island_far_middle_shoulder_collision.res
PASS Exact frozen source /workspace/scratch/a29d03198654/Aether/candidates/round40-exclusive-20260930/project/assets/lake49/island_far_middle__island_far_middle_wetshore_00.mesh
PASS Exact frozen source /workspace/scratch/a29d03198654/Aether/candidates/round40-exclusive-20260930/project/assets/lake49/island_far_middle__island_far_middle_wetshore_00_collision.res
PASS Exact frozen source /workspace/scratch/a29d03198654/Aether/candidates/round40-exclusive-20260930/project/assets/lake49/island_far_middle__island_far_middle_wetshore_01.mesh
PASS Exact frozen source /workspace/scratch/a29d03198654/Aether/candidates/round40-exclusive-20260930/project/assets/lake49/island_far_middle__island_far_middle_wetshore_01_collision.res
PASS Exact frozen source /workspace/scratch/a29d03198654/Aether/candidates/round40-exclusive-20260930/project/assets/lake49/island_far_middle__island_far_middle_wetshore_02.mesh
PASS Exact frozen source /workspace/scratch/a29d03198654/Aether/candidates/round40-exclusive-20260930/project/assets/lake49/island_far_middle__island_far_middle_wetshore_02_collision.res
PASS Exact frozen source /workspace/scratch/a29d03198654/Aether/candidates/round40-exclusive-20260930/project/assets/lake49/island_far_middle__island_far_middle_wetshore_03.mesh
PASS Exact frozen source /workspace/scratch/a29d03198654/Aether/candidates/round40-exclusive-20260930/project/assets/lake49/island_far_middle__island_far_middle_wetshore_03_collision.res
PASS Exact frozen source /workspace/scratch/a29d03198654/Aether/candidates/round40-exclusive-20260930/project/assets/lake49/island_far_middle__island_far_middle_wetshore_04.mesh
PASS Exact frozen source /workspace/scratch/a29d03198654/Aether/candidates/round40-exclusive-20260930/project/assets/lake49/island_far_middle__island_far_middle_wetshore_04_collision.res
PASS Exact frozen source /workspace/scratch/a29d03198654/Aether/candidates/round40-exclusive-20260930/project/assets/lake49/island_far_middle__island_far_middle_wetshore_05.mesh
PASS Exact frozen source /workspace/scratch/a29d03198654/Aether/candidates/round40-exclusive-20260930/project/assets/lake49/island_far_middle__island_far_middle_wetshore_05_collision.res
PASS Exact frozen source /workspace/scratch/a29d03198654/Aether/candidates/round40-exclusive-20260930/project/assets/lake49/island_near_left__island_near_left_grasscap_east.mesh
PASS Exact frozen source /workspace/scratch/a29d03198654/Aether/candidates/round40-exclusive-20260930/project/assets/lake49/island_near_left__island_near_left_grasscap_west.mesh
PASS Exact frozen source /workspace/scratch/a29d03198654/Aether/candidates/round40-exclusive-20260930/project/assets/lake49/island_near_left__island_near_left_pine_01_branch_00_00.mesh
PASS Exact frozen source /workspace/scratch/a29d03198654/Aether/candidates/round40-exclusive-20260930/project/assets/lake49/island_near_left__island_near_left_pine_01_branch_00_00_collision.res
PASS Exact frozen source /workspace/scratch/a29d03198654/Aether/candidates/round40-exclusive-20260930/project/assets/lake49/island_near_left__island_near_left_pine_01_branch_00_01.mesh
PASS Exact frozen source /workspace/scratch/a29d03198654/Aether/candidates/round40-exclusive-20260930/project/assets/lake49/island_near_left__island_near_left_pine_01_branch_00_01_collision.res
PASS Exact frozen source /workspace/scratch/a29d03198654/Aether/candidates/round40-exclusive-20260930/project/assets/lake49/island_near_left__island_near_left_pine_01_branch_00_02.mesh
PASS Exact frozen source /workspace/scratch/a29d03198654/Aether/candidates/round40-exclusive-20260930/project/assets/lake49/island_near_left__island_near_left_pine_01_branch_00_02_collision.res
PASS Exact frozen source /workspace/scratch/a29d03198654/Aether/candidates/round40-exclusive-20260930/project/assets/lake49/island_near_left__island_near_left_pine_01_branch_00_03.mesh
PASS Exact frozen source /workspace/scratch/a29d03198654/Aether/candidates/round40-exclusive-20260930/project/assets/lake49/island_near_left__island_near_left_pine_01_branch_00_03_collision.res
PASS Exact frozen source /workspace/scratch/a29d03198654/Aether/candidates/round40-exclusive-20260930/project/assets/lake49/island_near_left__island_near_left_pine_01_branch_00_04.mesh
PASS Exact frozen source /workspace/scratch/a29d03198654/Aether/candidates/round40-exclusive-20260930/project/assets/lake49/island_near_left__island_near_left_pine_01_branch_00_04_collision.res
PASS Exact frozen source /workspace/scratch/a29d03198654/Aether/candidates/round40-exclusive-20260930/project/assets/lake49/island_near_left__island_near_left_pine_01_branch_01_00.mesh
PASS Exact frozen source /workspace/scratch/a29d03198654/Aether/candidates/round40-exclusive-20260930/project/assets/lake49/island_near_left__island_near_left_pine_01_branch_01_00_collision.res
PASS Exact frozen source /workspace/scratch/a29d03198654/Aether/candidates/round40-exclusive-20260930/project/assets/lake49/island_near_left__island_near_left_pine_01_branch_01_01.mesh
PASS Exact frozen source /workspace/scratch/a29d03198654/Aether/candidates/round40-exclusive-20260930/project/assets/lake49/island_near_left__island_near_left_pine_01_branch_01_01_collision.res
PASS Exact frozen source /workspace/scratch/a29d03198654/Aether/candidates/round40-exclusive-20260930/project/assets/lake49/island_near_left__island_near_left_pine_01_branch_01_02.mesh
PASS Exact frozen source /workspace/scratch/a29d03198654/Aether/candidates/round40-exclusive-20260930/project/assets/lake49/island_near_left__island_near_left_pine_01_branch_01_02_collision.res
PASS Exact frozen source /workspace/scratch/a29d03198654/Aether/candidates/round40-exclusive-20260930/project/assets/lake49/island_near_left__island_near_left_pine_01_branch_01_03.mesh
PASS Exact frozen source /workspace/scratch/a29d03198654/Aether/candidates/round40-exclusive-20260930/project/assets/lake49/island_near_left__island_near_left_pine_01_branch_01_03_collision.res
PASS Exact frozen source /workspace/scratch/a29d03198654/Aether/candidates/round40-exclusive-20260930/project/assets/lake49/island_near_left__island_near_left_pine_01_branch_01_04.mesh
PASS Exact frozen source /workspace/scratch/a29d03198654/Aether/candidates/round40-exclusive-20260930/project/assets/lake49/island_near_left__island_near_left_pine_01_branch_01_04_collision.res
PASS Exact frozen source /workspace/scratch/a29d03198654/Aether/candidates/round40-exclusive-20260930/project/assets/lake49/island_near_left__island_near_left_pine_01_branch_02_00.mesh
PASS Exact frozen source /workspace/scratch/a29d03198654/Aether/candidates/round40-exclusive-20260930/project/assets/lake49/island_near_left__island_near_left_pine_01_branch_02_00_collision.res
PASS Exact frozen source /workspace/scratch/a29d03198654/Aether/candidates/round40-exclusive-20260930/project/assets/lake49/island_near_left__island_near_left_pine_01_branch_02_01.mesh
PASS Exact frozen source /workspace/scratch/a29d03198654/Aether/candidates/round40-exclusive-20260930/project/assets/lake49/island_near_left__island_near_left_pine_01_branch_02_01_collision.res
PASS Exact frozen source /workspace/scratch/a29d03198654/Aether/candidates/round40-exclusive-20260930/project/assets/lake49/island_near_left__island_near_left_pine_01_branch_02_02.mesh
PASS Exact frozen source /workspace/scratch/a29d03198654/Aether/candidates/round40-exclusive-20260930/project/assets/lake49/island_near_left__island_near_left_pine_01_branch_02_02_collision.res
PASS Exact frozen source /workspace/scratch/a29d03198654/Aether/candidates/round40-exclusive-20260930/project/assets/lake49/island_near_left__island_near_left_pine_01_branch_02_03.mesh
PASS Exact frozen source /workspace/scratch/a29d03198654/Aether/candidates/round40-exclusive-20260930/project/assets/lake49/island_near_left__island_near_left_pine_01_branch_02_03_collision.res
PASS Exact frozen source /workspace/scratch/a29d03198654/Aether/candidates/round40-exclusive-20260930/project/assets/lake49/island_near_left__island_near_left_pine_01_branch_02_04.mesh
PASS Exact frozen source /workspace/scratch/a29d03198654/Aether/candidates/round40-exclusive-20260930/project/assets/lake49/island_near_left__island_near_left_pine_01_branch_02_04_collision.res
PASS Exact frozen source /workspace/scratch/a29d03198654/Aether/candidates/round40-exclusive-20260930/project/assets/lake49/island_near_left__island_near_left_pine_01_crown_tier_00.mesh
PASS Exact frozen source /workspace/scratch/a29d03198654/Aether/candidates/round40-exclusive-20260930/project/assets/lake49/island_near_left__island_near_left_pine_01_crown_tier_01.mesh
PASS Exact frozen source /workspace/scratch/a29d03198654/Aether/candidates/round40-exclusive-20260930/project/assets/lake49/island_near_left__island_near_left_pine_01_crown_tier_02.mesh
PASS Exact frozen source /workspace/scratch/a29d03198654/Aether/candidates/round40-exclusive-20260930/project/assets/lake49/island_near_left__island_near_left_pine_01_crown_tier_03.mesh
PASS Exact frozen source /workspace/scratch/a29d03198654/Aether/candidates/round40-exclusive-20260930/project/assets/lake49/island_near_left__island_near_left_pine_01_crown_tier_04.mesh
PASS Exact frozen source /workspace/scratch/a29d03198654/Aether/candidates/round40-exclusive-20260930/project/assets/lake49/island_near_left__island_near_left_pine_01_leader.mesh
PASS Exact frozen source /workspace/scratch/a29d03198654/Aether/candidates/round40-exclusive-20260930/project/assets/lake49/island_near_left__island_near_left_pine_01_trunk.mesh
PASS Exact frozen source /workspace/scratch/a29d03198654/Aether/candidates/round40-exclusive-20260930/project/assets/lake49/island_near_left__island_near_left_pine_01_trunk_collision.res
PASS Exact frozen source /workspace/scratch/a29d03198654/Aether/candidates/round40-exclusive-20260930/project/assets/lake49/island_near_left__island_near_left_pine_02_branch_00_00.mesh
PASS Exact frozen source /workspace/scratch/a29d03198654/Aether/candidates/round40-exclusive-20260930/project/assets/lake49/island_near_left__island_near_left_pine_02_branch_00_00_collision.res
PASS Exact frozen source /workspace/scratch/a29d03198654/Aether/candidates/round40-exclusive-20260930/project/assets/lake49/island_near_left__island_near_left_pine_02_branch_00_01.mesh
PASS Exact frozen source /workspace/scratch/a29d03198654/Aether/candidates/round40-exclusive-20260930/project/assets/lake49/island_near_left__island_near_left_pine_02_branch_00_01_collision.res
PASS Exact frozen source /workspace/scratch/a29d03198654/Aether/candidates/round40-exclusive-20260930/project/assets/lake49/island_near_left__island_near_left_pine_02_branch_00_02.mesh
PASS Exact frozen source /workspace/scratch/a29d03198654/Aether/candidates/round40-exclusive-20260930/project/assets/lake49/island_near_left__island_near_left_pine_02_branch_00_02_collision.res
PASS Exact frozen source /workspace/scratch/a29d03198654/Aether/candidates/round40-exclusive-20260930/project/assets/lake49/island_near_left__island_near_left_pine_02_branch_00_03.mesh
PASS Exact frozen source /workspace/scratch/a29d03198654/Aether/candidates/round40-exclusive-20260930/project/assets/lake49/island_near_left__island_near_left_pine_02_branch_00_03_collision.res
PASS Exact frozen source /workspace/scratch/a29d03198654/Aether/candidates/round40-exclusive-20260930/project/assets/lake49/island_near_left__island_near_left_pine_02_branch_00_04.mesh
PASS Exact frozen source /workspace/scratch/a29d03198654/Aether/candidates/round40-exclusive-20260930/project/assets/lake49/island_near_left__island_near_left_pine_02_branch_00_04_collision.res
PASS Exact frozen source /workspace/scratch/a29d03198654/Aether/candidates/round40-exclusive-20260930/project/assets/lake49/island_near_left__island_near_left_pine_02_branch_01_00.mesh
PASS Exact frozen source /workspace/scratch/a29d03198654/Aether/candidates/round40-exclusive-20260930/project/assets/lake49/island_near_left__island_near_left_pine_02_branch_01_00_collision.res
PASS Exact frozen source /workspace/scratch/a29d03198654/Aether/candidates/round40-exclusive-20260930/project/assets/lake49/island_near_left__island_near_left_pine_02_branch_01_01.mesh
PASS Exact frozen source /workspace/scratch/a29d03198654/Aether/candidates/round40-exclusive-20260930/project/assets/lake49/island_near_left__island_near_left_pine_02_branch_01_01_collision.res
PASS Exact frozen source /workspace/scratch/a29d03198654/Aether/candidates/round40-exclusive-20260930/project/assets/lake49/island_near_left__island_near_left_pine_02_branch_01_02.mesh
PASS Exact frozen source /workspace/scratch/a29d03198654/Aether/candidates/round40-exclusive-20260930/project/assets/lake49/island_near_left__island_near_left_pine_02_branch_01_02_collision.res
PASS Exact frozen source /workspace/scratch/a29d03198654/Aether/candidates/round40-exclusive-20260930/project/assets/lake49/island_near_left__island_near_left_pine_02_branch_01_03.mesh
PASS Exact frozen source /workspace/scratch/a29d03198654/Aether/candidates/round40-exclusive-20260930/project/assets/lake49/island_near_left__island_near_left_pine_02_branch_01_03_collision.res
PASS Exact frozen source /workspace/scratch/a29d03198654/Aether/candidates/round40-exclusive-20260930/project/assets/lake49/island_near_left__island_near_left_pine_02_branch_01_04.mesh
PASS Exact frozen source /workspace/scratch/a29d03198654/Aether/candidates/round40-exclusive-20260930/project/assets/lake49/island_near_left__island_near_left_pine_02_branch_01_04_collision.res
PASS Exact frozen source /workspace/scratch/a29d03198654/Aether/candidates/round40-exclusive-20260930/project/assets/lake49/island_near_left__island_near_left_pine_02_branch_02_00.mesh
PASS Exact frozen source /workspace/scratch/a29d03198654/Aether/candidates/round40-exclusive-20260930/project/assets/lake49/island_near_left__island_near_left_pine_02_branch_02_00_collision.res
PASS Exact frozen source /workspace/scratch/a29d03198654/Aether/candidates/round40-exclusive-20260930/project/assets/lake49/island_near_left__island_near_left_pine_02_branch_02_01.mesh
PASS Exact frozen source /workspace/scratch/a29d03198654/Aether/candidates/round40-exclusive-20260930/project/assets/lake49/island_near_left__island_near_left_pine_02_branch_02_01_collision.res
PASS Exact frozen source /workspace/scratch/a29d03198654/Aether/candidates/round40-exclusive-20260930/project/assets/lake49/island_near_left__island_near_left_pine_02_branch_02_02.mesh
PASS Exact frozen source /workspace/scratch/a29d03198654/Aether/candidates/round40-exclusive-20260930/project/assets/lake49/island_near_left__island_near_left_pine_02_branch_02_02_collision.res
PASS Exact frozen source /workspace/scratch/a29d03198654/Aether/candidates/round40-exclusive-20260930/project/assets/lake49/island_near_left__island_near_left_pine_02_branch_02_03.mesh
PASS Exact frozen source /workspace/scratch/a29d03198654/Aether/candidates/round40-exclusive-20260930/project/assets/lake49/island_near_left__island_near_left_pine_02_branch_02_03_collision.res
PASS Exact frozen source /workspace/scratch/a29d03198654/Aether/candidates/round40-exclusive-20260930/project/assets/lake49/island_near_left__island_near_left_pine_02_branch_02_04.mesh
PASS Exact frozen source /workspace/scratch/a29d03198654/Aether/candidates/round40-exclusive-20260930/project/assets/lake49/island_near_left__island_near_left_pine_02_branch_02_04_collision.res
PASS Exact frozen source /workspace/scratch/a29d03198654/Aether/candidates/round40-exclusive-20260930/project/assets/lake49/island_near_left__island_near_left_pine_02_crown_tier_00.mesh
PASS Exact frozen source /workspace/scratch/a29d03198654/Aether/candidates/round40-exclusive-20260930/project/assets/lake49/island_near_left__island_near_left_pine_02_crown_tier_01.mesh
PASS Exact frozen source /workspace/scratch/a29d03198654/Aether/candidates/round40-exclusive-20260930/project/assets/lake49/island_near_left__island_near_left_pine_02_crown_tier_02.mesh
PASS Exact frozen source /workspace/scratch/a29d03198654/Aether/candidates/round40-exclusive-20260930/project/assets/lake49/island_near_left__island_near_left_pine_02_crown_tier_03.mesh
PASS Exact frozen source /workspace/scratch/a29d03198654/Aether/candidates/round40-exclusive-20260930/project/assets/lake49/island_near_left__island_near_left_pine_02_crown_tier_04.mesh
PASS Exact frozen source /workspace/scratch/a29d03198654/Aether/candidates/round40-exclusive-20260930/project/assets/lake49/island_near_left__island_near_left_pine_02_leader.mesh
PASS Exact frozen source /workspace/scratch/a29d03198654/Aether/candidates/round40-exclusive-20260930/project/assets/lake49/island_near_left__island_near_left_pine_02_trunk.mesh
PASS Exact frozen source /workspace/scratch/a29d03198654/Aether/candidates/round40-exclusive-20260930/project/assets/lake49/island_near_left__island_near_left_pine_02_trunk_collision.res
PASS Exact frozen source /workspace/scratch/a29d03198654/Aether/candidates/round40-exclusive-20260930/project/assets/lake49/island_near_left__island_near_left_rockroot.mesh
PASS Exact frozen source /workspace/scratch/a29d03198654/Aether/candidates/round40-exclusive-20260930/project/assets/lake49/island_near_left__island_near_left_rockroot_collision.res
PASS Exact frozen source /workspace/scratch/a29d03198654/Aether/candidates/round40-exclusive-20260930/project/assets/lake49/island_near_left__island_near_left_shoulder.mesh
PASS Exact frozen source /workspace/scratch/a29d03198654/Aether/candidates/round40-exclusive-20260930/project/assets/lake49/island_near_left__island_near_left_shoulder_collision.res
PASS Exact frozen source /workspace/scratch/a29d03198654/Aether/candidates/round40-exclusive-20260930/project/assets/lake49/island_near_left__island_near_left_wetshore_00.mesh
PASS Exact frozen source /workspace/scratch/a29d03198654/Aether/candidates/round40-exclusive-20260930/project/assets/lake49/island_near_left__island_near_left_wetshore_00_collision.res
PASS Exact frozen source /workspace/scratch/a29d03198654/Aether/candidates/round40-exclusive-20260930/project/assets/lake49/island_near_left__island_near_left_wetshore_01.mesh
PASS Exact frozen source /workspace/scratch/a29d03198654/Aether/candidates/round40-exclusive-20260930/project/assets/lake49/island_near_left__island_near_left_wetshore_01_collision.res
PASS Exact frozen source /workspace/scratch/a29d03198654/Aether/candidates/round40-exclusive-20260930/project/assets/lake49/island_near_left__island_near_left_wetshore_02.mesh
PASS Exact frozen source /workspace/scratch/a29d03198654/Aether/candidates/round40-exclusive-20260930/project/assets/lake49/island_near_left__island_near_left_wetshore_02_collision.res
PASS Exact frozen source /workspace/scratch/a29d03198654/Aether/candidates/round40-exclusive-20260930/project/assets/lake49/island_near_left__island_near_left_wetshore_03.mesh
PASS Exact frozen source /workspace/scratch/a29d03198654/Aether/candidates/round40-exclusive-20260930/project/assets/lake49/island_near_left__island_near_left_wetshore_03_collision.res
PASS Exact frozen source /workspace/scratch/a29d03198654/Aether/candidates/round40-exclusive-20260930/project/assets/lake49/island_near_left__island_near_left_wetshore_04.mesh
PASS Exact frozen source /workspace/scratch/a29d03198654/Aether/candidates/round40-exclusive-20260930/project/assets/lake49/island_near_left__island_near_left_wetshore_04_collision.res
PASS Exact frozen source /workspace/scratch/a29d03198654/Aether/candidates/round40-exclusive-20260930/project/assets/lake49/island_near_left__island_near_left_wetshore_05.mesh
PASS Exact frozen source /workspace/scratch/a29d03198654/Aether/candidates/round40-exclusive-20260930/project/assets/lake49/island_near_left__island_near_left_wetshore_05_collision.res
PASS Exact frozen source /workspace/scratch/a29d03198654/Aether/candidates/round40-exclusive-20260930/project/assets/lake49/island_near_right__island_near_right_grasscap_east.mesh
PASS Exact frozen source /workspace/scratch/a29d03198654/Aether/candidates/round40-exclusive-20260930/project/assets/lake49/island_near_right__island_near_right_grasscap_west.mesh
PASS Exact frozen source /workspace/scratch/a29d03198654/Aether/candidates/round40-exclusive-20260930/project/assets/lake49/island_near_right__island_near_right_pine_01_branch_00_00.mesh
PASS Exact frozen source /workspace/scratch/a29d03198654/Aether/candidates/round40-exclusive-20260930/project/assets/lake49/island_near_right__island_near_right_pine_01_branch_00_00_collision.res
PASS Exact frozen source /workspace/scratch/a29d03198654/Aether/candidates/round40-exclusive-20260930/project/assets/lake49/island_near_right__island_near_right_pine_01_branch_00_01.mesh
PASS Exact frozen source /workspace/scratch/a29d03198654/Aether/candidates/round40-exclusive-20260930/project/assets/lake49/island_near_right__island_near_right_pine_01_branch_00_01_collision.res
PASS Exact frozen source /workspace/scratch/a29d03198654/Aether/candidates/round40-exclusive-20260930/project/assets/lake49/island_near_right__island_near_right_pine_01_branch_00_02.mesh
PASS Exact frozen source /workspace/scratch/a29d03198654/Aether/candidates/round40-exclusive-20260930/project/assets/lake49/island_near_right__island_near_right_pine_01_branch_00_02_collision.res
PASS Exact frozen source /workspace/scratch/a29d03198654/Aether/candidates/round40-exclusive-20260930/project/assets/lake49/island_near_right__island_near_right_pine_01_branch_00_03.mesh
PASS Exact frozen source /workspace/scratch/a29d03198654/Aether/candidates/round40-exclusive-20260930/project/assets/lake49/island_near_right__island_near_right_pine_01_branch_00_03_collision.res
PASS Exact frozen source /workspace/scratch/a29d03198654/Aether/candidates/round40-exclusive-20260930/project/assets/lake49/island_near_right__island_near_right_pine_01_branch_00_04.mesh
PASS Exact frozen source /workspace/scratch/a29d03198654/Aether/candidates/round40-exclusive-20260930/project/assets/lake49/island_near_right__island_near_right_pine_01_branch_00_04_collision.res
PASS Exact frozen source /workspace/scratch/a29d03198654/Aether/candidates/round40-exclusive-20260930/project/assets/lake49/island_near_right__island_near_right_pine_01_branch_01_00.mesh
PASS Exact frozen source /workspace/scratch/a29d03198654/Aether/candidates/round40-exclusive-20260930/project/assets/lake49/island_near_right__island_near_right_pine_01_branch_01_00_collision.res
PASS Exact frozen source /workspace/scratch/a29d03198654/Aether/candidates/round40-exclusive-20260930/project/assets/lake49/island_near_right__island_near_right_pine_01_branch_01_01.mesh
PASS Exact frozen source /workspace/scratch/a29d03198654/Aether/candidates/round40-exclusive-20260930/project/assets/lake49/island_near_right__island_near_right_pine_01_branch_01_01_collision.res
PASS Exact frozen source /workspace/scratch/a29d03198654/Aether/candidates/round40-exclusive-20260930/project/assets/lake49/island_near_right__island_near_right_pine_01_branch_01_02.mesh
PASS Exact frozen source /workspace/scratch/a29d03198654/Aether/candidates/round40-exclusive-20260930/project/assets/lake49/island_near_right__island_near_right_pine_01_branch_01_02_collision.res
PASS Exact frozen source /workspace/scratch/a29d03198654/Aether/candidates/round40-exclusive-20260930/project/assets/lake49/island_near_right__island_near_right_pine_01_branch_01_03.mesh
PASS Exact frozen source /workspace/scratch/a29d03198654/Aether/candidates/round40-exclusive-20260930/project/assets/lake49/island_near_right__island_near_right_pine_01_branch_01_03_collision.res
PASS Exact frozen source /workspace/scratch/a29d03198654/Aether/candidates/round40-exclusive-20260930/project/assets/lake49/island_near_right__island_near_right_pine_01_branch_01_04.mesh
PASS Exact frozen source /workspace/scratch/a29d03198654/Aether/candidates/round40-exclusive-20260930/project/assets/lake49/island_near_right__island_near_right_pine_01_branch_01_04_collision.res
PASS Exact frozen source /workspace/scratch/a29d03198654/Aether/candidates/round40-exclusive-20260930/project/assets/lake49/island_near_right__island_near_right_pine_01_branch_02_00.mesh
PASS Exact frozen source /workspace/scratch/a29d03198654/Aether/candidates/round40-exclusive-20260930/project/assets/lake49/island_near_right__island_near_right_pine_01_branch_02_00_collision.res
PASS Exact frozen source /workspace/scratch/a29d03198654/Aether/candidates/round40-exclusive-20260930/project/assets/lake49/island_near_right__island_near_right_pine_01_branch_02_01.mesh
PASS Exact frozen source /workspace/scratch/a29d03198654/Aether/candidates/round40-exclusive-20260930/project/assets/lake49/island_near_right__island_near_right_pine_01_branch_02_01_collision.res
PASS Exact frozen source /workspace/scratch/a29d03198654/Aether/candidates/round40-exclusive-20260930/project/assets/lake49/island_near_right__island_near_right_pine_01_branch_02_02.mesh
PASS Exact frozen source /workspace/scratch/a29d03198654/Aether/candidates/round40-exclusive-20260930/project/assets/lake49/island_near_right__island_near_right_pine_01_branch_02_02_collision.res
PASS Exact frozen source /workspace/scratch/a29d03198654/Aether/candidates/round40-exclusive-20260930/project/assets/lake49/island_near_right__island_near_right_pine_01_branch_02_03.mesh
PASS Exact frozen source /workspace/scratch/a29d03198654/Aether/candidates/round40-exclusive-20260930/project/assets/lake49/island_near_right__island_near_right_pine_01_branch_02_03_collision.res
PASS Exact frozen source /workspace/scratch/a29d03198654/Aether/candidates/round40-exclusive-20260930/project/assets/lake49/island_near_right__island_near_right_pine_01_branch_02_04.mesh
PASS Exact frozen source /workspace/scratch/a29d03198654/Aether/candidates/round40-exclusive-20260930/project/assets/lake49/island_near_right__island_near_right_pine_01_branch_02_04_collision.res
PASS Exact frozen source /workspace/scratch/a29d03198654/Aether/candidates/round40-exclusive-20260930/project/assets/lake49/island_near_right__island_near_right_pine_01_crown_tier_00.mesh
PASS Exact frozen source /workspace/scratch/a29d03198654/Aether/candidates/round40-exclusive-20260930/project/assets/lake49/island_near_right__island_near_right_pine_01_crown_tier_01.mesh
PASS Exact frozen source /workspace/scratch/a29d03198654/Aether/candidates/round40-exclusive-20260930/project/assets/lake49/island_near_right__island_near_right_pine_01_crown_tier_02.mesh
PASS Exact frozen source /workspace/scratch/a29d03198654/Aether/candidates/round40-exclusive-20260930/project/assets/lake49/island_near_right__island_near_right_pine_01_crown_tier_03.mesh
PASS Exact frozen source /workspace/scratch/a29d03198654/Aether/candidates/round40-exclusive-20260930/project/assets/lake49/island_near_right__island_near_right_pine_01_crown_tier_04.mesh
PASS Exact frozen source /workspace/scratch/a29d03198654/Aether/candidates/round40-exclusive-20260930/project/assets/lake49/island_near_right__island_near_right_pine_01_leader.mesh
PASS Exact frozen source /workspace/scratch/a29d03198654/Aether/candidates/round40-exclusive-20260930/project/assets/lake49/island_near_right__island_near_right_pine_01_trunk.mesh
PASS Exact frozen source /workspace/scratch/a29d03198654/Aether/candidates/round40-exclusive-20260930/project/assets/lake49/island_near_right__island_near_right_pine_01_trunk_collision.res
PASS Exact frozen source /workspace/scratch/a29d03198654/Aether/candidates/round40-exclusive-20260930/project/assets/lake49/island_near_right__island_near_right_pine_02_branch_00_00.mesh
PASS Exact frozen source /workspace/scratch/a29d03198654/Aether/candidates/round40-exclusive-20260930/project/assets/lake49/island_near_right__island_near_right_pine_02_branch_00_00_collision.res
PASS Exact frozen source /workspace/scratch/a29d03198654/Aether/candidates/round40-exclusive-20260930/project/assets/lake49/island_near_right__island_near_right_pine_02_branch_00_01.mesh
PASS Exact frozen source /workspace/scratch/a29d03198654/Aether/candidates/round40-exclusive-20260930/project/assets/lake49/island_near_right__island_near_right_pine_02_branch_00_01_collision.res
PASS Exact frozen source /workspace/scratch/a29d03198654/Aether/candidates/round40-exclusive-20260930/project/assets/lake49/island_near_right__island_near_right_pine_02_branch_00_02.mesh
PASS Exact frozen source /workspace/scratch/a29d03198654/Aether/candidates/round40-exclusive-20260930/project/assets/lake49/island_near_right__island_near_right_pine_02_branch_00_02_collision.res
PASS Exact frozen source /workspace/scratch/a29d03198654/Aether/candidates/round40-exclusive-20260930/project/assets/lake49/island_near_right__island_near_right_pine_02_branch_00_03.mesh
PASS Exact frozen source /workspace/scratch/a29d03198654/Aether/candidates/round40-exclusive-20260930/project/assets/lake49/island_near_right__island_near_right_pine_02_branch_00_03_collision.res
PASS Exact frozen source /workspace/scratch/a29d03198654/Aether/candidates/round40-exclusive-20260930/project/assets/lake49/island_near_right__island_near_right_pine_02_branch_00_04.mesh
PASS Exact frozen source /workspace/scratch/a29d03198654/Aether/candidates/round40-exclusive-20260930/project/assets/lake49/island_near_right__island_near_right_pine_02_branch_00_04_collision.res
PASS Exact frozen source /workspace/scratch/a29d03198654/Aether/candidates/round40-exclusive-20260930/project/assets/lake49/island_near_right__island_near_right_pine_02_branch_01_00.mesh
PASS Exact frozen source /workspace/scratch/a29d03198654/Aether/candidates/round40-exclusive-20260930/project/assets/lake49/island_near_right__island_near_right_pine_02_branch_01_00_collision.res
PASS Exact frozen source /workspace/scratch/a29d03198654/Aether/candidates/round40-exclusive-20260930/project/assets/lake49/island_near_right__island_near_right_pine_02_branch_01_01.mesh
PASS Exact frozen source /workspace/scratch/a29d03198654/Aether/candidates/round40-exclusive-20260930/project/assets/lake49/island_near_right__island_near_right_pine_02_branch_01_01_collision.res
PASS Exact frozen source /workspace/scratch/a29d03198654/Aether/candidates/round40-exclusive-20260930/project/assets/lake49/island_near_right__island_near_right_pine_02_branch_01_02.mesh
PASS Exact frozen source /workspace/scratch/a29d03198654/Aether/candidates/round40-exclusive-20260930/project/assets/lake49/island_near_right__island_near_right_pine_02_branch_01_02_collision.res
PASS Exact frozen source /workspace/scratch/a29d03198654/Aether/candidates/round40-exclusive-20260930/project/assets/lake49/island_near_right__island_near_right_pine_02_branch_01_03.mesh
PASS Exact frozen source /workspace/scratch/a29d03198654/Aether/candidates/round40-exclusive-20260930/project/assets/lake49/island_near_right__island_near_right_pine_02_branch_01_03_collision.res
PASS Exact frozen source /workspace/scratch/a29d03198654/Aether/candidates/round40-exclusive-20260930/project/assets/lake49/island_near_right__island_near_right_pine_02_branch_01_04.mesh
PASS Exact frozen source /workspace/scratch/a29d03198654/Aether/candidates/round40-exclusive-20260930/project/assets/lake49/island_near_right__island_near_right_pine_02_branch_01_04_collision.res
PASS Exact frozen source /workspace/scratch/a29d03198654/Aether/candidates/round40-exclusive-20260930/project/assets/lake49/island_near_right__island_near_right_pine_02_branch_02_00.mesh
PASS Exact frozen source /workspace/scratch/a29d03198654/Aether/candidates/round40-exclusive-20260930/project/assets/lake49/island_near_right__island_near_right_pine_02_branch_02_00_collision.res
PASS Exact frozen source /workspace/scratch/a29d03198654/Aether/candidates/round40-exclusive-20260930/project/assets/lake49/island_near_right__island_near_right_pine_02_branch_02_01.mesh
PASS Exact frozen source /workspace/scratch/a29d03198654/Aether/candidates/round40-exclusive-20260930/project/assets/lake49/island_near_right__island_near_right_pine_02_branch_02_01_collision.res
PASS Exact frozen source /workspace/scratch/a29d03198654/Aether/candidates/round40-exclusive-20260930/project/assets/lake49/island_near_right__island_near_right_pine_02_branch_02_02.mesh
PASS Exact frozen source /workspace/scratch/a29d03198654/Aether/candidates/round40-exclusive-20260930/project/assets/lake49/island_near_right__island_near_right_pine_02_branch_02_02_collision.res
PASS Exact frozen source /workspace/scratch/a29d03198654/Aether/candidates/round40-exclusive-20260930/project/assets/lake49/island_near_right__island_near_right_pine_02_branch_02_03.mesh
PASS Exact frozen source /workspace/scratch/a29d03198654/Aether/candidates/round40-exclusive-20260930/project/assets/lake49/island_near_right__island_near_right_pine_02_branch_02_03_collision.res
PASS Exact frozen source /workspace/scratch/a29d03198654/Aether/candidates/round40-exclusive-20260930/project/assets/lake49/island_near_right__island_near_right_pine_02_branch_02_04.mesh
PASS Exact frozen source /workspace/scratch/a29d03198654/Aether/candidates/round40-exclusive-20260930/project/assets/lake49/island_near_right__island_near_right_pine_02_branch_02_04_collision.res
PASS Exact frozen source /workspace/scratch/a29d03198654/Aether/candidates/round40-exclusive-20260930/project/assets/lake49/island_near_right__island_near_right_pine_02_crown_tier_00.mesh
PASS Exact frozen source /workspace/scratch/a29d03198654/Aether/candidates/round40-exclusive-20260930/project/assets/lake49/island_near_right__island_near_right_pine_02_crown_tier_01.mesh
PASS Exact frozen source /workspace/scratch/a29d03198654/Aether/candidates/round40-exclusive-20260930/project/assets/lake49/island_near_right__island_near_right_pine_02_crown_tier_02.mesh
PASS Exact frozen source /workspace/scratch/a29d03198654/Aether/candidates/round40-exclusive-20260930/project/assets/lake49/island_near_right__island_near_right_pine_02_crown_tier_03.mesh
PASS Exact frozen source /workspace/scratch/a29d03198654/Aether/candidates/round40-exclusive-20260930/project/assets/lake49/island_near_right__island_near_right_pine_02_crown_tier_04.mesh
PASS Exact frozen source /workspace/scratch/a29d03198654/Aether/candidates/round40-exclusive-20260930/project/assets/lake49/island_near_right__island_near_right_pine_02_leader.mesh
PASS Exact frozen source /workspace/scratch/a29d03198654/Aether/candidates/round40-exclusive-20260930/project/assets/lake49/island_near_right__island_near_right_pine_02_trunk.mesh
PASS Exact frozen source /workspace/scratch/a29d03198654/Aether/candidates/round40-exclusive-20260930/project/assets/lake49/island_near_right__island_near_right_pine_02_trunk_collision.res
PASS Exact frozen source /workspace/scratch/a29d03198654/Aether/candidates/round40-exclusive-20260930/project/assets/lake49/island_near_right__island_near_right_rockroot.mesh
PASS Exact frozen source /workspace/scratch/a29d03198654/Aether/candidates/round40-exclusive-20260930/project/assets/lake49/island_near_right__island_near_right_rockroot_collision.res
PASS Exact frozen source /workspace/scratch/a29d03198654/Aether/candidates/round40-exclusive-20260930/project/assets/lake49/island_near_right__island_near_right_shoulder.mesh
PASS Exact frozen source /workspace/scratch/a29d03198654/Aether/candidates/round40-exclusive-20260930/project/assets/lake49/island_near_right__island_near_right_shoulder_collision.res
PASS Exact frozen source /workspace/scratch/a29d03198654/Aether/candidates/round40-exclusive-20260930/project/assets/lake49/island_near_right__island_near_right_wetshore_00.mesh
PASS Exact frozen source /workspace/scratch/a29d03198654/Aether/candidates/round40-exclusive-20260930/project/assets/lake49/island_near_right__island_near_right_wetshore_00_collision.res
PASS Exact frozen source /workspace/scratch/a29d03198654/Aether/candidates/round40-exclusive-20260930/project/assets/lake49/island_near_right__island_near_right_wetshore_01.mesh
PASS Exact frozen source /workspace/scratch/a29d03198654/Aether/candidates/round40-exclusive-20260930/project/assets/lake49/island_near_right__island_near_right_wetshore_01_collision.res
PASS Exact frozen source /workspace/scratch/a29d03198654/Aether/candidates/round40-exclusive-20260930/project/assets/lake49/island_near_right__island_near_right_wetshore_02.mesh
PASS Exact frozen source /workspace/scratch/a29d03198654/Aether/candidates/round40-exclusive-20260930/project/assets/lake49/island_near_right__island_near_right_wetshore_02_collision.res
PASS Exact frozen source /workspace/scratch/a29d03198654/Aether/candidates/round40-exclusive-20260930/project/assets/lake49/island_near_right__island_near_right_wetshore_03.mesh
PASS Exact frozen source /workspace/scratch/a29d03198654/Aether/candidates/round40-exclusive-20260930/project/assets/lake49/island_near_right__island_near_right_wetshore_03_collision.res
PASS Exact frozen source /workspace/scratch/a29d03198654/Aether/candidates/round40-exclusive-20260930/project/assets/lake49/island_near_right__island_near_right_wetshore_04.mesh
PASS Exact frozen source /workspace/scratch/a29d03198654/Aether/candidates/round40-exclusive-20260930/project/assets/lake49/island_near_right__island_near_right_wetshore_04_collision.res
PASS Exact frozen source /workspace/scratch/a29d03198654/Aether/candidates/round40-exclusive-20260930/project/assets/lake49/island_near_right__island_near_right_wetshore_05.mesh
PASS Exact frozen source /workspace/scratch/a29d03198654/Aether/candidates/round40-exclusive-20260930/project/assets/lake49/island_near_right__island_near_right_wetshore_05_collision.res
PASS Exact frozen source /workspace/scratch/a29d03198654/Aether/candidates/round40-exclusive-20260930/project/assets/lake_depth50/foreground_rock_height_025m.res
PASS Exact frozen source /workspace/scratch/a29d03198654/Aether/candidates/round40-exclusive-20260930/project/assets/lake_depth50/island_far_middle_height_025m.res
PASS Exact frozen source /workspace/scratch/a29d03198654/Aether/candidates/round40-exclusive-20260930/project/assets/lake_depth50/island_near_left_height_025m.res
PASS Exact frozen source /workspace/scratch/a29d03198654/Aether/candidates/round40-exclusive-20260930/project/assets/lake_depth50/island_near_right_height_025m.res
PASS Exact frozen source /workspace/scratch/a29d03198654/Aether/candidates/round40-exclusive-20260930/project/assets/lake_depth50/lake_height_base_1m.res
PASS Exact frozen source /workspace/scratch/a29d03198654/Aether/candidates/round40-exclusive-20260930/project/assets/meshes/bush.res
PASS Exact frozen source /workspace/scratch/a29d03198654/Aether/candidates/round40-exclusive-20260930/project/assets/meshes/oak.res
PASS Exact frozen source /workspace/scratch/a29d03198654/Aether/candidates/round40-exclusive-20260930/project/assets/meshes/poplar.res
PASS Exact frozen source /workspace/scratch/a29d03198654/Aether/candidates/round40-exclusive-20260930/project/assets/meshes/rock.res
PASS Exact frozen source /workspace/scratch/a29d03198654/Aether/candidates/round40-exclusive-20260930/project/assets/observation55/lake_observation_poses.json
PASS Exact frozen source /workspace/scratch/a29d03198654/Aether/candidates/round40-exclusive-20260930/project/assets/observation60/cloud_observation_pose.json
PASS Exact frozen source /workspace/scratch/a29d03198654/Aether/candidates/round40-exclusive-20260930/project/assets/reflection51b/clip_material_000.tres
PASS Exact frozen source /workspace/scratch/a29d03198654/Aether/candidates/round40-exclusive-20260930/project/assets/reflection51b/clip_material_001.tres
PASS Exact frozen source /workspace/scratch/a29d03198654/Aether/candidates/round40-exclusive-20260930/project/assets/reflection51b/clip_material_002.tres
PASS Exact frozen source /workspace/scratch/a29d03198654/Aether/candidates/round40-exclusive-20260930/project/assets/reflection51b/clip_material_003.tres
PASS Exact frozen source /workspace/scratch/a29d03198654/Aether/candidates/round40-exclusive-20260930/project/assets/reflection51b/clip_material_004.tres
PASS Exact frozen source /workspace/scratch/a29d03198654/Aether/candidates/round40-exclusive-20260930/project/assets/reflection51b/clip_material_005.tres
PASS Exact frozen source /workspace/scratch/a29d03198654/Aether/candidates/round40-exclusive-20260930/project/assets/reflection51b/clip_material_006.tres
PASS Exact frozen source /workspace/scratch/a29d03198654/Aether/candidates/round40-exclusive-20260930/project/assets/reflection51b/clip_material_007.tres
PASS Exact frozen source /workspace/scratch/a29d03198654/Aether/candidates/round40-exclusive-20260930/project/assets/reflection51b/clip_material_008.tres
PASS Exact frozen source /workspace/scratch/a29d03198654/Aether/candidates/round40-exclusive-20260930/project/assets/reflection51b/clip_material_009.tres
PASS Exact frozen source /workspace/scratch/a29d03198654/Aether/candidates/round40-exclusive-20260930/project/assets/reflection51b/clip_material_010.tres
PASS Exact frozen source /workspace/scratch/a29d03198654/Aether/candidates/round40-exclusive-20260930/project/assets/reflection51b/clip_material_011.tres
PASS Exact frozen source /workspace/scratch/a29d03198654/Aether/candidates/round40-exclusive-20260930/project/assets/reflection51b/clip_material_012.tres
PASS Exact frozen source /workspace/scratch/a29d03198654/Aether/candidates/round40-exclusive-20260930/project/assets/reflection51b/clip_material_013.tres
PASS Exact frozen source /workspace/scratch/a29d03198654/Aether/candidates/round40-exclusive-20260930/project/assets/reflection51b/clip_material_014.tres
PASS Exact frozen source /workspace/scratch/a29d03198654/Aether/candidates/round40-exclusive-20260930/project/assets/reflection51b/clip_material_015.tres
PASS Exact frozen source /workspace/scratch/a29d03198654/Aether/candidates/round40-exclusive-20260930/project/assets/reflection51b/clip_material_016.tres
PASS Exact frozen source /workspace/scratch/a29d03198654/Aether/candidates/round40-exclusive-20260930/project/assets/reflection51b/clip_material_017.tres
PASS Exact frozen source /workspace/scratch/a29d03198654/Aether/candidates/round40-exclusive-20260930/project/assets/reflection51b/clip_material_018.tres
PASS Exact frozen source /workspace/scratch/a29d03198654/Aether/candidates/round40-exclusive-20260930/project/assets/reflection51b/clip_material_019.tres
PASS Exact frozen source /workspace/scratch/a29d03198654/Aether/candidates/round40-exclusive-20260930/project/assets/reflection51b/clip_material_020.tres
PASS Exact frozen source /workspace/scratch/a29d03198654/Aether/candidates/round40-exclusive-20260930/project/assets/reflection51b/clip_material_021.tres
PASS Exact frozen source /workspace/scratch/a29d03198654/Aether/candidates/round40-exclusive-20260930/project/assets/reflection51b/clip_material_022.tres
PASS Exact frozen source /workspace/scratch/a29d03198654/Aether/candidates/round40-exclusive-20260930/project/assets/reflection51b/clip_material_023.tres
PASS Exact frozen source /workspace/scratch/a29d03198654/Aether/candidates/round40-exclusive-20260930/project/assets/reflection51b/clip_material_024.tres
PASS Exact frozen source /workspace/scratch/a29d03198654/Aether/candidates/round40-exclusive-20260930/project/assets/reflection51b/clip_material_025.tres
PASS Exact frozen source /workspace/scratch/a29d03198654/Aether/candidates/round40-exclusive-20260930/project/assets/reflection51b/clip_material_026.tres
PASS Exact frozen source /workspace/scratch/a29d03198654/Aether/candidates/round40-exclusive-20260930/project/assets/reflection51b/clip_material_027.tres
PASS Exact frozen source /workspace/scratch/a29d03198654/Aether/candidates/round40-exclusive-20260930/project/assets/reflection51b/clip_material_028.tres
PASS Exact frozen source /workspace/scratch/a29d03198654/Aether/candidates/round40-exclusive-20260930/project/assets/reflection51b/clip_material_029.tres
PASS Exact frozen source /workspace/scratch/a29d03198654/Aether/candidates/round40-exclusive-20260930/project/assets/reflection51b/clip_material_030.tres
PASS Exact frozen source /workspace/scratch/a29d03198654/Aether/candidates/round40-exclusive-20260930/project/assets/reflection51b/clip_material_031.tres
PASS Exact frozen source /workspace/scratch/a29d03198654/Aether/candidates/round40-exclusive-20260930/project/assets/reflection51b/clip_material_032.tres
PASS Exact frozen source /workspace/scratch/a29d03198654/Aether/candidates/round40-exclusive-20260930/project/assets/reflection51b/clip_material_033.tres
PASS Exact frozen source /workspace/scratch/a29d03198654/Aether/candidates/round40-exclusive-20260930/project/assets/reflection51b/clip_material_034.tres
PASS Exact frozen source /workspace/scratch/a29d03198654/Aether/candidates/round40-exclusive-20260930/project/assets/reflection51b/clip_material_035.tres
PASS Exact frozen source /workspace/scratch/a29d03198654/Aether/candidates/round40-exclusive-20260930/project/assets/reflection51b/clip_material_036.tres
PASS Exact frozen source /workspace/scratch/a29d03198654/Aether/candidates/round40-exclusive-20260930/project/assets/reflection51b/clip_material_037.tres
PASS Exact frozen source /workspace/scratch/a29d03198654/Aether/candidates/round40-exclusive-20260930/project/assets/reflection51b/clip_material_038.tres
PASS Exact frozen source /workspace/scratch/a29d03198654/Aether/candidates/round40-exclusive-20260930/project/assets/reflection51b/clip_material_039.tres
PASS Exact frozen source /workspace/scratch/a29d03198654/Aether/candidates/round40-exclusive-20260930/project/assets/reflection51b/clip_material_040.tres
PASS Exact frozen source /workspace/scratch/a29d03198654/Aether/candidates/round40-exclusive-20260930/project/assets/reflection51b/clip_material_041.tres
PASS Exact frozen source /workspace/scratch/a29d03198654/Aether/candidates/round40-exclusive-20260930/project/assets/reflection51b/clip_material_042.tres
PASS Exact frozen source /workspace/scratch/a29d03198654/Aether/candidates/round40-exclusive-20260930/project/assets/reflection51b/clip_material_043.tres
PASS Exact frozen source /workspace/scratch/a29d03198654/Aether/candidates/round40-exclusive-20260930/project/assets/reflection51b/clip_material_044.tres
PASS Exact frozen source /workspace/scratch/a29d03198654/Aether/candidates/round40-exclusive-20260930/project/assets/reflection51b/clip_material_045.tres
PASS Exact frozen source /workspace/scratch/a29d03198654/Aether/candidates/round40-exclusive-20260930/project/assets/reflection51b/clip_material_046.tres
PASS Exact frozen source /workspace/scratch/a29d03198654/Aether/candidates/round40-exclusive-20260930/project/assets/reflection51b/clip_material_047.tres
PASS Exact frozen source /workspace/scratch/a29d03198654/Aether/candidates/round40-exclusive-20260930/project/assets/reflection51b/clip_material_048.tres
PASS Exact frozen source /workspace/scratch/a29d03198654/Aether/candidates/round40-exclusive-20260930/project/assets/reflection51b/clip_material_049.tres
PASS Exact frozen source /workspace/scratch/a29d03198654/Aether/candidates/round40-exclusive-20260930/project/assets/reflection51b/clip_material_050.tres
PASS Exact frozen source /workspace/scratch/a29d03198654/Aether/candidates/round40-exclusive-20260930/project/assets/reflection51b/clip_material_051.tres
PASS Exact frozen source /workspace/scratch/a29d03198654/Aether/candidates/round40-exclusive-20260930/project/assets/reflection51b/clip_material_052.tres
PASS Exact frozen source /workspace/scratch/a29d03198654/Aether/candidates/round40-exclusive-20260930/project/assets/reflection51b/clip_material_053.tres
PASS Exact frozen source /workspace/scratch/a29d03198654/Aether/candidates/round40-exclusive-20260930/project/assets/reflection51b/clip_material_054.tres
PASS Exact frozen source /workspace/scratch/a29d03198654/Aether/candidates/round40-exclusive-20260930/project/assets/reflection51b/clip_material_055.tres
PASS Exact frozen source /workspace/scratch/a29d03198654/Aether/candidates/round40-exclusive-20260930/project/assets/reflection51b/clip_material_056.tres
PASS Exact frozen source /workspace/scratch/a29d03198654/Aether/candidates/round40-exclusive-20260930/project/assets/reflection51b/clip_material_057.tres
PASS Exact frozen source /workspace/scratch/a29d03198654/Aether/candidates/round40-exclusive-20260930/project/assets/reflection51b/clip_material_058.tres
PASS Exact frozen source /workspace/scratch/a29d03198654/Aether/candidates/round40-exclusive-20260930/project/assets/reflection51b/clip_material_059.tres
PASS Exact frozen source /workspace/scratch/a29d03198654/Aether/candidates/round40-exclusive-20260930/project/assets/reflection51b/clip_material_060.tres
PASS Exact frozen source /workspace/scratch/a29d03198654/Aether/candidates/round40-exclusive-20260930/project/assets/reflection51b/clip_material_061.tres
PASS Exact frozen source /workspace/scratch/a29d03198654/Aether/candidates/round40-exclusive-20260930/project/assets/reflection51b/clip_material_062.tres
PASS Exact frozen source /workspace/scratch/a29d03198654/Aether/candidates/round40-exclusive-20260930/project/assets/reflection51b/clip_material_063.tres
PASS Exact frozen source /workspace/scratch/a29d03198654/Aether/candidates/round40-exclusive-20260930/project/assets/reflection51b/clip_material_064.tres
PASS Exact frozen source /workspace/scratch/a29d03198654/Aether/candidates/round40-exclusive-20260930/project/assets/reflection51b/clip_material_065.tres
PASS Exact frozen source /workspace/scratch/a29d03198654/Aether/candidates/round40-exclusive-20260930/project/assets/reflection51b/clip_material_066.tres
PASS Exact frozen source /workspace/scratch/a29d03198654/Aether/candidates/round40-exclusive-20260930/project/assets/reflection51b/clip_material_067.tres
PASS Exact frozen source /workspace/scratch/a29d03198654/Aether/candidates/round40-exclusive-20260930/project/assets/reflection51b/clip_material_068.tres
PASS Exact frozen source /workspace/scratch/a29d03198654/Aether/candidates/round40-exclusive-20260930/project/assets/reflection51b/clip_material_069.tres
PASS Exact frozen source /workspace/scratch/a29d03198654/Aether/candidates/round40-exclusive-20260930/project/assets/reflection51b/clip_material_070.tres
PASS Exact frozen source /workspace/scratch/a29d03198654/Aether/candidates/round40-exclusive-20260930/project/assets/reflection51b/clip_material_071.tres
PASS Exact frozen source /workspace/scratch/a29d03198654/Aether/candidates/round40-exclusive-20260930/project/assets/reflection51b/clip_material_072.tres
PASS Exact frozen source /workspace/scratch/a29d03198654/Aether/candidates/round40-exclusive-20260930/project/assets/reflection51b/clip_material_073.tres
PASS Exact frozen source /workspace/scratch/a29d03198654/Aether/candidates/round40-exclusive-20260930/project/assets/reflection51b/clip_material_074.tres
PASS Exact frozen source /workspace/scratch/a29d03198654/Aether/candidates/round40-exclusive-20260930/project/assets/reflection51b/clip_material_075.tres
PASS Exact frozen source /workspace/scratch/a29d03198654/Aether/candidates/round40-exclusive-20260930/project/assets/reflection51b/clip_material_076.tres
PASS Exact frozen source /workspace/scratch/a29d03198654/Aether/candidates/round40-exclusive-20260930/project/assets/reflection51b/clip_material_077.tres
PASS Exact frozen source /workspace/scratch/a29d03198654/Aether/candidates/round40-exclusive-20260930/project/assets/reflection51b/clip_material_078.tres
PASS Exact frozen source /workspace/scratch/a29d03198654/Aether/candidates/round40-exclusive-20260930/project/assets/reflection51b/clip_material_079.tres
PASS Exact frozen source /workspace/scratch/a29d03198654/Aether/candidates/round40-exclusive-20260930/project/assets/reflection51b/clip_material_080.tres
PASS Exact frozen source /workspace/scratch/a29d03198654/Aether/candidates/round40-exclusive-20260930/project/assets/reflection51b/clip_material_081.tres
PASS Exact frozen source /workspace/scratch/a29d03198654/Aether/candidates/round40-exclusive-20260930/project/assets/reflection51b/clip_material_082.tres
PASS Exact frozen source /workspace/scratch/a29d03198654/Aether/candidates/round40-exclusive-20260930/project/assets/reflection51b/clip_material_083.tres
PASS Exact frozen source /workspace/scratch/a29d03198654/Aether/candidates/round40-exclusive-20260930/project/assets/reflection51b/clip_material_084.tres
PASS Exact frozen source /workspace/scratch/a29d03198654/Aether/candidates/round40-exclusive-20260930/project/assets/reflection51b/clip_material_085.tres
PASS Exact frozen source /workspace/scratch/a29d03198654/Aether/candidates/round40-exclusive-20260930/project/assets/reflection51b/clip_material_086.tres
PASS Exact frozen source /workspace/scratch/a29d03198654/Aether/candidates/round40-exclusive-20260930/project/assets/reflection51b/clip_material_087.tres
PASS Exact frozen source /workspace/scratch/a29d03198654/Aether/candidates/round40-exclusive-20260930/project/assets/reflection51b/clip_material_088.tres
PASS Exact frozen source /workspace/scratch/a29d03198654/Aether/candidates/round40-exclusive-20260930/project/assets/reflection51b/clip_material_089.tres
PASS Exact frozen source /workspace/scratch/a29d03198654/Aether/candidates/round40-exclusive-20260930/project/assets/reflection51b/clip_material_090.tres
PASS Exact frozen source /workspace/scratch/a29d03198654/Aether/candidates/round40-exclusive-20260930/project/assets/reflection51b/clip_material_091.tres
PASS Exact frozen source /workspace/scratch/a29d03198654/Aether/candidates/round40-exclusive-20260930/project/assets/reflection51b/clip_material_092.tres
PASS Exact frozen source /workspace/scratch/a29d03198654/Aether/candidates/round40-exclusive-20260930/project/assets/reflection51b/clip_material_093.tres
PASS Exact frozen source /workspace/scratch/a29d03198654/Aether/candidates/round40-exclusive-20260930/project/assets/reflection51b/clip_material_094.tres
PASS Exact frozen source /workspace/scratch/a29d03198654/Aether/candidates/round40-exclusive-20260930/project/assets/reflection51b/clip_material_095.tres
PASS Exact frozen source /workspace/scratch/a29d03198654/Aether/candidates/round40-exclusive-20260930/project/assets/reflection51b/clip_material_096.tres
PASS Exact frozen source /workspace/scratch/a29d03198654/Aether/candidates/round40-exclusive-20260930/project/assets/reflection51b/clip_material_097.tres
PASS Exact frozen source /workspace/scratch/a29d03198654/Aether/candidates/round40-exclusive-20260930/project/assets/reflection51b/clip_material_098.tres
PASS Exact frozen source /workspace/scratch/a29d03198654/Aether/candidates/round40-exclusive-20260930/project/assets/reflection51b/clip_material_099.tres
PASS Exact frozen source /workspace/scratch/a29d03198654/Aether/candidates/round40-exclusive-20260930/project/assets/reflection51b/clip_material_100.tres
PASS Exact frozen source /workspace/scratch/a29d03198654/Aether/candidates/round40-exclusive-20260930/project/assets/reflection51b/clip_material_101.tres
PASS Exact frozen source /workspace/scratch/a29d03198654/Aether/candidates/round40-exclusive-20260930/project/assets/reflection51b/clip_material_102.tres
PASS Exact frozen source /workspace/scratch/a29d03198654/Aether/candidates/round40-exclusive-20260930/project/assets/reflection51b/clip_material_103.tres
PASS Exact frozen source /workspace/scratch/a29d03198654/Aether/candidates/round40-exclusive-20260930/project/assets/reflection51b/clip_material_104.tres
PASS Exact frozen source /workspace/scratch/a29d03198654/Aether/candidates/round40-exclusive-20260930/project/assets/reflection51b/clip_material_105.tres
PASS Exact frozen source /workspace/scratch/a29d03198654/Aether/candidates/round40-exclusive-20260930/project/assets/reflection51b/clip_material_106.tres
PASS Exact frozen source /workspace/scratch/a29d03198654/Aether/candidates/round40-exclusive-20260930/project/assets/reflection51b/clip_material_107.tres
PASS Exact frozen source /workspace/scratch/a29d03198654/Aether/candidates/round40-exclusive-20260930/project/assets/reflection51b/clip_material_108.tres
PASS Exact frozen source /workspace/scratch/a29d03198654/Aether/candidates/round40-exclusive-20260930/project/assets/reflection51b/clip_material_109.tres
PASS Exact frozen source /workspace/scratch/a29d03198654/Aether/candidates/round40-exclusive-20260930/project/assets/reflection51b/clip_material_110.tres
PASS Exact frozen source /workspace/scratch/a29d03198654/Aether/candidates/round40-exclusive-20260930/project/assets/reflection51b/clip_material_111.tres
PASS Exact frozen source /workspace/scratch/a29d03198654/Aether/candidates/round40-exclusive-20260930/project/assets/reflection51b/clip_material_112.tres
PASS Exact frozen source /workspace/scratch/a29d03198654/Aether/candidates/round40-exclusive-20260930/project/assets/reflection51b/clip_material_113.tres
PASS Exact frozen source /workspace/scratch/a29d03198654/Aether/candidates/round40-exclusive-20260930/project/assets/reflection51b/ocean_reflection_material51b.tres
PASS Exact frozen source /workspace/scratch/a29d03198654/Aether/candidates/round40-exclusive-20260930/project/assets/rim53d-west/Grounded_bush_0_-3.res
PASS Exact frozen source /workspace/scratch/a29d03198654/Aether/candidates/round40-exclusive-20260930/project/assets/rim53d-west/Grounded_oak_0_-3.res
PASS Exact frozen source /workspace/scratch/a29d03198654/Aether/candidates/round40-exclusive-20260930/project/assets/rim53d-west/Grounded_poplar_0_-3.res
PASS Exact frozen source /workspace/scratch/a29d03198654/Aether/candidates/round40-exclusive-20260930/project/assets/rim53d-west/Grounded_rock_0_-3.res
PASS Exact frozen source /workspace/scratch/a29d03198654/Aether/candidates/round40-exclusive-20260930/project/assets/rim53d-west/massif_west_spur_collision.res
PASS Exact frozen source /workspace/scratch/a29d03198654/Aether/candidates/round40-exclusive-20260930/project/assets/rim53d-west/ridge_shoulders.mesh
PASS Exact frozen source /workspace/scratch/a29d03198654/Aether/candidates/round40-exclusive-20260930/project/assets/rim53d-west/shore_rock_apron.mesh
PASS Exact frozen source /workspace/scratch/a29d03198654/Aether/candidates/round40-exclusive-20260930/project/assets/rim53d-west/snow_cap.mesh
PASS Exact frozen source /workspace/scratch/a29d03198654/Aether/candidates/round40-exclusive-20260930/project/assets/rim53d-west/snow_gully.mesh
PASS Exact frozen source /workspace/scratch/a29d03198654/Aether/candidates/round40-exclusive-20260930/project/assets/scatter/Arranged_oak_-1_-2.res
PASS Exact frozen source /workspace/scratch/a29d03198654/Aether/candidates/round40-exclusive-20260930/project/assets/scatter/Arranged_oak_-1_-3.res
PASS Exact frozen source /workspace/scratch/a29d03198654/Aether/candidates/round40-exclusive-20260930/project/assets/scatter/Arranged_oak_-1_-4.res
PASS Exact frozen source /workspace/scratch/a29d03198654/Aether/candidates/round40-exclusive-20260930/project/assets/scatter/Arranged_oak_-1_-5.res
PASS Exact frozen source /workspace/scratch/a29d03198654/Aether/candidates/round40-exclusive-20260930/project/assets/scatter/Arranged_oak_-2_-1.res
PASS Exact frozen source /workspace/scratch/a29d03198654/Aether/candidates/round40-exclusive-20260930/project/assets/scatter/Arranged_oak_-2_-4.res
PASS Exact frozen source /workspace/scratch/a29d03198654/Aether/candidates/round40-exclusive-20260930/project/assets/scatter/Arranged_oak_-4_-3.res
PASS Exact frozen source /workspace/scratch/a29d03198654/Aether/candidates/round40-exclusive-20260930/project/assets/scatter/Arranged_oak_3_-1.res
PASS Exact frozen source /workspace/scratch/a29d03198654/Aether/candidates/round40-exclusive-20260930/project/assets/scatter/Arranged_oak_3_-2.res
PASS Exact frozen source /workspace/scratch/a29d03198654/Aether/candidates/round40-exclusive-20260930/project/assets/scatter/Arranged_oak_3_-3.res
PASS Exact frozen source /workspace/scratch/a29d03198654/Aether/candidates/round40-exclusive-20260930/project/assets/scatter/Arranged_poplar_-1_-2.res
PASS Exact frozen source /workspace/scratch/a29d03198654/Aether/candidates/round40-exclusive-20260930/project/assets/scatter/Arranged_poplar_-1_-3.res
PASS Exact frozen source /workspace/scratch/a29d03198654/Aether/candidates/round40-exclusive-20260930/project/assets/scatter/Arranged_poplar_-1_-4.res
PASS Exact frozen source /workspace/scratch/a29d03198654/Aether/candidates/round40-exclusive-20260930/project/assets/scatter/Arranged_poplar_-1_-5.res
PASS Exact frozen source /workspace/scratch/a29d03198654/Aether/candidates/round40-exclusive-20260930/project/assets/scatter/Arranged_poplar_-2_-1.res
PASS Exact frozen source /workspace/scratch/a29d03198654/Aether/candidates/round40-exclusive-20260930/project/assets/scatter/Arranged_poplar_-2_-2.res
PASS Exact frozen source /workspace/scratch/a29d03198654/Aether/candidates/round40-exclusive-20260930/project/assets/scatter/Arranged_poplar_-2_-4.res
PASS Exact frozen source /workspace/scratch/a29d03198654/Aether/candidates/round40-exclusive-20260930/project/assets/scatter/Arranged_poplar_-4_-3.res
PASS Exact frozen source /workspace/scratch/a29d03198654/Aether/candidates/round40-exclusive-20260930/project/assets/scatter/Arranged_poplar_3_-1.res
PASS Exact frozen source /workspace/scratch/a29d03198654/Aether/candidates/round40-exclusive-20260930/project/assets/scatter/Arranged_poplar_3_-3.res
PASS Exact frozen source /workspace/scratch/a29d03198654/Aether/candidates/round40-exclusive-20260930/project/assets/scatter/Authored_AlpineValleyWoods.res
PASS Exact frozen source /workspace/scratch/a29d03198654/Aether/candidates/round40-exclusive-20260930/project/assets/scatter/Authored_CitadelOrchard.res
PASS Exact frozen source /workspace/scratch/a29d03198654/Aether/candidates/round40-exclusive-20260930/project/assets/scatter/Authored_EastRoadTrees.res
PASS Exact frozen source /workspace/scratch/a29d03198654/Aether/candidates/round40-exclusive-20260930/project/assets/scatter/Authored_EasternShoreWoods.res
PASS Exact frozen source /workspace/scratch/a29d03198654/Aether/candidates/round40-exclusive-20260930/project/assets/scatter/Authored_LakeBendWoods.res
PASS Exact frozen source /workspace/scratch/a29d03198654/Aether/candidates/round40-exclusive-20260930/project/assets/scatter/Authored_MesaUpperValley.res
PASS Exact frozen source /workspace/scratch/a29d03198654/Aether/candidates/round40-exclusive-20260930/project/assets/scatter/Authored_MiddleMeadowTrees.res
PASS Exact frozen source /workspace/scratch/a29d03198654/Aether/candidates/round40-exclusive-20260930/project/assets/scatter/Authored_NearMeadowOak.res
PASS Exact frozen source /workspace/scratch/a29d03198654/Aether/candidates/round40-exclusive-20260930/project/assets/scatter/Authored_WestRoadCopse.res
PASS Exact frozen source /workspace/scratch/a29d03198654/Aether/candidates/round40-exclusive-20260930/project/assets/scatter/Authored_WestShoreOaks.res
PASS Exact frozen source /workspace/scratch/a29d03198654/Aether/candidates/round40-exclusive-20260930/project/assets/scatter/Authored_WestVillageWoods.res
PASS Exact frozen source /workspace/scratch/a29d03198654/Aether/candidates/round40-exclusive-20260930/project/assets/scatter/Authored_WesternValleyWoods.res
PASS Exact frozen source /workspace/scratch/a29d03198654/Aether/candidates/round40-exclusive-20260930/project/assets/scatter/Composed_bush_-1_-1.res
PASS Exact frozen source /workspace/scratch/a29d03198654/Aether/candidates/round40-exclusive-20260930/project/assets/scatter/Composed_rock_-1_-1.res
PASS Exact frozen source /workspace/scratch/a29d03198654/Aether/candidates/round40-exclusive-20260930/project/assets/scatter/Grounded_Authored_EastMeadowCopse.res
PASS Exact frozen source /workspace/scratch/a29d03198654/Aether/candidates/round40-exclusive-20260930/project/assets/scatter/Grounded_Authored_NearMeadowShrubs.res
PASS Exact frozen source /workspace/scratch/a29d03198654/Aether/candidates/round40-exclusive-20260930/project/assets/scatter/Grounded_bush_-1_-10.res
PASS Exact frozen source /workspace/scratch/a29d03198654/Aether/candidates/round40-exclusive-20260930/project/assets/scatter/Grounded_bush_-1_-2.res
PASS Exact frozen source /workspace/scratch/a29d03198654/Aether/candidates/round40-exclusive-20260930/project/assets/scatter/Grounded_bush_-1_-3.res
PASS Exact frozen source /workspace/scratch/a29d03198654/Aether/candidates/round40-exclusive-20260930/project/assets/scatter/Grounded_bush_-1_-4.res
PASS Exact frozen source /workspace/scratch/a29d03198654/Aether/candidates/round40-exclusive-20260930/project/assets/scatter/Grounded_bush_-1_-5.res
PASS Exact frozen source /workspace/scratch/a29d03198654/Aether/candidates/round40-exclusive-20260930/project/assets/scatter/Grounded_bush_-1_-6.res
PASS Exact frozen source /workspace/scratch/a29d03198654/Aether/candidates/round40-exclusive-20260930/project/assets/scatter/Grounded_bush_-1_-7.res
PASS Exact frozen source /workspace/scratch/a29d03198654/Aether/candidates/round40-exclusive-20260930/project/assets/scatter/Grounded_bush_-1_-8.res
PASS Exact frozen source /workspace/scratch/a29d03198654/Aether/candidates/round40-exclusive-20260930/project/assets/scatter/Grounded_bush_-1_-9.res
PASS Exact frozen source /workspace/scratch/a29d03198654/Aether/candidates/round40-exclusive-20260930/project/assets/scatter/Grounded_bush_-1_0.res
PASS Exact frozen source /workspace/scratch/a29d03198654/Aether/candidates/round40-exclusive-20260930/project/assets/scatter/Grounded_bush_-1_1.res
PASS Exact frozen source /workspace/scratch/a29d03198654/Aether/candidates/round40-exclusive-20260930/project/assets/scatter/Grounded_bush_-1_2.res
PASS Exact frozen source /workspace/scratch/a29d03198654/Aether/candidates/round40-exclusive-20260930/project/assets/scatter/Grounded_bush_-1_3.res
PASS Exact frozen source /workspace/scratch/a29d03198654/Aether/candidates/round40-exclusive-20260930/project/assets/scatter/Grounded_bush_-1_4.res
PASS Exact frozen source /workspace/scratch/a29d03198654/Aether/candidates/round40-exclusive-20260930/project/assets/scatter/Grounded_bush_-1_5.res
PASS Exact frozen source /workspace/scratch/a29d03198654/Aether/candidates/round40-exclusive-20260930/project/assets/scatter/Grounded_bush_-2_-1.res
PASS Exact frozen source /workspace/scratch/a29d03198654/Aether/candidates/round40-exclusive-20260930/project/assets/scatter/Grounded_bush_-2_-10.res
PASS Exact frozen source /workspace/scratch/a29d03198654/Aether/candidates/round40-exclusive-20260930/project/assets/scatter/Grounded_bush_-2_-2.res
PASS Exact frozen source /workspace/scratch/a29d03198654/Aether/candidates/round40-exclusive-20260930/project/assets/scatter/Grounded_bush_-2_-7.res
PASS Exact frozen source /workspace/scratch/a29d03198654/Aether/candidates/round40-exclusive-20260930/project/assets/scatter/Grounded_bush_-2_-8.res
PASS Exact frozen source /workspace/scratch/a29d03198654/Aether/candidates/round40-exclusive-20260930/project/assets/scatter/Grounded_bush_-2_-9.res
PASS Exact frozen source /workspace/scratch/a29d03198654/Aether/candidates/round40-exclusive-20260930/project/assets/scatter/Grounded_bush_-2_2.res
PASS Exact frozen source /workspace/scratch/a29d03198654/Aether/candidates/round40-exclusive-20260930/project/assets/scatter/Grounded_bush_-2_3.res
PASS Exact frozen source /workspace/scratch/a29d03198654/Aether/candidates/round40-exclusive-20260930/project/assets/scatter/Grounded_bush_-2_4.res
PASS Exact frozen source /workspace/scratch/a29d03198654/Aether/candidates/round40-exclusive-20260930/project/assets/scatter/Grounded_bush_-2_5.res
PASS Exact frozen source /workspace/scratch/a29d03198654/Aether/candidates/round40-exclusive-20260930/project/assets/scatter/Grounded_bush_-3_-10.res
PASS Exact frozen source /workspace/scratch/a29d03198654/Aether/candidates/round40-exclusive-20260930/project/assets/scatter/Grounded_bush_-3_-2.res
PASS Exact frozen source /workspace/scratch/a29d03198654/Aether/candidates/round40-exclusive-20260930/project/assets/scatter/Grounded_bush_-3_-7.res
PASS Exact frozen source /workspace/scratch/a29d03198654/Aether/candidates/round40-exclusive-20260930/project/assets/scatter/Grounded_bush_-3_-8.res
PASS Exact frozen source /workspace/scratch/a29d03198654/Aether/candidates/round40-exclusive-20260930/project/assets/scatter/Grounded_bush_-3_-9.res
PASS Exact frozen source /workspace/scratch/a29d03198654/Aether/candidates/round40-exclusive-20260930/project/assets/scatter/Grounded_bush_-3_1.res
PASS Exact frozen source /workspace/scratch/a29d03198654/Aether/candidates/round40-exclusive-20260930/project/assets/scatter/Grounded_bush_-3_3.res
PASS Exact frozen source /workspace/scratch/a29d03198654/Aether/candidates/round40-exclusive-20260930/project/assets/scatter/Grounded_bush_-3_4.res
PASS Exact frozen source /workspace/scratch/a29d03198654/Aether/candidates/round40-exclusive-20260930/project/assets/scatter/Grounded_bush_-3_5.res
PASS Exact frozen source /workspace/scratch/a29d03198654/Aether/candidates/round40-exclusive-20260930/project/assets/scatter/Grounded_bush_-4_-1.res
PASS Exact frozen source /workspace/scratch/a29d03198654/Aether/candidates/round40-exclusive-20260930/project/assets/scatter/Grounded_bush_-4_-10.res
PASS Exact frozen source /workspace/scratch/a29d03198654/Aether/candidates/round40-exclusive-20260930/project/assets/scatter/Grounded_bush_-4_-7.res
PASS Exact frozen source /workspace/scratch/a29d03198654/Aether/candidates/round40-exclusive-20260930/project/assets/scatter/Grounded_bush_-4_-8.res
PASS Exact frozen source /workspace/scratch/a29d03198654/Aether/candidates/round40-exclusive-20260930/project/assets/scatter/Grounded_bush_-4_-9.res
PASS Exact frozen source /workspace/scratch/a29d03198654/Aether/candidates/round40-exclusive-20260930/project/assets/scatter/Grounded_bush_-4_0.res
PASS Exact frozen source /workspace/scratch/a29d03198654/Aether/candidates/round40-exclusive-20260930/project/assets/scatter/Grounded_bush_-5_-10.res
PASS Exact frozen source /workspace/scratch/a29d03198654/Aether/candidates/round40-exclusive-20260930/project/assets/scatter/Grounded_bush_-5_-7.res
PASS Exact frozen source /workspace/scratch/a29d03198654/Aether/candidates/round40-exclusive-20260930/project/assets/scatter/Grounded_bush_-5_-8.res
PASS Exact frozen source /workspace/scratch/a29d03198654/Aether/candidates/round40-exclusive-20260930/project/assets/scatter/Grounded_bush_-5_-9.res
PASS Exact frozen source /workspace/scratch/a29d03198654/Aether/candidates/round40-exclusive-20260930/project/assets/scatter/Grounded_bush_-5_0.res
PASS Exact frozen source /workspace/scratch/a29d03198654/Aether/candidates/round40-exclusive-20260930/project/assets/scatter/Grounded_bush_-6_-10.res
PASS Exact frozen source /workspace/scratch/a29d03198654/Aether/candidates/round40-exclusive-20260930/project/assets/scatter/Grounded_bush_-6_-6.res
PASS Exact frozen source /workspace/scratch/a29d03198654/Aether/candidates/round40-exclusive-20260930/project/assets/scatter/Grounded_bush_-6_-7.res
PASS Exact frozen source /workspace/scratch/a29d03198654/Aether/candidates/round40-exclusive-20260930/project/assets/scatter/Grounded_bush_-6_-8.res
PASS Exact frozen source /workspace/scratch/a29d03198654/Aether/candidates/round40-exclusive-20260930/project/assets/scatter/Grounded_bush_-6_-9.res
PASS Exact frozen source /workspace/scratch/a29d03198654/Aether/candidates/round40-exclusive-20260930/project/assets/scatter/Grounded_bush_0_-1.res
PASS Exact frozen source /workspace/scratch/a29d03198654/Aether/candidates/round40-exclusive-20260930/project/assets/scatter/Grounded_bush_0_-10.res
PASS Exact frozen source /workspace/scratch/a29d03198654/Aether/candidates/round40-exclusive-20260930/project/assets/scatter/Grounded_bush_0_-2.res
PASS Exact frozen source /workspace/scratch/a29d03198654/Aether/candidates/round40-exclusive-20260930/project/assets/scatter/Grounded_bush_0_-4.res
PASS Exact frozen source /workspace/scratch/a29d03198654/Aether/candidates/round40-exclusive-20260930/project/assets/scatter/Grounded_bush_0_-5.res
PASS Exact frozen source /workspace/scratch/a29d03198654/Aether/candidates/round40-exclusive-20260930/project/assets/scatter/Grounded_bush_0_-6.res
PASS Exact frozen source /workspace/scratch/a29d03198654/Aether/candidates/round40-exclusive-20260930/project/assets/scatter/Grounded_bush_0_-7.res
PASS Exact frozen source /workspace/scratch/a29d03198654/Aether/candidates/round40-exclusive-20260930/project/assets/scatter/Grounded_bush_0_-8.res
PASS Exact frozen source /workspace/scratch/a29d03198654/Aether/candidates/round40-exclusive-20260930/project/assets/scatter/Grounded_bush_0_-9.res
PASS Exact frozen source /workspace/scratch/a29d03198654/Aether/candidates/round40-exclusive-20260930/project/assets/scatter/Grounded_bush_0_0.res
PASS Exact frozen source /workspace/scratch/a29d03198654/Aether/candidates/round40-exclusive-20260930/project/assets/scatter/Grounded_bush_0_1.res
PASS Exact frozen source /workspace/scratch/a29d03198654/Aether/candidates/round40-exclusive-20260930/project/assets/scatter/Grounded_bush_0_2.res
PASS Exact frozen source /workspace/scratch/a29d03198654/Aether/candidates/round40-exclusive-20260930/project/assets/scatter/Grounded_bush_0_3.res
PASS Exact frozen source /workspace/scratch/a29d03198654/Aether/candidates/round40-exclusive-20260930/project/assets/scatter/Grounded_bush_0_4.res
PASS Exact frozen source /workspace/scratch/a29d03198654/Aether/candidates/round40-exclusive-20260930/project/assets/scatter/Grounded_bush_0_5.res
PASS Exact frozen source /workspace/scratch/a29d03198654/Aether/candidates/round40-exclusive-20260930/project/assets/scatter/Grounded_bush_1_-1.res
PASS Exact frozen source /workspace/scratch/a29d03198654/Aether/candidates/round40-exclusive-20260930/project/assets/scatter/Grounded_bush_1_-10.res
PASS Exact frozen source /workspace/scratch/a29d03198654/Aether/candidates/round40-exclusive-20260930/project/assets/scatter/Grounded_bush_1_-4.res
PASS Exact frozen source /workspace/scratch/a29d03198654/Aether/candidates/round40-exclusive-20260930/project/assets/scatter/Grounded_bush_1_-5.res
PASS Exact frozen source /workspace/scratch/a29d03198654/Aether/candidates/round40-exclusive-20260930/project/assets/scatter/Grounded_bush_1_-6.res
PASS Exact frozen source /workspace/scratch/a29d03198654/Aether/candidates/round40-exclusive-20260930/project/assets/scatter/Grounded_bush_1_-7.res
PASS Exact frozen source /workspace/scratch/a29d03198654/Aether/candidates/round40-exclusive-20260930/project/assets/scatter/Grounded_bush_1_-8.res
PASS Exact frozen source /workspace/scratch/a29d03198654/Aether/candidates/round40-exclusive-20260930/project/assets/scatter/Grounded_bush_1_-9.res
PASS Exact frozen source /workspace/scratch/a29d03198654/Aether/candidates/round40-exclusive-20260930/project/assets/scatter/Grounded_bush_1_0.res
PASS Exact frozen source /workspace/scratch/a29d03198654/Aether/candidates/round40-exclusive-20260930/project/assets/scatter/Grounded_bush_1_1.res
PASS Exact frozen source /workspace/scratch/a29d03198654/Aether/candidates/round40-exclusive-20260930/project/assets/scatter/Grounded_bush_1_3.res
PASS Exact frozen source /workspace/scratch/a29d03198654/Aether/candidates/round40-exclusive-20260930/project/assets/scatter/Grounded_bush_1_4.res
PASS Exact frozen source /workspace/scratch/a29d03198654/Aether/candidates/round40-exclusive-20260930/project/assets/scatter/Grounded_bush_1_5.res
PASS Exact frozen source /workspace/scratch/a29d03198654/Aether/candidates/round40-exclusive-20260930/project/assets/scatter/Grounded_bush_2_-1.res
PASS Exact frozen source /workspace/scratch/a29d03198654/Aether/candidates/round40-exclusive-20260930/project/assets/scatter/Grounded_bush_2_-10.res
PASS Exact frozen source /workspace/scratch/a29d03198654/Aether/candidates/round40-exclusive-20260930/project/assets/scatter/Grounded_bush_2_-2.res
PASS Exact frozen source /workspace/scratch/a29d03198654/Aether/candidates/round40-exclusive-20260930/project/assets/scatter/Grounded_bush_2_-3.res
PASS Exact frozen source /workspace/scratch/a29d03198654/Aether/candidates/round40-exclusive-20260930/project/assets/scatter/Grounded_bush_2_-4.res
PASS Exact frozen source /workspace/scratch/a29d03198654/Aether/candidates/round40-exclusive-20260930/project/assets/scatter/Grounded_bush_2_-5.res
PASS Exact frozen source /workspace/scratch/a29d03198654/Aether/candidates/round40-exclusive-20260930/project/assets/scatter/Grounded_bush_2_-6.res
PASS Exact frozen source /workspace/scratch/a29d03198654/Aether/candidates/round40-exclusive-20260930/project/assets/scatter/Grounded_bush_2_-7.res
PASS Exact frozen source /workspace/scratch/a29d03198654/Aether/candidates/round40-exclusive-20260930/project/assets/scatter/Grounded_bush_2_-8.res
PASS Exact frozen source /workspace/scratch/a29d03198654/Aether/candidates/round40-exclusive-20260930/project/assets/scatter/Grounded_bush_2_-9.res
PASS Exact frozen source /workspace/scratch/a29d03198654/Aether/candidates/round40-exclusive-20260930/project/assets/scatter/Grounded_bush_2_0.res
PASS Exact frozen source /workspace/scratch/a29d03198654/Aether/candidates/round40-exclusive-20260930/project/assets/scatter/Grounded_bush_2_1.res
PASS Exact frozen source /workspace/scratch/a29d03198654/Aether/candidates/round40-exclusive-20260930/project/assets/scatter/Grounded_bush_2_2.res
PASS Exact frozen source /workspace/scratch/a29d03198654/Aether/candidates/round40-exclusive-20260930/project/assets/scatter/Grounded_bush_2_3.res
PASS Exact frozen source /workspace/scratch/a29d03198654/Aether/candidates/round40-exclusive-20260930/project/assets/scatter/Grounded_bush_2_4.res
PASS Exact frozen source /workspace/scratch/a29d03198654/Aether/candidates/round40-exclusive-20260930/project/assets/scatter/Grounded_bush_2_5.res
PASS Exact frozen source /workspace/scratch/a29d03198654/Aether/candidates/round40-exclusive-20260930/project/assets/scatter/Grounded_bush_3_-1.res
PASS Exact frozen source /workspace/scratch/a29d03198654/Aether/candidates/round40-exclusive-20260930/project/assets/scatter/Grounded_bush_3_-10.res
PASS Exact frozen source /workspace/scratch/a29d03198654/Aether/candidates/round40-exclusive-20260930/project/assets/scatter/Grounded_bush_3_-2.res
PASS Exact frozen source /workspace/scratch/a29d03198654/Aether/candidates/round40-exclusive-20260930/project/assets/scatter/Grounded_bush_3_-3.res
PASS Exact frozen source /workspace/scratch/a29d03198654/Aether/candidates/round40-exclusive-20260930/project/assets/scatter/Grounded_bush_3_-4.res
PASS Exact frozen source /workspace/scratch/a29d03198654/Aether/candidates/round40-exclusive-20260930/project/assets/scatter/Grounded_bush_3_-5.res
PASS Exact frozen source /workspace/scratch/a29d03198654/Aether/candidates/round40-exclusive-20260930/project/assets/scatter/Grounded_bush_3_-6.res
PASS Exact frozen source /workspace/scratch/a29d03198654/Aether/candidates/round40-exclusive-20260930/project/assets/scatter/Grounded_bush_3_-7.res
PASS Exact frozen source /workspace/scratch/a29d03198654/Aether/candidates/round40-exclusive-20260930/project/assets/scatter/Grounded_bush_3_-8.res
PASS Exact frozen source /workspace/scratch/a29d03198654/Aether/candidates/round40-exclusive-20260930/project/assets/scatter/Grounded_bush_3_-9.res
PASS Exact frozen source /workspace/scratch/a29d03198654/Aether/candidates/round40-exclusive-20260930/project/assets/scatter/Grounded_bush_3_0.res
PASS Exact frozen source /workspace/scratch/a29d03198654/Aether/candidates/round40-exclusive-20260930/project/assets/scatter/Grounded_bush_3_1.res
PASS Exact frozen source /workspace/scratch/a29d03198654/Aether/candidates/round40-exclusive-20260930/project/assets/scatter/Grounded_bush_3_2.res
PASS Exact frozen source /workspace/scratch/a29d03198654/Aether/candidates/round40-exclusive-20260930/project/assets/scatter/Grounded_bush_3_3.res
PASS Exact frozen source /workspace/scratch/a29d03198654/Aether/candidates/round40-exclusive-20260930/project/assets/scatter/Grounded_bush_3_4.res
PASS Exact frozen source /workspace/scratch/a29d03198654/Aether/candidates/round40-exclusive-20260930/project/assets/scatter/Grounded_bush_3_5.res
PASS Exact frozen source /workspace/scratch/a29d03198654/Aether/candidates/round40-exclusive-20260930/project/assets/scatter/Grounded_bush_4_-1.res
PASS Exact frozen source /workspace/scratch/a29d03198654/Aether/candidates/round40-exclusive-20260930/project/assets/scatter/Grounded_bush_4_-10.res
PASS Exact frozen source /workspace/scratch/a29d03198654/Aether/candidates/round40-exclusive-20260930/project/assets/scatter/Grounded_bush_4_-2.res
PASS Exact frozen source /workspace/scratch/a29d03198654/Aether/candidates/round40-exclusive-20260930/project/assets/scatter/Grounded_bush_4_-3.res
PASS Exact frozen source /workspace/scratch/a29d03198654/Aether/candidates/round40-exclusive-20260930/project/assets/scatter/Grounded_bush_4_-4.res
PASS Exact frozen source /workspace/scratch/a29d03198654/Aether/candidates/round40-exclusive-20260930/project/assets/scatter/Grounded_bush_4_-5.res
PASS Exact frozen source /workspace/scratch/a29d03198654/Aether/candidates/round40-exclusive-20260930/project/assets/scatter/Grounded_bush_4_-6.res
PASS Exact frozen source /workspace/scratch/a29d03198654/Aether/candidates/round40-exclusive-20260930/project/assets/scatter/Grounded_bush_4_-7.res
PASS Exact frozen source /workspace/scratch/a29d03198654/Aether/candidates/round40-exclusive-20260930/project/assets/scatter/Grounded_bush_4_-8.res
PASS Exact frozen source /workspace/scratch/a29d03198654/Aether/candidates/round40-exclusive-20260930/project/assets/scatter/Grounded_bush_4_-9.res
PASS Exact frozen source /workspace/scratch/a29d03198654/Aether/candidates/round40-exclusive-20260930/project/assets/scatter/Grounded_bush_4_0.res
PASS Exact frozen source /workspace/scratch/a29d03198654/Aether/candidates/round40-exclusive-20260930/project/assets/scatter/Grounded_bush_4_1.res
PASS Exact frozen source /workspace/scratch/a29d03198654/Aether/candidates/round40-exclusive-20260930/project/assets/scatter/Grounded_bush_4_2.res
PASS Exact frozen source /workspace/scratch/a29d03198654/Aether/candidates/round40-exclusive-20260930/project/assets/scatter/Grounded_bush_4_3.res
PASS Exact frozen source /workspace/scratch/a29d03198654/Aether/candidates/round40-exclusive-20260930/project/assets/scatter/Grounded_bush_4_4.res
PASS Exact frozen source /workspace/scratch/a29d03198654/Aether/candidates/round40-exclusive-20260930/project/assets/scatter/Grounded_bush_4_5.res
PASS Exact frozen source /workspace/scratch/a29d03198654/Aether/candidates/round40-exclusive-20260930/project/assets/scatter/Grounded_bush_5_-2.res
PASS Exact frozen source /workspace/scratch/a29d03198654/Aether/candidates/round40-exclusive-20260930/project/assets/scatter/Grounded_bush_5_-3.res
PASS Exact frozen source /workspace/scratch/a29d03198654/Aether/candidates/round40-exclusive-20260930/project/assets/scatter/Grounded_bush_5_-4.res
PASS Exact frozen source /workspace/scratch/a29d03198654/Aether/candidates/round40-exclusive-20260930/project/assets/scatter/Grounded_bush_5_-5.res
PASS Exact frozen source /workspace/scratch/a29d03198654/Aether/candidates/round40-exclusive-20260930/project/assets/scatter/Grounded_bush_5_-6.res
PASS Exact frozen source /workspace/scratch/a29d03198654/Aether/candidates/round40-exclusive-20260930/project/assets/scatter/Grounded_bush_5_-7.res
PASS Exact frozen source /workspace/scratch/a29d03198654/Aether/candidates/round40-exclusive-20260930/project/assets/scatter/Grounded_bush_5_-8.res
PASS Exact frozen source /workspace/scratch/a29d03198654/Aether/candidates/round40-exclusive-20260930/project/assets/scatter/Grounded_bush_5_-9.res
PASS Exact frozen source /workspace/scratch/a29d03198654/Aether/candidates/round40-exclusive-20260930/project/assets/scatter/Grounded_bush_5_0.res
PASS Exact frozen source /workspace/scratch/a29d03198654/Aether/candidates/round40-exclusive-20260930/project/assets/scatter/Grounded_bush_5_1.res
PASS Exact frozen source /workspace/scratch/a29d03198654/Aether/candidates/round40-exclusive-20260930/project/assets/scatter/Grounded_bush_5_2.res
PASS Exact frozen source /workspace/scratch/a29d03198654/Aether/candidates/round40-exclusive-20260930/project/assets/scatter/Grounded_bush_5_3.res
PASS Exact frozen source /workspace/scratch/a29d03198654/Aether/candidates/round40-exclusive-20260930/project/assets/scatter/Grounded_bush_5_4.res
PASS Exact frozen source /workspace/scratch/a29d03198654/Aether/candidates/round40-exclusive-20260930/project/assets/scatter/Grounded_bush_5_5.res
PASS Exact frozen source /workspace/scratch/a29d03198654/Aether/candidates/round40-exclusive-20260930/project/assets/scatter/Grounded_bush_6_-1.res
PASS Exact frozen source /workspace/scratch/a29d03198654/Aether/candidates/round40-exclusive-20260930/project/assets/scatter/Grounded_bush_6_-10.res
PASS Exact frozen source /workspace/scratch/a29d03198654/Aether/candidates/round40-exclusive-20260930/project/assets/scatter/Grounded_bush_6_-2.res
PASS Exact frozen source /workspace/scratch/a29d03198654/Aether/candidates/round40-exclusive-20260930/project/assets/scatter/Grounded_bush_6_-3.res
PASS Exact frozen source /workspace/scratch/a29d03198654/Aether/candidates/round40-exclusive-20260930/project/assets/scatter/Grounded_bush_6_-4.res
PASS Exact frozen source /workspace/scratch/a29d03198654/Aether/candidates/round40-exclusive-20260930/project/assets/scatter/Grounded_bush_6_-5.res
PASS Exact frozen source /workspace/scratch/a29d03198654/Aether/candidates/round40-exclusive-20260930/project/assets/scatter/Grounded_bush_6_-6.res
PASS Exact frozen source /workspace/scratch/a29d03198654/Aether/candidates/round40-exclusive-20260930/project/assets/scatter/Grounded_bush_6_-7.res
PASS Exact frozen source /workspace/scratch/a29d03198654/Aether/candidates/round40-exclusive-20260930/project/assets/scatter/Grounded_bush_6_-8.res
PASS Exact frozen source /workspace/scratch/a29d03198654/Aether/candidates/round40-exclusive-20260930/project/assets/scatter/Grounded_bush_6_-9.res
PASS Exact frozen source /workspace/scratch/a29d03198654/Aether/candidates/round40-exclusive-20260930/project/assets/scatter/Grounded_bush_6_0.res
PASS Exact frozen source /workspace/scratch/a29d03198654/Aether/candidates/round40-exclusive-20260930/project/assets/scatter/Grounded_bush_6_1.res
PASS Exact frozen source /workspace/scratch/a29d03198654/Aether/candidates/round40-exclusive-20260930/project/assets/scatter/Grounded_bush_6_2.res
PASS Exact frozen source /workspace/scratch/a29d03198654/Aether/candidates/round40-exclusive-20260930/project/assets/scatter/Grounded_bush_6_3.res
PASS Exact frozen source /workspace/scratch/a29d03198654/Aether/candidates/round40-exclusive-20260930/project/assets/scatter/Grounded_bush_6_4.res
PASS Exact frozen source /workspace/scratch/a29d03198654/Aether/candidates/round40-exclusive-20260930/project/assets/scatter/Grounded_bush_6_5.res
PASS Exact frozen source /workspace/scratch/a29d03198654/Aether/candidates/round40-exclusive-20260930/project/assets/scatter/Grounded_oak_-1_-1.res
PASS Exact frozen source /workspace/scratch/a29d03198654/Aether/candidates/round40-exclusive-20260930/project/assets/scatter/Grounded_oak_-1_-10.res
PASS Exact frozen source /workspace/scratch/a29d03198654/Aether/candidates/round40-exclusive-20260930/project/assets/scatter/Grounded_oak_-1_-6.res
PASS Exact frozen source /workspace/scratch/a29d03198654/Aether/candidates/round40-exclusive-20260930/project/assets/scatter/Grounded_oak_-1_-7.res
PASS Exact frozen source /workspace/scratch/a29d03198654/Aether/candidates/round40-exclusive-20260930/project/assets/scatter/Grounded_oak_-1_-8.res
PASS Exact frozen source /workspace/scratch/a29d03198654/Aether/candidates/round40-exclusive-20260930/project/assets/scatter/Grounded_oak_-1_-9.res
PASS Exact frozen source /workspace/scratch/a29d03198654/Aether/candidates/round40-exclusive-20260930/project/assets/scatter/Grounded_oak_-1_0.res
PASS Exact frozen source /workspace/scratch/a29d03198654/Aether/candidates/round40-exclusive-20260930/project/assets/scatter/Grounded_oak_-1_1.res
PASS Exact frozen source /workspace/scratch/a29d03198654/Aether/candidates/round40-exclusive-20260930/project/assets/scatter/Grounded_oak_-1_2.res
PASS Exact frozen source /workspace/scratch/a29d03198654/Aether/candidates/round40-exclusive-20260930/project/assets/scatter/Grounded_oak_-1_3.res
PASS Exact frozen source /workspace/scratch/a29d03198654/Aether/candidates/round40-exclusive-20260930/project/assets/scatter/Grounded_oak_-1_4.res
PASS Exact frozen source /workspace/scratch/a29d03198654/Aether/candidates/round40-exclusive-20260930/project/assets/scatter/Grounded_oak_-1_5.res
PASS Exact frozen source /workspace/scratch/a29d03198654/Aether/candidates/round40-exclusive-20260930/project/assets/scatter/Grounded_oak_-2_-10.res
PASS Exact frozen source /workspace/scratch/a29d03198654/Aether/candidates/round40-exclusive-20260930/project/assets/scatter/Grounded_oak_-2_-2.res
PASS Exact frozen source /workspace/scratch/a29d03198654/Aether/candidates/round40-exclusive-20260930/project/assets/scatter/Grounded_oak_-2_-7.res
PASS Exact frozen source /workspace/scratch/a29d03198654/Aether/candidates/round40-exclusive-20260930/project/assets/scatter/Grounded_oak_-2_-8.res
PASS Exact frozen source /workspace/scratch/a29d03198654/Aether/candidates/round40-exclusive-20260930/project/assets/scatter/Grounded_oak_-2_-9.res
PASS Exact frozen source /workspace/scratch/a29d03198654/Aether/candidates/round40-exclusive-20260930/project/assets/scatter/Grounded_oak_-2_2.res
PASS Exact frozen source /workspace/scratch/a29d03198654/Aether/candidates/round40-exclusive-20260930/project/assets/scatter/Grounded_oak_-2_3.res
PASS Exact frozen source /workspace/scratch/a29d03198654/Aether/candidates/round40-exclusive-20260930/project/assets/scatter/Grounded_oak_-2_4.res
PASS Exact frozen source /workspace/scratch/a29d03198654/Aether/candidates/round40-exclusive-20260930/project/assets/scatter/Grounded_oak_-2_5.res
PASS Exact frozen source /workspace/scratch/a29d03198654/Aether/candidates/round40-exclusive-20260930/project/assets/scatter/Grounded_oak_-3_-10.res
PASS Exact frozen source /workspace/scratch/a29d03198654/Aether/candidates/round40-exclusive-20260930/project/assets/scatter/Grounded_oak_-3_-2.res
PASS Exact frozen source /workspace/scratch/a29d03198654/Aether/candidates/round40-exclusive-20260930/project/assets/scatter/Grounded_oak_-3_-7.res
PASS Exact frozen source /workspace/scratch/a29d03198654/Aether/candidates/round40-exclusive-20260930/project/assets/scatter/Grounded_oak_-3_-8.res
PASS Exact frozen source /workspace/scratch/a29d03198654/Aether/candidates/round40-exclusive-20260930/project/assets/scatter/Grounded_oak_-3_-9.res
PASS Exact frozen source /workspace/scratch/a29d03198654/Aether/candidates/round40-exclusive-20260930/project/assets/scatter/Grounded_oak_-3_1.res
PASS Exact frozen source /workspace/scratch/a29d03198654/Aether/candidates/round40-exclusive-20260930/project/assets/scatter/Grounded_oak_-3_3.res
PASS Exact frozen source /workspace/scratch/a29d03198654/Aether/candidates/round40-exclusive-20260930/project/assets/scatter/Grounded_oak_-3_4.res
PASS Exact frozen source /workspace/scratch/a29d03198654/Aether/candidates/round40-exclusive-20260930/project/assets/scatter/Grounded_oak_-3_5.res
PASS Exact frozen source /workspace/scratch/a29d03198654/Aether/candidates/round40-exclusive-20260930/project/assets/scatter/Grounded_oak_-4_-1.res
PASS Exact frozen source /workspace/scratch/a29d03198654/Aether/candidates/round40-exclusive-20260930/project/assets/scatter/Grounded_oak_-4_-10.res
PASS Exact frozen source /workspace/scratch/a29d03198654/Aether/candidates/round40-exclusive-20260930/project/assets/scatter/Grounded_oak_-4_-7.res
PASS Exact frozen source /workspace/scratch/a29d03198654/Aether/candidates/round40-exclusive-20260930/project/assets/scatter/Grounded_oak_-4_-8.res
PASS Exact frozen source /workspace/scratch/a29d03198654/Aether/candidates/round40-exclusive-20260930/project/assets/scatter/Grounded_oak_-4_-9.res
PASS Exact frozen source /workspace/scratch/a29d03198654/Aether/candidates/round40-exclusive-20260930/project/assets/scatter/Grounded_oak_-5_-1.res
PASS Exact frozen source /workspace/scratch/a29d03198654/Aether/candidates/round40-exclusive-20260930/project/assets/scatter/Grounded_oak_-5_-10.res
PASS Exact frozen source /workspace/scratch/a29d03198654/Aether/candidates/round40-exclusive-20260930/project/assets/scatter/Grounded_oak_-5_-7.res
PASS Exact frozen source /workspace/scratch/a29d03198654/Aether/candidates/round40-exclusive-20260930/project/assets/scatter/Grounded_oak_-5_-8.res
PASS Exact frozen source /workspace/scratch/a29d03198654/Aether/candidates/round40-exclusive-20260930/project/assets/scatter/Grounded_oak_-5_-9.res
PASS Exact frozen source /workspace/scratch/a29d03198654/Aether/candidates/round40-exclusive-20260930/project/assets/scatter/Grounded_oak_-5_0.res
PASS Exact frozen source /workspace/scratch/a29d03198654/Aether/candidates/round40-exclusive-20260930/project/assets/scatter/Grounded_oak_-6_-10.res
PASS Exact frozen source /workspace/scratch/a29d03198654/Aether/candidates/round40-exclusive-20260930/project/assets/scatter/Grounded_oak_-6_-6.res
PASS Exact frozen source /workspace/scratch/a29d03198654/Aether/candidates/round40-exclusive-20260930/project/assets/scatter/Grounded_oak_-6_-7.res
PASS Exact frozen source /workspace/scratch/a29d03198654/Aether/candidates/round40-exclusive-20260930/project/assets/scatter/Grounded_oak_-6_-8.res
PASS Exact frozen source /workspace/scratch/a29d03198654/Aether/candidates/round40-exclusive-20260930/project/assets/scatter/Grounded_oak_-6_-9.res
PASS Exact frozen source /workspace/scratch/a29d03198654/Aether/candidates/round40-exclusive-20260930/project/assets/scatter/Grounded_oak_0_-1.res
PASS Exact frozen source /workspace/scratch/a29d03198654/Aether/candidates/round40-exclusive-20260930/project/assets/scatter/Grounded_oak_0_-10.res
PASS Exact frozen source /workspace/scratch/a29d03198654/Aether/candidates/round40-exclusive-20260930/project/assets/scatter/Grounded_oak_0_-2.res
PASS Exact frozen source /workspace/scratch/a29d03198654/Aether/candidates/round40-exclusive-20260930/project/assets/scatter/Grounded_oak_0_-4.res
PASS Exact frozen source /workspace/scratch/a29d03198654/Aether/candidates/round40-exclusive-20260930/project/assets/scatter/Grounded_oak_0_-5.res
PASS Exact frozen source /workspace/scratch/a29d03198654/Aether/candidates/round40-exclusive-20260930/project/assets/scatter/Grounded_oak_0_-6.res
PASS Exact frozen source /workspace/scratch/a29d03198654/Aether/candidates/round40-exclusive-20260930/project/assets/scatter/Grounded_oak_0_-7.res
PASS Exact frozen source /workspace/scratch/a29d03198654/Aether/candidates/round40-exclusive-20260930/project/assets/scatter/Grounded_oak_0_-8.res
PASS Exact frozen source /workspace/scratch/a29d03198654/Aether/candidates/round40-exclusive-20260930/project/assets/scatter/Grounded_oak_0_-9.res
PASS Exact frozen source /workspace/scratch/a29d03198654/Aether/candidates/round40-exclusive-20260930/project/assets/scatter/Grounded_oak_0_0.res
PASS Exact frozen source /workspace/scratch/a29d03198654/Aether/candidates/round40-exclusive-20260930/project/assets/scatter/Grounded_oak_0_1.res
PASS Exact frozen source /workspace/scratch/a29d03198654/Aether/candidates/round40-exclusive-20260930/project/assets/scatter/Grounded_oak_0_2.res
PASS Exact frozen source /workspace/scratch/a29d03198654/Aether/candidates/round40-exclusive-20260930/project/assets/scatter/Grounded_oak_0_3.res
PASS Exact frozen source /workspace/scratch/a29d03198654/Aether/candidates/round40-exclusive-20260930/project/assets/scatter/Grounded_oak_0_4.res
PASS Exact frozen source /workspace/scratch/a29d03198654/Aether/candidates/round40-exclusive-20260930/project/assets/scatter/Grounded_oak_0_5.res
PASS Exact frozen source /workspace/scratch/a29d03198654/Aether/candidates/round40-exclusive-20260930/project/assets/scatter/Grounded_oak_1_-1.res
PASS Exact frozen source /workspace/scratch/a29d03198654/Aether/candidates/round40-exclusive-20260930/project/assets/scatter/Grounded_oak_1_-10.res
PASS Exact frozen source /workspace/scratch/a29d03198654/Aether/candidates/round40-exclusive-20260930/project/assets/scatter/Grounded_oak_1_-4.res
PASS Exact frozen source /workspace/scratch/a29d03198654/Aether/candidates/round40-exclusive-20260930/project/assets/scatter/Grounded_oak_1_-5.res
PASS Exact frozen source /workspace/scratch/a29d03198654/Aether/candidates/round40-exclusive-20260930/project/assets/scatter/Grounded_oak_1_-6.res
PASS Exact frozen source /workspace/scratch/a29d03198654/Aether/candidates/round40-exclusive-20260930/project/assets/scatter/Grounded_oak_1_-7.res
PASS Exact frozen source /workspace/scratch/a29d03198654/Aether/candidates/round40-exclusive-20260930/project/assets/scatter/Grounded_oak_1_-8.res
PASS Exact frozen source /workspace/scratch/a29d03198654/Aether/candidates/round40-exclusive-20260930/project/assets/scatter/Grounded_oak_1_-9.res
PASS Exact frozen source /workspace/scratch/a29d03198654/Aether/candidates/round40-exclusive-20260930/project/assets/scatter/Grounded_oak_1_0.res
PASS Exact frozen source /workspace/scratch/a29d03198654/Aether/candidates/round40-exclusive-20260930/project/assets/scatter/Grounded_oak_1_1.res
PASS Exact frozen source /workspace/scratch/a29d03198654/Aether/candidates/round40-exclusive-20260930/project/assets/scatter/Grounded_oak_1_3.res
PASS Exact frozen source /workspace/scratch/a29d03198654/Aether/candidates/round40-exclusive-20260930/project/assets/scatter/Grounded_oak_1_4.res
PASS Exact frozen source /workspace/scratch/a29d03198654/Aether/candidates/round40-exclusive-20260930/project/assets/scatter/Grounded_oak_1_5.res
PASS Exact frozen source /workspace/scratch/a29d03198654/Aether/candidates/round40-exclusive-20260930/project/assets/scatter/Grounded_oak_2_-1.res
PASS Exact frozen source /workspace/scratch/a29d03198654/Aether/candidates/round40-exclusive-20260930/project/assets/scatter/Grounded_oak_2_-10.res
PASS Exact frozen source /workspace/scratch/a29d03198654/Aether/candidates/round40-exclusive-20260930/project/assets/scatter/Grounded_oak_2_-2.res
PASS Exact frozen source /workspace/scratch/a29d03198654/Aether/candidates/round40-exclusive-20260930/project/assets/scatter/Grounded_oak_2_-3.res
PASS Exact frozen source /workspace/scratch/a29d03198654/Aether/candidates/round40-exclusive-20260930/project/assets/scatter/Grounded_oak_2_-4.res
PASS Exact frozen source /workspace/scratch/a29d03198654/Aether/candidates/round40-exclusive-20260930/project/assets/scatter/Grounded_oak_2_-5.res
PASS Exact frozen source /workspace/scratch/a29d03198654/Aether/candidates/round40-exclusive-20260930/project/assets/scatter/Grounded_oak_2_-6.res
PASS Exact frozen source /workspace/scratch/a29d03198654/Aether/candidates/round40-exclusive-20260930/project/assets/scatter/Grounded_oak_2_-7.res
PASS Exact frozen source /workspace/scratch/a29d03198654/Aether/candidates/round40-exclusive-20260930/project/assets/scatter/Grounded_oak_2_-8.res
PASS Exact frozen source /workspace/scratch/a29d03198654/Aether/candidates/round40-exclusive-20260930/project/assets/scatter/Grounded_oak_2_-9.res
PASS Exact frozen source /workspace/scratch/a29d03198654/Aether/candidates/round40-exclusive-20260930/project/assets/scatter/Grounded_oak_2_0.res
PASS Exact frozen source /workspace/scratch/a29d03198654/Aether/candidates/round40-exclusive-20260930/project/assets/scatter/Grounded_oak_2_1.res
PASS Exact frozen source /workspace/scratch/a29d03198654/Aether/candidates/round40-exclusive-20260930/project/assets/scatter/Grounded_oak_2_2.res
PASS Exact frozen source /workspace/scratch/a29d03198654/Aether/candidates/round40-exclusive-20260930/project/assets/scatter/Grounded_oak_2_3.res
PASS Exact frozen source /workspace/scratch/a29d03198654/Aether/candidates/round40-exclusive-20260930/project/assets/scatter/Grounded_oak_2_4.res
PASS Exact frozen source /workspace/scratch/a29d03198654/Aether/candidates/round40-exclusive-20260930/project/assets/scatter/Grounded_oak_2_5.res
PASS Exact frozen source /workspace/scratch/a29d03198654/Aether/candidates/round40-exclusive-20260930/project/assets/scatter/Grounded_oak_3_-10.res
PASS Exact frozen source /workspace/scratch/a29d03198654/Aether/candidates/round40-exclusive-20260930/project/assets/scatter/Grounded_oak_3_-4.res
PASS Exact frozen source /workspace/scratch/a29d03198654/Aether/candidates/round40-exclusive-20260930/project/assets/scatter/Grounded_oak_3_-5.res
PASS Exact frozen source /workspace/scratch/a29d03198654/Aether/candidates/round40-exclusive-20260930/project/assets/scatter/Grounded_oak_3_-6.res
PASS Exact frozen source /workspace/scratch/a29d03198654/Aether/candidates/round40-exclusive-20260930/project/assets/scatter/Grounded_oak_3_-7.res
PASS Exact frozen source /workspace/scratch/a29d03198654/Aether/candidates/round40-exclusive-20260930/project/assets/scatter/Grounded_oak_3_-8.res
PASS Exact frozen source /workspace/scratch/a29d03198654/Aether/candidates/round40-exclusive-20260930/project/assets/scatter/Grounded_oak_3_0.res
PASS Exact frozen source /workspace/scratch/a29d03198654/Aether/candidates/round40-exclusive-20260930/project/assets/scatter/Grounded_oak_3_1.res
PASS Exact frozen source /workspace/scratch/a29d03198654/Aether/candidates/round40-exclusive-20260930/project/assets/scatter/Grounded_oak_3_2.res
PASS Exact frozen source /workspace/scratch/a29d03198654/Aether/candidates/round40-exclusive-20260930/project/assets/scatter/Grounded_oak_3_3.res
PASS Exact frozen source /workspace/scratch/a29d03198654/Aether/candidates/round40-exclusive-20260930/project/assets/scatter/Grounded_oak_3_4.res
PASS Exact frozen source /workspace/scratch/a29d03198654/Aether/candidates/round40-exclusive-20260930/project/assets/scatter/Grounded_oak_3_5.res
PASS Exact frozen source /workspace/scratch/a29d03198654/Aether/candidates/round40-exclusive-20260930/project/assets/scatter/Grounded_oak_4_-1.res
PASS Exact frozen source /workspace/scratch/a29d03198654/Aether/candidates/round40-exclusive-20260930/project/assets/scatter/Grounded_oak_4_-10.res
PASS Exact frozen source /workspace/scratch/a29d03198654/Aether/candidates/round40-exclusive-20260930/project/assets/scatter/Grounded_oak_4_-2.res
PASS Exact frozen source /workspace/scratch/a29d03198654/Aether/candidates/round40-exclusive-20260930/project/assets/scatter/Grounded_oak_4_-3.res
PASS Exact frozen source /workspace/scratch/a29d03198654/Aether/candidates/round40-exclusive-20260930/project/assets/scatter/Grounded_oak_4_-4.res
PASS Exact frozen source /workspace/scratch/a29d03198654/Aether/candidates/round40-exclusive-20260930/project/assets/scatter/Grounded_oak_4_-5.res
PASS Exact frozen source /workspace/scratch/a29d03198654/Aether/candidates/round40-exclusive-20260930/project/assets/scatter/Grounded_oak_4_-6.res
PASS Exact frozen source /workspace/scratch/a29d03198654/Aether/candidates/round40-exclusive-20260930/project/assets/scatter/Grounded_oak_4_-7.res
PASS Exact frozen source /workspace/scratch/a29d03198654/Aether/candidates/round40-exclusive-20260930/project/assets/scatter/Grounded_oak_4_-8.res
PASS Exact frozen source /workspace/scratch/a29d03198654/Aether/candidates/round40-exclusive-20260930/project/assets/scatter/Grounded_oak_4_-9.res
PASS Exact frozen source /workspace/scratch/a29d03198654/Aether/candidates/round40-exclusive-20260930/project/assets/scatter/Grounded_oak_4_0.res
PASS Exact frozen source /workspace/scratch/a29d03198654/Aether/candidates/round40-exclusive-20260930/project/assets/scatter/Grounded_oak_4_1.res
PASS Exact frozen source /workspace/scratch/a29d03198654/Aether/candidates/round40-exclusive-20260930/project/assets/scatter/Grounded_oak_4_2.res
PASS Exact frozen source /workspace/scratch/a29d03198654/Aether/candidates/round40-exclusive-20260930/project/assets/scatter/Grounded_oak_4_3.res
PASS Exact frozen source /workspace/scratch/a29d03198654/Aether/candidates/round40-exclusive-20260930/project/assets/scatter/Grounded_oak_4_4.res
PASS Exact frozen source /workspace/scratch/a29d03198654/Aether/candidates/round40-exclusive-20260930/project/assets/scatter/Grounded_oak_4_5.res
PASS Exact frozen source /workspace/scratch/a29d03198654/Aether/candidates/round40-exclusive-20260930/project/assets/scatter/Grounded_oak_5_-1.res
PASS Exact frozen source /workspace/scratch/a29d03198654/Aether/candidates/round40-exclusive-20260930/project/assets/scatter/Grounded_oak_5_-10.res
PASS Exact frozen source /workspace/scratch/a29d03198654/Aether/candidates/round40-exclusive-20260930/project/assets/scatter/Grounded_oak_5_-2.res
PASS Exact frozen source /workspace/scratch/a29d03198654/Aether/candidates/round40-exclusive-20260930/project/assets/scatter/Grounded_oak_5_-3.res
PASS Exact frozen source /workspace/scratch/a29d03198654/Aether/candidates/round40-exclusive-20260930/project/assets/scatter/Grounded_oak_5_-4.res
PASS Exact frozen source /workspace/scratch/a29d03198654/Aether/candidates/round40-exclusive-20260930/project/assets/scatter/Grounded_oak_5_-5.res
PASS Exact frozen source /workspace/scratch/a29d03198654/Aether/candidates/round40-exclusive-20260930/project/assets/scatter/Grounded_oak_5_-6.res
PASS Exact frozen source /workspace/scratch/a29d03198654/Aether/candidates/round40-exclusive-20260930/project/assets/scatter/Grounded_oak_5_-7.res
PASS Exact frozen source /workspace/scratch/a29d03198654/Aether/candidates/round40-exclusive-20260930/project/assets/scatter/Grounded_oak_5_-8.res
PASS Exact frozen source /workspace/scratch/a29d03198654/Aether/candidates/round40-exclusive-20260930/project/assets/scatter/Grounded_oak_5_-9.res
PASS Exact frozen source /workspace/scratch/a29d03198654/Aether/candidates/round40-exclusive-20260930/project/assets/scatter/Grounded_oak_5_0.res
PASS Exact frozen source /workspace/scratch/a29d03198654/Aether/candidates/round40-exclusive-20260930/project/assets/scatter/Grounded_oak_5_1.res
PASS Exact frozen source /workspace/scratch/a29d03198654/Aether/candidates/round40-exclusive-20260930/project/assets/scatter/Grounded_oak_5_2.res
PASS Exact frozen source /workspace/scratch/a29d03198654/Aether/candidates/round40-exclusive-20260930/project/assets/scatter/Grounded_oak_5_3.res
PASS Exact frozen source /workspace/scratch/a29d03198654/Aether/candidates/round40-exclusive-20260930/project/assets/scatter/Grounded_oak_5_4.res
PASS Exact frozen source /workspace/scratch/a29d03198654/Aether/candidates/round40-exclusive-20260930/project/assets/scatter/Grounded_oak_5_5.res
PASS Exact frozen source /workspace/scratch/a29d03198654/Aether/candidates/round40-exclusive-20260930/project/assets/scatter/Grounded_oak_6_-1.res
PASS Exact frozen source /workspace/scratch/a29d03198654/Aether/candidates/round40-exclusive-20260930/project/assets/scatter/Grounded_oak_6_-10.res
PASS Exact frozen source /workspace/scratch/a29d03198654/Aether/candidates/round40-exclusive-20260930/project/assets/scatter/Grounded_oak_6_-2.res
PASS Exact frozen source /workspace/scratch/a29d03198654/Aether/candidates/round40-exclusive-20260930/project/assets/scatter/Grounded_oak_6_-3.res
PASS Exact frozen source /workspace/scratch/a29d03198654/Aether/candidates/round40-exclusive-20260930/project/assets/scatter/Grounded_oak_6_-4.res
PASS Exact frozen source /workspace/scratch/a29d03198654/Aether/candidates/round40-exclusive-20260930/project/assets/scatter/Grounded_oak_6_-5.res
PASS Exact frozen source /workspace/scratch/a29d03198654/Aether/candidates/round40-exclusive-20260930/project/assets/scatter/Grounded_oak_6_-6.res
PASS Exact frozen source /workspace/scratch/a29d03198654/Aether/candidates/round40-exclusive-20260930/project/assets/scatter/Grounded_oak_6_-7.res
PASS Exact frozen source /workspace/scratch/a29d03198654/Aether/candidates/round40-exclusive-20260930/project/assets/scatter/Grounded_oak_6_-8.res
PASS Exact frozen source /workspace/scratch/a29d03198654/Aether/candidates/round40-exclusive-20260930/project/assets/scatter/Grounded_oak_6_-9.res
PASS Exact frozen source /workspace/scratch/a29d03198654/Aether/candidates/round40-exclusive-20260930/project/assets/scatter/Grounded_oak_6_0.res
PASS Exact frozen source /workspace/scratch/a29d03198654/Aether/candidates/round40-exclusive-20260930/project/assets/scatter/Grounded_oak_6_1.res
PASS Exact frozen source /workspace/scratch/a29d03198654/Aether/candidates/round40-exclusive-20260930/project/assets/scatter/Grounded_oak_6_2.res
PASS Exact frozen source /workspace/scratch/a29d03198654/Aether/candidates/round40-exclusive-20260930/project/assets/scatter/Grounded_oak_6_3.res
PASS Exact frozen source /workspace/scratch/a29d03198654/Aether/candidates/round40-exclusive-20260930/project/assets/scatter/Grounded_oak_6_4.res
PASS Exact frozen source /workspace/scratch/a29d03198654/Aether/candidates/round40-exclusive-20260930/project/assets/scatter/Grounded_oak_6_5.res
PASS Exact frozen source /workspace/scratch/a29d03198654/Aether/candidates/round40-exclusive-20260930/project/assets/scatter/Grounded_pine_-2_-10.res
PASS Exact frozen source /workspace/scratch/a29d03198654/Aether/candidates/round40-exclusive-20260930/project/assets/scatter/Grounded_pine_-2_2.res
PASS Exact frozen source /workspace/scratch/a29d03198654/Aether/candidates/round40-exclusive-20260930/project/assets/scatter/Grounded_pine_-2_3.res
PASS Exact frozen source /workspace/scratch/a29d03198654/Aether/candidates/round40-exclusive-20260930/project/assets/scatter/Grounded_pine_-2_4.res
PASS Exact frozen source /workspace/scratch/a29d03198654/Aether/candidates/round40-exclusive-20260930/project/assets/scatter/Grounded_pine_-3_-10.res
PASS Exact frozen source /workspace/scratch/a29d03198654/Aether/candidates/round40-exclusive-20260930/project/assets/scatter/Grounded_pine_-3_4.res
PASS Exact frozen source /workspace/scratch/a29d03198654/Aether/candidates/round40-exclusive-20260930/project/assets/scatter/Grounded_pine_-4_-10.res
PASS Exact frozen source /workspace/scratch/a29d03198654/Aether/candidates/round40-exclusive-20260930/project/assets/scatter/Grounded_pine_0_-3.res
PASS Exact frozen source /workspace/scratch/a29d03198654/Aether/candidates/round40-exclusive-20260930/project/assets/scatter/Grounded_pine_0_-4.res
PASS Exact frozen source /workspace/scratch/a29d03198654/Aether/candidates/round40-exclusive-20260930/project/assets/scatter/Grounded_pine_1_-3.res
PASS Exact frozen source /workspace/scratch/a29d03198654/Aether/candidates/round40-exclusive-20260930/project/assets/scatter/Grounded_pine_1_-4.res
PASS Exact frozen source /workspace/scratch/a29d03198654/Aether/candidates/round40-exclusive-20260930/project/assets/scatter/Grounded_pine_2_-4.res
PASS Exact frozen source /workspace/scratch/a29d03198654/Aether/candidates/round40-exclusive-20260930/project/assets/scatter/Grounded_pine_2_1.res
PASS Exact frozen source /workspace/scratch/a29d03198654/Aether/candidates/round40-exclusive-20260930/project/assets/scatter/Grounded_pine_2_2.res
PASS Exact frozen source /workspace/scratch/a29d03198654/Aether/candidates/round40-exclusive-20260930/project/assets/scatter/Grounded_pine_3_1.res
PASS Exact frozen source /workspace/scratch/a29d03198654/Aether/candidates/round40-exclusive-20260930/project/assets/scatter/Grounded_pine_3_2.res
PASS Exact frozen source /workspace/scratch/a29d03198654/Aether/candidates/round40-exclusive-20260930/project/assets/scatter/Grounded_pine_4_-4.res
PASS Exact frozen source /workspace/scratch/a29d03198654/Aether/candidates/round40-exclusive-20260930/project/assets/scatter/Grounded_pine_4_1.res
PASS Exact frozen source /workspace/scratch/a29d03198654/Aether/candidates/round40-exclusive-20260930/project/assets/scatter/Grounded_pine_4_2.res
PASS Exact frozen source /workspace/scratch/a29d03198654/Aether/candidates/round40-exclusive-20260930/project/assets/scatter/Grounded_pine_5_-3.res
PASS Exact frozen source /workspace/scratch/a29d03198654/Aether/candidates/round40-exclusive-20260930/project/assets/scatter/Grounded_pine_5_-4.res
PASS Exact frozen source /workspace/scratch/a29d03198654/Aether/candidates/round40-exclusive-20260930/project/assets/scatter/Grounded_pine_5_5.res
PASS Exact frozen source /workspace/scratch/a29d03198654/Aether/candidates/round40-exclusive-20260930/project/assets/scatter/Grounded_pine_6_-4.res
PASS Exact frozen source /workspace/scratch/a29d03198654/Aether/candidates/round40-exclusive-20260930/project/assets/scatter/Grounded_poplar_-1_-1.res
PASS Exact frozen source /workspace/scratch/a29d03198654/Aether/candidates/round40-exclusive-20260930/project/assets/scatter/Grounded_poplar_-1_-10.res
PASS Exact frozen source /workspace/scratch/a29d03198654/Aether/candidates/round40-exclusive-20260930/project/assets/scatter/Grounded_poplar_-1_-6.res
PASS Exact frozen source /workspace/scratch/a29d03198654/Aether/candidates/round40-exclusive-20260930/project/assets/scatter/Grounded_poplar_-1_-7.res
PASS Exact frozen source /workspace/scratch/a29d03198654/Aether/candidates/round40-exclusive-20260930/project/assets/scatter/Grounded_poplar_-1_-8.res
PASS Exact frozen source /workspace/scratch/a29d03198654/Aether/candidates/round40-exclusive-20260930/project/assets/scatter/Grounded_poplar_-1_-9.res
PASS Exact frozen source /workspace/scratch/a29d03198654/Aether/candidates/round40-exclusive-20260930/project/assets/scatter/Grounded_poplar_-1_0.res
PASS Exact frozen source /workspace/scratch/a29d03198654/Aether/candidates/round40-exclusive-20260930/project/assets/scatter/Grounded_poplar_-1_1.res
PASS Exact frozen source /workspace/scratch/a29d03198654/Aether/candidates/round40-exclusive-20260930/project/assets/scatter/Grounded_poplar_-1_2.res
PASS Exact frozen source /workspace/scratch/a29d03198654/Aether/candidates/round40-exclusive-20260930/project/assets/scatter/Grounded_poplar_-1_3.res
PASS Exact frozen source /workspace/scratch/a29d03198654/Aether/candidates/round40-exclusive-20260930/project/assets/scatter/Grounded_poplar_-1_4.res
PASS Exact frozen source /workspace/scratch/a29d03198654/Aether/candidates/round40-exclusive-20260930/project/assets/scatter/Grounded_poplar_-1_5.res
PASS Exact frozen source /workspace/scratch/a29d03198654/Aether/candidates/round40-exclusive-20260930/project/assets/scatter/Grounded_poplar_-2_-10.res
PASS Exact frozen source /workspace/scratch/a29d03198654/Aether/candidates/round40-exclusive-20260930/project/assets/scatter/Grounded_poplar_-2_-7.res
PASS Exact frozen source /workspace/scratch/a29d03198654/Aether/candidates/round40-exclusive-20260930/project/assets/scatter/Grounded_poplar_-2_-8.res
PASS Exact frozen source /workspace/scratch/a29d03198654/Aether/candidates/round40-exclusive-20260930/project/assets/scatter/Grounded_poplar_-2_-9.res
PASS Exact frozen source /workspace/scratch/a29d03198654/Aether/candidates/round40-exclusive-20260930/project/assets/scatter/Grounded_poplar_-2_1.res
PASS Exact frozen source /workspace/scratch/a29d03198654/Aether/candidates/round40-exclusive-20260930/project/assets/scatter/Grounded_poplar_-2_2.res
PASS Exact frozen source /workspace/scratch/a29d03198654/Aether/candidates/round40-exclusive-20260930/project/assets/scatter/Grounded_poplar_-2_3.res
PASS Exact frozen source /workspace/scratch/a29d03198654/Aether/candidates/round40-exclusive-20260930/project/assets/scatter/Grounded_poplar_-2_4.res
PASS Exact frozen source /workspace/scratch/a29d03198654/Aether/candidates/round40-exclusive-20260930/project/assets/scatter/Grounded_poplar_-2_5.res
PASS Exact frozen source /workspace/scratch/a29d03198654/Aether/candidates/round40-exclusive-20260930/project/assets/scatter/Grounded_poplar_-3_-10.res
PASS Exact frozen source /workspace/scratch/a29d03198654/Aether/candidates/round40-exclusive-20260930/project/assets/scatter/Grounded_poplar_-3_-2.res
PASS Exact frozen source /workspace/scratch/a29d03198654/Aether/candidates/round40-exclusive-20260930/project/assets/scatter/Grounded_poplar_-3_-7.res
PASS Exact frozen source /workspace/scratch/a29d03198654/Aether/candidates/round40-exclusive-20260930/project/assets/scatter/Grounded_poplar_-3_-8.res
PASS Exact frozen source /workspace/scratch/a29d03198654/Aether/candidates/round40-exclusive-20260930/project/assets/scatter/Grounded_poplar_-3_-9.res
PASS Exact frozen source /workspace/scratch/a29d03198654/Aether/candidates/round40-exclusive-20260930/project/assets/scatter/Grounded_poplar_-3_1.res
PASS Exact frozen source /workspace/scratch/a29d03198654/Aether/candidates/round40-exclusive-20260930/project/assets/scatter/Grounded_poplar_-3_3.res
PASS Exact frozen source /workspace/scratch/a29d03198654/Aether/candidates/round40-exclusive-20260930/project/assets/scatter/Grounded_poplar_-3_4.res
PASS Exact frozen source /workspace/scratch/a29d03198654/Aether/candidates/round40-exclusive-20260930/project/assets/scatter/Grounded_poplar_-3_5.res
PASS Exact frozen source /workspace/scratch/a29d03198654/Aether/candidates/round40-exclusive-20260930/project/assets/scatter/Grounded_poplar_-4_-1.res
PASS Exact frozen source /workspace/scratch/a29d03198654/Aether/candidates/round40-exclusive-20260930/project/assets/scatter/Grounded_poplar_-4_-10.res
PASS Exact frozen source /workspace/scratch/a29d03198654/Aether/candidates/round40-exclusive-20260930/project/assets/scatter/Grounded_poplar_-4_-7.res
PASS Exact frozen source /workspace/scratch/a29d03198654/Aether/candidates/round40-exclusive-20260930/project/assets/scatter/Grounded_poplar_-4_-8.res
PASS Exact frozen source /workspace/scratch/a29d03198654/Aether/candidates/round40-exclusive-20260930/project/assets/scatter/Grounded_poplar_-4_-9.res
PASS Exact frozen source /workspace/scratch/a29d03198654/Aether/candidates/round40-exclusive-20260930/project/assets/scatter/Grounded_poplar_-5_-1.res
PASS Exact frozen source /workspace/scratch/a29d03198654/Aether/candidates/round40-exclusive-20260930/project/assets/scatter/Grounded_poplar_-5_-10.res
PASS Exact frozen source /workspace/scratch/a29d03198654/Aether/candidates/round40-exclusive-20260930/project/assets/scatter/Grounded_poplar_-5_-7.res
PASS Exact frozen source /workspace/scratch/a29d03198654/Aether/candidates/round40-exclusive-20260930/project/assets/scatter/Grounded_poplar_-5_-8.res
PASS Exact frozen source /workspace/scratch/a29d03198654/Aether/candidates/round40-exclusive-20260930/project/assets/scatter/Grounded_poplar_-5_-9.res
PASS Exact frozen source /workspace/scratch/a29d03198654/Aether/candidates/round40-exclusive-20260930/project/assets/scatter/Grounded_poplar_-5_0.res
PASS Exact frozen source /workspace/scratch/a29d03198654/Aether/candidates/round40-exclusive-20260930/project/assets/scatter/Grounded_poplar_-6_-10.res
PASS Exact frozen source /workspace/scratch/a29d03198654/Aether/candidates/round40-exclusive-20260930/project/assets/scatter/Grounded_poplar_-6_-6.res
PASS Exact frozen source /workspace/scratch/a29d03198654/Aether/candidates/round40-exclusive-20260930/project/assets/scatter/Grounded_poplar_-6_-7.res
PASS Exact frozen source /workspace/scratch/a29d03198654/Aether/candidates/round40-exclusive-20260930/project/assets/scatter/Grounded_poplar_-6_-8.res
PASS Exact frozen source /workspace/scratch/a29d03198654/Aether/candidates/round40-exclusive-20260930/project/assets/scatter/Grounded_poplar_-6_-9.res
PASS Exact frozen source /workspace/scratch/a29d03198654/Aether/candidates/round40-exclusive-20260930/project/assets/scatter/Grounded_poplar_0_-1.res
PASS Exact frozen source /workspace/scratch/a29d03198654/Aether/candidates/round40-exclusive-20260930/project/assets/scatter/Grounded_poplar_0_-10.res
PASS Exact frozen source /workspace/scratch/a29d03198654/Aether/candidates/round40-exclusive-20260930/project/assets/scatter/Grounded_poplar_0_-2.res
PASS Exact frozen source /workspace/scratch/a29d03198654/Aether/candidates/round40-exclusive-20260930/project/assets/scatter/Grounded_poplar_0_-4.res
PASS Exact frozen source /workspace/scratch/a29d03198654/Aether/candidates/round40-exclusive-20260930/project/assets/scatter/Grounded_poplar_0_-5.res
PASS Exact frozen source /workspace/scratch/a29d03198654/Aether/candidates/round40-exclusive-20260930/project/assets/scatter/Grounded_poplar_0_-6.res
PASS Exact frozen source /workspace/scratch/a29d03198654/Aether/candidates/round40-exclusive-20260930/project/assets/scatter/Grounded_poplar_0_-8.res
PASS Exact frozen source /workspace/scratch/a29d03198654/Aether/candidates/round40-exclusive-20260930/project/assets/scatter/Grounded_poplar_0_-9.res
PASS Exact frozen source /workspace/scratch/a29d03198654/Aether/candidates/round40-exclusive-20260930/project/assets/scatter/Grounded_poplar_0_1.res
PASS Exact frozen source /workspace/scratch/a29d03198654/Aether/candidates/round40-exclusive-20260930/project/assets/scatter/Grounded_poplar_0_2.res
PASS Exact frozen source /workspace/scratch/a29d03198654/Aether/candidates/round40-exclusive-20260930/project/assets/scatter/Grounded_poplar_0_3.res
PASS Exact frozen source /workspace/scratch/a29d03198654/Aether/candidates/round40-exclusive-20260930/project/assets/scatter/Grounded_poplar_0_4.res
PASS Exact frozen source /workspace/scratch/a29d03198654/Aether/candidates/round40-exclusive-20260930/project/assets/scatter/Grounded_poplar_0_5.res
PASS Exact frozen source /workspace/scratch/a29d03198654/Aether/candidates/round40-exclusive-20260930/project/assets/scatter/Grounded_poplar_1_-1.res
PASS Exact frozen source /workspace/scratch/a29d03198654/Aether/candidates/round40-exclusive-20260930/project/assets/scatter/Grounded_poplar_1_-10.res
PASS Exact frozen source /workspace/scratch/a29d03198654/Aether/candidates/round40-exclusive-20260930/project/assets/scatter/Grounded_poplar_1_-4.res
PASS Exact frozen source /workspace/scratch/a29d03198654/Aether/candidates/round40-exclusive-20260930/project/assets/scatter/Grounded_poplar_1_-5.res
PASS Exact frozen source /workspace/scratch/a29d03198654/Aether/candidates/round40-exclusive-20260930/project/assets/scatter/Grounded_poplar_1_-6.res
PASS Exact frozen source /workspace/scratch/a29d03198654/Aether/candidates/round40-exclusive-20260930/project/assets/scatter/Grounded_poplar_1_-7.res
PASS Exact frozen source /workspace/scratch/a29d03198654/Aether/candidates/round40-exclusive-20260930/project/assets/scatter/Grounded_poplar_1_-8.res
PASS Exact frozen source /workspace/scratch/a29d03198654/Aether/candidates/round40-exclusive-20260930/project/assets/scatter/Grounded_poplar_1_-9.res
PASS Exact frozen source /workspace/scratch/a29d03198654/Aether/candidates/round40-exclusive-20260930/project/assets/scatter/Grounded_poplar_1_0.res
PASS Exact frozen source /workspace/scratch/a29d03198654/Aether/candidates/round40-exclusive-20260930/project/assets/scatter/Grounded_poplar_1_1.res
PASS Exact frozen source /workspace/scratch/a29d03198654/Aether/candidates/round40-exclusive-20260930/project/assets/scatter/Grounded_poplar_1_2.res
PASS Exact frozen source /workspace/scratch/a29d03198654/Aether/candidates/round40-exclusive-20260930/project/assets/scatter/Grounded_poplar_1_3.res
PASS Exact frozen source /workspace/scratch/a29d03198654/Aether/candidates/round40-exclusive-20260930/project/assets/scatter/Grounded_poplar_1_4.res
PASS Exact frozen source /workspace/scratch/a29d03198654/Aether/candidates/round40-exclusive-20260930/project/assets/scatter/Grounded_poplar_1_5.res
PASS Exact frozen source /workspace/scratch/a29d03198654/Aether/candidates/round40-exclusive-20260930/project/assets/scatter/Grounded_poplar_2_-1.res
PASS Exact frozen source /workspace/scratch/a29d03198654/Aether/candidates/round40-exclusive-20260930/project/assets/scatter/Grounded_poplar_2_-10.res
PASS Exact frozen source /workspace/scratch/a29d03198654/Aether/candidates/round40-exclusive-20260930/project/assets/scatter/Grounded_poplar_2_-2.res
PASS Exact frozen source /workspace/scratch/a29d03198654/Aether/candidates/round40-exclusive-20260930/project/assets/scatter/Grounded_poplar_2_-3.res
PASS Exact frozen source /workspace/scratch/a29d03198654/Aether/candidates/round40-exclusive-20260930/project/assets/scatter/Grounded_poplar_2_-4.res
PASS Exact frozen source /workspace/scratch/a29d03198654/Aether/candidates/round40-exclusive-20260930/project/assets/scatter/Grounded_poplar_2_-5.res
PASS Exact frozen source /workspace/scratch/a29d03198654/Aether/candidates/round40-exclusive-20260930/project/assets/scatter/Grounded_poplar_2_-6.res
PASS Exact frozen source /workspace/scratch/a29d03198654/Aether/candidates/round40-exclusive-20260930/project/assets/scatter/Grounded_poplar_2_-7.res
PASS Exact frozen source /workspace/scratch/a29d03198654/Aether/candidates/round40-exclusive-20260930/project/assets/scatter/Grounded_poplar_2_-8.res
PASS Exact frozen source /workspace/scratch/a29d03198654/Aether/candidates/round40-exclusive-20260930/project/assets/scatter/Grounded_poplar_2_-9.res
PASS Exact frozen source /workspace/scratch/a29d03198654/Aether/candidates/round40-exclusive-20260930/project/assets/scatter/Grounded_poplar_2_0.res
PASS Exact frozen source /workspace/scratch/a29d03198654/Aether/candidates/round40-exclusive-20260930/project/assets/scatter/Grounded_poplar_2_1.res
PASS Exact frozen source /workspace/scratch/a29d03198654/Aether/candidates/round40-exclusive-20260930/project/assets/scatter/Grounded_poplar_2_2.res
PASS Exact frozen source /workspace/scratch/a29d03198654/Aether/candidates/round40-exclusive-20260930/project/assets/scatter/Grounded_poplar_2_3.res
PASS Exact frozen source /workspace/scratch/a29d03198654/Aether/candidates/round40-exclusive-20260930/project/assets/scatter/Grounded_poplar_2_4.res
PASS Exact frozen source /workspace/scratch/a29d03198654/Aether/candidates/round40-exclusive-20260930/project/assets/scatter/Grounded_poplar_2_5.res
PASS Exact frozen source /workspace/scratch/a29d03198654/Aether/candidates/round40-exclusive-20260930/project/assets/scatter/Grounded_poplar_3_-10.res
PASS Exact frozen source /workspace/scratch/a29d03198654/Aether/candidates/round40-exclusive-20260930/project/assets/scatter/Grounded_poplar_3_-2.res
PASS Exact frozen source /workspace/scratch/a29d03198654/Aether/candidates/round40-exclusive-20260930/project/assets/scatter/Grounded_poplar_3_-4.res
PASS Exact frozen source /workspace/scratch/a29d03198654/Aether/candidates/round40-exclusive-20260930/project/assets/scatter/Grounded_poplar_3_-5.res
PASS Exact frozen source /workspace/scratch/a29d03198654/Aether/candidates/round40-exclusive-20260930/project/assets/scatter/Grounded_poplar_3_-6.res
PASS Exact frozen source /workspace/scratch/a29d03198654/Aether/candidates/round40-exclusive-20260930/project/assets/scatter/Grounded_poplar_3_-7.res
PASS Exact frozen source /workspace/scratch/a29d03198654/Aether/candidates/round40-exclusive-20260930/project/assets/scatter/Grounded_poplar_3_-8.res
PASS Exact frozen source /workspace/scratch/a29d03198654/Aether/candidates/round40-exclusive-20260930/project/assets/scatter/Grounded_poplar_3_0.res
PASS Exact frozen source /workspace/scratch/a29d03198654/Aether/candidates/round40-exclusive-20260930/project/assets/scatter/Grounded_poplar_3_2.res
PASS Exact frozen source /workspace/scratch/a29d03198654/Aether/candidates/round40-exclusive-20260930/project/assets/scatter/Grounded_poplar_3_3.res
PASS Exact frozen source /workspace/scratch/a29d03198654/Aether/candidates/round40-exclusive-20260930/project/assets/scatter/Grounded_poplar_3_4.res
PASS Exact frozen source /workspace/scratch/a29d03198654/Aether/candidates/round40-exclusive-20260930/project/assets/scatter/Grounded_poplar_3_5.res
PASS Exact frozen source /workspace/scratch/a29d03198654/Aether/candidates/round40-exclusive-20260930/project/assets/scatter/Grounded_poplar_4_-1.res
PASS Exact frozen source /workspace/scratch/a29d03198654/Aether/candidates/round40-exclusive-20260930/project/assets/scatter/Grounded_poplar_4_-10.res
PASS Exact frozen source /workspace/scratch/a29d03198654/Aether/candidates/round40-exclusive-20260930/project/assets/scatter/Grounded_poplar_4_-2.res
PASS Exact frozen source /workspace/scratch/a29d03198654/Aether/candidates/round40-exclusive-20260930/project/assets/scatter/Grounded_poplar_4_-3.res
PASS Exact frozen source /workspace/scratch/a29d03198654/Aether/candidates/round40-exclusive-20260930/project/assets/scatter/Grounded_poplar_4_-4.res
PASS Exact frozen source /workspace/scratch/a29d03198654/Aether/candidates/round40-exclusive-20260930/project/assets/scatter/Grounded_poplar_4_-5.res
PASS Exact frozen source /workspace/scratch/a29d03198654/Aether/candidates/round40-exclusive-20260930/project/assets/scatter/Grounded_poplar_4_-6.res
PASS Exact frozen source /workspace/scratch/a29d03198654/Aether/candidates/round40-exclusive-20260930/project/assets/scatter/Grounded_poplar_4_-7.res
PASS Exact frozen source /workspace/scratch/a29d03198654/Aether/candidates/round40-exclusive-20260930/project/assets/scatter/Grounded_poplar_4_-8.res
PASS Exact frozen source /workspace/scratch/a29d03198654/Aether/candidates/round40-exclusive-20260930/project/assets/scatter/Grounded_poplar_4_-9.res
PASS Exact frozen source /workspace/scratch/a29d03198654/Aether/candidates/round40-exclusive-20260930/project/assets/scatter/Grounded_poplar_4_0.res
PASS Exact frozen source /workspace/scratch/a29d03198654/Aether/candidates/round40-exclusive-20260930/project/assets/scatter/Grounded_poplar_4_1.res
PASS Exact frozen source /workspace/scratch/a29d03198654/Aether/candidates/round40-exclusive-20260930/project/assets/scatter/Grounded_poplar_4_2.res
PASS Exact frozen source /workspace/scratch/a29d03198654/Aether/candidates/round40-exclusive-20260930/project/assets/scatter/Grounded_poplar_4_3.res
PASS Exact frozen source /workspace/scratch/a29d03198654/Aether/candidates/round40-exclusive-20260930/project/assets/scatter/Grounded_poplar_4_4.res
PASS Exact frozen source /workspace/scratch/a29d03198654/Aether/candidates/round40-exclusive-20260930/project/assets/scatter/Grounded_poplar_4_5.res
PASS Exact frozen source /workspace/scratch/a29d03198654/Aether/candidates/round40-exclusive-20260930/project/assets/scatter/Grounded_poplar_5_-1.res
PASS Exact frozen source /workspace/scratch/a29d03198654/Aether/candidates/round40-exclusive-20260930/project/assets/scatter/Grounded_poplar_5_-10.res
PASS Exact frozen source /workspace/scratch/a29d03198654/Aether/candidates/round40-exclusive-20260930/project/assets/scatter/Grounded_poplar_5_-2.res
PASS Exact frozen source /workspace/scratch/a29d03198654/Aether/candidates/round40-exclusive-20260930/project/assets/scatter/Grounded_poplar_5_-3.res
PASS Exact frozen source /workspace/scratch/a29d03198654/Aether/candidates/round40-exclusive-20260930/project/assets/scatter/Grounded_poplar_5_-4.res
PASS Exact frozen source /workspace/scratch/a29d03198654/Aether/candidates/round40-exclusive-20260930/project/assets/scatter/Grounded_poplar_5_-5.res
PASS Exact frozen source /workspace/scratch/a29d03198654/Aether/candidates/round40-exclusive-20260930/project/assets/scatter/Grounded_poplar_5_-6.res
PASS Exact frozen source /workspace/scratch/a29d03198654/Aether/candidates/round40-exclusive-20260930/project/assets/scatter/Grounded_poplar_5_-7.res
PASS Exact frozen source /workspace/scratch/a29d03198654/Aether/candidates/round40-exclusive-20260930/project/assets/scatter/Grounded_poplar_5_-8.res
PASS Exact frozen source /workspace/scratch/a29d03198654/Aether/candidates/round40-exclusive-20260930/project/assets/scatter/Grounded_poplar_5_-9.res
PASS Exact frozen source /workspace/scratch/a29d03198654/Aether/candidates/round40-exclusive-20260930/project/assets/scatter/Grounded_poplar_5_0.res
PASS Exact frozen source /workspace/scratch/a29d03198654/Aether/candidates/round40-exclusive-20260930/project/assets/scatter/Grounded_poplar_5_1.res
PASS Exact frozen source /workspace/scratch/a29d03198654/Aether/candidates/round40-exclusive-20260930/project/assets/scatter/Grounded_poplar_5_2.res
PASS Exact frozen source /workspace/scratch/a29d03198654/Aether/candidates/round40-exclusive-20260930/project/assets/scatter/Grounded_poplar_5_3.res
PASS Exact frozen source /workspace/scratch/a29d03198654/Aether/candidates/round40-exclusive-20260930/project/assets/scatter/Grounded_poplar_5_4.res
PASS Exact frozen source /workspace/scratch/a29d03198654/Aether/candidates/round40-exclusive-20260930/project/assets/scatter/Grounded_poplar_5_5.res
PASS Exact frozen source /workspace/scratch/a29d03198654/Aether/candidates/round40-exclusive-20260930/project/assets/scatter/Grounded_poplar_6_-1.res
PASS Exact frozen source /workspace/scratch/a29d03198654/Aether/candidates/round40-exclusive-20260930/project/assets/scatter/Grounded_poplar_6_-10.res
PASS Exact frozen source /workspace/scratch/a29d03198654/Aether/candidates/round40-exclusive-20260930/project/assets/scatter/Grounded_poplar_6_-2.res
PASS Exact frozen source /workspace/scratch/a29d03198654/Aether/candidates/round40-exclusive-20260930/project/assets/scatter/Grounded_poplar_6_-3.res
PASS Exact frozen source /workspace/scratch/a29d03198654/Aether/candidates/round40-exclusive-20260930/project/assets/scatter/Grounded_poplar_6_-4.res
PASS Exact frozen source /workspace/scratch/a29d03198654/Aether/candidates/round40-exclusive-20260930/project/assets/scatter/Grounded_poplar_6_-5.res
PASS Exact frozen source /workspace/scratch/a29d03198654/Aether/candidates/round40-exclusive-20260930/project/assets/scatter/Grounded_poplar_6_-6.res
PASS Exact frozen source /workspace/scratch/a29d03198654/Aether/candidates/round40-exclusive-20260930/project/assets/scatter/Grounded_poplar_6_-7.res
PASS Exact frozen source /workspace/scratch/a29d03198654/Aether/candidates/round40-exclusive-20260930/project/assets/scatter/Grounded_poplar_6_-8.res
PASS Exact frozen source /workspace/scratch/a29d03198654/Aether/candidates/round40-exclusive-20260930/project/assets/scatter/Grounded_poplar_6_-9.res
PASS Exact frozen source /workspace/scratch/a29d03198654/Aether/candidates/round40-exclusive-20260930/project/assets/scatter/Grounded_poplar_6_0.res
PASS Exact frozen source /workspace/scratch/a29d03198654/Aether/candidates/round40-exclusive-20260930/project/assets/scatter/Grounded_poplar_6_1.res
PASS Exact frozen source /workspace/scratch/a29d03198654/Aether/candidates/round40-exclusive-20260930/project/assets/scatter/Grounded_poplar_6_2.res
PASS Exact frozen source /workspace/scratch/a29d03198654/Aether/candidates/round40-exclusive-20260930/project/assets/scatter/Grounded_poplar_6_3.res
PASS Exact frozen source /workspace/scratch/a29d03198654/Aether/candidates/round40-exclusive-20260930/project/assets/scatter/Grounded_poplar_6_4.res
PASS Exact frozen source /workspace/scratch/a29d03198654/Aether/candidates/round40-exclusive-20260930/project/assets/scatter/Grounded_rock_-1_-10.res
PASS Exact frozen source /workspace/scratch/a29d03198654/Aether/candidates/round40-exclusive-20260930/project/assets/scatter/Grounded_rock_-1_-2.res
PASS Exact frozen source /workspace/scratch/a29d03198654/Aether/candidates/round40-exclusive-20260930/project/assets/scatter/Grounded_rock_-1_-3.res
PASS Exact frozen source /workspace/scratch/a29d03198654/Aether/candidates/round40-exclusive-20260930/project/assets/scatter/Grounded_rock_-1_-4.res
PASS Exact frozen source /workspace/scratch/a29d03198654/Aether/candidates/round40-exclusive-20260930/project/assets/scatter/Grounded_rock_-1_-5.res
PASS Exact frozen source /workspace/scratch/a29d03198654/Aether/candidates/round40-exclusive-20260930/project/assets/scatter/Grounded_rock_-1_-6.res
PASS Exact frozen source /workspace/scratch/a29d03198654/Aether/candidates/round40-exclusive-20260930/project/assets/scatter/Grounded_rock_-1_-7.res
PASS Exact frozen source /workspace/scratch/a29d03198654/Aether/candidates/round40-exclusive-20260930/project/assets/scatter/Grounded_rock_-1_-8.res
PASS Exact frozen source /workspace/scratch/a29d03198654/Aether/candidates/round40-exclusive-20260930/project/assets/scatter/Grounded_rock_-1_-9.res
PASS Exact frozen source /workspace/scratch/a29d03198654/Aether/candidates/round40-exclusive-20260930/project/assets/scatter/Grounded_rock_-1_0.res
PASS Exact frozen source /workspace/scratch/a29d03198654/Aether/candidates/round40-exclusive-20260930/project/assets/scatter/Grounded_rock_-1_1.res
PASS Exact frozen source /workspace/scratch/a29d03198654/Aether/candidates/round40-exclusive-20260930/project/assets/scatter/Grounded_rock_-1_2.res
PASS Exact frozen source /workspace/scratch/a29d03198654/Aether/candidates/round40-exclusive-20260930/project/assets/scatter/Grounded_rock_-1_3.res
PASS Exact frozen source /workspace/scratch/a29d03198654/Aether/candidates/round40-exclusive-20260930/project/assets/scatter/Grounded_rock_-1_4.res
PASS Exact frozen source /workspace/scratch/a29d03198654/Aether/candidates/round40-exclusive-20260930/project/assets/scatter/Grounded_rock_-1_5.res
PASS Exact frozen source /workspace/scratch/a29d03198654/Aether/candidates/round40-exclusive-20260930/project/assets/scatter/Grounded_rock_-2_-10.res
PASS Exact frozen source /workspace/scratch/a29d03198654/Aether/candidates/round40-exclusive-20260930/project/assets/scatter/Grounded_rock_-2_-2.res
PASS Exact frozen source /workspace/scratch/a29d03198654/Aether/candidates/round40-exclusive-20260930/project/assets/scatter/Grounded_rock_-2_-7.res
PASS Exact frozen source /workspace/scratch/a29d03198654/Aether/candidates/round40-exclusive-20260930/project/assets/scatter/Grounded_rock_-2_-8.res
PASS Exact frozen source /workspace/scratch/a29d03198654/Aether/candidates/round40-exclusive-20260930/project/assets/scatter/Grounded_rock_-2_-9.res
PASS Exact frozen source /workspace/scratch/a29d03198654/Aether/candidates/round40-exclusive-20260930/project/assets/scatter/Grounded_rock_-2_2.res
PASS Exact frozen source /workspace/scratch/a29d03198654/Aether/candidates/round40-exclusive-20260930/project/assets/scatter/Grounded_rock_-2_3.res
PASS Exact frozen source /workspace/scratch/a29d03198654/Aether/candidates/round40-exclusive-20260930/project/assets/scatter/Grounded_rock_-2_4.res
PASS Exact frozen source /workspace/scratch/a29d03198654/Aether/candidates/round40-exclusive-20260930/project/assets/scatter/Grounded_rock_-2_5.res
PASS Exact frozen source /workspace/scratch/a29d03198654/Aether/candidates/round40-exclusive-20260930/project/assets/scatter/Grounded_rock_-3_-10.res
PASS Exact frozen source /workspace/scratch/a29d03198654/Aether/candidates/round40-exclusive-20260930/project/assets/scatter/Grounded_rock_-3_-2.res
PASS Exact frozen source /workspace/scratch/a29d03198654/Aether/candidates/round40-exclusive-20260930/project/assets/scatter/Grounded_rock_-3_-7.res
PASS Exact frozen source /workspace/scratch/a29d03198654/Aether/candidates/round40-exclusive-20260930/project/assets/scatter/Grounded_rock_-3_-8.res
PASS Exact frozen source /workspace/scratch/a29d03198654/Aether/candidates/round40-exclusive-20260930/project/assets/scatter/Grounded_rock_-3_-9.res
PASS Exact frozen source /workspace/scratch/a29d03198654/Aether/candidates/round40-exclusive-20260930/project/assets/scatter/Grounded_rock_-3_1.res
PASS Exact frozen source /workspace/scratch/a29d03198654/Aether/candidates/round40-exclusive-20260930/project/assets/scatter/Grounded_rock_-3_2.res
PASS Exact frozen source /workspace/scratch/a29d03198654/Aether/candidates/round40-exclusive-20260930/project/assets/scatter/Grounded_rock_-3_3.res
PASS Exact frozen source /workspace/scratch/a29d03198654/Aether/candidates/round40-exclusive-20260930/project/assets/scatter/Grounded_rock_-3_4.res
PASS Exact frozen source /workspace/scratch/a29d03198654/Aether/candidates/round40-exclusive-20260930/project/assets/scatter/Grounded_rock_-3_5.res
PASS Exact frozen source /workspace/scratch/a29d03198654/Aether/candidates/round40-exclusive-20260930/project/assets/scatter/Grounded_rock_-4_-1.res
PASS Exact frozen source /workspace/scratch/a29d03198654/Aether/candidates/round40-exclusive-20260930/project/assets/scatter/Grounded_rock_-4_-10.res
PASS Exact frozen source /workspace/scratch/a29d03198654/Aether/candidates/round40-exclusive-20260930/project/assets/scatter/Grounded_rock_-4_-7.res
PASS Exact frozen source /workspace/scratch/a29d03198654/Aether/candidates/round40-exclusive-20260930/project/assets/scatter/Grounded_rock_-4_-8.res
PASS Exact frozen source /workspace/scratch/a29d03198654/Aether/candidates/round40-exclusive-20260930/project/assets/scatter/Grounded_rock_-4_-9.res
PASS Exact frozen source /workspace/scratch/a29d03198654/Aether/candidates/round40-exclusive-20260930/project/assets/scatter/Grounded_rock_-4_0.res
PASS Exact frozen source /workspace/scratch/a29d03198654/Aether/candidates/round40-exclusive-20260930/project/assets/scatter/Grounded_rock_-5_-1.res
PASS Exact frozen source /workspace/scratch/a29d03198654/Aether/candidates/round40-exclusive-20260930/project/assets/scatter/Grounded_rock_-5_-10.res
PASS Exact frozen source /workspace/scratch/a29d03198654/Aether/candidates/round40-exclusive-20260930/project/assets/scatter/Grounded_rock_-5_-7.res
PASS Exact frozen source /workspace/scratch/a29d03198654/Aether/candidates/round40-exclusive-20260930/project/assets/scatter/Grounded_rock_-5_-8.res
PASS Exact frozen source /workspace/scratch/a29d03198654/Aether/candidates/round40-exclusive-20260930/project/assets/scatter/Grounded_rock_-5_-9.res
PASS Exact frozen source /workspace/scratch/a29d03198654/Aether/candidates/round40-exclusive-20260930/project/assets/scatter/Grounded_rock_-5_0.res
PASS Exact frozen source /workspace/scratch/a29d03198654/Aether/candidates/round40-exclusive-20260930/project/assets/scatter/Grounded_rock_-6_-10.res
PASS Exact frozen source /workspace/scratch/a29d03198654/Aether/candidates/round40-exclusive-20260930/project/assets/scatter/Grounded_rock_-6_-6.res
PASS Exact frozen source /workspace/scratch/a29d03198654/Aether/candidates/round40-exclusive-20260930/project/assets/scatter/Grounded_rock_-6_-7.res
PASS Exact frozen source /workspace/scratch/a29d03198654/Aether/candidates/round40-exclusive-20260930/project/assets/scatter/Grounded_rock_-6_-8.res
PASS Exact frozen source /workspace/scratch/a29d03198654/Aether/candidates/round40-exclusive-20260930/project/assets/scatter/Grounded_rock_-6_-9.res
PASS Exact frozen source /workspace/scratch/a29d03198654/Aether/candidates/round40-exclusive-20260930/project/assets/scatter/Grounded_rock_0_-1.res
PASS Exact frozen source /workspace/scratch/a29d03198654/Aether/candidates/round40-exclusive-20260930/project/assets/scatter/Grounded_rock_0_-10.res
PASS Exact frozen source /workspace/scratch/a29d03198654/Aether/candidates/round40-exclusive-20260930/project/assets/scatter/Grounded_rock_0_-2.res
PASS Exact frozen source /workspace/scratch/a29d03198654/Aether/candidates/round40-exclusive-20260930/project/assets/scatter/Grounded_rock_0_-4.res
PASS Exact frozen source /workspace/scratch/a29d03198654/Aether/candidates/round40-exclusive-20260930/project/assets/scatter/Grounded_rock_0_-5.res
PASS Exact frozen source /workspace/scratch/a29d03198654/Aether/candidates/round40-exclusive-20260930/project/assets/scatter/Grounded_rock_0_-6.res
PASS Exact frozen source /workspace/scratch/a29d03198654/Aether/candidates/round40-exclusive-20260930/project/assets/scatter/Grounded_rock_0_-7.res
PASS Exact frozen source /workspace/scratch/a29d03198654/Aether/candidates/round40-exclusive-20260930/project/assets/scatter/Grounded_rock_0_-8.res
PASS Exact frozen source /workspace/scratch/a29d03198654/Aether/candidates/round40-exclusive-20260930/project/assets/scatter/Grounded_rock_0_-9.res
PASS Exact frozen source /workspace/scratch/a29d03198654/Aether/candidates/round40-exclusive-20260930/project/assets/scatter/Grounded_rock_0_0.res
PASS Exact frozen source /workspace/scratch/a29d03198654/Aether/candidates/round40-exclusive-20260930/project/assets/scatter/Grounded_rock_0_1.res
PASS Exact frozen source /workspace/scratch/a29d03198654/Aether/candidates/round40-exclusive-20260930/project/assets/scatter/Grounded_rock_0_2.res
PASS Exact frozen source /workspace/scratch/a29d03198654/Aether/candidates/round40-exclusive-20260930/project/assets/scatter/Grounded_rock_0_3.res
PASS Exact frozen source /workspace/scratch/a29d03198654/Aether/candidates/round40-exclusive-20260930/project/assets/scatter/Grounded_rock_0_4.res
PASS Exact frozen source /workspace/scratch/a29d03198654/Aether/candidates/round40-exclusive-20260930/project/assets/scatter/Grounded_rock_0_5.res
PASS Exact frozen source /workspace/scratch/a29d03198654/Aether/candidates/round40-exclusive-20260930/project/assets/scatter/Grounded_rock_1_-1.res
PASS Exact frozen source /workspace/scratch/a29d03198654/Aether/candidates/round40-exclusive-20260930/project/assets/scatter/Grounded_rock_1_-10.res
PASS Exact frozen source /workspace/scratch/a29d03198654/Aether/candidates/round40-exclusive-20260930/project/assets/scatter/Grounded_rock_1_-4.res
PASS Exact frozen source /workspace/scratch/a29d03198654/Aether/candidates/round40-exclusive-20260930/project/assets/scatter/Grounded_rock_1_-5.res
PASS Exact frozen source /workspace/scratch/a29d03198654/Aether/candidates/round40-exclusive-20260930/project/assets/scatter/Grounded_rock_1_-6.res
PASS Exact frozen source /workspace/scratch/a29d03198654/Aether/candidates/round40-exclusive-20260930/project/assets/scatter/Grounded_rock_1_-7.res
PASS Exact frozen source /workspace/scratch/a29d03198654/Aether/candidates/round40-exclusive-20260930/project/assets/scatter/Grounded_rock_1_-8.res
PASS Exact frozen source /workspace/scratch/a29d03198654/Aether/candidates/round40-exclusive-20260930/project/assets/scatter/Grounded_rock_1_-9.res
PASS Exact frozen source /workspace/scratch/a29d03198654/Aether/candidates/round40-exclusive-20260930/project/assets/scatter/Grounded_rock_1_0.res
PASS Exact frozen source /workspace/scratch/a29d03198654/Aether/candidates/round40-exclusive-20260930/project/assets/scatter/Grounded_rock_1_1.res
PASS Exact frozen source /workspace/scratch/a29d03198654/Aether/candidates/round40-exclusive-20260930/project/assets/scatter/Grounded_rock_1_2.res
PASS Exact frozen source /workspace/scratch/a29d03198654/Aether/candidates/round40-exclusive-20260930/project/assets/scatter/Grounded_rock_1_3.res
PASS Exact frozen source /workspace/scratch/a29d03198654/Aether/candidates/round40-exclusive-20260930/project/assets/scatter/Grounded_rock_1_4.res
PASS Exact frozen source /workspace/scratch/a29d03198654/Aether/candidates/round40-exclusive-20260930/project/assets/scatter/Grounded_rock_1_5.res
PASS Exact frozen source /workspace/scratch/a29d03198654/Aether/candidates/round40-exclusive-20260930/project/assets/scatter/Grounded_rock_2_-1.res
PASS Exact frozen source /workspace/scratch/a29d03198654/Aether/candidates/round40-exclusive-20260930/project/assets/scatter/Grounded_rock_2_-10.res
PASS Exact frozen source /workspace/scratch/a29d03198654/Aether/candidates/round40-exclusive-20260930/project/assets/scatter/Grounded_rock_2_-2.res
PASS Exact frozen source /workspace/scratch/a29d03198654/Aether/candidates/round40-exclusive-20260930/project/assets/scatter/Grounded_rock_2_-3.res
PASS Exact frozen source /workspace/scratch/a29d03198654/Aether/candidates/round40-exclusive-20260930/project/assets/scatter/Grounded_rock_2_-4.res
PASS Exact frozen source /workspace/scratch/a29d03198654/Aether/candidates/round40-exclusive-20260930/project/assets/scatter/Grounded_rock_2_-5.res
PASS Exact frozen source /workspace/scratch/a29d03198654/Aether/candidates/round40-exclusive-20260930/project/assets/scatter/Grounded_rock_2_-6.res
PASS Exact frozen source /workspace/scratch/a29d03198654/Aether/candidates/round40-exclusive-20260930/project/assets/scatter/Grounded_rock_2_-7.res
PASS Exact frozen source /workspace/scratch/a29d03198654/Aether/candidates/round40-exclusive-20260930/project/assets/scatter/Grounded_rock_2_-8.res
PASS Exact frozen source /workspace/scratch/a29d03198654/Aether/candidates/round40-exclusive-20260930/project/assets/scatter/Grounded_rock_2_-9.res
PASS Exact frozen source /workspace/scratch/a29d03198654/Aether/candidates/round40-exclusive-20260930/project/assets/scatter/Grounded_rock_2_0.res
PASS Exact frozen source /workspace/scratch/a29d03198654/Aether/candidates/round40-exclusive-20260930/project/assets/scatter/Grounded_rock_2_1.res
PASS Exact frozen source /workspace/scratch/a29d03198654/Aether/candidates/round40-exclusive-20260930/project/assets/scatter/Grounded_rock_2_2.res
PASS Exact frozen source /workspace/scratch/a29d03198654/Aether/candidates/round40-exclusive-20260930/project/assets/scatter/Grounded_rock_2_3.res
PASS Exact frozen source /workspace/scratch/a29d03198654/Aether/candidates/round40-exclusive-20260930/project/assets/scatter/Grounded_rock_2_4.res
PASS Exact frozen source /workspace/scratch/a29d03198654/Aether/candidates/round40-exclusive-20260930/project/assets/scatter/Grounded_rock_2_5.res
PASS Exact frozen source /workspace/scratch/a29d03198654/Aether/candidates/round40-exclusive-20260930/project/assets/scatter/Grounded_rock_3_-1.res
PASS Exact frozen source /workspace/scratch/a29d03198654/Aether/candidates/round40-exclusive-20260930/project/assets/scatter/Grounded_rock_3_-10.res
PASS Exact frozen source /workspace/scratch/a29d03198654/Aether/candidates/round40-exclusive-20260930/project/assets/scatter/Grounded_rock_3_-2.res
PASS Exact frozen source /workspace/scratch/a29d03198654/Aether/candidates/round40-exclusive-20260930/project/assets/scatter/Grounded_rock_3_-3.res
PASS Exact frozen source /workspace/scratch/a29d03198654/Aether/candidates/round40-exclusive-20260930/project/assets/scatter/Grounded_rock_3_-4.res
PASS Exact frozen source /workspace/scratch/a29d03198654/Aether/candidates/round40-exclusive-20260930/project/assets/scatter/Grounded_rock_3_-5.res
PASS Exact frozen source /workspace/scratch/a29d03198654/Aether/candidates/round40-exclusive-20260930/project/assets/scatter/Grounded_rock_3_-6.res
PASS Exact frozen source /workspace/scratch/a29d03198654/Aether/candidates/round40-exclusive-20260930/project/assets/scatter/Grounded_rock_3_-7.res
PASS Exact frozen source /workspace/scratch/a29d03198654/Aether/candidates/round40-exclusive-20260930/project/assets/scatter/Grounded_rock_3_-8.res
PASS Exact frozen source /workspace/scratch/a29d03198654/Aether/candidates/round40-exclusive-20260930/project/assets/scatter/Grounded_rock_3_-9.res
PASS Exact frozen source /workspace/scratch/a29d03198654/Aether/candidates/round40-exclusive-20260930/project/assets/scatter/Grounded_rock_3_0.res
PASS Exact frozen source /workspace/scratch/a29d03198654/Aether/candidates/round40-exclusive-20260930/project/assets/scatter/Grounded_rock_3_1.res
PASS Exact frozen source /workspace/scratch/a29d03198654/Aether/candidates/round40-exclusive-20260930/project/assets/scatter/Grounded_rock_3_2.res
PASS Exact frozen source /workspace/scratch/a29d03198654/Aether/candidates/round40-exclusive-20260930/project/assets/scatter/Grounded_rock_3_3.res
PASS Exact frozen source /workspace/scratch/a29d03198654/Aether/candidates/round40-exclusive-20260930/project/assets/scatter/Grounded_rock_3_4.res
PASS Exact frozen source /workspace/scratch/a29d03198654/Aether/candidates/round40-exclusive-20260930/project/assets/scatter/Grounded_rock_3_5.res
PASS Exact frozen source /workspace/scratch/a29d03198654/Aether/candidates/round40-exclusive-20260930/project/assets/scatter/Grounded_rock_4_-1.res
PASS Exact frozen source /workspace/scratch/a29d03198654/Aether/candidates/round40-exclusive-20260930/project/assets/scatter/Grounded_rock_4_-10.res
PASS Exact frozen source /workspace/scratch/a29d03198654/Aether/candidates/round40-exclusive-20260930/project/assets/scatter/Grounded_rock_4_-2.res
PASS Exact frozen source /workspace/scratch/a29d03198654/Aether/candidates/round40-exclusive-20260930/project/assets/scatter/Grounded_rock_4_-3.res
PASS Exact frozen source /workspace/scratch/a29d03198654/Aether/candidates/round40-exclusive-20260930/project/assets/scatter/Grounded_rock_4_-4.res
PASS Exact frozen source /workspace/scratch/a29d03198654/Aether/candidates/round40-exclusive-20260930/project/assets/scatter/Grounded_rock_4_-5.res
PASS Exact frozen source /workspace/scratch/a29d03198654/Aether/candidates/round40-exclusive-20260930/project/assets/scatter/Grounded_rock_4_-6.res
PASS Exact frozen source /workspace/scratch/a29d03198654/Aether/candidates/round40-exclusive-20260930/project/assets/scatter/Grounded_rock_4_-7.res
PASS Exact frozen source /workspace/scratch/a29d03198654/Aether/candidates/round40-exclusive-20260930/project/assets/scatter/Grounded_rock_4_-8.res
PASS Exact frozen source /workspace/scratch/a29d03198654/Aether/candidates/round40-exclusive-20260930/project/assets/scatter/Grounded_rock_4_-9.res
PASS Exact frozen source /workspace/scratch/a29d03198654/Aether/candidates/round40-exclusive-20260930/project/assets/scatter/Grounded_rock_4_0.res
PASS Exact frozen source /workspace/scratch/a29d03198654/Aether/candidates/round40-exclusive-20260930/project/assets/scatter/Grounded_rock_4_1.res
PASS Exact frozen source /workspace/scratch/a29d03198654/Aether/candidates/round40-exclusive-20260930/project/assets/scatter/Grounded_rock_4_2.res
PASS Exact frozen source /workspace/scratch/a29d03198654/Aether/candidates/round40-exclusive-20260930/project/assets/scatter/Grounded_rock_4_3.res
PASS Exact frozen source /workspace/scratch/a29d03198654/Aether/candidates/round40-exclusive-20260930/project/assets/scatter/Grounded_rock_4_4.res
PASS Exact frozen source /workspace/scratch/a29d03198654/Aether/candidates/round40-exclusive-20260930/project/assets/scatter/Grounded_rock_4_5.res
PASS Exact frozen source /workspace/scratch/a29d03198654/Aether/candidates/round40-exclusive-20260930/project/assets/scatter/Grounded_rock_5_-1.res
PASS Exact frozen source /workspace/scratch/a29d03198654/Aether/candidates/round40-exclusive-20260930/project/assets/scatter/Grounded_rock_5_-10.res
PASS Exact frozen source /workspace/scratch/a29d03198654/Aether/candidates/round40-exclusive-20260930/project/assets/scatter/Grounded_rock_5_-2.res
PASS Exact frozen source /workspace/scratch/a29d03198654/Aether/candidates/round40-exclusive-20260930/project/assets/scatter/Grounded_rock_5_-3.res
PASS Exact frozen source /workspace/scratch/a29d03198654/Aether/candidates/round40-exclusive-20260930/project/assets/scatter/Grounded_rock_5_-4.res
PASS Exact frozen source /workspace/scratch/a29d03198654/Aether/candidates/round40-exclusive-20260930/project/assets/scatter/Grounded_rock_5_-5.res
PASS Exact frozen source /workspace/scratch/a29d03198654/Aether/candidates/round40-exclusive-20260930/project/assets/scatter/Grounded_rock_5_-6.res
PASS Exact frozen source /workspace/scratch/a29d03198654/Aether/candidates/round40-exclusive-20260930/project/assets/scatter/Grounded_rock_5_-7.res
PASS Exact frozen source /workspace/scratch/a29d03198654/Aether/candidates/round40-exclusive-20260930/project/assets/scatter/Grounded_rock_5_-8.res
PASS Exact frozen source /workspace/scratch/a29d03198654/Aether/candidates/round40-exclusive-20260930/project/assets/scatter/Grounded_rock_5_-9.res
PASS Exact frozen source /workspace/scratch/a29d03198654/Aether/candidates/round40-exclusive-20260930/project/assets/scatter/Grounded_rock_5_0.res
PASS Exact frozen source /workspace/scratch/a29d03198654/Aether/candidates/round40-exclusive-20260930/project/assets/scatter/Grounded_rock_5_1.res
PASS Exact frozen source /workspace/scratch/a29d03198654/Aether/candidates/round40-exclusive-20260930/project/assets/scatter/Grounded_rock_5_2.res
PASS Exact frozen source /workspace/scratch/a29d03198654/Aether/candidates/round40-exclusive-20260930/project/assets/scatter/Grounded_rock_5_3.res
PASS Exact frozen source /workspace/scratch/a29d03198654/Aether/candidates/round40-exclusive-20260930/project/assets/scatter/Grounded_rock_5_4.res
PASS Exact frozen source /workspace/scratch/a29d03198654/Aether/candidates/round40-exclusive-20260930/project/assets/scatter/Grounded_rock_5_5.res
PASS Exact frozen source /workspace/scratch/a29d03198654/Aether/candidates/round40-exclusive-20260930/project/assets/scatter/Grounded_rock_6_-1.res
PASS Exact frozen source /workspace/scratch/a29d03198654/Aether/candidates/round40-exclusive-20260930/project/assets/scatter/Grounded_rock_6_-10.res
PASS Exact frozen source /workspace/scratch/a29d03198654/Aether/candidates/round40-exclusive-20260930/project/assets/scatter/Grounded_rock_6_-2.res
PASS Exact frozen source /workspace/scratch/a29d03198654/Aether/candidates/round40-exclusive-20260930/project/assets/scatter/Grounded_rock_6_-3.res
PASS Exact frozen source /workspace/scratch/a29d03198654/Aether/candidates/round40-exclusive-20260930/project/assets/scatter/Grounded_rock_6_-4.res
PASS Exact frozen source /workspace/scratch/a29d03198654/Aether/candidates/round40-exclusive-20260930/project/assets/scatter/Grounded_rock_6_-5.res
PASS Exact frozen source /workspace/scratch/a29d03198654/Aether/candidates/round40-exclusive-20260930/project/assets/scatter/Grounded_rock_6_-6.res
PASS Exact frozen source /workspace/scratch/a29d03198654/Aether/candidates/round40-exclusive-20260930/project/assets/scatter/Grounded_rock_6_-7.res
PASS Exact frozen source /workspace/scratch/a29d03198654/Aether/candidates/round40-exclusive-20260930/project/assets/scatter/Grounded_rock_6_-8.res
PASS Exact frozen source /workspace/scratch/a29d03198654/Aether/candidates/round40-exclusive-20260930/project/assets/scatter/Grounded_rock_6_-9.res
PASS Exact frozen source /workspace/scratch/a29d03198654/Aether/candidates/round40-exclusive-20260930/project/assets/scatter/Grounded_rock_6_0.res
PASS Exact frozen source /workspace/scratch/a29d03198654/Aether/candidates/round40-exclusive-20260930/project/assets/scatter/Grounded_rock_6_1.res
PASS Exact frozen source /workspace/scratch/a29d03198654/Aether/candidates/round40-exclusive-20260930/project/assets/scatter/Grounded_rock_6_2.res
PASS Exact frozen source /workspace/scratch/a29d03198654/Aether/candidates/round40-exclusive-20260930/project/assets/scatter/Grounded_rock_6_3.res
PASS Exact frozen source /workspace/scratch/a29d03198654/Aether/candidates/round40-exclusive-20260930/project/assets/scatter/Grounded_rock_6_4.res
PASS Exact frozen source /workspace/scratch/a29d03198654/Aether/candidates/round40-exclusive-20260930/project/assets/scatter/Grounded_rock_6_5.res
PASS Exact frozen source /workspace/scratch/a29d03198654/Aether/candidates/round40-exclusive-20260930/project/assets/scatter/bush_-2_1.res
PASS Exact frozen source /workspace/scratch/a29d03198654/Aether/candidates/round40-exclusive-20260930/project/assets/scatter/bush_-5_-1.res
PASS Exact frozen source /workspace/scratch/a29d03198654/Aether/candidates/round40-exclusive-20260930/project/assets/scatter/bush_1_2.res
PASS Exact frozen source /workspace/scratch/a29d03198654/Aether/candidates/round40-exclusive-20260930/project/assets/scatter/bush_5_-1.res
PASS Exact frozen source /workspace/scratch/a29d03198654/Aether/candidates/round40-exclusive-20260930/project/assets/scatter/bush_5_-10.res
PASS Exact frozen source /workspace/scratch/a29d03198654/Aether/candidates/round40-exclusive-20260930/project/assets/scatter/oak_1_2.res
PASS Exact frozen source /workspace/scratch/a29d03198654/Aether/candidates/round40-exclusive-20260930/project/assets/scatter/oak_3_-9.res
PASS Exact frozen source /workspace/scratch/a29d03198654/Aether/candidates/round40-exclusive-20260930/project/assets/scatter/pine_-1_3.res
PASS Exact frozen source /workspace/scratch/a29d03198654/Aether/candidates/round40-exclusive-20260930/project/assets/scatter/pine_-4_-1.res
PASS Exact frozen source /workspace/scratch/a29d03198654/Aether/candidates/round40-exclusive-20260930/project/assets/scatter/poplar_0_-7.res
PASS Exact frozen source /workspace/scratch/a29d03198654/Aether/candidates/round40-exclusive-20260930/project/assets/scatter/poplar_0_0.res
PASS Exact frozen source /workspace/scratch/a29d03198654/Aether/candidates/round40-exclusive-20260930/project/assets/scatter/poplar_3_-9.res
PASS Exact frozen source /workspace/scratch/a29d03198654/Aether/candidates/round40-exclusive-20260930/project/assets/scatter/poplar_6_5.res
PASS Exact frozen source /workspace/scratch/a29d03198654/Aether/candidates/round40-exclusive-20260930/project/assets/scatter/rock_-2_-1.res
PASS Exact frozen source /workspace/scratch/a29d03198654/Aether/candidates/round40-exclusive-20260930/project/assets/scatter/rock_-2_1.res
PASS Exact frozen source /workspace/scratch/a29d03198654/Aether/candidates/round40-exclusive-20260930/project/project.godot
PASS Exact frozen source /workspace/scratch/a29d03198654/Aether/candidates/round40-exclusive-20260930/project/scenes/candidate53d-west/Game53dWest.tscn
PASS Exact frozen source /workspace/scratch/a29d03198654/Aether/candidates/round40-exclusive-20260930/project/scenes/candidate55-observation/Game55Observation.tscn
PASS Exact frozen source /workspace/scratch/a29d03198654/Aether/candidates/round40-exclusive-20260930/project/scenes/candidate56-coast/Game56Coast.tscn
PASS Exact frozen source /workspace/scratch/a29d03198654/Aether/candidates/round40-exclusive-20260930/project/scenes/candidate60-observation/Game60Observation.tscn
PASS Exact frozen source /workspace/scratch/a29d03198654/Aether/candidates/round40-exclusive-20260930/project/scenes/candidate60-observation/verified60.json
PASS Exact frozen source /workspace/scratch/a29d03198654/Aether/candidates/round40-exclusive-20260930/project/scenes/candidate61-coast/Game61Coast.tscn
PASS Exact frozen source /workspace/scratch/a29d03198654/Aether/candidates/round40-exclusive-20260930/project/scenes/candidate61-coast/build-report61.json
PASS Exact frozen source /workspace/scratch/a29d03198654/Aether/candidates/round40-exclusive-20260930/project/scenes/candidate61-coast/verified61.json
PASS Exact frozen source /workspace/scratch/a29d03198654/Aether/candidates/round40-exclusive-20260930/project/scenes/prefabs/bush.tscn
PASS Exact frozen source /workspace/scratch/a29d03198654/Aether/candidates/round40-exclusive-20260930/project/scenes/prefabs/oak.tscn
PASS Exact frozen source /workspace/scratch/a29d03198654/Aether/candidates/round40-exclusive-20260930/project/scenes/prefabs/pine.tscn
PASS Exact frozen source /workspace/scratch/a29d03198654/Aether/candidates/round40-exclusive-20260930/project/scenes/prefabs/poplar.tscn
PASS Exact frozen source /workspace/scratch/a29d03198654/Aether/candidates/round40-exclusive-20260930/project/scenes/prefabs/rock.tscn
PASS Exact frozen source /workspace/scratch/a29d03198654/Aether/candidates/round40-exclusive-20260930/project/scripts/airship_body.gd
PASS Exact frozen source /workspace/scratch/a29d03198654/Aether/candidates/round40-exclusive-20260930/project/scripts/asset_instance.gd
PASS Exact frozen source /workspace/scratch/a29d03198654/Aether/candidates/round40-exclusive-20260930/project/scripts/environment39_sky.gdshader
PASS Exact frozen source /workspace/scratch/a29d03198654/Aether/candidates/round40-exclusive-20260930/project/scripts/environment42b.gd
PASS Exact frozen source /workspace/scratch/a29d03198654/Aether/candidates/round40-exclusive-20260930/project/scripts/game.gd
PASS Exact frozen source /workspace/scratch/a29d03198654/Aether/candidates/round40-exclusive-20260930/project/scripts/game42b.gd
PASS Exact frozen source /workspace/scratch/a29d03198654/Aether/candidates/round40-exclusive-20260930/project/scripts/game55_observation.gd
PASS Exact frozen source /workspace/scratch/a29d03198654/Aether/candidates/round40-exclusive-20260930/project/scripts/game60_observation.gd
PASS Exact frozen source /workspace/scratch/a29d03198654/Aether/candidates/round40-exclusive-20260930/project/scripts/lake_depth50.gd
PASS Exact frozen source /workspace/scratch/a29d03198654/Aether/candidates/round40-exclusive-20260930/project/scripts/lake_reflection51b.gd
PASS Exact frozen source /workspace/scratch/a29d03198654/Aether/candidates/round40-exclusive-20260930/project/scripts/open_world.gd
PASS Exact frozen source /workspace/scratch/a29d03198654/Aether/candidates/round40-exclusive-20260930/project/scripts/scatter_group.gd
PASS Exact frozen source /workspace/scratch/a29d03198654/Aether/candidates/round40-exclusive-20260930/project/scripts/weather42c.gd
PASS Exact frozen source /workspace/scratch/a29d03198654/Aether/candidates/round40-exclusive-20260930/project/scripts/world39.gd
PASS Exact frozen source /workspace/scratch/a29d03198654/Aether/candidates/round40-exclusive-20260930/project/scripts/world_port.gd
PASS Exact frozen source /workspace/scratch/a29d03198654/Aether/candidates/round40-exclusive-20260930/project/tools/reflection51b_saved_audit.gd
PASS Exact frozen source /workspace/scratch/a29d03198654/Aether/cloud-evidence/coast61-build-20261001T123605Z-gq87o4e1/build-report61.json
PASS Exact frozen source /workspace/scratch/a29d03198654/Aether/cloud-evidence/coast61-build-20261001T123605Z-gq87o4e1/wrapper-report.json
PASS Exact frozen source /workspace/scratch/a29d03198654/Aether/cloud-evidence/coast61-independent-review/review.json
PASS Exact frozen source /workspace/scratch/a29d03198654/Aether/cloud-evidence/coast61-v2-verify-20261001T124815Z-czvc76_r/VISUAL_REVIEW.md
PASS Exact frozen source /workspace/scratch/a29d03198654/Aether/cloud-evidence/coast61-v2-verify-20261001T124815Z-czvc76_r/full-foot-report61.json
PASS Exact frozen source /workspace/scratch/a29d03198654/Aether/cloud-evidence/coast61-v2-verify-20261001T124815Z-czvc76_r/input-sha256.json
PASS Exact frozen source /workspace/scratch/a29d03198654/Aether/cloud-evidence/coast61-v2-verify-20261001T124815Z-czvc76_r/runtime-native61.json
PASS Exact frozen source /workspace/scratch/a29d03198654/Aether/cloud-evidence/coast61-v2-verify-20261001T124815Z-czvc76_r/verify-report61.json
PASS Exact frozen source /workspace/scratch/a29d03198654/Aether/cloud-evidence/coast61-v2-verify-20261001T124815Z-czvc76_r/wrapper-report.json
PASS Exact frozen source /workspace/scratch/a29d03198654/Aether/cloud-evidence/observation60-capture-20261001T115015Z-95ypprk7/images/report60.json
PASS Exact frozen source /workspace/scratch/a29d03198654/Aether/cloud-evidence/observation60-capture-20261001T115015Z-95ypprk7/process-report.json
PASS Exact frozen source /workspace/scratch/a29d03198654/Aether/cloud-evidence/observation60-flight-20261001T115223Z-l9b5o74g/images/player-flight-report.json
PASS Exact frozen source /workspace/scratch/a29d03198654/Aether/cloud-evidence/observation60-flight-20261001T115223Z-l9b5o74g/process-report.json
PASS Exact frozen source /workspace/scratch/a29d03198654/Aether/cloud-evidence/observation60-scope-20261001T114951Z-0edetyeh/process-report.json
PASS Exact frozen source /workspace/scratch/a29d03198654/Aether/cloud-evidence/observation60-scope-20261001T114951Z-0edetyeh/scope-report.json
PASS Exact frozen source /workspace/scratch/a29d03198654/Aether/source-assets/coast57/revision-b/candidate-native.json
PASS Exact frozen source /workspace/scratch/a29d03198654/Aether/source-assets/coast57/revision-b/diagnostics-foot57b/continuous-foot-support57b.json
PASS Exact frozen source /workspace/scratch/a29d03198654/Aether/source-assets/coast57/revision-b/diagnostics-foot57b/prop-foot-geometry.json
PASS Exact frozen source /workspace/scratch/a29d03198654/Aether/source-assets/coast57/revision-b/diagnostics-foot57b/visible-geometry57b.json
PASS Exact frozen source /workspace/scratch/a29d03198654/Aether/source-assets/coast57/revision-b/foot_geometry57b.py
PASS Exact frozen source /workspace/scratch/a29d03198654/Aether/source-assets/coast57/revision-b/native-authority/authority.json
PASS Exact frozen source /workspace/scratch/a29d03198654/Aether/source-assets/coast57/revision-b/placement-scope57b.json
PASS Exact frozen source /workspace/scratch/a29d03198654/Aether/source-assets/coast57/revision-b/scatter-replacements-seated.json
PASS Exact frozen source /workspace/scratch/a29d03198654/Aether/source-assets/coast57/revision-b/source-result57b.json
PASS Exact frozen source /workspace/scratch/a29d03198654/Aether/source-assets/coast57/revision-b/verified-saved57b.json
PASS Exact frozen source /workspace/scratch/a29d03198654/Aether/source-assets/coast57/revision-b/visible_geometry_core57b.py
PASS Exact frozen source /workspace/scratch/a29d03198654/Aether/source-assets/coast61-integration/Game61Coast.tscn.template
PASS Exact frozen source /workspace/scratch/a29d03198654/Aether/source-assets/coast61-integration/base60-gate.json
PASS Exact frozen source /workspace/scratch/a29d03198654/Aether/source-assets/coast61-integration/build_coast61.gd
PASS Exact frozen source /workspace/scratch/a29d03198654/Aether/source-assets/coast61-integration/coast61_common.gd
PASS Exact frozen source /workspace/scratch/a29d03198654/Aether/source-assets/coast61-integration/static-multimesh-authority.json
PASS Exact frozen source /workspace/scratch/a29d03198654/Aether/source-assets/coast61-integration/surface-triangle-map.json
PASS Exact frozen source /workspace/scratch/a29d03198654/Aether/source-assets/coast61-integration/verification-v2/run_coast61_v2.py
PASS Exact frozen source /workspace/scratch/a29d03198654/Aether/source-assets/coast61-integration/verification-v2/verify_coast61_v2.gd
PASS Exact frozen source /workspace/scratch/a29d03198654/Aether/source-assets/coast61-integration/verify_runtime_feet61.py
PASS Exact frozen source /workspace/scratch/a29d03198654/Aether/source-assets/coast61-nearbay-flight/run_nearbay61.py
PASS Exact frozen source /workspace/scratch/a29d03198654/Aether/source-assets/coast61-nearbay-flight/verify_nearbay61.gd
PASS Exact frozen source /workspace/scratch/a29d03198654/Aether/source-assets/coast61-nearbay-flight-plan/static-corridor.json
PASS Exact inherited61 scene
PASS 61 actual native and full-foot prerequisites
PASS Isolated userdata is outside project
FLIGHT61 STAGE before_single_scene_load
PASS Exact61 coast inherited packed scene loaded
WORLD READY: 208 independent terrain scenes, 54797 saved scatter instances, 169 scene landmarks, 6 scene ports
FLIGHT61 STAGE ordinary_boot_ready
PASS Ordinary ready state uses current gameplay without test/observation override
PASS Ordinary boot has live HUD/physics and anchored no-drift start
FLIGHT61 STAGE boot_verified
FLIGHT61 STAGE nearbay_fixture_settled
PASS Existing observation pauses player flight before preflight
PASS Two actual body collision shapes and saved collision filters
PASS Conservative external envelope uses all visible ship mesh bounds
FLIGHT61 STAGE preflight_complete
PASS Entire bounded low/mid/high water corridor clears actual body and rendered envelope plus camera
PASS Physical F2 press and release delivered
PASS Existing F2 exits observation and retains continuous native follow camera
PASS F2 resumes synchronized fixture heading without a turn
PASS Saved actual rendered screenshot 01-start
FLIGHT61 STAGE captured_01-start
PASS F2/capture preparation leaves anchored navigation start unchanged
PASS Physical W press delivered to existing input polling
FLIGHT61 STAGE W_pressed
PASS Physical W released
PASS Ordinary W establishes native throttle/acceleration
FLIGHT61 STAGE low_coast
PASS Moving screenshot records live physics motion
PASS Saved actual rendered screenshot 02-low-moving
FLIGHT61 STAGE captured_02-low-moving
PASS First physical E ascent
PASS First E release
PASS First native lift plateau within predicted bounded band
PASS Moving screenshot records live physics motion
PASS Saved actual rendered screenshot 03-mid-moving
FLIGHT61 STAGE captured_03-mid-moving
PASS Second physical E ascent
PASS Second E release
PASS Second native lift plateau within predicted bounded band
PASS Moving screenshot records live physics motion
PASS Saved actual rendered screenshot 04-high-moving
FLIGHT61 STAGE captured_04-high-moving
PASS High layer rendered before braking
PASS Physical Space braking
PASS Native Space engages anchor and clears throttle
FLIGHT61 STAGE braking
FLIGHT61 STAGE stable_stop
PASS Saved actual rendered screenshot 05-stopped
FLIGHT61 STAGE captured_05-stopped
PASS Five actual near-bay level/stop frames
PASS Actual continuous route reaches bounded near-bay endpoint
PASS Native ordinary motion consumed fuel
PASS Native brake stable with all keys released
FLIGHT61 STAGE native_method_and_physical_F2_transition_checks
ACTUAL PLAYER INPUT FLIGHT61 COMPLETE motion=true ui_pose=true passed=true
