Godot Engine v4.5.1.stable.official.f62fdbde1 - https://godotengine.org
OpenGL API 4.5 (Core Profile) Mesa 25.0.7-2+deb13u1 - Compatibility - Using Device: Mesa - llvmpipe (LLVM 19.1.7, 256 bits)

PASS 51b saved/reloaded report matches both immutable baselines
PASS Fresh50 canonical double snapshot stable
PASS Full50 stored state exact outside original51 binding/camera/water whitelist
PASS Independent51-to51b exact whitelist reproduced
PASS Every51 stored node/resource/owner/group/connection/MM unchanged outside exact51b whitelist
PASS Independent51b retained/intended state fingerprints match real-renderer build
PASS All48000 weather floats identical across50/51/51b
PASS Exactly original three reflection nodes, no new duplicate world
PASS Independent51b controller source/path exact
PASS Independent51b asset unchanged res://assets/reflection51b/clip_shader_000.tres
PASS Independent51b asset unchanged res://assets/reflection51b/clip_material_000.tres
PASS Independent51b asset unchanged res://assets/reflection51b/clip_material_001.tres
PASS Independent51b asset unchanged res://assets/reflection51b/clip_shader_001.tres
PASS Independent51b asset unchanged res://assets/reflection51b/clip_material_002.tres
PASS Independent51b asset unchanged res://assets/reflection51b/clip_material_003.tres
PASS Independent51b asset unchanged res://assets/reflection51b/clip_shader_002.tres
PASS Independent51b asset unchanged res://assets/reflection51b/clip_material_004.tres
PASS Independent51b asset unchanged res://assets/reflection51b/clip_shader_003.tres
PASS Independent51b asset unchanged res://assets/reflection51b/clip_material_005.tres
PASS Independent51b asset unchanged res://assets/reflection51b/clip_shader_004.tres
PASS Independent51b asset unchanged res://assets/reflection51b/clip_material_006.tres
PASS Independent51b asset unchanged res://assets/reflection51b/clip_material_007.tres
PASS Independent51b asset unchanged res://assets/reflection51b/clip_material_008.tres
PASS Independent51b asset unchanged res://assets/reflection51b/clip_material_009.tres
PASS Independent51b asset unchanged res://assets/reflection51b/clip_material_010.tres
PASS Independent51b asset unchanged res://assets/reflection51b/clip_material_011.tres
PASS Independent51b asset unchanged res://assets/reflection51b/clip_material_012.tres
PASS Independent51b asset unchanged res://assets/reflection51b/clip_material_013.tres
PASS Independent51b asset unchanged res://assets/reflection51b/clip_material_014.tres
PASS Independent51b asset unchanged res://assets/reflection51b/clip_material_015.tres
PASS Independent51b asset unchanged res://assets/reflection51b/clip_material_016.tres
PASS Independent51b asset unchanged res://assets/reflection51b/clip_material_017.tres
PASS Independent51b asset unchanged res://assets/reflection51b/clip_material_018.tres
PASS Independent51b asset unchanged res://assets/reflection51b/clip_material_019.tres
PASS Independent51b asset unchanged res://assets/reflection51b/clip_material_020.tres
PASS Independent51b asset unchanged res://assets/reflection51b/clip_material_021.tres
PASS Independent51b asset unchanged res://assets/reflection51b/clip_material_022.tres
PASS Independent51b asset unchanged res://assets/reflection51b/clip_material_023.tres
PASS Independent51b asset unchanged res://assets/reflection51b/clip_material_024.tres
PASS Independent51b asset unchanged res://assets/reflection51b/clip_material_025.tres
PASS Independent51b asset unchanged res://assets/reflection51b/clip_material_026.tres
PASS Independent51b asset unchanged res://assets/reflection51b/clip_material_027.tres
PASS Independent51b asset unchanged res://assets/reflection51b/clip_material_028.tres
PASS Independent51b asset unchanged res://assets/reflection51b/clip_material_029.tres
PASS Independent51b asset unchanged res://assets/reflection51b/clip_material_030.tres
PASS Independent51b asset unchanged res://assets/reflection51b/clip_material_031.tres
PASS Independent51b asset unchanged res://assets/reflection51b/clip_material_032.tres
PASS Independent51b asset unchanged res://assets/reflection51b/clip_material_033.tres
PASS Independent51b asset unchanged res://assets/reflection51b/clip_material_034.tres
PASS Independent51b asset unchanged res://assets/reflection51b/clip_material_035.tres
PASS Independent51b asset unchanged res://assets/reflection51b/clip_material_036.tres
PASS Independent51b asset unchanged res://assets/reflection51b/clip_material_037.tres
PASS Independent51b asset unchanged res://assets/reflection51b/clip_shader_005.tres
PASS Independent51b asset unchanged res://assets/reflection51b/clip_material_038.tres
PASS Independent51b asset unchanged res://assets/reflection51b/clip_material_039.tres
PASS Independent51b asset unchanged res://assets/reflection51b/clip_material_040.tres
PASS Independent51b asset unchanged res://assets/reflection51b/clip_material_041.tres
PASS Independent51b asset unchanged res://assets/reflection51b/clip_material_042.tres
PASS Independent51b asset unchanged res://assets/reflection51b/clip_material_043.tres
PASS Independent51b asset unchanged res://assets/reflection51b/clip_material_044.tres
PASS Independent51b asset unchanged res://assets/reflection51b/clip_material_045.tres
PASS Independent51b asset unchanged res://assets/reflection51b/clip_material_046.tres
PASS Independent51b asset unchanged res://assets/reflection51b/clip_material_047.tres
PASS Independent51b asset unchanged res://assets/reflection51b/clip_material_048.tres
PASS Independent51b asset unchanged res://assets/reflection51b/clip_material_049.tres
PASS Independent51b asset unchanged res://assets/reflection51b/clip_material_050.tres
PASS Independent51b asset unchanged res://assets/reflection51b/clip_material_051.tres
PASS Independent51b asset unchanged res://assets/reflection51b/clip_material_052.tres
PASS Independent51b asset unchanged res://assets/reflection51b/clip_material_053.tres
PASS Independent51b asset unchanged res://assets/reflection51b/clip_material_054.tres
PASS Independent51b asset unchanged res://assets/reflection51b/clip_material_055.tres
PASS Independent51b asset unchanged res://assets/reflection51b/clip_material_056.tres
PASS Independent51b asset unchanged res://assets/reflection51b/clip_material_057.tres
PASS Independent51b asset unchanged res://assets/reflection51b/clip_material_058.tres
PASS Independent51b asset unchanged res://assets/reflection51b/clip_material_059.tres
PASS Independent51b asset unchanged res://assets/reflection51b/clip_material_060.tres
PASS Independent51b asset unchanged res://assets/reflection51b/clip_material_061.tres
PASS Independent51b asset unchanged res://assets/reflection51b/clip_material_062.tres
PASS Independent51b asset unchanged res://assets/reflection51b/clip_material_063.tres
PASS Independent51b asset unchanged res://assets/reflection51b/clip_material_064.tres
PASS Independent51b asset unchanged res://assets/reflection51b/clip_material_065.tres
PASS Independent51b asset unchanged res://assets/reflection51b/clip_material_066.tres
PASS Independent51b asset unchanged res://assets/reflection51b/clip_material_067.tres
PASS Independent51b asset unchanged res://assets/reflection51b/clip_material_068.tres
PASS Independent51b asset unchanged res://assets/reflection51b/clip_material_069.tres
PASS Independent51b asset unchanged res://assets/reflection51b/clip_material_070.tres
PASS Independent51b asset unchanged res://assets/reflection51b/clip_material_071.tres
PASS Independent51b asset unchanged res://assets/reflection51b/clip_material_072.tres
PASS Independent51b asset unchanged res://assets/reflection51b/clip_material_073.tres
PASS Independent51b asset unchanged res://assets/reflection51b/clip_material_074.tres
PASS Independent51b asset unchanged res://assets/reflection51b/clip_material_075.tres
PASS Independent51b asset unchanged res://assets/reflection51b/clip_material_076.tres
PASS Independent51b asset unchanged res://assets/reflection51b/clip_material_077.tres
PASS Independent51b asset unchanged res://assets/reflection51b/clip_material_078.tres
PASS Independent51b asset unchanged res://assets/reflection51b/clip_material_079.tres
PASS Independent51b asset unchanged res://assets/reflection51b/clip_material_080.tres
PASS Independent51b asset unchanged res://assets/reflection51b/clip_material_081.tres
PASS Independent51b asset unchanged res://assets/reflection51b/clip_material_082.tres
PASS Independent51b asset unchanged res://assets/reflection51b/clip_material_083.tres
PASS Independent51b asset unchanged res://assets/reflection51b/clip_material_084.tres
PASS Independent51b asset unchanged res://assets/reflection51b/clip_material_085.tres
PASS Independent51b asset unchanged res://assets/reflection51b/clip_material_086.tres
PASS Independent51b asset unchanged res://assets/reflection51b/clip_material_087.tres
PASS Independent51b asset unchanged res://assets/reflection51b/clip_material_088.tres
PASS Independent51b asset unchanged res://assets/reflection51b/clip_material_089.tres
PASS Independent51b asset unchanged res://assets/reflection51b/clip_material_090.tres
PASS Independent51b asset unchanged res://assets/reflection51b/clip_material_091.tres
PASS Independent51b asset unchanged res://assets/reflection51b/clip_material_092.tres
PASS Independent51b asset unchanged res://assets/reflection51b/clip_material_093.tres
PASS Independent51b asset unchanged res://assets/reflection51b/clip_material_094.tres
PASS Independent51b asset unchanged res://assets/reflection51b/clip_material_095.tres
PASS Independent51b asset unchanged res://assets/reflection51b/clip_material_096.tres
PASS Independent51b asset unchanged res://assets/reflection51b/clip_material_097.tres
PASS Independent51b asset unchanged res://assets/reflection51b/clip_material_098.tres
PASS Independent51b asset unchanged res://assets/reflection51b/clip_material_099.tres
PASS Independent51b asset unchanged res://assets/reflection51b/clip_material_100.tres
PASS Independent51b asset unchanged res://assets/reflection51b/clip_material_101.tres
PASS Independent51b asset unchanged res://assets/reflection51b/clip_shader_006.tres
PASS Independent51b asset unchanged res://assets/reflection51b/clip_material_102.tres
PASS Independent51b asset unchanged res://assets/reflection51b/clip_shader_007.tres
PASS Independent51b asset unchanged res://assets/reflection51b/clip_material_103.tres
PASS Independent51b asset unchanged res://assets/reflection51b/clip_shader_008.tres
PASS Independent51b asset unchanged res://assets/reflection51b/clip_material_104.tres
PASS Independent51b asset unchanged res://assets/reflection51b/clip_material_105.tres
PASS Independent51b asset unchanged res://assets/reflection51b/clip_material_106.tres
PASS Independent51b asset unchanged res://assets/reflection51b/clip_material_107.tres
PASS Independent51b asset unchanged res://assets/reflection51b/clip_material_108.tres
PASS Independent51b asset unchanged res://assets/reflection51b/clip_material_109.tres
PASS Independent51b asset unchanged res://assets/reflection51b/clip_material_110.tres
PASS Independent51b asset unchanged res://assets/reflection51b/clip_shader_009.tres
PASS Independent51b asset unchanged res://assets/reflection51b/clip_material_111.tres
PASS Independent51b asset unchanged res://assets/reflection51b/clip_shader_010.tres
PASS Independent51b asset unchanged res://assets/reflection51b/clip_material_112.tres
PASS Independent51b asset unchanged res://assets/reflection51b/clip_shader_011.tres
PASS Independent51b asset unchanged res://assets/reflection51b/clip_material_113.tres
PASS Independent51b asset unchanged res://assets/reflection51b/ocean_reflection_shader51b.tres
PASS Independent51b asset unchanged res://assets/reflection51b/ocean_reflection_material51b.tres
PASS Immutable51 source asset unchanged res://assets/reflection51/clip_shader_000.tres
PASS Immutable51 source asset unchanged res://assets/reflection51/clip_shader_001.tres
PASS Immutable51 source asset unchanged res://assets/reflection51/clip_shader_002.tres
PASS Immutable51 source asset unchanged res://assets/reflection51/clip_shader_003.tres
PASS Immutable51 source asset unchanged res://assets/reflection51/clip_shader_004.tres
PASS Immutable51 source asset unchanged res://assets/reflection51/clip_shader_005.tres
PASS Immutable51 source asset unchanged res://assets/reflection51/clip_shader_006.tres
PASS Immutable51 source asset unchanged res://assets/reflection51/clip_shader_007.tres
PASS Immutable51 source asset unchanged res://assets/reflection51/clip_shader_008.tres
PASS Immutable51 source asset unchanged res://assets/reflection51/clip_shader_009.tres
PASS Immutable51 source asset unchanged res://assets/reflection51/clip_shader_010.tres
PASS Immutable51 source asset unchanged res://assets/reflection51/clip_shader_011.tres
PASS Immutable51 source asset unchanged res://assets/reflection51/clip_material_000.tres
PASS Immutable51 source asset unchanged res://assets/reflection51/clip_material_001.tres
PASS Immutable51 source asset unchanged res://assets/reflection51/clip_material_002.tres
PASS Immutable51 source asset unchanged res://assets/reflection51/clip_material_003.tres
PASS Immutable51 source asset unchanged res://assets/reflection51/clip_material_004.tres
PASS Immutable51 source asset unchanged res://assets/reflection51/clip_material_005.tres
PASS Immutable51 source asset unchanged res://assets/reflection51/clip_material_006.tres
PASS Immutable51 source asset unchanged res://assets/reflection51/clip_material_007.tres
PASS Immutable51 source asset unchanged res://assets/reflection51/clip_material_008.tres
PASS Immutable51 source asset unchanged res://assets/reflection51/clip_material_009.tres
PASS Immutable51 source asset unchanged res://assets/reflection51/clip_material_010.tres
PASS Immutable51 source asset unchanged res://assets/reflection51/clip_material_011.tres
PASS Immutable51 source asset unchanged res://assets/reflection51/clip_material_012.tres
PASS Immutable51 source asset unchanged res://assets/reflection51/clip_material_013.tres
PASS Immutable51 source asset unchanged res://assets/reflection51/clip_material_014.tres
PASS Immutable51 source asset unchanged res://assets/reflection51/clip_material_015.tres
PASS Immutable51 source asset unchanged res://assets/reflection51/clip_material_016.tres
PASS Immutable51 source asset unchanged res://assets/reflection51/clip_material_017.tres
PASS Immutable51 source asset unchanged res://assets/reflection51/clip_material_018.tres
PASS Immutable51 source asset unchanged res://assets/reflection51/clip_material_019.tres
PASS Immutable51 source asset unchanged res://assets/reflection51/clip_material_020.tres
PASS Immutable51 source asset unchanged res://assets/reflection51/clip_material_021.tres
PASS Immutable51 source asset unchanged res://assets/reflection51/clip_material_022.tres
PASS Immutable51 source asset unchanged res://assets/reflection51/clip_material_023.tres
PASS Immutable51 source asset unchanged res://assets/reflection51/clip_material_024.tres
PASS Immutable51 source asset unchanged res://assets/reflection51/clip_material_025.tres
PASS Immutable51 source asset unchanged res://assets/reflection51/clip_material_026.tres
PASS Immutable51 source asset unchanged res://assets/reflection51/clip_material_027.tres
PASS Immutable51 source asset unchanged res://assets/reflection51/clip_material_028.tres
PASS Immutable51 source asset unchanged res://assets/reflection51/clip_material_029.tres
PASS Immutable51 source asset unchanged res://assets/reflection51/clip_material_030.tres
PASS Immutable51 source asset unchanged res://assets/reflection51/clip_material_031.tres
PASS Immutable51 source asset unchanged res://assets/reflection51/clip_material_032.tres
PASS Immutable51 source asset unchanged res://assets/reflection51/clip_material_033.tres
PASS Immutable51 source asset unchanged res://assets/reflection51/clip_material_034.tres
PASS Immutable51 source asset unchanged res://assets/reflection51/clip_material_035.tres
PASS Immutable51 source asset unchanged res://assets/reflection51/clip_material_036.tres
PASS Immutable51 source asset unchanged res://assets/reflection51/clip_material_037.tres
PASS Immutable51 source asset unchanged res://assets/reflection51/clip_material_038.tres
PASS Immutable51 source asset unchanged res://assets/reflection51/clip_material_039.tres
PASS Immutable51 source asset unchanged res://assets/reflection51/clip_material_040.tres
PASS Immutable51 source asset unchanged res://assets/reflection51/clip_material_041.tres
PASS Immutable51 source asset unchanged res://assets/reflection51/clip_material_042.tres
PASS Immutable51 source asset unchanged res://assets/reflection51/clip_material_043.tres
PASS Immutable51 source asset unchanged res://assets/reflection51/clip_material_044.tres
PASS Immutable51 source asset unchanged res://assets/reflection51/clip_material_045.tres
PASS Immutable51 source asset unchanged res://assets/reflection51/clip_material_046.tres
PASS Immutable51 source asset unchanged res://assets/reflection51/clip_material_047.tres
PASS Immutable51 source asset unchanged res://assets/reflection51/clip_material_048.tres
PASS Immutable51 source asset unchanged res://assets/reflection51/clip_material_049.tres
PASS Immutable51 source asset unchanged res://assets/reflection51/clip_material_050.tres
PASS Immutable51 source asset unchanged res://assets/reflection51/clip_material_051.tres
PASS Immutable51 source asset unchanged res://assets/reflection51/clip_material_052.tres
PASS Immutable51 source asset unchanged res://assets/reflection51/clip_material_053.tres
PASS Immutable51 source asset unchanged res://assets/reflection51/clip_material_054.tres
PASS Immutable51 source asset unchanged res://assets/reflection51/clip_material_055.tres
PASS Immutable51 source asset unchanged res://assets/reflection51/clip_material_056.tres
PASS Immutable51 source asset unchanged res://assets/reflection51/clip_material_057.tres
PASS Immutable51 source asset unchanged res://assets/reflection51/clip_material_058.tres
PASS Immutable51 source asset unchanged res://assets/reflection51/clip_material_059.tres
PASS Immutable51 source asset unchanged res://assets/reflection51/clip_material_060.tres
PASS Immutable51 source asset unchanged res://assets/reflection51/clip_material_061.tres
PASS Immutable51 source asset unchanged res://assets/reflection51/clip_material_062.tres
PASS Immutable51 source asset unchanged res://assets/reflection51/clip_material_063.tres
PASS Immutable51 source asset unchanged res://assets/reflection51/clip_material_064.tres
PASS Immutable51 source asset unchanged res://assets/reflection51/clip_material_065.tres
PASS Immutable51 source asset unchanged res://assets/reflection51/clip_material_066.tres
PASS Immutable51 source asset unchanged res://assets/reflection51/clip_material_067.tres
PASS Immutable51 source asset unchanged res://assets/reflection51/clip_material_068.tres
PASS Immutable51 source asset unchanged res://assets/reflection51/clip_material_069.tres
PASS Immutable51 source asset unchanged res://assets/reflection51/clip_material_070.tres
PASS Immutable51 source asset unchanged res://assets/reflection51/clip_material_071.tres
PASS Immutable51 source asset unchanged res://assets/reflection51/clip_material_072.tres
PASS Immutable51 source asset unchanged res://assets/reflection51/clip_material_073.tres
PASS Immutable51 source asset unchanged res://assets/reflection51/clip_material_074.tres
PASS Immutable51 source asset unchanged res://assets/reflection51/clip_material_075.tres
PASS Immutable51 source asset unchanged res://assets/reflection51/clip_material_076.tres
PASS Immutable51 source asset unchanged res://assets/reflection51/clip_material_077.tres
PASS Immutable51 source asset unchanged res://assets/reflection51/clip_material_078.tres
PASS Immutable51 source asset unchanged res://assets/reflection51/clip_material_079.tres
PASS Immutable51 source asset unchanged res://assets/reflection51/clip_material_080.tres
PASS Immutable51 source asset unchanged res://assets/reflection51/clip_material_081.tres
PASS Immutable51 source asset unchanged res://assets/reflection51/clip_material_082.tres
PASS Immutable51 source asset unchanged res://assets/reflection51/clip_material_083.tres
PASS Immutable51 source asset unchanged res://assets/reflection51/clip_material_084.tres
PASS Immutable51 source asset unchanged res://assets/reflection51/clip_material_085.tres
PASS Immutable51 source asset unchanged res://assets/reflection51/clip_material_086.tres
PASS Immutable51 source asset unchanged res://assets/reflection51/clip_material_087.tres
PASS Immutable51 source asset unchanged res://assets/reflection51/clip_material_088.tres
PASS Immutable51 source asset unchanged res://assets/reflection51/clip_material_089.tres
PASS Immutable51 source asset unchanged res://assets/reflection51/clip_material_090.tres
PASS Immutable51 source asset unchanged res://assets/reflection51/clip_material_091.tres
PASS Immutable51 source asset unchanged res://assets/reflection51/clip_material_092.tres
PASS Immutable51 source asset unchanged res://assets/reflection51/clip_material_093.tres
PASS Immutable51 source asset unchanged res://assets/reflection51/clip_material_094.tres
PASS Immutable51 source asset unchanged res://assets/reflection51/clip_material_095.tres
PASS Immutable51 source asset unchanged res://assets/reflection51/clip_material_096.tres
PASS Immutable51 source asset unchanged res://assets/reflection51/clip_material_097.tres
PASS Immutable51 source asset unchanged res://assets/reflection51/clip_material_098.tres
PASS Immutable51 source asset unchanged res://assets/reflection51/clip_material_099.tres
PASS Immutable51 source asset unchanged res://assets/reflection51/clip_material_100.tres
PASS Immutable51 source asset unchanged res://assets/reflection51/clip_material_101.tres
PASS Immutable51 source asset unchanged res://assets/reflection51/clip_material_102.tres
PASS Immutable51 source asset unchanged res://assets/reflection51/clip_material_103.tres
PASS Immutable51 source asset unchanged res://assets/reflection51/clip_material_104.tres
PASS Immutable51 source asset unchanged res://assets/reflection51/clip_material_105.tres
PASS Immutable51 source asset unchanged res://assets/reflection51/clip_material_106.tres
PASS Immutable51 source asset unchanged res://assets/reflection51/clip_material_107.tres
PASS Immutable51 source asset unchanged res://assets/reflection51/clip_material_108.tres
PASS Immutable51 source asset unchanged res://assets/reflection51/clip_material_109.tres
PASS Immutable51 source asset unchanged res://assets/reflection51/clip_material_110.tres
PASS Immutable51 source asset unchanged res://assets/reflection51/clip_material_111.tres
PASS Immutable51 source asset unchanged res://assets/reflection51/clip_material_112.tres
PASS Immutable51 source asset unchanged res://assets/reflection51/clip_material_113.tres
PASS Immutable51 source asset unchanged res://assets/reflection51/ocean_reflection_shader.tres
PASS Immutable51 source asset unchanged res://assets/reflection51/ocean_reflection_material.tres
PASS Original shader resource alias topology preserved res://assets/reflection51/clip_shader_000.tres
PASS Independent two-hop material/guard proof res://assets/reflection51b/clip_material_000.tres
PASS Original shader resource alias topology preserved res://assets/reflection51/clip_shader_000.tres
PASS Independent two-hop material/guard proof res://assets/reflection51b/clip_material_001.tres
PASS Original shader resource alias topology preserved res://assets/reflection51/clip_shader_001.tres
PASS Independent two-hop material/guard proof res://assets/reflection51b/clip_material_002.tres
PASS Original shader resource alias topology preserved res://assets/reflection51/clip_shader_001.tres
PASS Independent two-hop material/guard proof res://assets/reflection51b/clip_material_003.tres
PASS Original shader resource alias topology preserved res://assets/reflection51/clip_shader_002.tres
PASS Independent two-hop material/guard proof res://assets/reflection51b/clip_material_004.tres
PASS Original shader resource alias topology preserved res://assets/reflection51/clip_shader_003.tres
PASS Independent two-hop material/guard proof res://assets/reflection51b/clip_material_005.tres
PASS Original shader resource alias topology preserved res://assets/reflection51/clip_shader_004.tres
PASS Independent two-hop material/guard proof res://assets/reflection51b/clip_material_006.tres
PASS Original shader resource alias topology preserved res://assets/reflection51/clip_shader_004.tres
PASS Independent two-hop material/guard proof res://assets/reflection51b/clip_material_007.tres
PASS Original shader resource alias topology preserved res://assets/reflection51/clip_shader_004.tres
PASS Independent two-hop material/guard proof res://assets/reflection51b/clip_material_008.tres
PASS Original shader resource alias topology preserved res://assets/reflection51/clip_shader_004.tres
PASS Independent two-hop material/guard proof res://assets/reflection51b/clip_material_009.tres
PASS Original shader resource alias topology preserved res://assets/reflection51/clip_shader_004.tres
PASS Independent two-hop material/guard proof res://assets/reflection51b/clip_material_010.tres
PASS Original shader resource alias topology preserved res://assets/reflection51/clip_shader_004.tres
PASS Independent two-hop material/guard proof res://assets/reflection51b/clip_material_011.tres
PASS Original shader resource alias topology preserved res://assets/reflection51/clip_shader_004.tres
PASS Independent two-hop material/guard proof res://assets/reflection51b/clip_material_012.tres
PASS Original shader resource alias topology preserved res://assets/reflection51/clip_shader_004.tres
PASS Independent two-hop material/guard proof res://assets/reflection51b/clip_material_013.tres
PASS Original shader resource alias topology preserved res://assets/reflection51/clip_shader_004.tres
PASS Independent two-hop material/guard proof res://assets/reflection51b/clip_material_014.tres
PASS Original shader resource alias topology preserved res://assets/reflection51/clip_shader_004.tres
PASS Independent two-hop material/guard proof res://assets/reflection51b/clip_material_015.tres
PASS Original shader resource alias topology preserved res://assets/reflection51/clip_shader_004.tres
PASS Independent two-hop material/guard proof res://assets/reflection51b/clip_material_016.tres
PASS Original shader resource alias topology preserved res://assets/reflection51/clip_shader_004.tres
PASS Independent two-hop material/guard proof res://assets/reflection51b/clip_material_017.tres
PASS Original shader resource alias topology preserved res://assets/reflection51/clip_shader_004.tres
PASS Independent two-hop material/guard proof res://assets/reflection51b/clip_material_018.tres
PASS Original shader resource alias topology preserved res://assets/reflection51/clip_shader_004.tres
PASS Independent two-hop material/guard proof res://assets/reflection51b/clip_material_019.tres
PASS Original shader resource alias topology preserved res://assets/reflection51/clip_shader_004.tres
PASS Independent two-hop material/guard proof res://assets/reflection51b/clip_material_020.tres
PASS Original shader resource alias topology preserved res://assets/reflection51/clip_shader_004.tres
PASS Independent two-hop material/guard proof res://assets/reflection51b/clip_material_021.tres
PASS Original shader resource alias topology preserved res://assets/reflection51/clip_shader_004.tres
PASS Independent two-hop material/guard proof res://assets/reflection51b/clip_material_022.tres
PASS Original shader resource alias topology preserved res://assets/reflection51/clip_shader_004.tres
PASS Independent two-hop material/guard proof res://assets/reflection51b/clip_material_023.tres
PASS Original shader resource alias topology preserved res://assets/reflection51/clip_shader_004.tres
PASS Independent two-hop material/guard proof res://assets/reflection51b/clip_material_024.tres
PASS Original shader resource alias topology preserved res://assets/reflection51/clip_shader_004.tres
PASS Independent two-hop material/guard proof res://assets/reflection51b/clip_material_025.tres
PASS Original shader resource alias topology preserved res://assets/reflection51/clip_shader_004.tres
PASS Independent two-hop material/guard proof res://assets/reflection51b/clip_material_026.tres
PASS Original shader resource alias topology preserved res://assets/reflection51/clip_shader_004.tres
PASS Independent two-hop material/guard proof res://assets/reflection51b/clip_material_027.tres
PASS Original shader resource alias topology preserved res://assets/reflection51/clip_shader_004.tres
PASS Independent two-hop material/guard proof res://assets/reflection51b/clip_material_028.tres
PASS Original shader resource alias topology preserved res://assets/reflection51/clip_shader_004.tres
PASS Independent two-hop material/guard proof res://assets/reflection51b/clip_material_029.tres
PASS Original shader resource alias topology preserved res://assets/reflection51/clip_shader_004.tres
PASS Independent two-hop material/guard proof res://assets/reflection51b/clip_material_030.tres
PASS Original shader resource alias topology preserved res://assets/reflection51/clip_shader_004.tres
PASS Independent two-hop material/guard proof res://assets/reflection51b/clip_material_031.tres
PASS Original shader resource alias topology preserved res://assets/reflection51/clip_shader_004.tres
PASS Independent two-hop material/guard proof res://assets/reflection51b/clip_material_032.tres
PASS Original shader resource alias topology preserved res://assets/reflection51/clip_shader_004.tres
PASS Independent two-hop material/guard proof res://assets/reflection51b/clip_material_033.tres
PASS Original shader resource alias topology preserved res://assets/reflection51/clip_shader_004.tres
PASS Independent two-hop material/guard proof res://assets/reflection51b/clip_material_034.tres
PASS Original shader resource alias topology preserved res://assets/reflection51/clip_shader_004.tres
PASS Independent two-hop material/guard proof res://assets/reflection51b/clip_material_035.tres
PASS Original shader resource alias topology preserved res://assets/reflection51/clip_shader_004.tres
PASS Independent two-hop material/guard proof res://assets/reflection51b/clip_material_036.tres
PASS Original shader resource alias topology preserved res://assets/reflection51/clip_shader_004.tres
PASS Independent two-hop material/guard proof res://assets/reflection51b/clip_material_037.tres
PASS Original shader resource alias topology preserved res://assets/reflection51/clip_shader_005.tres
PASS Independent two-hop material/guard proof res://assets/reflection51b/clip_material_038.tres
PASS Original shader resource alias topology preserved res://assets/reflection51/clip_shader_005.tres
PASS Independent two-hop material/guard proof res://assets/reflection51b/clip_material_039.tres
PASS Original shader resource alias topology preserved res://assets/reflection51/clip_shader_005.tres
PASS Independent two-hop material/guard proof res://assets/reflection51b/clip_material_040.tres
PASS Original shader resource alias topology preserved res://assets/reflection51/clip_shader_005.tres
PASS Independent two-hop material/guard proof res://assets/reflection51b/clip_material_041.tres
PASS Original shader resource alias topology preserved res://assets/reflection51/clip_shader_005.tres
PASS Independent two-hop material/guard proof res://assets/reflection51b/clip_material_042.tres
PASS Original shader resource alias topology preserved res://assets/reflection51/clip_shader_005.tres
PASS Independent two-hop material/guard proof res://assets/reflection51b/clip_material_043.tres
PASS Original shader resource alias topology preserved res://assets/reflection51/clip_shader_005.tres
PASS Independent two-hop material/guard proof res://assets/reflection51b/clip_material_044.tres
PASS Original shader resource alias topology preserved res://assets/reflection51/clip_shader_005.tres
PASS Independent two-hop material/guard proof res://assets/reflection51b/clip_material_045.tres
PASS Original shader resource alias topology preserved res://assets/reflection51/clip_shader_005.tres
PASS Independent two-hop material/guard proof res://assets/reflection51b/clip_material_046.tres
PASS Original shader resource alias topology preserved res://assets/reflection51/clip_shader_005.tres
PASS Independent two-hop material/guard proof res://assets/reflection51b/clip_material_047.tres
PASS Original shader resource alias topology preserved res://assets/reflection51/clip_shader_005.tres
PASS Independent two-hop material/guard proof res://assets/reflection51b/clip_material_048.tres
PASS Original shader resource alias topology preserved res://assets/reflection51/clip_shader_005.tres
PASS Independent two-hop material/guard proof res://assets/reflection51b/clip_material_049.tres
PASS Original shader resource alias topology preserved res://assets/reflection51/clip_shader_005.tres
PASS Independent two-hop material/guard proof res://assets/reflection51b/clip_material_050.tres
PASS Original shader resource alias topology preserved res://assets/reflection51/clip_shader_005.tres
PASS Independent two-hop material/guard proof res://assets/reflection51b/clip_material_051.tres
PASS Original shader resource alias topology preserved res://assets/reflection51/clip_shader_005.tres
PASS Independent two-hop material/guard proof res://assets/reflection51b/clip_material_052.tres
PASS Original shader resource alias topology preserved res://assets/reflection51/clip_shader_005.tres
PASS Independent two-hop material/guard proof res://assets/reflection51b/clip_material_053.tres
PASS Original shader resource alias topology preserved res://assets/reflection51/clip_shader_005.tres
PASS Independent two-hop material/guard proof res://assets/reflection51b/clip_material_054.tres
PASS Original shader resource alias topology preserved res://assets/reflection51/clip_shader_005.tres
PASS Independent two-hop material/guard proof res://assets/reflection51b/clip_material_055.tres
PASS Original shader resource alias topology preserved res://assets/reflection51/clip_shader_005.tres
PASS Independent two-hop material/guard proof res://assets/reflection51b/clip_material_056.tres
PASS Original shader resource alias topology preserved res://assets/reflection51/clip_shader_005.tres
PASS Independent two-hop material/guard proof res://assets/reflection51b/clip_material_057.tres
PASS Original shader resource alias topology preserved res://assets/reflection51/clip_shader_005.tres
PASS Independent two-hop material/guard proof res://assets/reflection51b/clip_material_058.tres
PASS Original shader resource alias topology preserved res://assets/reflection51/clip_shader_005.tres
PASS Independent two-hop material/guard proof res://assets/reflection51b/clip_material_059.tres
PASS Original shader resource alias topology preserved res://assets/reflection51/clip_shader_005.tres
PASS Independent two-hop material/guard proof res://assets/reflection51b/clip_material_060.tres
PASS Original shader resource alias topology preserved res://assets/reflection51/clip_shader_005.tres
PASS Independent two-hop material/guard proof res://assets/reflection51b/clip_material_061.tres
PASS Original shader resource alias topology preserved res://assets/reflection51/clip_shader_005.tres
PASS Independent two-hop material/guard proof res://assets/reflection51b/clip_material_062.tres
PASS Original shader resource alias topology preserved res://assets/reflection51/clip_shader_005.tres
PASS Independent two-hop material/guard proof res://assets/reflection51b/clip_material_063.tres
PASS Original shader resource alias topology preserved res://assets/reflection51/clip_shader_005.tres
PASS Independent two-hop material/guard proof res://assets/reflection51b/clip_material_064.tres
PASS Original shader resource alias topology preserved res://assets/reflection51/clip_shader_005.tres
PASS Independent two-hop material/guard proof res://assets/reflection51b/clip_material_065.tres
PASS Original shader resource alias topology preserved res://assets/reflection51/clip_shader_005.tres
PASS Independent two-hop material/guard proof res://assets/reflection51b/clip_material_066.tres
PASS Original shader resource alias topology preserved res://assets/reflection51/clip_shader_005.tres
PASS Independent two-hop material/guard proof res://assets/reflection51b/clip_material_067.tres
PASS Original shader resource alias topology preserved res://assets/reflection51/clip_shader_005.tres
PASS Independent two-hop material/guard proof res://assets/reflection51b/clip_material_068.tres
PASS Original shader resource alias topology preserved res://assets/reflection51/clip_shader_005.tres
PASS Independent two-hop material/guard proof res://assets/reflection51b/clip_material_069.tres
PASS Original shader resource alias topology preserved res://assets/reflection51/clip_shader_005.tres
PASS Independent two-hop material/guard proof res://assets/reflection51b/clip_material_070.tres
PASS Original shader resource alias topology preserved res://assets/reflection51/clip_shader_005.tres
PASS Independent two-hop material/guard proof res://assets/reflection51b/clip_material_071.tres
PASS Original shader resource alias topology preserved res://assets/reflection51/clip_shader_005.tres
PASS Independent two-hop material/guard proof res://assets/reflection51b/clip_material_072.tres
PASS Original shader resource alias topology preserved res://assets/reflection51/clip_shader_005.tres
PASS Independent two-hop material/guard proof res://assets/reflection51b/clip_material_073.tres
PASS Original shader resource alias topology preserved res://assets/reflection51/clip_shader_005.tres
PASS Independent two-hop material/guard proof res://assets/reflection51b/clip_material_074.tres
PASS Original shader resource alias topology preserved res://assets/reflection51/clip_shader_005.tres
PASS Independent two-hop material/guard proof res://assets/reflection51b/clip_material_075.tres
PASS Original shader resource alias topology preserved res://assets/reflection51/clip_shader_005.tres
PASS Independent two-hop material/guard proof res://assets/reflection51b/clip_material_076.tres
PASS Original shader resource alias topology preserved res://assets/reflection51/clip_shader_005.tres
PASS Independent two-hop material/guard proof res://assets/reflection51b/clip_material_077.tres
PASS Original shader resource alias topology preserved res://assets/reflection51/clip_shader_005.tres
PASS Independent two-hop material/guard proof res://assets/reflection51b/clip_material_078.tres
PASS Original shader resource alias topology preserved res://assets/reflection51/clip_shader_005.tres
PASS Independent two-hop material/guard proof res://assets/reflection51b/clip_material_079.tres
PASS Original shader resource alias topology preserved res://assets/reflection51/clip_shader_005.tres
PASS Independent two-hop material/guard proof res://assets/reflection51b/clip_material_080.tres
PASS Original shader resource alias topology preserved res://assets/reflection51/clip_shader_005.tres
PASS Independent two-hop material/guard proof res://assets/reflection51b/clip_material_081.tres
PASS Original shader resource alias topology preserved res://assets/reflection51/clip_shader_005.tres
PASS Independent two-hop material/guard proof res://assets/reflection51b/clip_material_082.tres
PASS Original shader resource alias topology preserved res://assets/reflection51/clip_shader_005.tres
PASS Independent two-hop material/guard proof res://assets/reflection51b/clip_material_083.tres
PASS Original shader resource alias topology preserved res://assets/reflection51/clip_shader_005.tres
PASS Independent two-hop material/guard proof res://assets/reflection51b/clip_material_084.tres
PASS Original shader resource alias topology preserved res://assets/reflection51/clip_shader_005.tres
PASS Independent two-hop material/guard proof res://assets/reflection51b/clip_material_085.tres
PASS Original shader resource alias topology preserved res://assets/reflection51/clip_shader_005.tres
PASS Independent two-hop material/guard proof res://assets/reflection51b/clip_material_086.tres
PASS Original shader resource alias topology preserved res://assets/reflection51/clip_shader_005.tres
PASS Independent two-hop material/guard proof res://assets/reflection51b/clip_material_087.tres
PASS Original shader resource alias topology preserved res://assets/reflection51/clip_shader_005.tres
PASS Independent two-hop material/guard proof res://assets/reflection51b/clip_material_088.tres
PASS Original shader resource alias topology preserved res://assets/reflection51/clip_shader_005.tres
PASS Independent two-hop material/guard proof res://assets/reflection51b/clip_material_089.tres
PASS Original shader resource alias topology preserved res://assets/reflection51/clip_shader_005.tres
PASS Independent two-hop material/guard proof res://assets/reflection51b/clip_material_090.tres
PASS Original shader resource alias topology preserved res://assets/reflection51/clip_shader_005.tres
PASS Independent two-hop material/guard proof res://assets/reflection51b/clip_material_091.tres
PASS Original shader resource alias topology preserved res://assets/reflection51/clip_shader_005.tres
PASS Independent two-hop material/guard proof res://assets/reflection51b/clip_material_092.tres
PASS Original shader resource alias topology preserved res://assets/reflection51/clip_shader_005.tres
PASS Independent two-hop material/guard proof res://assets/reflection51b/clip_material_093.tres
PASS Original shader resource alias topology preserved res://assets/reflection51/clip_shader_005.tres
PASS Independent two-hop material/guard proof res://assets/reflection51b/clip_material_094.tres
PASS Original shader resource alias topology preserved res://assets/reflection51/clip_shader_005.tres
PASS Independent two-hop material/guard proof res://assets/reflection51b/clip_material_095.tres
PASS Original shader resource alias topology preserved res://assets/reflection51/clip_shader_005.tres
PASS Independent two-hop material/guard proof res://assets/reflection51b/clip_material_096.tres
PASS Original shader resource alias topology preserved res://assets/reflection51/clip_shader_005.tres
PASS Independent two-hop material/guard proof res://assets/reflection51b/clip_material_097.tres
PASS Original shader resource alias topology preserved res://assets/reflection51/clip_shader_005.tres
PASS Independent two-hop material/guard proof res://assets/reflection51b/clip_material_098.tres
PASS Original shader resource alias topology preserved res://assets/reflection51/clip_shader_005.tres
PASS Independent two-hop material/guard proof res://assets/reflection51b/clip_material_099.tres
PASS Original shader resource alias topology preserved res://assets/reflection51/clip_shader_005.tres
PASS Independent two-hop material/guard proof res://assets/reflection51b/clip_material_100.tres
PASS Original shader resource alias topology preserved res://assets/reflection51/clip_shader_005.tres
PASS Independent two-hop material/guard proof res://assets/reflection51b/clip_material_101.tres
PASS Original shader resource alias topology preserved res://assets/reflection51/clip_shader_006.tres
PASS Independent two-hop material/guard proof res://assets/reflection51b/clip_material_102.tres
PASS Original shader resource alias topology preserved res://assets/reflection51/clip_shader_007.tres
PASS Independent two-hop material/guard proof res://assets/reflection51b/clip_material_103.tres
PASS Original shader resource alias topology preserved res://assets/reflection51/clip_shader_008.tres
PASS Independent two-hop material/guard proof res://assets/reflection51b/clip_material_104.tres
PASS Original shader resource alias topology preserved res://assets/reflection51/clip_shader_008.tres
PASS Independent two-hop material/guard proof res://assets/reflection51b/clip_material_105.tres
PASS Original shader resource alias topology preserved res://assets/reflection51/clip_shader_008.tres
PASS Independent two-hop material/guard proof res://assets/reflection51b/clip_material_106.tres
PASS Original shader resource alias topology preserved res://assets/reflection51/clip_shader_008.tres
PASS Independent two-hop material/guard proof res://assets/reflection51b/clip_material_107.tres
PASS Original shader resource alias topology preserved res://assets/reflection51/clip_shader_008.tres
PASS Independent two-hop material/guard proof res://assets/reflection51b/clip_material_108.tres
PASS Original shader resource alias topology preserved res://assets/reflection51/clip_shader_008.tres
PASS Independent two-hop material/guard proof res://assets/reflection51b/clip_material_109.tres
PASS Original shader resource alias topology preserved res://assets/reflection51/clip_shader_008.tres
PASS Independent two-hop material/guard proof res://assets/reflection51b/clip_material_110.tres
PASS Original shader resource alias topology preserved res://assets/reflection51/clip_shader_009.tres
PASS Independent two-hop material/guard proof res://assets/reflection51b/clip_material_111.tres
PASS Original shader resource alias topology preserved res://assets/reflection51/clip_shader_010.tres
PASS Independent two-hop material/guard proof res://assets/reflection51b/clip_material_112.tres
PASS Original shader resource alias topology preserved res://assets/reflection51/clip_shader_011.tres
PASS Independent two-hop material/guard proof res://assets/reflection51b/clip_material_113.tres
PASS Exact50 original fingerprint retained through binding Airship/hull_material
PASS Exact50 original fingerprint retained through binding Airship/cloth_material
PASS Exact50 original fingerprint retained through binding Airship/Visuals/CarriageLantern40_0/material_override
PASS Exact50 original fingerprint retained through binding Airship/Visuals/CarriageLantern40_1/material_override
PASS Exact50 original fingerprint retained through binding World/Terrain/Ground_-6_-8/surface_material
PASS Exact50 original fingerprint retained through binding World/Terrain/Ground_-6_-7/surface_material
PASS Exact50 original fingerprint retained through binding World/Terrain/Ground_-6_-6/surface_material
PASS Exact50 original fingerprint retained through binding World/Terrain/Ground_-5_-6/surface_material
PASS Exact50 original fingerprint retained through binding World/Terrain/Ground_-6_-5/surface_material
PASS Exact50 original fingerprint retained through binding World/Terrain/Ground_-5_-5/surface_material
PASS Exact50 original fingerprint retained through binding World/Terrain/Ground_-4_-5/surface_material
PASS Exact50 original fingerprint retained through binding World/Terrain/Ground_-3_-5/surface_material
PASS Exact50 original fingerprint retained through binding World/Terrain/Ground_-6_-4/surface_material
PASS Exact50 original fingerprint retained through binding World/Terrain/Ground_-5_-4/surface_material
PASS Exact50 original fingerprint retained through binding World/Terrain/Ground_-4_-4/surface_material
PASS Exact50 original fingerprint retained through binding World/Terrain/Ground_-6_-3/surface_material
PASS Exact50 original fingerprint retained through binding World/Terrain/Ground_-5_-3/surface_material
PASS Exact50 original fingerprint retained through binding World/Terrain/Ground_-4_-3/surface_material
PASS Exact50 original fingerprint retained through binding World/Terrain/Ground_-3_-3/surface_material
PASS Exact50 original fingerprint retained through binding World/Terrain/Ground_1_-3/surface_material
PASS Exact50 original fingerprint retained through binding World/Terrain/Ground_-6_-2/surface_material
PASS Exact50 original fingerprint retained through binding World/Terrain/Ground_-5_-2/surface_material
PASS Exact50 original fingerprint retained through binding World/Terrain/Ground_-4_-2/surface_material
PASS Exact50 original fingerprint retained through binding World/Terrain/Ground_-3_-2/surface_material
PASS Exact50 original fingerprint retained through binding World/Terrain/Ground_-2_-2/surface_material
PASS Exact50 original fingerprint retained through binding World/Terrain/Ground_-1_-2/surface_material
PASS Exact50 original fingerprint retained through binding World/Terrain/Ground_0_-2/surface_material
PASS Exact50 original fingerprint retained through binding World/Terrain/Ground_1_-2/surface_material
PASS Exact50 original fingerprint retained through binding World/Terrain/Ground_-6_-1/surface_material
PASS Exact50 original fingerprint retained through binding World/Terrain/Ground_-5_-1/surface_material
PASS Exact50 original fingerprint retained through binding World/Terrain/Ground_-4_-1/surface_material
PASS Exact50 original fingerprint retained through binding World/Terrain/Ground_-3_-1/surface_material
PASS Exact50 original fingerprint retained through binding World/Terrain/Ground_-2_-1/surface_material
PASS Exact50 original fingerprint retained through binding World/Terrain/Ground_-1_-1/surface_material
PASS Exact50 original fingerprint retained through binding World/Terrain/Ground_0_-1/surface_material
PASS Exact50 original fingerprint retained through binding World/Terrain/Ground_1_-1/surface_material
PASS Exact50 original fingerprint retained through binding World/Terrain/Ground_-6_0/surface_material
PASS Exact50 original fingerprint retained through binding World/Terrain/Ground_-5_0/surface_material
PASS Exact50 original fingerprint retained through binding World/Terrain/Ground_-4_0/surface_material
PASS Exact50 original fingerprint retained through binding World/Terrain/Ground_-3_0/surface_material
PASS Exact50 original fingerprint retained through binding World/Terrain/Ground_-2_0/surface_material
PASS Exact50 original fingerprint retained through binding World/Terrain/Ground_-1_0/surface_material
PASS Exact50 original fingerprint retained through binding World/Terrain/Ground_-6_1/surface_material
PASS Exact50 original fingerprint retained through binding World/Terrain/Ground_-5_1/surface_material
PASS Exact50 original fingerprint retained through binding World/Terrain/Ground_-4_1/surface_material
PASS Exact50 original fingerprint retained through binding World/Terrain/Ground_-3_1/surface_material
PASS Exact50 original fingerprint retained through binding World/Terrain/Ground_-2_1/surface_material
PASS Exact50 original fingerprint retained through binding World/Terrain/Ground_-1_1/surface_material
PASS Exact50 original fingerprint retained through binding World/Terrain/Ground_-6_2/surface_material
PASS Exact50 original fingerprint retained through binding World/Terrain/Ground_-5_2/surface_material
PASS Exact50 original fingerprint retained through binding World/Terrain/Ground_-4_2/surface_material
PASS Exact50 original fingerprint retained through binding World/Terrain/Ground_-3_2/surface_material
PASS Exact50 original fingerprint retained through binding World/Terrain/Ground_-2_2/surface_material
PASS Exact50 original fingerprint retained through binding World/Terrain/Ground_-6_3/surface_material
PASS Exact50 original fingerprint retained through binding World/Terrain/Ground_-5_3/surface_material
PASS Exact50 original fingerprint retained through binding World/Terrain/Ground_-4_3/surface_material
PASS Exact50 original fingerprint retained through binding World/Terrain/Ground_-3_3/surface_material
PASS Exact50 original fingerprint retained through binding World/Terrain/Ground_-2_3/surface_material
PASS Exact50 original fingerprint retained through binding World/Terrain/Ground_-6_4/surface_material
PASS Exact50 original fingerprint retained through binding World/Terrain/Ground_-5_4/surface_material
PASS Exact50 original fingerprint retained through binding World/Terrain/Ground_-4_4/surface_material
PASS Exact50 original fingerprint retained through binding World/Terrain/Ground_-3_4/surface_material
PASS Exact50 original fingerprint retained through binding World/Terrain/Ground_-6_5/surface_material
PASS Exact50 original fingerprint retained through binding World/Terrain/Ground_-5_5/surface_material
PASS Exact50 original fingerprint retained through binding World/Terrain/Ground_-4_5/surface_material
PASS Exact50 original fingerprint retained through binding World/Terrain/Ground_-3_5/surface_material
PASS Exact50 original fingerprint retained through binding World/Cliffs/cliff_crown/surface_material
PASS Exact50 original fingerprint retained through binding World/Cliffs/cliff_western_slab/surface_material
PASS Exact50 original fingerprint retained through binding World/Cliffs/cliff_front_columns/surface_material
PASS Exact50 original fingerprint retained through binding World/Cliffs/cliff_eastern_plateau/surface_material
PASS Exact50 original fingerprint retained through binding World/Cliffs/cliff_shadow_buttress/surface_material
PASS Exact50 original fingerprint retained through binding World/Cliffs/cliff_central_wall/surface_material
PASS Exact50 original fingerprint retained through binding World/Cliffs/cliff_western_mesa/surface_material
PASS Exact50 original fingerprint retained through binding World/Mountains/massif_frost_crown/surface_material
PASS Exact50 original fingerprint retained through binding World/Mountains/massif_west_summit/surface_material
PASS Exact50 original fingerprint retained through binding World/Mountains/massif_needle_ridge/surface_material
PASS Exact50 original fingerprint retained through binding World/Mountains/massif_east_summit/surface_material
PASS Exact50 original fingerprint retained through binding World/Mountains/massif_east_spur/surface_material
PASS Exact50 original fingerprint retained through binding World/Mountains/massif_west_spur/surface_material
PASS Exact50 original fingerprint retained through binding World/Mountains/massif_cirque_wall/surface_material
PASS Exact50 original fingerprint retained through binding World/Mountains/massif_east_foothill/surface_material
PASS Exact50 original fingerprint retained through binding World/Mountains/massif_blue_buttress/surface_material
PASS Exact50 original fingerprint retained through binding World/Mountains/massif_valley_guard/surface_material
PASS Exact50 original fingerprint retained through binding World/Mountains/massif_west_foothill/surface_material
PASS Exact50 original fingerprint retained through binding World/LakeIslands49/island_near_left/Meshes/island_near_left_rockroot/surface_material_override/0
PASS Exact50 original fingerprint retained through binding World/LakeIslands49/island_near_left/Meshes/island_near_left_shoulder/surface_material_override/0
PASS Exact50 original fingerprint retained through binding World/LakeIslands49/island_near_left/Meshes/island_near_left_wetshore_00/surface_material_override/0
PASS Exact50 original fingerprint retained through binding World/LakeIslands49/island_near_left/Meshes/island_near_left_wetshore_01/surface_material_override/0
PASS Exact50 original fingerprint retained through binding World/LakeIslands49/island_near_left/Meshes/island_near_left_wetshore_02/surface_material_override/0
PASS Exact50 original fingerprint retained through binding World/LakeIslands49/island_near_left/Meshes/island_near_left_wetshore_03/surface_material_override/0
PASS Exact50 original fingerprint retained through binding World/LakeIslands49/island_near_left/Meshes/island_near_left_wetshore_04/surface_material_override/0
PASS Exact50 original fingerprint retained through binding World/LakeIslands49/island_near_left/Meshes/island_near_left_wetshore_05/surface_material_override/0
PASS Exact50 original fingerprint retained through binding World/LakeIslands49/island_far_middle/Meshes/island_far_middle_rockroot/surface_material_override/0
PASS Exact50 original fingerprint retained through binding World/LakeIslands49/island_far_middle/Meshes/island_far_middle_shoulder/surface_material_override/0
PASS Exact50 original fingerprint retained through binding World/LakeIslands49/island_far_middle/Meshes/island_far_middle_wetshore_00/surface_material_override/0
PASS Exact50 original fingerprint retained through binding World/LakeIslands49/island_far_middle/Meshes/island_far_middle_wetshore_01/surface_material_override/0
PASS Exact50 original fingerprint retained through binding World/LakeIslands49/island_far_middle/Meshes/island_far_middle_wetshore_02/surface_material_override/0
PASS Exact50 original fingerprint retained through binding World/LakeIslands49/island_far_middle/Meshes/island_far_middle_wetshore_03/surface_material_override/0
PASS Exact50 original fingerprint retained through binding World/LakeIslands49/island_far_middle/Meshes/island_far_middle_wetshore_04/surface_material_override/0
PASS Exact50 original fingerprint retained through binding World/LakeIslands49/island_far_middle/Meshes/island_far_middle_wetshore_05/surface_material_override/0
PASS Exact50 original fingerprint retained through binding World/LakeIslands49/island_near_right/Meshes/island_near_right_rockroot/surface_material_override/0
PASS Exact50 original fingerprint retained through binding World/LakeIslands49/island_near_right/Meshes/island_near_right_shoulder/surface_material_override/0
PASS Exact50 original fingerprint retained through binding World/LakeIslands49/island_near_right/Meshes/island_near_right_wetshore_00/surface_material_override/0
PASS Exact50 original fingerprint retained through binding World/LakeIslands49/island_near_right/Meshes/island_near_right_wetshore_01/surface_material_override/0
PASS Exact50 original fingerprint retained through binding World/LakeIslands49/island_near_right/Meshes/island_near_right_wetshore_02/surface_material_override/0
PASS Exact50 original fingerprint retained through binding World/LakeIslands49/island_near_right/Meshes/island_near_right_wetshore_03/surface_material_override/0
PASS Exact50 original fingerprint retained through binding World/LakeIslands49/island_near_right/Meshes/island_near_right_wetshore_04/surface_material_override/0
PASS Exact50 original fingerprint retained through binding World/LakeIslands49/island_near_right/Meshes/island_near_right_wetshore_05/surface_material_override/0
PASS Exact50 original fingerprint retained through binding World/LakeIslands49/foreground_rock/Meshes/foreground_rock_rockroot/surface_material_override/0
PASS Exact50 original fingerprint retained through binding World/LakeIslands49/foreground_rock/Meshes/foreground_rock_shoulder/surface_material_override/0
PASS Exact50 original fingerprint retained through binding World/LakeIslands49/foreground_rock/Meshes/foreground_rock_wetshore_00/surface_material_override/0
PASS Exact50 original fingerprint retained through binding World/LakeIslands49/foreground_rock/Meshes/foreground_rock_wetshore_01/surface_material_override/0
PASS Exact50 original fingerprint retained through binding World/LakeIslands49/foreground_rock/Meshes/foreground_rock_wetshore_02/surface_material_override/0
PASS Exact50 original fingerprint retained through binding World/LakeIslands49/foreground_rock/Meshes/foreground_rock_wetshore_03/surface_material_override/0
PASS Exact50 original fingerprint retained through binding World/LakeIslands49/foreground_rock/Meshes/foreground_rock_wetshore_04/surface_material_override/0
PASS Exact50 original fingerprint retained through binding World/LakeIslands49/foreground_rock/Meshes/foreground_rock_wetshore_05/surface_material_override/0
PASS Exact50 original fingerprint retained through binding LanternCoastStudy/IslandD_CVariant/island_c_Coast short olive grass/surface_material_override/0
PASS Exact50 original fingerprint retained through binding LanternCoastStudy/IslandD_CVariant/island_c_Coast short olive grass/surface_material_override/1
PASS Exact50 original fingerprint retained through binding LanternCoastStudy/IslandD_CVariant/island_c_Coast short olive grass/surface_material_override/2
PASS Exact50 original fingerprint retained through binding LanternCoastStudy/IslandD_CVariant/island_c_Coast short olive grass/surface_material_override/3
PASS Exact50 original fingerprint retained through binding LanternCoastStudy/IslandD_CVariant/island_c_Coast short olive grass/surface_material_override/4
PASS Exact50 original fingerprint retained through binding LanternCoastStudy/IslandD_CVariant/island_c_Coast short olive grass/surface_material_override/5
PASS Exact50 original fingerprint retained through binding LanternCoastStudy/IslandD_CVariant/island_c_Coast blue grey bedrock/surface_material_override/0
PASS Exact50 original fingerprint retained through binding LanternCoastStudy/IslandD_CVariant/island_c_Coast blue grey bedrock/surface_material_override/1
PASS Exact50 original fingerprint retained through binding LanternCoastStudy/IslandD_CVariant/island_c_Coast blue grey bedrock/surface_material_override/2
PASS Exact50 original fingerprint retained through binding LanternCoastStudy/island_a_1/island_a faulted bedrock/surface_material_override/0
PASS Exact50 original fingerprint retained through binding LanternCoastStudy/island_a_1/island_a faulted bedrock/surface_material_override/1
PASS Exact50 original fingerprint retained through binding LanternCoastStudy/island_a_1/island_a faulted bedrock/surface_material_override/2
PASS Exact50 original fingerprint retained through binding LanternCoastStudy/island_a_1/island_a low shore ledge 00/surface_material_override/0
PASS Exact50 original fingerprint retained through binding LanternCoastStudy/island_a_1/island_a low shore ledge 00/surface_material_override/1
PASS Exact50 original fingerprint retained through binding LanternCoastStudy/island_a_1/island_a low shore ledge 00/surface_material_override/2
PASS Exact50 original fingerprint retained through binding LanternCoastStudy/island_a_1/island_a low shore ledge 01/surface_material_override/0
PASS Exact50 original fingerprint retained through binding LanternCoastStudy/island_a_1/island_a low shore ledge 01/surface_material_override/1
PASS Exact50 original fingerprint retained through binding LanternCoastStudy/island_a_1/island_a low shore ledge 02/surface_material_override/0
PASS Exact50 original fingerprint retained through binding LanternCoastStudy/island_a_1/island_a low shore ledge 02/surface_material_override/1
PASS Exact50 original fingerprint retained through binding LanternCoastStudy/island_a_1/island_a low shore ledge 02/surface_material_override/2
PASS Exact50 original fingerprint retained through binding LanternCoastStudy/island_a_1/island_a low shore ledge 03/surface_material_override/0
PASS Exact50 original fingerprint retained through binding LanternCoastStudy/island_a_1/island_a low shore ledge 03/surface_material_override/1
PASS Exact50 original fingerprint retained through binding LanternCoastStudy/island_a_1/island_a low shore ledge 04/surface_material_override/0
PASS Exact50 original fingerprint retained through binding LanternCoastStudy/island_a_1/island_a low shore ledge 04/surface_material_override/1
PASS Exact50 original fingerprint retained through binding LanternCoastStudy/island_a_1/island_a low shore ledge 04/surface_material_override/2
PASS Exact50 original fingerprint retained through binding LanternCoastStudy/island_b_2/island_b_Coast blue grey bedrock/surface_material_override/0
PASS Exact50 original fingerprint retained through binding LanternCoastStudy/island_b_2/island_b_Coast blue grey bedrock/surface_material_override/1
PASS Exact50 original fingerprint retained through binding LanternCoastStudy/island_b_2/island_b_Coast blue grey bedrock/surface_material_override/2
PASS Exact50 original fingerprint retained through binding LanternCoastStudy/island_c_3/island_c_Coast short olive grass/surface_material_override/0
PASS Exact50 original fingerprint retained through binding LanternCoastStudy/island_c_3/island_c_Coast short olive grass/surface_material_override/1
PASS Exact50 original fingerprint retained through binding LanternCoastStudy/island_c_3/island_c_Coast short olive grass/surface_material_override/2
PASS Exact50 original fingerprint retained through binding LanternCoastStudy/island_c_3/island_c_Coast short olive grass/surface_material_override/3
PASS Exact50 original fingerprint retained through binding LanternCoastStudy/island_c_3/island_c_Coast short olive grass/surface_material_override/4
PASS Exact50 original fingerprint retained through binding LanternCoastStudy/island_c_3/island_c_Coast short olive grass/surface_material_override/5
PASS Exact50 original fingerprint retained through binding LanternCoastStudy/island_c_3/island_c_Coast blue grey bedrock/surface_material_override/0
PASS Exact50 original fingerprint retained through binding LanternCoastStudy/island_c_3/island_c_Coast blue grey bedrock/surface_material_override/1
PASS Exact50 original fingerprint retained through binding LanternCoastStudy/island_c_3/island_c_Coast blue grey bedrock/surface_material_override/2
PASS Exact50 original fingerprint retained through binding LanternCoastStudy/reef_ridge_4/reef_ridge_Coast blue grey bedrock/surface_material_override/0
PASS Exact50 original fingerprint retained through binding LanternCoastStudy/reef_ridge_4/reef_ridge_Coast blue grey bedrock/surface_material_override/1
PASS Exact50 original fingerprint retained through binding LanternCoastStudy/reef_ridge_4/reef_ridge_Coast blue grey bedrock/surface_material_override/2
PASS Exact50 original fingerprint retained through binding LanternCoastStudy/reef_low_5/reef_low_Coast blue grey bedrock/surface_material_override/0
PASS Exact50 original fingerprint retained through binding LanternCoastStudy/reef_low_5/reef_low_Coast blue grey bedrock/surface_material_override/1
PASS Exact50 original fingerprint retained through binding LanternCoastStudy/reef_spire_6/reef_spire_Coast blue grey bedrock/surface_material_override/0
PASS Exact50 original fingerprint retained through binding LanternCoastStudy/reef_spire_6/reef_spire_Coast blue grey bedrock/surface_material_override/1
PASS Exact50 original fingerprint retained through binding LanternCoastStudy/reef_spire_6/reef_spire_Coast blue grey bedrock/surface_material_override/2
PASS Exact50 original fingerprint retained through binding LanternCoastStudy/reef_ridge_7/reef_ridge_Coast blue grey bedrock/surface_material_override/0
PASS Exact50 original fingerprint retained through binding LanternCoastStudy/reef_ridge_7/reef_ridge_Coast blue grey bedrock/surface_material_override/1
PASS Exact50 original fingerprint retained through binding LanternCoastStudy/reef_ridge_7/reef_ridge_Coast blue grey bedrock/surface_material_override/2
PASS Exact50 original fingerprint retained through binding LanternCoastStudy/reef_low_8/reef_low_Coast blue grey bedrock/surface_material_override/0
PASS Exact50 original fingerprint retained through binding LanternCoastStudy/reef_low_8/reef_low_Coast blue grey bedrock/surface_material_override/1
PASS Exact50 original fingerprint retained through binding LanternCoastStudy/reef_spire_9/reef_spire_Coast blue grey bedrock/surface_material_override/0
PASS Exact50 original fingerprint retained through binding LanternCoastStudy/reef_spire_9/reef_spire_Coast blue grey bedrock/surface_material_override/1
PASS Exact50 original fingerprint retained through binding LanternCoastStudy/reef_spire_9/reef_spire_Coast blue grey bedrock/surface_material_override/2
PASS Exact50 original fingerprint retained through binding LanternCoastStudy/reef_ridge_10/reef_ridge_Coast blue grey bedrock/surface_material_override/0
PASS Exact50 original fingerprint retained through binding LanternCoastStudy/reef_ridge_10/reef_ridge_Coast blue grey bedrock/surface_material_override/1
PASS Exact50 original fingerprint retained through binding LanternCoastStudy/reef_ridge_10/reef_ridge_Coast blue grey bedrock/surface_material_override/2
PASS Exact50 original fingerprint retained through binding LanternCoastStudy/reef_low_11/reef_low_Coast blue grey bedrock/surface_material_override/0
PASS Exact50 original fingerprint retained through binding LanternCoastStudy/reef_low_11/reef_low_Coast blue grey bedrock/surface_material_override/1
PASS Exact50 original fingerprint retained through binding LanternCoastStudy/reef_ridge_12/reef_ridge_Coast blue grey bedrock/surface_material_override/0
PASS Exact50 original fingerprint retained through binding LanternCoastStudy/reef_ridge_12/reef_ridge_Coast blue grey bedrock/surface_material_override/1
PASS Exact50 original fingerprint retained through binding LanternCoastStudy/reef_ridge_12/reef_ridge_Coast blue grey bedrock/surface_material_override/2
PASS Exact50 original fingerprint retained through binding LanternCoastStudy/reef_low_13/reef_low_Coast blue grey bedrock/surface_material_override/0
PASS Exact50 original fingerprint retained through binding LanternCoastStudy/reef_low_13/reef_low_Coast blue grey bedrock/surface_material_override/1
PASS Exact50 original fingerprint retained through binding LanternCoastStudy/reef_spire_14/reef_spire_Coast blue grey bedrock/surface_material_override/0
PASS Exact50 original fingerprint retained through binding LanternCoastStudy/reef_spire_14/reef_spire_Coast blue grey bedrock/surface_material_override/1
PASS Exact50 original fingerprint retained through binding LanternCoastStudy/reef_spire_14/reef_spire_Coast blue grey bedrock/surface_material_override/2
PASS Exact50 original fingerprint retained through binding LanternCoastStudy/reef_low_15/reef_low_Coast blue grey bedrock/surface_material_override/0
PASS Exact50 original fingerprint retained through binding LanternCoastStudy/reef_low_15/reef_low_Coast blue grey bedrock/surface_material_override/1
PASS Exact50 original fingerprint retained through binding LanternCoastStudy/reef_ridge_16/reef_ridge_Coast blue grey bedrock/surface_material_override/0
PASS Exact50 original fingerprint retained through binding LanternCoastStudy/reef_ridge_16/reef_ridge_Coast blue grey bedrock/surface_material_override/1
PASS Exact50 original fingerprint retained through binding LanternCoastStudy/reef_ridge_16/reef_ridge_Coast blue grey bedrock/surface_material_override/2
PASS Exact50 original fingerprint retained through binding SurveyedHarborStudy22g/Harbor_timber_pier_46/timber_pier_Harbor oak plank 0/surface_material_override/0
PASS Exact50 original fingerprint retained through binding SurveyedHarborStudy22g/Harbor_timber_pier_46/timber_pier_Harbor oak plank 1/surface_material_override/0
PASS Exact50 original fingerprint retained through binding SurveyedHarborStudy22g/Harbor_timber_pier_46/timber_pier_Harbor oak plank 2/surface_material_override/0
PASS Exact50 original fingerprint retained through binding SurveyedHarborStudy22g/Harbor_timber_pier_46/timber_pier_Harbor oak plank 3/surface_material_override/0
PASS Exact50 original fingerprint retained through binding SurveyedHarborStudy22g/Harbor_pier_landing_47/pier_landing_Harbor oak plank 0/surface_material_override/0
PASS Exact50 original fingerprint retained through binding SurveyedHarborStudy22g/Harbor_pier_landing_47/pier_landing_Harbor oak plank 1/surface_material_override/0
PASS Exact50 original fingerprint retained through binding SurveyedHarborStudy22g/Harbor_pier_landing_47/pier_landing_Harbor oak plank 2/surface_material_override/0
PASS Exact50 original fingerprint retained through binding SurveyedHarborStudy22g/Harbor_pier_landing_47/pier_landing_Harbor oak plank 3/surface_material_override/0
PASS Exact50 original fingerprint retained through binding SurveyedHarborStudy22g/Harbor_moored_fishing_boat_54/moored_fishing_boat_Harbor oak plank 1/surface_material_override/0
PASS Exact50 original fingerprint retained through binding SurveyedHarborStudy22g/Harbor_moored_fishing_boat_54/moored_fishing_boat_Harbor oak plank 0/surface_material_override/0
PASS Exact50 original fingerprint retained through binding SurveyedHarborStudy22g/Harbor_moored_fishing_boat_54/moored_fishing_boat_Harbor oak plank 3/surface_material_override/0
PASS Exact50 original fingerprint retained through binding SurveyedHarborStudy22g/Harbor_timber_pier_55/timber_pier_Harbor oak plank 0/surface_material_override/0
PASS Exact50 original fingerprint retained through binding SurveyedHarborStudy22g/Harbor_timber_pier_55/timber_pier_Harbor oak plank 1/surface_material_override/0
PASS Exact50 original fingerprint retained through binding SurveyedHarborStudy22g/Harbor_timber_pier_55/timber_pier_Harbor oak plank 2/surface_material_override/0
PASS Exact50 original fingerprint retained through binding SurveyedHarborStudy22g/Harbor_timber_pier_55/timber_pier_Harbor oak plank 3/surface_material_override/0
PASS Exact50 original fingerprint retained through binding SurveyedHarborStudy22g/Harbor_pier_landing_56/pier_landing_Harbor oak plank 0/surface_material_override/0
PASS Exact50 original fingerprint retained through binding SurveyedHarborStudy22g/Harbor_pier_landing_56/pier_landing_Harbor oak plank 1/surface_material_override/0
PASS Exact50 original fingerprint retained through binding SurveyedHarborStudy22g/Harbor_pier_landing_56/pier_landing_Harbor oak plank 2/surface_material_override/0
PASS Exact50 original fingerprint retained through binding SurveyedHarborStudy22g/Harbor_pier_landing_56/pier_landing_Harbor oak plank 3/surface_material_override/0
PASS Exact50 original fingerprint retained through binding SurveyedHarborStudy22g/Harbor_moored_fishing_boat_63/moored_fishing_boat_Harbor oak plank 1/surface_material_override/0
PASS Exact50 original fingerprint retained through binding SurveyedHarborStudy22g/Harbor_moored_fishing_boat_63/moored_fishing_boat_Harbor oak plank 0/surface_material_override/0
PASS Exact50 original fingerprint retained through binding SurveyedHarborStudy22g/Harbor_moored_fishing_boat_63/moored_fishing_boat_Harbor oak plank 3/surface_material_override/0
PASS Exact50 original fingerprint retained through binding SurveyedHarborStudy22g/Harbor_timber_pier_64/timber_pier_Harbor oak plank 0/surface_material_override/0
PASS Exact50 original fingerprint retained through binding SurveyedHarborStudy22g/Harbor_timber_pier_64/timber_pier_Harbor oak plank 1/surface_material_override/0
PASS Exact50 original fingerprint retained through binding SurveyedHarborStudy22g/Harbor_timber_pier_64/timber_pier_Harbor oak plank 2/surface_material_override/0
PASS Exact50 original fingerprint retained through binding SurveyedHarborStudy22g/Harbor_timber_pier_64/timber_pier_Harbor oak plank 3/surface_material_override/0
PASS Exact50 original fingerprint retained through binding SurveyedHarborStudy22g/Harbor_pier_landing_65/pier_landing_Harbor oak plank 0/surface_material_override/0
PASS Exact50 original fingerprint retained through binding SurveyedHarborStudy22g/Harbor_pier_landing_65/pier_landing_Harbor oak plank 1/surface_material_override/0
PASS Exact50 original fingerprint retained through binding SurveyedHarborStudy22g/Harbor_pier_landing_65/pier_landing_Harbor oak plank 2/surface_material_override/0
PASS Exact50 original fingerprint retained through binding SurveyedHarborStudy22g/Harbor_pier_landing_65/pier_landing_Harbor oak plank 3/surface_material_override/0
PASS Exact50 original fingerprint retained through binding SurveyedHarborStudy22g/Harbor_moored_fishing_boat_72/moored_fishing_boat_Harbor oak plank 1/surface_material_override/0
PASS Exact50 original fingerprint retained through binding SurveyedHarborStudy22g/Harbor_moored_fishing_boat_72/moored_fishing_boat_Harbor oak plank 0/surface_material_override/0
PASS Exact50 original fingerprint retained through binding SurveyedHarborStudy22g/Harbor_moored_fishing_boat_72/moored_fishing_boat_Harbor oak plank 3/surface_material_override/0
PASS Exact50 original fingerprint retained through binding SurveyedHarborStudy22g/Harbor_timber_pier_73/timber_pier_Harbor oak plank 0/surface_material_override/0
PASS Exact50 original fingerprint retained through binding SurveyedHarborStudy22g/Harbor_timber_pier_73/timber_pier_Harbor oak plank 1/surface_material_override/0
PASS Exact50 original fingerprint retained through binding SurveyedHarborStudy22g/Harbor_timber_pier_73/timber_pier_Harbor oak plank 2/surface_material_override/0
PASS Exact50 original fingerprint retained through binding SurveyedHarborStudy22g/Harbor_timber_pier_73/timber_pier_Harbor oak plank 3/surface_material_override/0
PASS Exact50 original fingerprint retained through binding SurveyedHarborStudy22g/Harbor_pier_landing_74/pier_landing_Harbor oak plank 0/surface_material_override/0
PASS Exact50 original fingerprint retained through binding SurveyedHarborStudy22g/Harbor_pier_landing_74/pier_landing_Harbor oak plank 1/surface_material_override/0
PASS Exact50 original fingerprint retained through binding SurveyedHarborStudy22g/Harbor_pier_landing_74/pier_landing_Harbor oak plank 2/surface_material_override/0
PASS Exact50 original fingerprint retained through binding SurveyedHarborStudy22g/Harbor_pier_landing_74/pier_landing_Harbor oak plank 3/surface_material_override/0
PASS Exact50 original fingerprint retained through binding SurveyedHarborStudy22g/Harbor_moored_fishing_boat_81/moored_fishing_boat_Harbor oak plank 1/surface_material_override/0
PASS Exact50 original fingerprint retained through binding SurveyedHarborStudy22g/Harbor_moored_fishing_boat_81/moored_fishing_boat_Harbor oak plank 0/surface_material_override/0
PASS Exact50 original fingerprint retained through binding SurveyedHarborStudy22g/Harbor_moored_fishing_boat_81/moored_fishing_boat_Harbor oak plank 3/surface_material_override/0
PASS Exact50 original fingerprint retained through binding MainlandVillage23g/mainland_headland_0/Mainland headland continuous bedrock and grass terraces/surface_material_override/0
PASS Exact50 original fingerprint retained through binding MainlandVillage23g/mainland_headland_0/Mainland headland continuous bedrock and grass terraces/surface_material_override/1
PASS Exact50 original fingerprint retained through binding MainlandVillage23g/mainland_headland_0/Mainland headland continuous bedrock and grass terraces/surface_material_override/2
PASS Exact50 original fingerprint retained through binding MainlandVillage23g/mainland_headland_0/Mainland headland continuous bedrock and grass terraces/surface_material_override/3
PASS Exact50 original fingerprint retained through binding MainlandVillage23g/mainland_headland_0/Mainland headland continuous bedrock and grass terraces/surface_material_override/4
PASS Exact50 original fingerprint retained through binding Weather42b/Rain/material_override
PASS Exact50 original fingerprint retained through binding Weather42b/Snow/material_override
PASS Exact50 original fingerprint retained through binding Weather42b/Rainbow/spectrum_band_0/material_override
PASS Exact50 original fingerprint retained through binding Weather42b/Rainbow/spectrum_band_1/material_override
PASS Exact50 original fingerprint retained through binding Weather42b/Rainbow/spectrum_band_2/material_override
PASS Exact50 original fingerprint retained through binding Weather42b/Rainbow/spectrum_band_3/material_override
PASS Exact50 original fingerprint retained through binding Weather42b/Rainbow/spectrum_band_4/material_override
PASS Exact50 original fingerprint retained through binding Weather42b/Rainbow/spectrum_band_5/material_override
PASS Exact50 original fingerprint retained through binding Weather42b/Rainbow/spectrum_band_6/material_override
PASS Exact50 original fingerprint retained through binding World/stream_terrain_material
PASS Exact50 original fingerprint retained through binding World/stream_world_material
PASS Exact50 original fingerprint retained through binding World/stream_cloud_material
PASS Exactly12 independent shader resources and11unique codes preserve original sharing
PASS All114 materials/248 fields retain exact50-through51 provenance
PASS Original binding source exists Airship|hull_material
PASS Exact old/new material mapping Airship|hull_material
PASS Original binding source exists Airship|cloth_material
PASS Exact old/new material mapping Airship|cloth_material
PASS Original binding source exists Airship/Visuals/CarriageLantern40_0|material_override
PASS Exact old/new material mapping Airship/Visuals/CarriageLantern40_0|material_override
PASS Original binding source exists Airship/Visuals/CarriageLantern40_1|material_override
PASS Exact old/new material mapping Airship/Visuals/CarriageLantern40_1|material_override
PASS Original binding source exists World/Terrain/Ground_-6_-8|surface_material
PASS Exact old/new material mapping World/Terrain/Ground_-6_-8|surface_material
PASS Original binding source exists World/Terrain/Ground_-6_-7|surface_material
PASS Exact old/new material mapping World/Terrain/Ground_-6_-7|surface_material
PASS Original binding source exists World/Terrain/Ground_-6_-6|surface_material
PASS Exact old/new material mapping World/Terrain/Ground_-6_-6|surface_material
PASS Original binding source exists World/Terrain/Ground_-5_-6|surface_material
PASS Exact old/new material mapping World/Terrain/Ground_-5_-6|surface_material
PASS Original binding source exists World/Terrain/Ground_-6_-5|surface_material
PASS Exact old/new material mapping World/Terrain/Ground_-6_-5|surface_material
PASS Original binding source exists World/Terrain/Ground_-5_-5|surface_material
PASS Exact old/new material mapping World/Terrain/Ground_-5_-5|surface_material
PASS Original binding source exists World/Terrain/Ground_-4_-5|surface_material
PASS Exact old/new material mapping World/Terrain/Ground_-4_-5|surface_material
PASS Original binding source exists World/Terrain/Ground_-3_-5|surface_material
PASS Exact old/new material mapping World/Terrain/Ground_-3_-5|surface_material
PASS Original binding source exists World/Terrain/Ground_-6_-4|surface_material
PASS Exact old/new material mapping World/Terrain/Ground_-6_-4|surface_material
PASS Original binding source exists World/Terrain/Ground_-5_-4|surface_material
PASS Exact old/new material mapping World/Terrain/Ground_-5_-4|surface_material
PASS Original binding source exists World/Terrain/Ground_-4_-4|surface_material
PASS Exact old/new material mapping World/Terrain/Ground_-4_-4|surface_material
PASS Original binding source exists World/Terrain/Ground_-6_-3|surface_material
PASS Exact old/new material mapping World/Terrain/Ground_-6_-3|surface_material
PASS Original binding source exists World/Terrain/Ground_-5_-3|surface_material
PASS Exact old/new material mapping World/Terrain/Ground_-5_-3|surface_material
PASS Original binding source exists World/Terrain/Ground_-4_-3|surface_material
PASS Exact old/new material mapping World/Terrain/Ground_-4_-3|surface_material
PASS Original binding source exists World/Terrain/Ground_-3_-3|surface_material
PASS Exact old/new material mapping World/Terrain/Ground_-3_-3|surface_material
PASS Original binding source exists World/Terrain/Ground_1_-3|surface_material
PASS Exact old/new material mapping World/Terrain/Ground_1_-3|surface_material
PASS Original binding source exists World/Terrain/Ground_-6_-2|surface_material
PASS Exact old/new material mapping World/Terrain/Ground_-6_-2|surface_material
PASS Original binding source exists World/Terrain/Ground_-5_-2|surface_material
PASS Exact old/new material mapping World/Terrain/Ground_-5_-2|surface_material
PASS Original binding source exists World/Terrain/Ground_-4_-2|surface_material
PASS Exact old/new material mapping World/Terrain/Ground_-4_-2|surface_material
PASS Original binding source exists World/Terrain/Ground_-3_-2|surface_material
PASS Exact old/new material mapping World/Terrain/Ground_-3_-2|surface_material
PASS Original binding source exists World/Terrain/Ground_-2_-2|surface_material
PASS Exact old/new material mapping World/Terrain/Ground_-2_-2|surface_material
PASS Original binding source exists World/Terrain/Ground_-1_-2|surface_material
PASS Exact old/new material mapping World/Terrain/Ground_-1_-2|surface_material
PASS Original binding source exists World/Terrain/Ground_0_-2|surface_material
PASS Exact old/new material mapping World/Terrain/Ground_0_-2|surface_material
PASS Original binding source exists World/Terrain/Ground_1_-2|surface_material
PASS Exact old/new material mapping World/Terrain/Ground_1_-2|surface_material
PASS Original binding source exists World/Terrain/Ground_-6_-1|surface_material
PASS Exact old/new material mapping World/Terrain/Ground_-6_-1|surface_material
PASS Original binding source exists World/Terrain/Ground_-5_-1|surface_material
PASS Exact old/new material mapping World/Terrain/Ground_-5_-1|surface_material
PASS Original binding source exists World/Terrain/Ground_-4_-1|surface_material
PASS Exact old/new material mapping World/Terrain/Ground_-4_-1|surface_material
PASS Original binding source exists World/Terrain/Ground_-3_-1|surface_material
PASS Exact old/new material mapping World/Terrain/Ground_-3_-1|surface_material
PASS Original binding source exists World/Terrain/Ground_-2_-1|surface_material
PASS Exact old/new material mapping World/Terrain/Ground_-2_-1|surface_material
PASS Original binding source exists World/Terrain/Ground_-1_-1|surface_material
PASS Exact old/new material mapping World/Terrain/Ground_-1_-1|surface_material
PASS Original binding source exists World/Terrain/Ground_0_-1|surface_material
PASS Exact old/new material mapping World/Terrain/Ground_0_-1|surface_material
PASS Original binding source exists World/Terrain/Ground_1_-1|surface_material
PASS Exact old/new material mapping World/Terrain/Ground_1_-1|surface_material
PASS Original binding source exists World/Terrain/Ground_-6_0|surface_material
PASS Exact old/new material mapping World/Terrain/Ground_-6_0|surface_material
PASS Original binding source exists World/Terrain/Ground_-5_0|surface_material
PASS Exact old/new material mapping World/Terrain/Ground_-5_0|surface_material
PASS Original binding source exists World/Terrain/Ground_-4_0|surface_material
PASS Exact old/new material mapping World/Terrain/Ground_-4_0|surface_material
PASS Original binding source exists World/Terrain/Ground_-3_0|surface_material
PASS Exact old/new material mapping World/Terrain/Ground_-3_0|surface_material
PASS Original binding source exists World/Terrain/Ground_-2_0|surface_material
PASS Exact old/new material mapping World/Terrain/Ground_-2_0|surface_material
PASS Original binding source exists World/Terrain/Ground_-1_0|surface_material
PASS Exact old/new material mapping World/Terrain/Ground_-1_0|surface_material
PASS Original binding source exists World/Terrain/Ground_-6_1|surface_material
PASS Exact old/new material mapping World/Terrain/Ground_-6_1|surface_material
PASS Original binding source exists World/Terrain/Ground_-5_1|surface_material
PASS Exact old/new material mapping World/Terrain/Ground_-5_1|surface_material
PASS Original binding source exists World/Terrain/Ground_-4_1|surface_material
PASS Exact old/new material mapping World/Terrain/Ground_-4_1|surface_material
PASS Original binding source exists World/Terrain/Ground_-3_1|surface_material
PASS Exact old/new material mapping World/Terrain/Ground_-3_1|surface_material
PASS Original binding source exists World/Terrain/Ground_-2_1|surface_material
PASS Exact old/new material mapping World/Terrain/Ground_-2_1|surface_material
PASS Original binding source exists World/Terrain/Ground_-1_1|surface_material
PASS Exact old/new material mapping World/Terrain/Ground_-1_1|surface_material
PASS Original binding source exists World/Terrain/Ground_-6_2|surface_material
PASS Exact old/new material mapping World/Terrain/Ground_-6_2|surface_material
PASS Original binding source exists World/Terrain/Ground_-5_2|surface_material
PASS Exact old/new material mapping World/Terrain/Ground_-5_2|surface_material
PASS Original binding source exists World/Terrain/Ground_-4_2|surface_material
PASS Exact old/new material mapping World/Terrain/Ground_-4_2|surface_material
PASS Original binding source exists World/Terrain/Ground_-3_2|surface_material
PASS Exact old/new material mapping World/Terrain/Ground_-3_2|surface_material
PASS Original binding source exists World/Terrain/Ground_-2_2|surface_material
PASS Exact old/new material mapping World/Terrain/Ground_-2_2|surface_material
PASS Original binding source exists World/Terrain/Ground_-6_3|surface_material
PASS Exact old/new material mapping World/Terrain/Ground_-6_3|surface_material
PASS Original binding source exists World/Terrain/Ground_-5_3|surface_material
PASS Exact old/new material mapping World/Terrain/Ground_-5_3|surface_material
PASS Original binding source exists World/Terrain/Ground_-4_3|surface_material
PASS Exact old/new material mapping World/Terrain/Ground_-4_3|surface_material
PASS Original binding source exists World/Terrain/Ground_-3_3|surface_material
PASS Exact old/new material mapping World/Terrain/Ground_-3_3|surface_material
PASS Original binding source exists World/Terrain/Ground_-2_3|surface_material
PASS Exact old/new material mapping World/Terrain/Ground_-2_3|surface_material
PASS Original binding source exists World/Terrain/Ground_-6_4|surface_material
PASS Exact old/new material mapping World/Terrain/Ground_-6_4|surface_material
PASS Original binding source exists World/Terrain/Ground_-5_4|surface_material
PASS Exact old/new material mapping World/Terrain/Ground_-5_4|surface_material
PASS Original binding source exists World/Terrain/Ground_-4_4|surface_material
PASS Exact old/new material mapping World/Terrain/Ground_-4_4|surface_material
PASS Original binding source exists World/Terrain/Ground_-3_4|surface_material
PASS Exact old/new material mapping World/Terrain/Ground_-3_4|surface_material
PASS Original binding source exists World/Terrain/Ground_-6_5|surface_material
PASS Exact old/new material mapping World/Terrain/Ground_-6_5|surface_material
PASS Original binding source exists World/Terrain/Ground_-5_5|surface_material
PASS Exact old/new material mapping World/Terrain/Ground_-5_5|surface_material
PASS Original binding source exists World/Terrain/Ground_-4_5|surface_material
PASS Exact old/new material mapping World/Terrain/Ground_-4_5|surface_material
PASS Original binding source exists World/Terrain/Ground_-3_5|surface_material
PASS Exact old/new material mapping World/Terrain/Ground_-3_5|surface_material
PASS Original binding source exists World/Cliffs/cliff_crown|surface_material
PASS Exact old/new material mapping World/Cliffs/cliff_crown|surface_material
PASS Original binding source exists World/Cliffs/cliff_western_slab|surface_material
PASS Exact old/new material mapping World/Cliffs/cliff_western_slab|surface_material
PASS Original binding source exists World/Cliffs/cliff_front_columns|surface_material
PASS Exact old/new material mapping World/Cliffs/cliff_front_columns|surface_material
PASS Original binding source exists World/Cliffs/cliff_eastern_plateau|surface_material
PASS Exact old/new material mapping World/Cliffs/cliff_eastern_plateau|surface_material
PASS Original binding source exists World/Cliffs/cliff_shadow_buttress|surface_material
PASS Exact old/new material mapping World/Cliffs/cliff_shadow_buttress|surface_material
PASS Original binding source exists World/Cliffs/cliff_central_wall|surface_material
PASS Exact old/new material mapping World/Cliffs/cliff_central_wall|surface_material
PASS Original binding source exists World/Cliffs/cliff_western_mesa|surface_material
PASS Exact old/new material mapping World/Cliffs/cliff_western_mesa|surface_material
PASS Original binding source exists World/Mountains/massif_frost_crown|surface_material
PASS Exact old/new material mapping World/Mountains/massif_frost_crown|surface_material
PASS Original binding source exists World/Mountains/massif_west_summit|surface_material
PASS Exact old/new material mapping World/Mountains/massif_west_summit|surface_material
PASS Original binding source exists World/Mountains/massif_needle_ridge|surface_material
PASS Exact old/new material mapping World/Mountains/massif_needle_ridge|surface_material
PASS Original binding source exists World/Mountains/massif_east_summit|surface_material
PASS Exact old/new material mapping World/Mountains/massif_east_summit|surface_material
PASS Original binding source exists World/Mountains/massif_east_spur|surface_material
PASS Exact old/new material mapping World/Mountains/massif_east_spur|surface_material
PASS Original binding source exists World/Mountains/massif_west_spur|surface_material
PASS Exact old/new material mapping World/Mountains/massif_west_spur|surface_material
PASS Original binding source exists World/Mountains/massif_cirque_wall|surface_material
PASS Exact old/new material mapping World/Mountains/massif_cirque_wall|surface_material
PASS Original binding source exists World/Mountains/massif_east_foothill|surface_material
PASS Exact old/new material mapping World/Mountains/massif_east_foothill|surface_material
PASS Original binding source exists World/Mountains/massif_blue_buttress|surface_material
PASS Exact old/new material mapping World/Mountains/massif_blue_buttress|surface_material
PASS Original binding source exists World/Mountains/massif_valley_guard|surface_material
PASS Exact old/new material mapping World/Mountains/massif_valley_guard|surface_material
PASS Original binding source exists World/Mountains/massif_west_foothill|surface_material
PASS Exact old/new material mapping World/Mountains/massif_west_foothill|surface_material
PASS Original binding source exists World/LakeIslands49/island_near_left/Meshes/island_near_left_rockroot|surface_material_override/0
PASS Exact old/new material mapping World/LakeIslands49/island_near_left/Meshes/island_near_left_rockroot|surface_material_override/0
PASS Original binding source exists World/LakeIslands49/island_near_left/Meshes/island_near_left_shoulder|surface_material_override/0
PASS Exact old/new material mapping World/LakeIslands49/island_near_left/Meshes/island_near_left_shoulder|surface_material_override/0
PASS Original binding source exists World/LakeIslands49/island_near_left/Meshes/island_near_left_wetshore_00|surface_material_override/0
PASS Exact old/new material mapping World/LakeIslands49/island_near_left/Meshes/island_near_left_wetshore_00|surface_material_override/0
PASS Original binding source exists World/LakeIslands49/island_near_left/Meshes/island_near_left_wetshore_01|surface_material_override/0
PASS Exact old/new material mapping World/LakeIslands49/island_near_left/Meshes/island_near_left_wetshore_01|surface_material_override/0
PASS Original binding source exists World/LakeIslands49/island_near_left/Meshes/island_near_left_wetshore_02|surface_material_override/0
PASS Exact old/new material mapping World/LakeIslands49/island_near_left/Meshes/island_near_left_wetshore_02|surface_material_override/0
PASS Original binding source exists World/LakeIslands49/island_near_left/Meshes/island_near_left_wetshore_03|surface_material_override/0
PASS Exact old/new material mapping World/LakeIslands49/island_near_left/Meshes/island_near_left_wetshore_03|surface_material_override/0
PASS Original binding source exists World/LakeIslands49/island_near_left/Meshes/island_near_left_wetshore_04|surface_material_override/0
PASS Exact old/new material mapping World/LakeIslands49/island_near_left/Meshes/island_near_left_wetshore_04|surface_material_override/0
PASS Original binding source exists World/LakeIslands49/island_near_left/Meshes/island_near_left_wetshore_05|surface_material_override/0
PASS Exact old/new material mapping World/LakeIslands49/island_near_left/Meshes/island_near_left_wetshore_05|surface_material_override/0
PASS Original binding source exists World/LakeIslands49/island_far_middle/Meshes/island_far_middle_rockroot|surface_material_override/0
PASS Exact old/new material mapping World/LakeIslands49/island_far_middle/Meshes/island_far_middle_rockroot|surface_material_override/0
PASS Original binding source exists World/LakeIslands49/island_far_middle/Meshes/island_far_middle_shoulder|surface_material_override/0
PASS Exact old/new material mapping World/LakeIslands49/island_far_middle/Meshes/island_far_middle_shoulder|surface_material_override/0
PASS Original binding source exists World/LakeIslands49/island_far_middle/Meshes/island_far_middle_wetshore_00|surface_material_override/0
PASS Exact old/new material mapping World/LakeIslands49/island_far_middle/Meshes/island_far_middle_wetshore_00|surface_material_override/0
PASS Original binding source exists World/LakeIslands49/island_far_middle/Meshes/island_far_middle_wetshore_01|surface_material_override/0
PASS Exact old/new material mapping World/LakeIslands49/island_far_middle/Meshes/island_far_middle_wetshore_01|surface_material_override/0
PASS Original binding source exists World/LakeIslands49/island_far_middle/Meshes/island_far_middle_wetshore_02|surface_material_override/0
PASS Exact old/new material mapping World/LakeIslands49/island_far_middle/Meshes/island_far_middle_wetshore_02|surface_material_override/0
PASS Original binding source exists World/LakeIslands49/island_far_middle/Meshes/island_far_middle_wetshore_03|surface_material_override/0
PASS Exact old/new material mapping World/LakeIslands49/island_far_middle/Meshes/island_far_middle_wetshore_03|surface_material_override/0
PASS Original binding source exists World/LakeIslands49/island_far_middle/Meshes/island_far_middle_wetshore_04|surface_material_override/0
PASS Exact old/new material mapping World/LakeIslands49/island_far_middle/Meshes/island_far_middle_wetshore_04|surface_material_override/0
PASS Original binding source exists World/LakeIslands49/island_far_middle/Meshes/island_far_middle_wetshore_05|surface_material_override/0
PASS Exact old/new material mapping World/LakeIslands49/island_far_middle/Meshes/island_far_middle_wetshore_05|surface_material_override/0
PASS Original binding source exists World/LakeIslands49/island_near_right/Meshes/island_near_right_rockroot|surface_material_override/0
PASS Exact old/new material mapping World/LakeIslands49/island_near_right/Meshes/island_near_right_rockroot|surface_material_override/0
PASS Original binding source exists World/LakeIslands49/island_near_right/Meshes/island_near_right_shoulder|surface_material_override/0
PASS Exact old/new material mapping World/LakeIslands49/island_near_right/Meshes/island_near_right_shoulder|surface_material_override/0
PASS Original binding source exists World/LakeIslands49/island_near_right/Meshes/island_near_right_wetshore_00|surface_material_override/0
PASS Exact old/new material mapping World/LakeIslands49/island_near_right/Meshes/island_near_right_wetshore_00|surface_material_override/0
PASS Original binding source exists World/LakeIslands49/island_near_right/Meshes/island_near_right_wetshore_01|surface_material_override/0
PASS Exact old/new material mapping World/LakeIslands49/island_near_right/Meshes/island_near_right_wetshore_01|surface_material_override/0
PASS Original binding source exists World/LakeIslands49/island_near_right/Meshes/island_near_right_wetshore_02|surface_material_override/0
PASS Exact old/new material mapping World/LakeIslands49/island_near_right/Meshes/island_near_right_wetshore_02|surface_material_override/0
PASS Original binding source exists World/LakeIslands49/island_near_right/Meshes/island_near_right_wetshore_03|surface_material_override/0
PASS Exact old/new material mapping World/LakeIslands49/island_near_right/Meshes/island_near_right_wetshore_03|surface_material_override/0
PASS Original binding source exists World/LakeIslands49/island_near_right/Meshes/island_near_right_wetshore_04|surface_material_override/0
PASS Exact old/new material mapping World/LakeIslands49/island_near_right/Meshes/island_near_right_wetshore_04|surface_material_override/0
PASS Original binding source exists World/LakeIslands49/island_near_right/Meshes/island_near_right_wetshore_05|surface_material_override/0
PASS Exact old/new material mapping World/LakeIslands49/island_near_right/Meshes/island_near_right_wetshore_05|surface_material_override/0
PASS Original binding source exists World/LakeIslands49/foreground_rock/Meshes/foreground_rock_rockroot|surface_material_override/0
PASS Exact old/new material mapping World/LakeIslands49/foreground_rock/Meshes/foreground_rock_rockroot|surface_material_override/0
PASS Original binding source exists World/LakeIslands49/foreground_rock/Meshes/foreground_rock_shoulder|surface_material_override/0
PASS Exact old/new material mapping World/LakeIslands49/foreground_rock/Meshes/foreground_rock_shoulder|surface_material_override/0
PASS Original binding source exists World/LakeIslands49/foreground_rock/Meshes/foreground_rock_wetshore_00|surface_material_override/0
PASS Exact old/new material mapping World/LakeIslands49/foreground_rock/Meshes/foreground_rock_wetshore_00|surface_material_override/0
PASS Original binding source exists World/LakeIslands49/foreground_rock/Meshes/foreground_rock_wetshore_01|surface_material_override/0
PASS Exact old/new material mapping World/LakeIslands49/foreground_rock/Meshes/foreground_rock_wetshore_01|surface_material_override/0
PASS Original binding source exists World/LakeIslands49/foreground_rock/Meshes/foreground_rock_wetshore_02|surface_material_override/0
PASS Exact old/new material mapping World/LakeIslands49/foreground_rock/Meshes/foreground_rock_wetshore_02|surface_material_override/0
PASS Original binding source exists World/LakeIslands49/foreground_rock/Meshes/foreground_rock_wetshore_03|surface_material_override/0
PASS Exact old/new material mapping World/LakeIslands49/foreground_rock/Meshes/foreground_rock_wetshore_03|surface_material_override/0
PASS Original binding source exists World/LakeIslands49/foreground_rock/Meshes/foreground_rock_wetshore_04|surface_material_override/0
PASS Exact old/new material mapping World/LakeIslands49/foreground_rock/Meshes/foreground_rock_wetshore_04|surface_material_override/0
PASS Original binding source exists World/LakeIslands49/foreground_rock/Meshes/foreground_rock_wetshore_05|surface_material_override/0
PASS Exact old/new material mapping World/LakeIslands49/foreground_rock/Meshes/foreground_rock_wetshore_05|surface_material_override/0
PASS Original binding source exists LanternCoastStudy/IslandD_CVariant/island_c_Coast short olive grass|surface_material_override/0
PASS Exact old/new material mapping LanternCoastStudy/IslandD_CVariant/island_c_Coast short olive grass|surface_material_override/0
PASS Original binding source exists LanternCoastStudy/IslandD_CVariant/island_c_Coast short olive grass|surface_material_override/1
PASS Exact old/new material mapping LanternCoastStudy/IslandD_CVariant/island_c_Coast short olive grass|surface_material_override/1
PASS Original binding source exists LanternCoastStudy/IslandD_CVariant/island_c_Coast short olive grass|surface_material_override/2
PASS Exact old/new material mapping LanternCoastStudy/IslandD_CVariant/island_c_Coast short olive grass|surface_material_override/2
PASS Original binding source exists LanternCoastStudy/IslandD_CVariant/island_c_Coast short olive grass|surface_material_override/3
PASS Exact old/new material mapping LanternCoastStudy/IslandD_CVariant/island_c_Coast short olive grass|surface_material_override/3
PASS Original binding source exists LanternCoastStudy/IslandD_CVariant/island_c_Coast short olive grass|surface_material_override/4
PASS Exact old/new material mapping LanternCoastStudy/IslandD_CVariant/island_c_Coast short olive grass|surface_material_override/4
PASS Original binding source exists LanternCoastStudy/IslandD_CVariant/island_c_Coast short olive grass|surface_material_override/5
PASS Exact old/new material mapping LanternCoastStudy/IslandD_CVariant/island_c_Coast short olive grass|surface_material_override/5
PASS Original binding source exists LanternCoastStudy/IslandD_CVariant/island_c_Coast blue grey bedrock|surface_material_override/0
PASS Exact old/new material mapping LanternCoastStudy/IslandD_CVariant/island_c_Coast blue grey bedrock|surface_material_override/0
PASS Original binding source exists LanternCoastStudy/IslandD_CVariant/island_c_Coast blue grey bedrock|surface_material_override/1
PASS Exact old/new material mapping LanternCoastStudy/IslandD_CVariant/island_c_Coast blue grey bedrock|surface_material_override/1
PASS Original binding source exists LanternCoastStudy/IslandD_CVariant/island_c_Coast blue grey bedrock|surface_material_override/2
PASS Exact old/new material mapping LanternCoastStudy/IslandD_CVariant/island_c_Coast blue grey bedrock|surface_material_override/2
PASS Original binding source exists LanternCoastStudy/island_a_1/island_a faulted bedrock|surface_material_override/0
PASS Exact old/new material mapping LanternCoastStudy/island_a_1/island_a faulted bedrock|surface_material_override/0
PASS Original binding source exists LanternCoastStudy/island_a_1/island_a faulted bedrock|surface_material_override/1
PASS Exact old/new material mapping LanternCoastStudy/island_a_1/island_a faulted bedrock|surface_material_override/1
PASS Original binding source exists LanternCoastStudy/island_a_1/island_a faulted bedrock|surface_material_override/2
PASS Exact old/new material mapping LanternCoastStudy/island_a_1/island_a faulted bedrock|surface_material_override/2
PASS Original binding source exists LanternCoastStudy/island_a_1/island_a low shore ledge 00|surface_material_override/0
PASS Exact old/new material mapping LanternCoastStudy/island_a_1/island_a low shore ledge 00|surface_material_override/0
PASS Original binding source exists LanternCoastStudy/island_a_1/island_a low shore ledge 00|surface_material_override/1
PASS Exact old/new material mapping LanternCoastStudy/island_a_1/island_a low shore ledge 00|surface_material_override/1
PASS Original binding source exists LanternCoastStudy/island_a_1/island_a low shore ledge 00|surface_material_override/2
PASS Exact old/new material mapping LanternCoastStudy/island_a_1/island_a low shore ledge 00|surface_material_override/2
PASS Original binding source exists LanternCoastStudy/island_a_1/island_a low shore ledge 01|surface_material_override/0
PASS Exact old/new material mapping LanternCoastStudy/island_a_1/island_a low shore ledge 01|surface_material_override/0
PASS Original binding source exists LanternCoastStudy/island_a_1/island_a low shore ledge 01|surface_material_override/1
PASS Exact old/new material mapping LanternCoastStudy/island_a_1/island_a low shore ledge 01|surface_material_override/1
PASS Original binding source exists LanternCoastStudy/island_a_1/island_a low shore ledge 02|surface_material_override/0
PASS Exact old/new material mapping LanternCoastStudy/island_a_1/island_a low shore ledge 02|surface_material_override/0
PASS Original binding source exists LanternCoastStudy/island_a_1/island_a low shore ledge 02|surface_material_override/1
PASS Exact old/new material mapping LanternCoastStudy/island_a_1/island_a low shore ledge 02|surface_material_override/1
PASS Original binding source exists LanternCoastStudy/island_a_1/island_a low shore ledge 02|surface_material_override/2
PASS Exact old/new material mapping LanternCoastStudy/island_a_1/island_a low shore ledge 02|surface_material_override/2
PASS Original binding source exists LanternCoastStudy/island_a_1/island_a low shore ledge 03|surface_material_override/0
PASS Exact old/new material mapping LanternCoastStudy/island_a_1/island_a low shore ledge 03|surface_material_override/0
PASS Original binding source exists LanternCoastStudy/island_a_1/island_a low shore ledge 03|surface_material_override/1
PASS Exact old/new material mapping LanternCoastStudy/island_a_1/island_a low shore ledge 03|surface_material_override/1
PASS Original binding source exists LanternCoastStudy/island_a_1/island_a low shore ledge 04|surface_material_override/0
PASS Exact old/new material mapping LanternCoastStudy/island_a_1/island_a low shore ledge 04|surface_material_override/0
PASS Original binding source exists LanternCoastStudy/island_a_1/island_a low shore ledge 04|surface_material_override/1
PASS Exact old/new material mapping LanternCoastStudy/island_a_1/island_a low shore ledge 04|surface_material_override/1
PASS Original binding source exists LanternCoastStudy/island_a_1/island_a low shore ledge 04|surface_material_override/2
PASS Exact old/new material mapping LanternCoastStudy/island_a_1/island_a low shore ledge 04|surface_material_override/2
PASS Original binding source exists LanternCoastStudy/island_b_2/island_b_Coast blue grey bedrock|surface_material_override/0
PASS Exact old/new material mapping LanternCoastStudy/island_b_2/island_b_Coast blue grey bedrock|surface_material_override/0
PASS Original binding source exists LanternCoastStudy/island_b_2/island_b_Coast blue grey bedrock|surface_material_override/1
PASS Exact old/new material mapping LanternCoastStudy/island_b_2/island_b_Coast blue grey bedrock|surface_material_override/1
PASS Original binding source exists LanternCoastStudy/island_b_2/island_b_Coast blue grey bedrock|surface_material_override/2
PASS Exact old/new material mapping LanternCoastStudy/island_b_2/island_b_Coast blue grey bedrock|surface_material_override/2
PASS Original binding source exists LanternCoastStudy/island_c_3/island_c_Coast short olive grass|surface_material_override/0
PASS Exact old/new material mapping LanternCoastStudy/island_c_3/island_c_Coast short olive grass|surface_material_override/0
PASS Original binding source exists LanternCoastStudy/island_c_3/island_c_Coast short olive grass|surface_material_override/1
PASS Exact old/new material mapping LanternCoastStudy/island_c_3/island_c_Coast short olive grass|surface_material_override/1
PASS Original binding source exists LanternCoastStudy/island_c_3/island_c_Coast short olive grass|surface_material_override/2
PASS Exact old/new material mapping LanternCoastStudy/island_c_3/island_c_Coast short olive grass|surface_material_override/2
PASS Original binding source exists LanternCoastStudy/island_c_3/island_c_Coast short olive grass|surface_material_override/3
PASS Exact old/new material mapping LanternCoastStudy/island_c_3/island_c_Coast short olive grass|surface_material_override/3
PASS Original binding source exists LanternCoastStudy/island_c_3/island_c_Coast short olive grass|surface_material_override/4
PASS Exact old/new material mapping LanternCoastStudy/island_c_3/island_c_Coast short olive grass|surface_material_override/4
PASS Original binding source exists LanternCoastStudy/island_c_3/island_c_Coast short olive grass|surface_material_override/5
PASS Exact old/new material mapping LanternCoastStudy/island_c_3/island_c_Coast short olive grass|surface_material_override/5
PASS Original binding source exists LanternCoastStudy/island_c_3/island_c_Coast blue grey bedrock|surface_material_override/0
PASS Exact old/new material mapping LanternCoastStudy/island_c_3/island_c_Coast blue grey bedrock|surface_material_override/0
PASS Original binding source exists LanternCoastStudy/island_c_3/island_c_Coast blue grey bedrock|surface_material_override/1
PASS Exact old/new material mapping LanternCoastStudy/island_c_3/island_c_Coast blue grey bedrock|surface_material_override/1
PASS Original binding source exists LanternCoastStudy/island_c_3/island_c_Coast blue grey bedrock|surface_material_override/2
PASS Exact old/new material mapping LanternCoastStudy/island_c_3/island_c_Coast blue grey bedrock|surface_material_override/2
PASS Original binding source exists LanternCoastStudy/reef_ridge_4/reef_ridge_Coast blue grey bedrock|surface_material_override/0
PASS Exact old/new material mapping LanternCoastStudy/reef_ridge_4/reef_ridge_Coast blue grey bedrock|surface_material_override/0
PASS Original binding source exists LanternCoastStudy/reef_ridge_4/reef_ridge_Coast blue grey bedrock|surface_material_override/1
PASS Exact old/new material mapping LanternCoastStudy/reef_ridge_4/reef_ridge_Coast blue grey bedrock|surface_material_override/1
PASS Original binding source exists LanternCoastStudy/reef_ridge_4/reef_ridge_Coast blue grey bedrock|surface_material_override/2
PASS Exact old/new material mapping LanternCoastStudy/reef_ridge_4/reef_ridge_Coast blue grey bedrock|surface_material_override/2
PASS Original binding source exists LanternCoastStudy/reef_low_5/reef_low_Coast blue grey bedrock|surface_material_override/0
PASS Exact old/new material mapping LanternCoastStudy/reef_low_5/reef_low_Coast blue grey bedrock|surface_material_override/0
PASS Original binding source exists LanternCoastStudy/reef_low_5/reef_low_Coast blue grey bedrock|surface_material_override/1
PASS Exact old/new material mapping LanternCoastStudy/reef_low_5/reef_low_Coast blue grey bedrock|surface_material_override/1
PASS Original binding source exists LanternCoastStudy/reef_spire_6/reef_spire_Coast blue grey bedrock|surface_material_override/0
PASS Exact old/new material mapping LanternCoastStudy/reef_spire_6/reef_spire_Coast blue grey bedrock|surface_material_override/0
PASS Original binding source exists LanternCoastStudy/reef_spire_6/reef_spire_Coast blue grey bedrock|surface_material_override/1
PASS Exact old/new material mapping LanternCoastStudy/reef_spire_6/reef_spire_Coast blue grey bedrock|surface_material_override/1
PASS Original binding source exists LanternCoastStudy/reef_spire_6/reef_spire_Coast blue grey bedrock|surface_material_override/2
PASS Exact old/new material mapping LanternCoastStudy/reef_spire_6/reef_spire_Coast blue grey bedrock|surface_material_override/2
PASS Original binding source exists LanternCoastStudy/reef_ridge_7/reef_ridge_Coast blue grey bedrock|surface_material_override/0
PASS Exact old/new material mapping LanternCoastStudy/reef_ridge_7/reef_ridge_Coast blue grey bedrock|surface_material_override/0
PASS Original binding source exists LanternCoastStudy/reef_ridge_7/reef_ridge_Coast blue grey bedrock|surface_material_override/1
PASS Exact old/new material mapping LanternCoastStudy/reef_ridge_7/reef_ridge_Coast blue grey bedrock|surface_material_override/1
PASS Original binding source exists LanternCoastStudy/reef_ridge_7/reef_ridge_Coast blue grey bedrock|surface_material_override/2
PASS Exact old/new material mapping LanternCoastStudy/reef_ridge_7/reef_ridge_Coast blue grey bedrock|surface_material_override/2
PASS Original binding source exists LanternCoastStudy/reef_low_8/reef_low_Coast blue grey bedrock|surface_material_override/0
PASS Exact old/new material mapping LanternCoastStudy/reef_low_8/reef_low_Coast blue grey bedrock|surface_material_override/0
PASS Original binding source exists LanternCoastStudy/reef_low_8/reef_low_Coast blue grey bedrock|surface_material_override/1
PASS Exact old/new material mapping LanternCoastStudy/reef_low_8/reef_low_Coast blue grey bedrock|surface_material_override/1
PASS Original binding source exists LanternCoastStudy/reef_spire_9/reef_spire_Coast blue grey bedrock|surface_material_override/0
PASS Exact old/new material mapping LanternCoastStudy/reef_spire_9/reef_spire_Coast blue grey bedrock|surface_material_override/0
PASS Original binding source exists LanternCoastStudy/reef_spire_9/reef_spire_Coast blue grey bedrock|surface_material_override/1
PASS Exact old/new material mapping LanternCoastStudy/reef_spire_9/reef_spire_Coast blue grey bedrock|surface_material_override/1
PASS Original binding source exists LanternCoastStudy/reef_spire_9/reef_spire_Coast blue grey bedrock|surface_material_override/2
PASS Exact old/new material mapping LanternCoastStudy/reef_spire_9/reef_spire_Coast blue grey bedrock|surface_material_override/2
PASS Original binding source exists LanternCoastStudy/reef_ridge_10/reef_ridge_Coast blue grey bedrock|surface_material_override/0
PASS Exact old/new material mapping LanternCoastStudy/reef_ridge_10/reef_ridge_Coast blue grey bedrock|surface_material_override/0
PASS Original binding source exists LanternCoastStudy/reef_ridge_10/reef_ridge_Coast blue grey bedrock|surface_material_override/1
PASS Exact old/new material mapping LanternCoastStudy/reef_ridge_10/reef_ridge_Coast blue grey bedrock|surface_material_override/1
PASS Original binding source exists LanternCoastStudy/reef_ridge_10/reef_ridge_Coast blue grey bedrock|surface_material_override/2
PASS Exact old/new material mapping LanternCoastStudy/reef_ridge_10/reef_ridge_Coast blue grey bedrock|surface_material_override/2
PASS Original binding source exists LanternCoastStudy/reef_low_11/reef_low_Coast blue grey bedrock|surface_material_override/0
PASS Exact old/new material mapping LanternCoastStudy/reef_low_11/reef_low_Coast blue grey bedrock|surface_material_override/0
PASS Original binding source exists LanternCoastStudy/reef_low_11/reef_low_Coast blue grey bedrock|surface_material_override/1
PASS Exact old/new material mapping LanternCoastStudy/reef_low_11/reef_low_Coast blue grey bedrock|surface_material_override/1
PASS Original binding source exists LanternCoastStudy/reef_ridge_12/reef_ridge_Coast blue grey bedrock|surface_material_override/0
PASS Exact old/new material mapping LanternCoastStudy/reef_ridge_12/reef_ridge_Coast blue grey bedrock|surface_material_override/0
PASS Original binding source exists LanternCoastStudy/reef_ridge_12/reef_ridge_Coast blue grey bedrock|surface_material_override/1
PASS Exact old/new material mapping LanternCoastStudy/reef_ridge_12/reef_ridge_Coast blue grey bedrock|surface_material_override/1
PASS Original binding source exists LanternCoastStudy/reef_ridge_12/reef_ridge_Coast blue grey bedrock|surface_material_override/2
PASS Exact old/new material mapping LanternCoastStudy/reef_ridge_12/reef_ridge_Coast blue grey bedrock|surface_material_override/2
PASS Original binding source exists LanternCoastStudy/reef_low_13/reef_low_Coast blue grey bedrock|surface_material_override/0
PASS Exact old/new material mapping LanternCoastStudy/reef_low_13/reef_low_Coast blue grey bedrock|surface_material_override/0
PASS Original binding source exists LanternCoastStudy/reef_low_13/reef_low_Coast blue grey bedrock|surface_material_override/1
PASS Exact old/new material mapping LanternCoastStudy/reef_low_13/reef_low_Coast blue grey bedrock|surface_material_override/1
PASS Original binding source exists LanternCoastStudy/reef_spire_14/reef_spire_Coast blue grey bedrock|surface_material_override/0
PASS Exact old/new material mapping LanternCoastStudy/reef_spire_14/reef_spire_Coast blue grey bedrock|surface_material_override/0
PASS Original binding source exists LanternCoastStudy/reef_spire_14/reef_spire_Coast blue grey bedrock|surface_material_override/1
PASS Exact old/new material mapping LanternCoastStudy/reef_spire_14/reef_spire_Coast blue grey bedrock|surface_material_override/1
PASS Original binding source exists LanternCoastStudy/reef_spire_14/reef_spire_Coast blue grey bedrock|surface_material_override/2
PASS Exact old/new material mapping LanternCoastStudy/reef_spire_14/reef_spire_Coast blue grey bedrock|surface_material_override/2
PASS Original binding source exists LanternCoastStudy/reef_low_15/reef_low_Coast blue grey bedrock|surface_material_override/0
PASS Exact old/new material mapping LanternCoastStudy/reef_low_15/reef_low_Coast blue grey bedrock|surface_material_override/0
PASS Original binding source exists LanternCoastStudy/reef_low_15/reef_low_Coast blue grey bedrock|surface_material_override/1
PASS Exact old/new material mapping LanternCoastStudy/reef_low_15/reef_low_Coast blue grey bedrock|surface_material_override/1
PASS Original binding source exists LanternCoastStudy/reef_ridge_16/reef_ridge_Coast blue grey bedrock|surface_material_override/0
PASS Exact old/new material mapping LanternCoastStudy/reef_ridge_16/reef_ridge_Coast blue grey bedrock|surface_material_override/0
PASS Original binding source exists LanternCoastStudy/reef_ridge_16/reef_ridge_Coast blue grey bedrock|surface_material_override/1
PASS Exact old/new material mapping LanternCoastStudy/reef_ridge_16/reef_ridge_Coast blue grey bedrock|surface_material_override/1
PASS Original binding source exists LanternCoastStudy/reef_ridge_16/reef_ridge_Coast blue grey bedrock|surface_material_override/2
PASS Exact old/new material mapping LanternCoastStudy/reef_ridge_16/reef_ridge_Coast blue grey bedrock|surface_material_override/2
PASS Original binding source exists SurveyedHarborStudy22g/Harbor_timber_pier_46/timber_pier_Harbor oak plank 0|surface_material_override/0
PASS Exact old/new material mapping SurveyedHarborStudy22g/Harbor_timber_pier_46/timber_pier_Harbor oak plank 0|surface_material_override/0
PASS Original binding source exists SurveyedHarborStudy22g/Harbor_timber_pier_46/timber_pier_Harbor oak plank 1|surface_material_override/0
PASS Exact old/new material mapping SurveyedHarborStudy22g/Harbor_timber_pier_46/timber_pier_Harbor oak plank 1|surface_material_override/0
PASS Original binding source exists SurveyedHarborStudy22g/Harbor_timber_pier_46/timber_pier_Harbor oak plank 2|surface_material_override/0
PASS Exact old/new material mapping SurveyedHarborStudy22g/Harbor_timber_pier_46/timber_pier_Harbor oak plank 2|surface_material_override/0
PASS Original binding source exists SurveyedHarborStudy22g/Harbor_timber_pier_46/timber_pier_Harbor oak plank 3|surface_material_override/0
PASS Exact old/new material mapping SurveyedHarborStudy22g/Harbor_timber_pier_46/timber_pier_Harbor oak plank 3|surface_material_override/0
PASS Original binding source exists SurveyedHarborStudy22g/Harbor_pier_landing_47/pier_landing_Harbor oak plank 0|surface_material_override/0
PASS Exact old/new material mapping SurveyedHarborStudy22g/Harbor_pier_landing_47/pier_landing_Harbor oak plank 0|surface_material_override/0
PASS Original binding source exists SurveyedHarborStudy22g/Harbor_pier_landing_47/pier_landing_Harbor oak plank 1|surface_material_override/0
PASS Exact old/new material mapping SurveyedHarborStudy22g/Harbor_pier_landing_47/pier_landing_Harbor oak plank 1|surface_material_override/0
PASS Original binding source exists SurveyedHarborStudy22g/Harbor_pier_landing_47/pier_landing_Harbor oak plank 2|surface_material_override/0
PASS Exact old/new material mapping SurveyedHarborStudy22g/Harbor_pier_landing_47/pier_landing_Harbor oak plank 2|surface_material_override/0
PASS Original binding source exists SurveyedHarborStudy22g/Harbor_pier_landing_47/pier_landing_Harbor oak plank 3|surface_material_override/0
PASS Exact old/new material mapping SurveyedHarborStudy22g/Harbor_pier_landing_47/pier_landing_Harbor oak plank 3|surface_material_override/0
PASS Original binding source exists SurveyedHarborStudy22g/Harbor_moored_fishing_boat_54/moored_fishing_boat_Harbor oak plank 1|surface_material_override/0
PASS Exact old/new material mapping SurveyedHarborStudy22g/Harbor_moored_fishing_boat_54/moored_fishing_boat_Harbor oak plank 1|surface_material_override/0
PASS Original binding source exists SurveyedHarborStudy22g/Harbor_moored_fishing_boat_54/moored_fishing_boat_Harbor oak plank 0|surface_material_override/0
PASS Exact old/new material mapping SurveyedHarborStudy22g/Harbor_moored_fishing_boat_54/moored_fishing_boat_Harbor oak plank 0|surface_material_override/0
PASS Original binding source exists SurveyedHarborStudy22g/Harbor_moored_fishing_boat_54/moored_fishing_boat_Harbor oak plank 3|surface_material_override/0
PASS Exact old/new material mapping SurveyedHarborStudy22g/Harbor_moored_fishing_boat_54/moored_fishing_boat_Harbor oak plank 3|surface_material_override/0
PASS Original binding source exists SurveyedHarborStudy22g/Harbor_timber_pier_55/timber_pier_Harbor oak plank 0|surface_material_override/0
PASS Exact old/new material mapping SurveyedHarborStudy22g/Harbor_timber_pier_55/timber_pier_Harbor oak plank 0|surface_material_override/0
PASS Original binding source exists SurveyedHarborStudy22g/Harbor_timber_pier_55/timber_pier_Harbor oak plank 1|surface_material_override/0
PASS Exact old/new material mapping SurveyedHarborStudy22g/Harbor_timber_pier_55/timber_pier_Harbor oak plank 1|surface_material_override/0
PASS Original binding source exists SurveyedHarborStudy22g/Harbor_timber_pier_55/timber_pier_Harbor oak plank 2|surface_material_override/0
PASS Exact old/new material mapping SurveyedHarborStudy22g/Harbor_timber_pier_55/timber_pier_Harbor oak plank 2|surface_material_override/0
PASS Original binding source exists SurveyedHarborStudy22g/Harbor_timber_pier_55/timber_pier_Harbor oak plank 3|surface_material_override/0
PASS Exact old/new material mapping SurveyedHarborStudy22g/Harbor_timber_pier_55/timber_pier_Harbor oak plank 3|surface_material_override/0
PASS Original binding source exists SurveyedHarborStudy22g/Harbor_pier_landing_56/pier_landing_Harbor oak plank 0|surface_material_override/0
PASS Exact old/new material mapping SurveyedHarborStudy22g/Harbor_pier_landing_56/pier_landing_Harbor oak plank 0|surface_material_override/0
PASS Original binding source exists SurveyedHarborStudy22g/Harbor_pier_landing_56/pier_landing_Harbor oak plank 1|surface_material_override/0
PASS Exact old/new material mapping SurveyedHarborStudy22g/Harbor_pier_landing_56/pier_landing_Harbor oak plank 1|surface_material_override/0
PASS Original binding source exists SurveyedHarborStudy22g/Harbor_pier_landing_56/pier_landing_Harbor oak plank 2|surface_material_override/0
PASS Exact old/new material mapping SurveyedHarborStudy22g/Harbor_pier_landing_56/pier_landing_Harbor oak plank 2|surface_material_override/0
PASS Original binding source exists SurveyedHarborStudy22g/Harbor_pier_landing_56/pier_landing_Harbor oak plank 3|surface_material_override/0
PASS Exact old/new material mapping SurveyedHarborStudy22g/Harbor_pier_landing_56/pier_landing_Harbor oak plank 3|surface_material_override/0
PASS Original binding source exists SurveyedHarborStudy22g/Harbor_moored_fishing_boat_63/moored_fishing_boat_Harbor oak plank 1|surface_material_override/0
PASS Exact old/new material mapping SurveyedHarborStudy22g/Harbor_moored_fishing_boat_63/moored_fishing_boat_Harbor oak plank 1|surface_material_override/0
PASS Original binding source exists SurveyedHarborStudy22g/Harbor_moored_fishing_boat_63/moored_fishing_boat_Harbor oak plank 0|surface_material_override/0
PASS Exact old/new material mapping SurveyedHarborStudy22g/Harbor_moored_fishing_boat_63/moored_fishing_boat_Harbor oak plank 0|surface_material_override/0
PASS Original binding source exists SurveyedHarborStudy22g/Harbor_moored_fishing_boat_63/moored_fishing_boat_Harbor oak plank 3|surface_material_override/0
PASS Exact old/new material mapping SurveyedHarborStudy22g/Harbor_moored_fishing_boat_63/moored_fishing_boat_Harbor oak plank 3|surface_material_override/0
PASS Original binding source exists SurveyedHarborStudy22g/Harbor_timber_pier_64/timber_pier_Harbor oak plank 0|surface_material_override/0
PASS Exact old/new material mapping SurveyedHarborStudy22g/Harbor_timber_pier_64/timber_pier_Harbor oak plank 0|surface_material_override/0
PASS Original binding source exists SurveyedHarborStudy22g/Harbor_timber_pier_64/timber_pier_Harbor oak plank 1|surface_material_override/0
PASS Exact old/new material mapping SurveyedHarborStudy22g/Harbor_timber_pier_64/timber_pier_Harbor oak plank 1|surface_material_override/0
PASS Original binding source exists SurveyedHarborStudy22g/Harbor_timber_pier_64/timber_pier_Harbor oak plank 2|surface_material_override/0
PASS Exact old/new material mapping SurveyedHarborStudy22g/Harbor_timber_pier_64/timber_pier_Harbor oak plank 2|surface_material_override/0
PASS Original binding source exists SurveyedHarborStudy22g/Harbor_timber_pier_64/timber_pier_Harbor oak plank 3|surface_material_override/0
PASS Exact old/new material mapping SurveyedHarborStudy22g/Harbor_timber_pier_64/timber_pier_Harbor oak plank 3|surface_material_override/0
PASS Original binding source exists SurveyedHarborStudy22g/Harbor_pier_landing_65/pier_landing_Harbor oak plank 0|surface_material_override/0
PASS Exact old/new material mapping SurveyedHarborStudy22g/Harbor_pier_landing_65/pier_landing_Harbor oak plank 0|surface_material_override/0
PASS Original binding source exists SurveyedHarborStudy22g/Harbor_pier_landing_65/pier_landing_Harbor oak plank 1|surface_material_override/0
PASS Exact old/new material mapping SurveyedHarborStudy22g/Harbor_pier_landing_65/pier_landing_Harbor oak plank 1|surface_material_override/0
PASS Original binding source exists SurveyedHarborStudy22g/Harbor_pier_landing_65/pier_landing_Harbor oak plank 2|surface_material_override/0
PASS Exact old/new material mapping SurveyedHarborStudy22g/Harbor_pier_landing_65/pier_landing_Harbor oak plank 2|surface_material_override/0
PASS Original binding source exists SurveyedHarborStudy22g/Harbor_pier_landing_65/pier_landing_Harbor oak plank 3|surface_material_override/0
PASS Exact old/new material mapping SurveyedHarborStudy22g/Harbor_pier_landing_65/pier_landing_Harbor oak plank 3|surface_material_override/0
PASS Original binding source exists SurveyedHarborStudy22g/Harbor_moored_fishing_boat_72/moored_fishing_boat_Harbor oak plank 1|surface_material_override/0
PASS Exact old/new material mapping SurveyedHarborStudy22g/Harbor_moored_fishing_boat_72/moored_fishing_boat_Harbor oak plank 1|surface_material_override/0
PASS Original binding source exists SurveyedHarborStudy22g/Harbor_moored_fishing_boat_72/moored_fishing_boat_Harbor oak plank 0|surface_material_override/0
PASS Exact old/new material mapping SurveyedHarborStudy22g/Harbor_moored_fishing_boat_72/moored_fishing_boat_Harbor oak plank 0|surface_material_override/0
PASS Original binding source exists SurveyedHarborStudy22g/Harbor_moored_fishing_boat_72/moored_fishing_boat_Harbor oak plank 3|surface_material_override/0
PASS Exact old/new material mapping SurveyedHarborStudy22g/Harbor_moored_fishing_boat_72/moored_fishing_boat_Harbor oak plank 3|surface_material_override/0
PASS Original binding source exists SurveyedHarborStudy22g/Harbor_timber_pier_73/timber_pier_Harbor oak plank 0|surface_material_override/0
PASS Exact old/new material mapping SurveyedHarborStudy22g/Harbor_timber_pier_73/timber_pier_Harbor oak plank 0|surface_material_override/0
PASS Original binding source exists SurveyedHarborStudy22g/Harbor_timber_pier_73/timber_pier_Harbor oak plank 1|surface_material_override/0
PASS Exact old/new material mapping SurveyedHarborStudy22g/Harbor_timber_pier_73/timber_pier_Harbor oak plank 1|surface_material_override/0
PASS Original binding source exists SurveyedHarborStudy22g/Harbor_timber_pier_73/timber_pier_Harbor oak plank 2|surface_material_override/0
PASS Exact old/new material mapping SurveyedHarborStudy22g/Harbor_timber_pier_73/timber_pier_Harbor oak plank 2|surface_material_override/0
PASS Original binding source exists SurveyedHarborStudy22g/Harbor_timber_pier_73/timber_pier_Harbor oak plank 3|surface_material_override/0
PASS Exact old/new material mapping SurveyedHarborStudy22g/Harbor_timber_pier_73/timber_pier_Harbor oak plank 3|surface_material_override/0
PASS Original binding source exists SurveyedHarborStudy22g/Harbor_pier_landing_74/pier_landing_Harbor oak plank 0|surface_material_override/0
PASS Exact old/new material mapping SurveyedHarborStudy22g/Harbor_pier_landing_74/pier_landing_Harbor oak plank 0|surface_material_override/0
PASS Original binding source exists SurveyedHarborStudy22g/Harbor_pier_landing_74/pier_landing_Harbor oak plank 1|surface_material_override/0
PASS Exact old/new material mapping SurveyedHarborStudy22g/Harbor_pier_landing_74/pier_landing_Harbor oak plank 1|surface_material_override/0
PASS Original binding source exists SurveyedHarborStudy22g/Harbor_pier_landing_74/pier_landing_Harbor oak plank 2|surface_material_override/0
PASS Exact old/new material mapping SurveyedHarborStudy22g/Harbor_pier_landing_74/pier_landing_Harbor oak plank 2|surface_material_override/0
PASS Original binding source exists SurveyedHarborStudy22g/Harbor_pier_landing_74/pier_landing_Harbor oak plank 3|surface_material_override/0
PASS Exact old/new material mapping SurveyedHarborStudy22g/Harbor_pier_landing_74/pier_landing_Harbor oak plank 3|surface_material_override/0
PASS Original binding source exists SurveyedHarborStudy22g/Harbor_moored_fishing_boat_81/moored_fishing_boat_Harbor oak plank 1|surface_material_override/0
PASS Exact old/new material mapping SurveyedHarborStudy22g/Harbor_moored_fishing_boat_81/moored_fishing_boat_Harbor oak plank 1|surface_material_override/0
PASS Original binding source exists SurveyedHarborStudy22g/Harbor_moored_fishing_boat_81/moored_fishing_boat_Harbor oak plank 0|surface_material_override/0
PASS Exact old/new material mapping SurveyedHarborStudy22g/Harbor_moored_fishing_boat_81/moored_fishing_boat_Harbor oak plank 0|surface_material_override/0
PASS Original binding source exists SurveyedHarborStudy22g/Harbor_moored_fishing_boat_81/moored_fishing_boat_Harbor oak plank 3|surface_material_override/0
PASS Exact old/new material mapping SurveyedHarborStudy22g/Harbor_moored_fishing_boat_81/moored_fishing_boat_Harbor oak plank 3|surface_material_override/0
PASS Original binding source exists MainlandVillage23g/mainland_headland_0/Mainland headland continuous bedrock and grass terraces|surface_material_override/0
PASS Exact old/new material mapping MainlandVillage23g/mainland_headland_0/Mainland headland continuous bedrock and grass terraces|surface_material_override/0
PASS Original binding source exists MainlandVillage23g/mainland_headland_0/Mainland headland continuous bedrock and grass terraces|surface_material_override/1
PASS Exact old/new material mapping MainlandVillage23g/mainland_headland_0/Mainland headland continuous bedrock and grass terraces|surface_material_override/1
PASS Original binding source exists MainlandVillage23g/mainland_headland_0/Mainland headland continuous bedrock and grass terraces|surface_material_override/2
PASS Exact old/new material mapping MainlandVillage23g/mainland_headland_0/Mainland headland continuous bedrock and grass terraces|surface_material_override/2
PASS Original binding source exists MainlandVillage23g/mainland_headland_0/Mainland headland continuous bedrock and grass terraces|surface_material_override/3
PASS Exact old/new material mapping MainlandVillage23g/mainland_headland_0/Mainland headland continuous bedrock and grass terraces|surface_material_override/3
PASS Original binding source exists MainlandVillage23g/mainland_headland_0/Mainland headland continuous bedrock and grass terraces|surface_material_override/4
PASS Exact old/new material mapping MainlandVillage23g/mainland_headland_0/Mainland headland continuous bedrock and grass terraces|surface_material_override/4
PASS Original binding source exists Weather42b/Rain|material_override
PASS Exact old/new material mapping Weather42b/Rain|material_override
PASS Original binding source exists Weather42b/Snow|material_override
PASS Exact old/new material mapping Weather42b/Snow|material_override
PASS Original binding source exists Weather42b/Rainbow/spectrum_band_0|material_override
PASS Exact old/new material mapping Weather42b/Rainbow/spectrum_band_0|material_override
PASS Original binding source exists Weather42b/Rainbow/spectrum_band_1|material_override
PASS Exact old/new material mapping Weather42b/Rainbow/spectrum_band_1|material_override
PASS Original binding source exists Weather42b/Rainbow/spectrum_band_2|material_override
PASS Exact old/new material mapping Weather42b/Rainbow/spectrum_band_2|material_override
PASS Original binding source exists Weather42b/Rainbow/spectrum_band_3|material_override
PASS Exact old/new material mapping Weather42b/Rainbow/spectrum_band_3|material_override
PASS Original binding source exists Weather42b/Rainbow/spectrum_band_4|material_override
PASS Exact old/new material mapping Weather42b/Rainbow/spectrum_band_4|material_override
PASS Original binding source exists Weather42b/Rainbow/spectrum_band_5|material_override
PASS Exact old/new material mapping Weather42b/Rainbow/spectrum_band_5|material_override
PASS Original binding source exists Weather42b/Rainbow/spectrum_band_6|material_override
PASS Exact old/new material mapping Weather42b/Rainbow/spectrum_band_6|material_override
PASS Original binding source exists World|stream_terrain_material
PASS Exact old/new material mapping World|stream_terrain_material
PASS Original binding source exists World|stream_world_material
PASS Exact old/new material mapping World|stream_world_material
PASS Original binding source exists World|stream_cloud_material
PASS Exact old/new material mapping World|stream_cloud_material
PASS Exact114 original/converted material pairs available for whole-world controls
PASS Motion reference evidence belongs to exact50
WORLD READY: 208 independent terrain scenes, 54797 saved scatter instances, 169 scene landmarks, 6 scene ports
PASS Saved51b defaults enable guarded reflection with optical overscan1.08
PASS Freeze retains active collision modes/layers/RIDs
PASS Retained50 water cache targets current Ocean and all five identical textures
PASS Every persisted scoped ready node uses expected converted material; invisible Rain/Snow included
PASS All original runtime shader uniforms and native albedos synchronized before full-binding A/B/A
PASS Exact50 motion result retained 1128/original-plus350m
PASS Exact50 motion result retained 1128/protected-plus150m
PASS Exact50 motion result retained 1128/protected-approach200m
PASS Retained50 water cache targets current Ocean and all five identical textures
PASS Every persisted scoped ready node uses expected converted material; invisible Rain/Snow included
PASS All original runtime shader uniforms and native albedos synchronized before full-binding A/B/A
PASS Exact50 motion result retained 1129/original-plus350m
PASS Exact50 motion result retained 1129/protected-plus150m
PASS Exact50 motion result retained 1129/protected-approach200m
PASS Retained50 water cache targets current Ocean and all five identical textures
PASS Every persisted scoped ready node uses expected converted material; invisible Rain/Snow included
PASS All original runtime shader uniforms and native albedos synchronized before full-binding A/B/A
PASS Exact same-value material copy baseline res://assets/reflection51b/clip_material_000.tres
PASS Exact same-value material copy baseline res://assets/reflection51b/clip_material_001.tres
PASS Exact same-value material copy baseline res://assets/reflection51b/clip_material_002.tres
PASS Exact same-value material copy baseline res://assets/reflection51b/clip_material_003.tres
PASS Exact same-value material copy baseline res://assets/reflection51b/clip_material_004.tres
PASS Exact same-value material copy baseline res://assets/reflection51b/clip_material_005.tres
PASS Exact same-value material copy baseline res://assets/reflection51b/clip_material_006.tres
PASS Exact same-value material copy baseline res://assets/reflection51b/clip_material_007.tres
PASS Exact same-value material copy baseline res://assets/reflection51b/clip_material_008.tres
PASS Exact same-value material copy baseline res://assets/reflection51b/clip_material_009.tres
PASS Exact same-value material copy baseline res://assets/reflection51b/clip_material_010.tres
PASS Exact same-value material copy baseline res://assets/reflection51b/clip_material_011.tres
PASS Exact same-value material copy baseline res://assets/reflection51b/clip_material_012.tres
PASS Exact same-value material copy baseline res://assets/reflection51b/clip_material_013.tres
PASS Exact same-value material copy baseline res://assets/reflection51b/clip_material_014.tres
PASS Exact same-value material copy baseline res://assets/reflection51b/clip_material_015.tres
PASS Exact same-value material copy baseline res://assets/reflection51b/clip_material_016.tres
PASS Exact same-value material copy baseline res://assets/reflection51b/clip_material_017.tres
PASS Exact same-value material copy baseline res://assets/reflection51b/clip_material_018.tres
PASS Exact same-value material copy baseline res://assets/reflection51b/clip_material_019.tres
PASS Exact same-value material copy baseline res://assets/reflection51b/clip_material_020.tres
PASS Exact same-value material copy baseline res://assets/reflection51b/clip_material_021.tres
PASS Exact same-value material copy baseline res://assets/reflection51b/clip_material_022.tres
PASS Exact same-value material copy baseline res://assets/reflection51b/clip_material_023.tres
PASS Exact same-value material copy baseline res://assets/reflection51b/clip_material_024.tres
PASS Exact same-value material copy baseline res://assets/reflection51b/clip_material_025.tres
PASS Exact same-value material copy baseline res://assets/reflection51b/clip_material_026.tres
PASS Exact same-value material copy baseline res://assets/reflection51b/clip_material_027.tres
PASS Exact same-value material copy baseline res://assets/reflection51b/clip_material_028.tres
PASS Exact same-value material copy baseline res://assets/reflection51b/clip_material_029.tres
PASS Exact same-value material copy baseline res://assets/reflection51b/clip_material_030.tres
PASS Exact same-value material copy baseline res://assets/reflection51b/clip_material_031.tres
PASS Exact same-value material copy baseline res://assets/reflection51b/clip_material_032.tres
PASS Exact same-value material copy baseline res://assets/reflection51b/clip_material_033.tres
PASS Exact same-value material copy baseline res://assets/reflection51b/clip_material_034.tres
PASS Exact same-value material copy baseline res://assets/reflection51b/clip_material_035.tres
PASS Exact same-value material copy baseline res://assets/reflection51b/clip_material_036.tres
PASS Exact same-value material copy baseline res://assets/reflection51b/clip_material_037.tres
PASS Exact same-value material copy baseline res://assets/reflection51b/clip_material_038.tres
PASS Exact same-value material copy baseline res://assets/reflection51b/clip_material_039.tres
PASS Exact same-value material copy baseline res://assets/reflection51b/clip_material_040.tres
PASS Exact same-value material copy baseline res://assets/reflection51b/clip_material_041.tres
PASS Exact same-value material copy baseline res://assets/reflection51b/clip_material_042.tres
PASS Exact same-value material copy baseline res://assets/reflection51b/clip_material_043.tres
PASS Exact same-value material copy baseline res://assets/reflection51b/clip_material_044.tres
PASS Exact same-value material copy baseline res://assets/reflection51b/clip_material_045.tres
PASS Exact same-value material copy baseline res://assets/reflection51b/clip_material_046.tres
PASS Exact same-value material copy baseline res://assets/reflection51b/clip_material_047.tres
PASS Exact same-value material copy baseline res://assets/reflection51b/clip_material_048.tres
PASS Exact same-value material copy baseline res://assets/reflection51b/clip_material_049.tres
PASS Exact same-value material copy baseline res://assets/reflection51b/clip_material_050.tres
PASS Exact same-value material copy baseline res://assets/reflection51b/clip_material_051.tres
PASS Exact same-value material copy baseline res://assets/reflection51b/clip_material_052.tres
PASS Exact same-value material copy baseline res://assets/reflection51b/clip_material_053.tres
PASS Exact same-value material copy baseline res://assets/reflection51b/clip_material_054.tres
PASS Exact same-value material copy baseline res://assets/reflection51b/clip_material_055.tres
PASS Exact same-value material copy baseline res://assets/reflection51b/clip_material_056.tres
PASS Exact same-value material copy baseline res://assets/reflection51b/clip_material_057.tres
PASS Exact same-value material copy baseline res://assets/reflection51b/clip_material_058.tres
PASS Exact same-value material copy baseline res://assets/reflection51b/clip_material_059.tres
PASS Exact same-value material copy baseline res://assets/reflection51b/clip_material_060.tres
PASS Exact same-value material copy baseline res://assets/reflection51b/clip_material_061.tres
PASS Exact same-value material copy baseline res://assets/reflection51b/clip_material_062.tres
PASS Exact same-value material copy baseline res://assets/reflection51b/clip_material_063.tres
PASS Exact same-value material copy baseline res://assets/reflection51b/clip_material_064.tres
PASS Exact same-value material copy baseline res://assets/reflection51b/clip_material_065.tres
PASS Exact same-value material copy baseline res://assets/reflection51b/clip_material_066.tres
PASS Exact same-value material copy baseline res://assets/reflection51b/clip_material_067.tres
PASS Exact same-value material copy baseline res://assets/reflection51b/clip_material_068.tres
PASS Exact same-value material copy baseline res://assets/reflection51b/clip_material_069.tres
PASS Exact same-value material copy baseline res://assets/reflection51b/clip_material_070.tres
PASS Exact same-value material copy baseline res://assets/reflection51b/clip_material_071.tres
PASS Exact same-value material copy baseline res://assets/reflection51b/clip_material_072.tres
PASS Exact same-value material copy baseline res://assets/reflection51b/clip_material_073.tres
PASS Exact same-value material copy baseline res://assets/reflection51b/clip_material_074.tres
PASS Exact same-value material copy baseline res://assets/reflection51b/clip_material_075.tres
PASS Exact same-value material copy baseline res://assets/reflection51b/clip_material_076.tres
PASS Exact same-value material copy baseline res://assets/reflection51b/clip_material_077.tres
PASS Exact same-value material copy baseline res://assets/reflection51b/clip_material_078.tres
PASS Exact same-value material copy baseline res://assets/reflection51b/clip_material_079.tres
PASS Exact same-value material copy baseline res://assets/reflection51b/clip_material_080.tres
PASS Exact same-value material copy baseline res://assets/reflection51b/clip_material_081.tres
PASS Exact same-value material copy baseline res://assets/reflection51b/clip_material_082.tres
PASS Exact same-value material copy baseline res://assets/reflection51b/clip_material_083.tres
PASS Exact same-value material copy baseline res://assets/reflection51b/clip_material_084.tres
PASS Exact same-value material copy baseline res://assets/reflection51b/clip_material_085.tres
PASS Exact same-value material copy baseline res://assets/reflection51b/clip_material_086.tres
PASS Exact same-value material copy baseline res://assets/reflection51b/clip_material_087.tres
PASS Exact same-value material copy baseline res://assets/reflection51b/clip_material_088.tres
PASS Exact same-value material copy baseline res://assets/reflection51b/clip_material_089.tres
PASS Exact same-value material copy baseline res://assets/reflection51b/clip_material_090.tres
PASS Exact same-value material copy baseline res://assets/reflection51b/clip_material_091.tres
PASS Exact same-value material copy baseline res://assets/reflection51b/clip_material_092.tres
PASS Exact same-value material copy baseline res://assets/reflection51b/clip_material_093.tres
PASS Exact same-value material copy baseline res://assets/reflection51b/clip_material_094.tres
PASS Exact same-value material copy baseline res://assets/reflection51b/clip_material_095.tres
PASS Exact same-value material copy baseline res://assets/reflection51b/clip_material_096.tres
PASS Exact same-value material copy baseline res://assets/reflection51b/clip_material_097.tres
PASS Exact same-value material copy baseline res://assets/reflection51b/clip_material_098.tres
PASS Exact same-value material copy baseline res://assets/reflection51b/clip_material_099.tres
PASS Exact same-value material copy baseline res://assets/reflection51b/clip_material_100.tres
PASS Exact same-value material copy baseline res://assets/reflection51b/clip_material_101.tres
PASS Exact same-value material copy baseline res://assets/reflection51b/clip_material_102.tres
PASS Exact same-value material copy baseline res://assets/reflection51b/clip_material_103.tres
PASS Exact same-value material copy baseline res://assets/reflection51b/clip_material_104.tres
PASS Exact same-value material copy baseline res://assets/reflection51b/clip_material_105.tres
PASS Exact same-value material copy baseline res://assets/reflection51b/clip_material_106.tres
PASS Exact same-value material copy baseline res://assets/reflection51b/clip_material_107.tres
PASS Exact same-value material copy baseline res://assets/reflection51b/clip_material_108.tres
PASS Exact same-value material copy baseline res://assets/reflection51b/clip_material_109.tres
PASS Exact same-value material copy baseline res://assets/reflection51b/clip_material_110.tres
PASS Exact same-value material copy baseline res://assets/reflection51b/clip_material_111.tres
PASS Exact same-value material copy baseline res://assets/reflection51b/clip_material_112.tres
PASS Exact same-value material copy baseline res://assets/reflection51b/clip_material_113.tres
PASS Exact same-value material copy baseline Ocean
PASS All114 original materials plus Ocean have exact copy baselines
PASS Retained50 water cache targets current Ocean and all five identical textures
PASS Actual rendered main 1128--A50-original-bindings
PASS Live physics camera-clear 1128--A50-original-bindings
PASS Retained50 water cache targets current Ocean and all five identical textures
PASS Copy baseline preserves original camera/layers and current depth-controller five-texture cache
PASS Actual rendered main 1128--C50-identical-material-copies
PASS Live physics camera-clear 1128--C50-identical-material-copies
PASS Retained50 water cache targets current Ocean and all five identical textures
PASS Actual rendered main 1128--B51-converted-off
PASS Live physics camera-clear 1128--B51-converted-off
PASS Retained50 water cache targets current Ocean and all five identical textures
PASS Actual rendered main 1128--A50-original-restored
PASS Live physics camera-clear 1128--A50-original-restored
ORIGINAL_RESOURCE_DELTA 1128 original-vs-converted=5 original-vs-copies=5 copied-baseline-vs-converted=0
PASS Required whole-image zero-difference 1128/identical-original-copies-vs-converted-off
PASS Required whole-image zero-difference 1128/original-A-vs-A2
PASS Retained50 water cache targets current Ocean and all five identical textures
PASS Actual rendered main 1128--D51-clip-only
PASS Live physics camera-clear 1128--D51-clip-only
PASS Required whole-image zero-difference 1128/clip-only-main-and-shadow-no-change
PASS Actual rendered main 1128--B51-converted-off-restored
PASS Live physics camera-clear 1128--B51-converted-off-restored
PASS Required whole-image zero-difference 1128/converted-off-restored
PASS All original material properties and uniforms unchanged through controls 1128
PASS Primary camera optical pose unchanged across v2 controls 1128
PASS Retained50 water cache targets current Ocean and all five identical textures
PASS Every persisted scoped ready node uses expected converted material; invisible Rain/Snow included
PASS All original runtime shader uniforms and native albedos synchronized before full-binding A/B/A
PASS Exact same-value material copy baseline res://assets/reflection51b/clip_material_000.tres
PASS Exact same-value material copy baseline res://assets/reflection51b/clip_material_001.tres
PASS Exact same-value material copy baseline res://assets/reflection51b/clip_material_002.tres
PASS Exact same-value material copy baseline res://assets/reflection51b/clip_material_003.tres
PASS Exact same-value material copy baseline res://assets/reflection51b/clip_material_004.tres
PASS Exact same-value material copy baseline res://assets/reflection51b/clip_material_005.tres
PASS Exact same-value material copy baseline res://assets/reflection51b/clip_material_006.tres
PASS Exact same-value material copy baseline res://assets/reflection51b/clip_material_007.tres
PASS Exact same-value material copy baseline res://assets/reflection51b/clip_material_008.tres
PASS Exact same-value material copy baseline res://assets/reflection51b/clip_material_009.tres
PASS Exact same-value material copy baseline res://assets/reflection51b/clip_material_010.tres
PASS Exact same-value material copy baseline res://assets/reflection51b/clip_material_011.tres
PASS Exact same-value material copy baseline res://assets/reflection51b/clip_material_012.tres
PASS Exact same-value material copy baseline res://assets/reflection51b/clip_material_013.tres
PASS Exact same-value material copy baseline res://assets/reflection51b/clip_material_014.tres
PASS Exact same-value material copy baseline res://assets/reflection51b/clip_material_015.tres
PASS Exact same-value material copy baseline res://assets/reflection51b/clip_material_016.tres
PASS Exact same-value material copy baseline res://assets/reflection51b/clip_material_017.tres
PASS Exact same-value material copy baseline res://assets/reflection51b/clip_material_018.tres
PASS Exact same-value material copy baseline res://assets/reflection51b/clip_material_019.tres
PASS Exact same-value material copy baseline res://assets/reflection51b/clip_material_020.tres
PASS Exact same-value material copy baseline res://assets/reflection51b/clip_material_021.tres
PASS Exact same-value material copy baseline res://assets/reflection51b/clip_material_022.tres
PASS Exact same-value material copy baseline res://assets/reflection51b/clip_material_023.tres
PASS Exact same-value material copy baseline res://assets/reflection51b/clip_material_024.tres
PASS Exact same-value material copy baseline res://assets/reflection51b/clip_material_025.tres
PASS Exact same-value material copy baseline res://assets/reflection51b/clip_material_026.tres
PASS Exact same-value material copy baseline res://assets/reflection51b/clip_material_027.tres
PASS Exact same-value material copy baseline res://assets/reflection51b/clip_material_028.tres
PASS Exact same-value material copy baseline res://assets/reflection51b/clip_material_029.tres
PASS Exact same-value material copy baseline res://assets/reflection51b/clip_material_030.tres
PASS Exact same-value material copy baseline res://assets/reflection51b/clip_material_031.tres
PASS Exact same-value material copy baseline res://assets/reflection51b/clip_material_032.tres
PASS Exact same-value material copy baseline res://assets/reflection51b/clip_material_033.tres
PASS Exact same-value material copy baseline res://assets/reflection51b/clip_material_034.tres
PASS Exact same-value material copy baseline res://assets/reflection51b/clip_material_035.tres
PASS Exact same-value material copy baseline res://assets/reflection51b/clip_material_036.tres
PASS Exact same-value material copy baseline res://assets/reflection51b/clip_material_037.tres
PASS Exact same-value material copy baseline res://assets/reflection51b/clip_material_038.tres
PASS Exact same-value material copy baseline res://assets/reflection51b/clip_material_039.tres
PASS Exact same-value material copy baseline res://assets/reflection51b/clip_material_040.tres
PASS Exact same-value material copy baseline res://assets/reflection51b/clip_material_041.tres
PASS Exact same-value material copy baseline res://assets/reflection51b/clip_material_042.tres
PASS Exact same-value material copy baseline res://assets/reflection51b/clip_material_043.tres
PASS Exact same-value material copy baseline res://assets/reflection51b/clip_material_044.tres
PASS Exact same-value material copy baseline res://assets/reflection51b/clip_material_045.tres
PASS Exact same-value material copy baseline res://assets/reflection51b/clip_material_046.tres
PASS Exact same-value material copy baseline res://assets/reflection51b/clip_material_047.tres
PASS Exact same-value material copy baseline res://assets/reflection51b/clip_material_048.tres
PASS Exact same-value material copy baseline res://assets/reflection51b/clip_material_049.tres
PASS Exact same-value material copy baseline res://assets/reflection51b/clip_material_050.tres
PASS Exact same-value material copy baseline res://assets/reflection51b/clip_material_051.tres
PASS Exact same-value material copy baseline res://assets/reflection51b/clip_material_052.tres
PASS Exact same-value material copy baseline res://assets/reflection51b/clip_material_053.tres
PASS Exact same-value material copy baseline res://assets/reflection51b/clip_material_054.tres
PASS Exact same-value material copy baseline res://assets/reflection51b/clip_material_055.tres
PASS Exact same-value material copy baseline res://assets/reflection51b/clip_material_056.tres
PASS Exact same-value material copy baseline res://assets/reflection51b/clip_material_057.tres
PASS Exact same-value material copy baseline res://assets/reflection51b/clip_material_058.tres
PASS Exact same-value material copy baseline res://assets/reflection51b/clip_material_059.tres
PASS Exact same-value material copy baseline res://assets/reflection51b/clip_material_060.tres
PASS Exact same-value material copy baseline res://assets/reflection51b/clip_material_061.tres
PASS Exact same-value material copy baseline res://assets/reflection51b/clip_material_062.tres
PASS Exact same-value material copy baseline res://assets/reflection51b/clip_material_063.tres
PASS Exact same-value material copy baseline res://assets/reflection51b/clip_material_064.tres
PASS Exact same-value material copy baseline res://assets/reflection51b/clip_material_065.tres
PASS Exact same-value material copy baseline res://assets/reflection51b/clip_material_066.tres
PASS Exact same-value material copy baseline res://assets/reflection51b/clip_material_067.tres
PASS Exact same-value material copy baseline res://assets/reflection51b/clip_material_068.tres
PASS Exact same-value material copy baseline res://assets/reflection51b/clip_material_069.tres
PASS Exact same-value material copy baseline res://assets/reflection51b/clip_material_070.tres
PASS Exact same-value material copy baseline res://assets/reflection51b/clip_material_071.tres
PASS Exact same-value material copy baseline res://assets/reflection51b/clip_material_072.tres
PASS Exact same-value material copy baseline res://assets/reflection51b/clip_material_073.tres
PASS Exact same-value material copy baseline res://assets/reflection51b/clip_material_074.tres
PASS Exact same-value material copy baseline res://assets/reflection51b/clip_material_075.tres
PASS Exact same-value material copy baseline res://assets/reflection51b/clip_material_076.tres
PASS Exact same-value material copy baseline res://assets/reflection51b/clip_material_077.tres
PASS Exact same-value material copy baseline res://assets/reflection51b/clip_material_078.tres
PASS Exact same-value material copy baseline res://assets/reflection51b/clip_material_079.tres
PASS Exact same-value material copy baseline res://assets/reflection51b/clip_material_080.tres
PASS Exact same-value material copy baseline res://assets/reflection51b/clip_material_081.tres
PASS Exact same-value material copy baseline res://assets/reflection51b/clip_material_082.tres
PASS Exact same-value material copy baseline res://assets/reflection51b/clip_material_083.tres
PASS Exact same-value material copy baseline res://assets/reflection51b/clip_material_084.tres
PASS Exact same-value material copy baseline res://assets/reflection51b/clip_material_085.tres
PASS Exact same-value material copy baseline res://assets/reflection51b/clip_material_086.tres
PASS Exact same-value material copy baseline res://assets/reflection51b/clip_material_087.tres
PASS Exact same-value material copy baseline res://assets/reflection51b/clip_material_088.tres
PASS Exact same-value material copy baseline res://assets/reflection51b/clip_material_089.tres
PASS Exact same-value material copy baseline res://assets/reflection51b/clip_material_090.tres
PASS Exact same-value material copy baseline res://assets/reflection51b/clip_material_091.tres
PASS Exact same-value material copy baseline res://assets/reflection51b/clip_material_092.tres
PASS Exact same-value material copy baseline res://assets/reflection51b/clip_material_093.tres
PASS Exact same-value material copy baseline res://assets/reflection51b/clip_material_094.tres
PASS Exact same-value material copy baseline res://assets/reflection51b/clip_material_095.tres
PASS Exact same-value material copy baseline res://assets/reflection51b/clip_material_096.tres
PASS Exact same-value material copy baseline res://assets/reflection51b/clip_material_097.tres
PASS Exact same-value material copy baseline res://assets/reflection51b/clip_material_098.tres
PASS Exact same-value material copy baseline res://assets/reflection51b/clip_material_099.tres
PASS Exact same-value material copy baseline res://assets/reflection51b/clip_material_100.tres
PASS Exact same-value material copy baseline res://assets/reflection51b/clip_material_101.tres
PASS Exact same-value material copy baseline res://assets/reflection51b/clip_material_102.tres
PASS Exact same-value material copy baseline res://assets/reflection51b/clip_material_103.tres
PASS Exact same-value material copy baseline res://assets/reflection51b/clip_material_104.tres
PASS Exact same-value material copy baseline res://assets/reflection51b/clip_material_105.tres
PASS Exact same-value material copy baseline res://assets/reflection51b/clip_material_106.tres
PASS Exact same-value material copy baseline res://assets/reflection51b/clip_material_107.tres
PASS Exact same-value material copy baseline res://assets/reflection51b/clip_material_108.tres
PASS Exact same-value material copy baseline res://assets/reflection51b/clip_material_109.tres
PASS Exact same-value material copy baseline res://assets/reflection51b/clip_material_110.tres
PASS Exact same-value material copy baseline res://assets/reflection51b/clip_material_111.tres
PASS Exact same-value material copy baseline res://assets/reflection51b/clip_material_112.tres
PASS Exact same-value material copy baseline res://assets/reflection51b/clip_material_113.tres
PASS Exact same-value material copy baseline Ocean
PASS All114 original materials plus Ocean have exact copy baselines
PASS Retained50 water cache targets current Ocean and all five identical textures
PASS Actual rendered main 1129--A50-original-bindings
PASS Live physics camera-clear 1129--A50-original-bindings
PASS Retained50 water cache targets current Ocean and all five identical textures
PASS Copy baseline preserves original camera/layers and current depth-controller five-texture cache
PASS Actual rendered main 1129--C50-identical-material-copies
PASS Live physics camera-clear 1129--C50-identical-material-copies
PASS Retained50 water cache targets current Ocean and all five identical textures
PASS Actual rendered main 1129--B51-converted-off
PASS Live physics camera-clear 1129--B51-converted-off
PASS Retained50 water cache targets current Ocean and all five identical textures
PASS Actual rendered main 1129--A50-original-restored
PASS Live physics camera-clear 1129--A50-original-restored
ORIGINAL_RESOURCE_DELTA 1129 original-vs-converted=7 original-vs-copies=7 copied-baseline-vs-converted=0
PASS Required whole-image zero-difference 1129/identical-original-copies-vs-converted-off
PASS Required whole-image zero-difference 1129/original-A-vs-A2
PASS Retained50 water cache targets current Ocean and all five identical textures
PASS Actual rendered main 1129--D51-clip-only
PASS Live physics camera-clear 1129--D51-clip-only
PASS Required whole-image zero-difference 1129/clip-only-main-and-shadow-no-change
PASS Actual rendered main 1129--B51-converted-off-restored
PASS Live physics camera-clear 1129--B51-converted-off-restored
PASS Required whole-image zero-difference 1129/converted-off-restored
PASS All original material properties and uniforms unchanged through controls 1129
PASS Primary camera optical pose unchanged across v2 controls 1129
PASS Retained50 water cache targets current Ocean and all five identical textures
PASS Every persisted scoped ready node uses expected converted material; invisible Rain/Snow included
PASS All original runtime shader uniforms and native albedos synchronized before full-binding A/B/A
PASS Exact same-value material copy baseline res://assets/reflection51b/clip_material_000.tres
PASS Exact same-value material copy baseline res://assets/reflection51b/clip_material_001.tres
PASS Exact same-value material copy baseline res://assets/reflection51b/clip_material_002.tres
PASS Exact same-value material copy baseline res://assets/reflection51b/clip_material_003.tres
PASS Exact same-value material copy baseline res://assets/reflection51b/clip_material_004.tres
PASS Exact same-value material copy baseline res://assets/reflection51b/clip_material_005.tres
PASS Exact same-value material copy baseline res://assets/reflection51b/clip_material_006.tres
PASS Exact same-value material copy baseline res://assets/reflection51b/clip_material_007.tres
PASS Exact same-value material copy baseline res://assets/reflection51b/clip_material_008.tres
PASS Exact same-value material copy baseline res://assets/reflection51b/clip_material_009.tres
PASS Exact same-value material copy baseline res://assets/reflection51b/clip_material_010.tres
PASS Exact same-value material copy baseline res://assets/reflection51b/clip_material_011.tres
PASS Exact same-value material copy baseline res://assets/reflection51b/clip_material_012.tres
PASS Exact same-value material copy baseline res://assets/reflection51b/clip_material_013.tres
PASS Exact same-value material copy baseline res://assets/reflection51b/clip_material_014.tres
PASS Exact same-value material copy baseline res://assets/reflection51b/clip_material_015.tres
PASS Exact same-value material copy baseline res://assets/reflection51b/clip_material_016.tres
PASS Exact same-value material copy baseline res://assets/reflection51b/clip_material_017.tres
PASS Exact same-value material copy baseline res://assets/reflection51b/clip_material_018.tres
PASS Exact same-value material copy baseline res://assets/reflection51b/clip_material_019.tres
PASS Exact same-value material copy baseline res://assets/reflection51b/clip_material_020.tres
PASS Exact same-value material copy baseline res://assets/reflection51b/clip_material_021.tres
PASS Exact same-value material copy baseline res://assets/reflection51b/clip_material_022.tres
PASS Exact same-value material copy baseline res://assets/reflection51b/clip_material_023.tres
PASS Exact same-value material copy baseline res://assets/reflection51b/clip_material_024.tres
PASS Exact same-value material copy baseline res://assets/reflection51b/clip_material_025.tres
PASS Exact same-value material copy baseline res://assets/reflection51b/clip_material_026.tres
PASS Exact same-value material copy baseline res://assets/reflection51b/clip_material_027.tres
PASS Exact same-value material copy baseline res://assets/reflection51b/clip_material_028.tres
PASS Exact same-value material copy baseline res://assets/reflection51b/clip_material_029.tres
PASS Exact same-value material copy baseline res://assets/reflection51b/clip_material_030.tres
PASS Exact same-value material copy baseline res://assets/reflection51b/clip_material_031.tres
PASS Exact same-value material copy baseline res://assets/reflection51b/clip_material_032.tres
PASS Exact same-value material copy baseline res://assets/reflection51b/clip_material_033.tres
PASS Exact same-value material copy baseline res://assets/reflection51b/clip_material_034.tres
PASS Exact same-value material copy baseline res://assets/reflection51b/clip_material_035.tres
PASS Exact same-value material copy baseline res://assets/reflection51b/clip_material_036.tres
PASS Exact same-value material copy baseline res://assets/reflection51b/clip_material_037.tres
PASS Exact same-value material copy baseline res://assets/reflection51b/clip_material_038.tres
PASS Exact same-value material copy baseline res://assets/reflection51b/clip_material_039.tres
PASS Exact same-value material copy baseline res://assets/reflection51b/clip_material_040.tres
PASS Exact same-value material copy baseline res://assets/reflection51b/clip_material_041.tres
PASS Exact same-value material copy baseline res://assets/reflection51b/clip_material_042.tres
PASS Exact same-value material copy baseline res://assets/reflection51b/clip_material_043.tres
PASS Exact same-value material copy baseline res://assets/reflection51b/clip_material_044.tres
PASS Exact same-value material copy baseline res://assets/reflection51b/clip_material_045.tres
PASS Exact same-value material copy baseline res://assets/reflection51b/clip_material_046.tres
PASS Exact same-value material copy baseline res://assets/reflection51b/clip_material_047.tres
PASS Exact same-value material copy baseline res://assets/reflection51b/clip_material_048.tres
PASS Exact same-value material copy baseline res://assets/reflection51b/clip_material_049.tres
PASS Exact same-value material copy baseline res://assets/reflection51b/clip_material_050.tres
PASS Exact same-value material copy baseline res://assets/reflection51b/clip_material_051.tres
PASS Exact same-value material copy baseline res://assets/reflection51b/clip_material_052.tres
PASS Exact same-value material copy baseline res://assets/reflection51b/clip_material_053.tres
PASS Exact same-value material copy baseline res://assets/reflection51b/clip_material_054.tres
PASS Exact same-value material copy baseline res://assets/reflection51b/clip_material_055.tres
PASS Exact same-value material copy baseline res://assets/reflection51b/clip_material_056.tres
PASS Exact same-value material copy baseline res://assets/reflection51b/clip_material_057.tres
PASS Exact same-value material copy baseline res://assets/reflection51b/clip_material_058.tres
PASS Exact same-value material copy baseline res://assets/reflection51b/clip_material_059.tres
PASS Exact same-value material copy baseline res://assets/reflection51b/clip_material_060.tres
PASS Exact same-value material copy baseline res://assets/reflection51b/clip_material_061.tres
PASS Exact same-value material copy baseline res://assets/reflection51b/clip_material_062.tres
PASS Exact same-value material copy baseline res://assets/reflection51b/clip_material_063.tres
PASS Exact same-value material copy baseline res://assets/reflection51b/clip_material_064.tres
PASS Exact same-value material copy baseline res://assets/reflection51b/clip_material_065.tres
PASS Exact same-value material copy baseline res://assets/reflection51b/clip_material_066.tres
PASS Exact same-value material copy baseline res://assets/reflection51b/clip_material_067.tres
PASS Exact same-value material copy baseline res://assets/reflection51b/clip_material_068.tres
PASS Exact same-value material copy baseline res://assets/reflection51b/clip_material_069.tres
PASS Exact same-value material copy baseline res://assets/reflection51b/clip_material_070.tres
PASS Exact same-value material copy baseline res://assets/reflection51b/clip_material_071.tres
PASS Exact same-value material copy baseline res://assets/reflection51b/clip_material_072.tres
PASS Exact same-value material copy baseline res://assets/reflection51b/clip_material_073.tres
PASS Exact same-value material copy baseline res://assets/reflection51b/clip_material_074.tres
PASS Exact same-value material copy baseline res://assets/reflection51b/clip_material_075.tres
PASS Exact same-value material copy baseline res://assets/reflection51b/clip_material_076.tres
PASS Exact same-value material copy baseline res://assets/reflection51b/clip_material_077.tres
PASS Exact same-value material copy baseline res://assets/reflection51b/clip_material_078.tres
PASS Exact same-value material copy baseline res://assets/reflection51b/clip_material_079.tres
PASS Exact same-value material copy baseline res://assets/reflection51b/clip_material_080.tres
PASS Exact same-value material copy baseline res://assets/reflection51b/clip_material_081.tres
PASS Exact same-value material copy baseline res://assets/reflection51b/clip_material_082.tres
PASS Exact same-value material copy baseline res://assets/reflection51b/clip_material_083.tres
PASS Exact same-value material copy baseline res://assets/reflection51b/clip_material_084.tres
PASS Exact same-value material copy baseline res://assets/reflection51b/clip_material_085.tres
PASS Exact same-value material copy baseline res://assets/reflection51b/clip_material_086.tres
PASS Exact same-value material copy baseline res://assets/reflection51b/clip_material_087.tres
PASS Exact same-value material copy baseline res://assets/reflection51b/clip_material_088.tres
PASS Exact same-value material copy baseline res://assets/reflection51b/clip_material_089.tres
PASS Exact same-value material copy baseline res://assets/reflection51b/clip_material_090.tres
PASS Exact same-value material copy baseline res://assets/reflection51b/clip_material_091.tres
PASS Exact same-value material copy baseline res://assets/reflection51b/clip_material_092.tres
PASS Exact same-value material copy baseline res://assets/reflection51b/clip_material_093.tres
PASS Exact same-value material copy baseline res://assets/reflection51b/clip_material_094.tres
PASS Exact same-value material copy baseline res://assets/reflection51b/clip_material_095.tres
PASS Exact same-value material copy baseline res://assets/reflection51b/clip_material_096.tres
PASS Exact same-value material copy baseline res://assets/reflection51b/clip_material_097.tres
PASS Exact same-value material copy baseline res://assets/reflection51b/clip_material_098.tres
PASS Exact same-value material copy baseline res://assets/reflection51b/clip_material_099.tres
PASS Exact same-value material copy baseline res://assets/reflection51b/clip_material_100.tres
PASS Exact same-value material copy baseline res://assets/reflection51b/clip_material_101.tres
PASS Exact same-value material copy baseline res://assets/reflection51b/clip_material_102.tres
PASS Exact same-value material copy baseline res://assets/reflection51b/clip_material_103.tres
PASS Exact same-value material copy baseline res://assets/reflection51b/clip_material_104.tres
PASS Exact same-value material copy baseline res://assets/reflection51b/clip_material_105.tres
PASS Exact same-value material copy baseline res://assets/reflection51b/clip_material_106.tres
PASS Exact same-value material copy baseline res://assets/reflection51b/clip_material_107.tres
PASS Exact same-value material copy baseline res://assets/reflection51b/clip_material_108.tres
PASS Exact same-value material copy baseline res://assets/reflection51b/clip_material_109.tres
PASS Exact same-value material copy baseline res://assets/reflection51b/clip_material_110.tres
PASS Exact same-value material copy baseline res://assets/reflection51b/clip_material_111.tres
PASS Exact same-value material copy baseline res://assets/reflection51b/clip_material_112.tres
PASS Exact same-value material copy baseline res://assets/reflection51b/clip_material_113.tres
PASS Exact same-value material copy baseline Ocean
PASS All114 original materials plus Ocean have exact copy baselines
PASS Retained50 water cache targets current Ocean and all five identical textures
PASS Actual rendered main 1343--A50-original-bindings
PASS Live physics camera-clear 1343--A50-original-bindings
PASS Retained50 water cache targets current Ocean and all five identical textures
PASS Copy baseline preserves original camera/layers and current depth-controller five-texture cache
PASS Actual rendered main 1343--C50-identical-material-copies
PASS Live physics camera-clear 1343--C50-identical-material-copies
PASS Retained50 water cache targets current Ocean and all five identical textures
PASS Actual rendered main 1343--B51-converted-off
PASS Live physics camera-clear 1343--B51-converted-off
PASS Retained50 water cache targets current Ocean and all five identical textures
PASS Actual rendered main 1343--A50-original-restored
PASS Live physics camera-clear 1343--A50-original-restored
ORIGINAL_RESOURCE_DELTA 1343 original-vs-converted=19 original-vs-copies=19 copied-baseline-vs-converted=0
PASS Required whole-image zero-difference 1343/identical-original-copies-vs-converted-off
PASS Required whole-image zero-difference 1343/original-A-vs-A2
PASS Retained50 water cache targets current Ocean and all five identical textures
PASS Actual rendered main 1343--D51-clip-only
PASS Live physics camera-clear 1343--D51-clip-only
PASS Required whole-image zero-difference 1343/clip-only-main-and-shadow-no-change
PASS Actual rendered main 1343--B51-converted-off-restored
PASS Live physics camera-clear 1343--B51-converted-off-restored
PASS Required whole-image zero-difference 1343/converted-off-restored
PASS All original material properties and uniforms unchanged through controls 1343
PASS Primary camera optical pose unchanged across v2 controls 1343
PASS Retained50 water cache targets current Ocean and all five identical textures
PASS Every persisted scoped ready node uses expected converted material; invisible Rain/Snow included
PASS All original runtime shader uniforms and native albedos synchronized before full-binding A/B/A
PASS Exact same-value material copy baseline res://assets/reflection51b/clip_material_000.tres
PASS Exact same-value material copy baseline res://assets/reflection51b/clip_material_001.tres
PASS Exact same-value material copy baseline res://assets/reflection51b/clip_material_002.tres
PASS Exact same-value material copy baseline res://assets/reflection51b/clip_material_003.tres
PASS Exact same-value material copy baseline res://assets/reflection51b/clip_material_004.tres
PASS Exact same-value material copy baseline res://assets/reflection51b/clip_material_005.tres
PASS Exact same-value material copy baseline res://assets/reflection51b/clip_material_006.tres
PASS Exact same-value material copy baseline res://assets/reflection51b/clip_material_007.tres
PASS Exact same-value material copy baseline res://assets/reflection51b/clip_material_008.tres
PASS Exact same-value material copy baseline res://assets/reflection51b/clip_material_009.tres
PASS Exact same-value material copy baseline res://assets/reflection51b/clip_material_010.tres
PASS Exact same-value material copy baseline res://assets/reflection51b/clip_material_011.tres
PASS Exact same-value material copy baseline res://assets/reflection51b/clip_material_012.tres
PASS Exact same-value material copy baseline res://assets/reflection51b/clip_material_013.tres
PASS Exact same-value material copy baseline res://assets/reflection51b/clip_material_014.tres
PASS Exact same-value material copy baseline res://assets/reflection51b/clip_material_015.tres
PASS Exact same-value material copy baseline res://assets/reflection51b/clip_material_016.tres
PASS Exact same-value material copy baseline res://assets/reflection51b/clip_material_017.tres
PASS Exact same-value material copy baseline res://assets/reflection51b/clip_material_018.tres
PASS Exact same-value material copy baseline res://assets/reflection51b/clip_material_019.tres
PASS Exact same-value material copy baseline res://assets/reflection51b/clip_material_020.tres
PASS Exact same-value material copy baseline res://assets/reflection51b/clip_material_021.tres
PASS Exact same-value material copy baseline res://assets/reflection51b/clip_material_022.tres
PASS Exact same-value material copy baseline res://assets/reflection51b/clip_material_023.tres
PASS Exact same-value material copy baseline res://assets/reflection51b/clip_material_024.tres
PASS Exact same-value material copy baseline res://assets/reflection51b/clip_material_025.tres
PASS Exact same-value material copy baseline res://assets/reflection51b/clip_material_026.tres
PASS Exact same-value material copy baseline res://assets/reflection51b/clip_material_027.tres
PASS Exact same-value material copy baseline res://assets/reflection51b/clip_material_028.tres
PASS Exact same-value material copy baseline res://assets/reflection51b/clip_material_029.tres
PASS Exact same-value material copy baseline res://assets/reflection51b/clip_material_030.tres
PASS Exact same-value material copy baseline res://assets/reflection51b/clip_material_031.tres
PASS Exact same-value material copy baseline res://assets/reflection51b/clip_material_032.tres
PASS Exact same-value material copy baseline res://assets/reflection51b/clip_material_033.tres
PASS Exact same-value material copy baseline res://assets/reflection51b/clip_material_034.tres
PASS Exact same-value material copy baseline res://assets/reflection51b/clip_material_035.tres
PASS Exact same-value material copy baseline res://assets/reflection51b/clip_material_036.tres
PASS Exact same-value material copy baseline res://assets/reflection51b/clip_material_037.tres
PASS Exact same-value material copy baseline res://assets/reflection51b/clip_material_038.tres
PASS Exact same-value material copy baseline res://assets/reflection51b/clip_material_039.tres
PASS Exact same-value material copy baseline res://assets/reflection51b/clip_material_040.tres
PASS Exact same-value material copy baseline res://assets/reflection51b/clip_material_041.tres
PASS Exact same-value material copy baseline res://assets/reflection51b/clip_material_042.tres
PASS Exact same-value material copy baseline res://assets/reflection51b/clip_material_043.tres
PASS Exact same-value material copy baseline res://assets/reflection51b/clip_material_044.tres
PASS Exact same-value material copy baseline res://assets/reflection51b/clip_material_045.tres
PASS Exact same-value material copy baseline res://assets/reflection51b/clip_material_046.tres
PASS Exact same-value material copy baseline res://assets/reflection51b/clip_material_047.tres
PASS Exact same-value material copy baseline res://assets/reflection51b/clip_material_048.tres
PASS Exact same-value material copy baseline res://assets/reflection51b/clip_material_049.tres
PASS Exact same-value material copy baseline res://assets/reflection51b/clip_material_050.tres
PASS Exact same-value material copy baseline res://assets/reflection51b/clip_material_051.tres
PASS Exact same-value material copy baseline res://assets/reflection51b/clip_material_052.tres
PASS Exact same-value material copy baseline res://assets/reflection51b/clip_material_053.tres
PASS Exact same-value material copy baseline res://assets/reflection51b/clip_material_054.tres
PASS Exact same-value material copy baseline res://assets/reflection51b/clip_material_055.tres
PASS Exact same-value material copy baseline res://assets/reflection51b/clip_material_056.tres
PASS Exact same-value material copy baseline res://assets/reflection51b/clip_material_057.tres
PASS Exact same-value material copy baseline res://assets/reflection51b/clip_material_058.tres
PASS Exact same-value material copy baseline res://assets/reflection51b/clip_material_059.tres
PASS Exact same-value material copy baseline res://assets/reflection51b/clip_material_060.tres
PASS Exact same-value material copy baseline res://assets/reflection51b/clip_material_061.tres
PASS Exact same-value material copy baseline res://assets/reflection51b/clip_material_062.tres
PASS Exact same-value material copy baseline res://assets/reflection51b/clip_material_063.tres
PASS Exact same-value material copy baseline res://assets/reflection51b/clip_material_064.tres
PASS Exact same-value material copy baseline res://assets/reflection51b/clip_material_065.tres
PASS Exact same-value material copy baseline res://assets/reflection51b/clip_material_066.tres
PASS Exact same-value material copy baseline res://assets/reflection51b/clip_material_067.tres
PASS Exact same-value material copy baseline res://assets/reflection51b/clip_material_068.tres
PASS Exact same-value material copy baseline res://assets/reflection51b/clip_material_069.tres
PASS Exact same-value material copy baseline res://assets/reflection51b/clip_material_070.tres
PASS Exact same-value material copy baseline res://assets/reflection51b/clip_material_071.tres
PASS Exact same-value material copy baseline res://assets/reflection51b/clip_material_072.tres
PASS Exact same-value material copy baseline res://assets/reflection51b/clip_material_073.tres
PASS Exact same-value material copy baseline res://assets/reflection51b/clip_material_074.tres
PASS Exact same-value material copy baseline res://assets/reflection51b/clip_material_075.tres
PASS Exact same-value material copy baseline res://assets/reflection51b/clip_material_076.tres
PASS Exact same-value material copy baseline res://assets/reflection51b/clip_material_077.tres
PASS Exact same-value material copy baseline res://assets/reflection51b/clip_material_078.tres
PASS Exact same-value material copy baseline res://assets/reflection51b/clip_material_079.tres
PASS Exact same-value material copy baseline res://assets/reflection51b/clip_material_080.tres
PASS Exact same-value material copy baseline res://assets/reflection51b/clip_material_081.tres
PASS Exact same-value material copy baseline res://assets/reflection51b/clip_material_082.tres
PASS Exact same-value material copy baseline res://assets/reflection51b/clip_material_083.tres
PASS Exact same-value material copy baseline res://assets/reflection51b/clip_material_084.tres
PASS Exact same-value material copy baseline res://assets/reflection51b/clip_material_085.tres
PASS Exact same-value material copy baseline res://assets/reflection51b/clip_material_086.tres
PASS Exact same-value material copy baseline res://assets/reflection51b/clip_material_087.tres
PASS Exact same-value material copy baseline res://assets/reflection51b/clip_material_088.tres
PASS Exact same-value material copy baseline res://assets/reflection51b/clip_material_089.tres
PASS Exact same-value material copy baseline res://assets/reflection51b/clip_material_090.tres
PASS Exact same-value material copy baseline res://assets/reflection51b/clip_material_091.tres
PASS Exact same-value material copy baseline res://assets/reflection51b/clip_material_092.tres
PASS Exact same-value material copy baseline res://assets/reflection51b/clip_material_093.tres
PASS Exact same-value material copy baseline res://assets/reflection51b/clip_material_094.tres
PASS Exact same-value material copy baseline res://assets/reflection51b/clip_material_095.tres
PASS Exact same-value material copy baseline res://assets/reflection51b/clip_material_096.tres
PASS Exact same-value material copy baseline res://assets/reflection51b/clip_material_097.tres
PASS Exact same-value material copy baseline res://assets/reflection51b/clip_material_098.tres
PASS Exact same-value material copy baseline res://assets/reflection51b/clip_material_099.tres
PASS Exact same-value material copy baseline res://assets/reflection51b/clip_material_100.tres
PASS Exact same-value material copy baseline res://assets/reflection51b/clip_material_101.tres
PASS Exact same-value material copy baseline res://assets/reflection51b/clip_material_102.tres
PASS Exact same-value material copy baseline res://assets/reflection51b/clip_material_103.tres
PASS Exact same-value material copy baseline res://assets/reflection51b/clip_material_104.tres
PASS Exact same-value material copy baseline res://assets/reflection51b/clip_material_105.tres
PASS Exact same-value material copy baseline res://assets/reflection51b/clip_material_106.tres
PASS Exact same-value material copy baseline res://assets/reflection51b/clip_material_107.tres
PASS Exact same-value material copy baseline res://assets/reflection51b/clip_material_108.tres
PASS Exact same-value material copy baseline res://assets/reflection51b/clip_material_109.tres
PASS Exact same-value material copy baseline res://assets/reflection51b/clip_material_110.tres
PASS Exact same-value material copy baseline res://assets/reflection51b/clip_material_111.tres
PASS Exact same-value material copy baseline res://assets/reflection51b/clip_material_112.tres
PASS Exact same-value material copy baseline res://assets/reflection51b/clip_material_113.tres
PASS Exact same-value material copy baseline Ocean
PASS All114 original materials plus Ocean have exact copy baselines
PASS Retained50 water cache targets current Ocean and all five identical textures
PASS Actual rendered main 1342--A50-original-bindings
PASS Live physics camera-clear 1342--A50-original-bindings
PASS Retained50 water cache targets current Ocean and all five identical textures
PASS Copy baseline preserves original camera/layers and current depth-controller five-texture cache
PASS Actual rendered main 1342--C50-identical-material-copies
PASS Live physics camera-clear 1342--C50-identical-material-copies
PASS Retained50 water cache targets current Ocean and all five identical textures
PASS Actual rendered main 1342--B51-converted-off
PASS Live physics camera-clear 1342--B51-converted-off
PASS Retained50 water cache targets current Ocean and all five identical textures
PASS Actual rendered main 1342--A50-original-restored
PASS Live physics camera-clear 1342--A50-original-restored
ORIGINAL_RESOURCE_DELTA 1342 original-vs-converted=2 original-vs-copies=2 copied-baseline-vs-converted=0
PASS Required whole-image zero-difference 1342/identical-original-copies-vs-converted-off
PASS Required whole-image zero-difference 1342/original-A-vs-A2
PASS Retained50 water cache targets current Ocean and all five identical textures
PASS Actual rendered main 1342--D51-clip-only
PASS Live physics camera-clear 1342--D51-clip-only
PASS Required whole-image zero-difference 1342/clip-only-main-and-shadow-no-change
PASS Actual rendered main 1342--B51-converted-off-restored
PASS Live physics camera-clear 1342--B51-converted-off-restored
PASS Required whole-image zero-difference 1342/converted-off-restored
PASS All original material properties and uniforms unchanged through controls 1342
PASS Primary camera optical pose unchanged across v2 controls 1342
PASS Retained50 water cache targets current Ocean and all five identical textures
PASS Every persisted scoped ready node uses expected converted material; invisible Rain/Snow included
PASS All original runtime shader uniforms and native albedos synchronized before full-binding A/B/A
PASS Exact same-value material copy baseline res://assets/reflection51b/clip_material_000.tres
PASS Exact same-value material copy baseline res://assets/reflection51b/clip_material_001.tres
PASS Exact same-value material copy baseline res://assets/reflection51b/clip_material_002.tres
PASS Exact same-value material copy baseline res://assets/reflection51b/clip_material_003.tres
PASS Exact same-value material copy baseline res://assets/reflection51b/clip_material_004.tres
PASS Exact same-value material copy baseline res://assets/reflection51b/clip_material_005.tres
PASS Exact same-value material copy baseline res://assets/reflection51b/clip_material_006.tres
PASS Exact same-value material copy baseline res://assets/reflection51b/clip_material_007.tres
PASS Exact same-value material copy baseline res://assets/reflection51b/clip_material_008.tres
PASS Exact same-value material copy baseline res://assets/reflection51b/clip_material_009.tres
PASS Exact same-value material copy baseline res://assets/reflection51b/clip_material_010.tres
PASS Exact same-value material copy baseline res://assets/reflection51b/clip_material_011.tres
PASS Exact same-value material copy baseline res://assets/reflection51b/clip_material_012.tres
PASS Exact same-value material copy baseline res://assets/reflection51b/clip_material_013.tres
PASS Exact same-value material copy baseline res://assets/reflection51b/clip_material_014.tres
PASS Exact same-value material copy baseline res://assets/reflection51b/clip_material_015.tres
PASS Exact same-value material copy baseline res://assets/reflection51b/clip_material_016.tres
PASS Exact same-value material copy baseline res://assets/reflection51b/clip_material_017.tres
PASS Exact same-value material copy baseline res://assets/reflection51b/clip_material_018.tres
PASS Exact same-value material copy baseline res://assets/reflection51b/clip_material_019.tres
PASS Exact same-value material copy baseline res://assets/reflection51b/clip_material_020.tres
PASS Exact same-value material copy baseline res://assets/reflection51b/clip_material_021.tres
PASS Exact same-value material copy baseline res://assets/reflection51b/clip_material_022.tres
PASS Exact same-value material copy baseline res://assets/reflection51b/clip_material_023.tres
PASS Exact same-value material copy baseline res://assets/reflection51b/clip_material_024.tres
PASS Exact same-value material copy baseline res://assets/reflection51b/clip_material_025.tres
PASS Exact same-value material copy baseline res://assets/reflection51b/clip_material_026.tres
PASS Exact same-value material copy baseline res://assets/reflection51b/clip_material_027.tres
PASS Exact same-value material copy baseline res://assets/reflection51b/clip_material_028.tres
PASS Exact same-value material copy baseline res://assets/reflection51b/clip_material_029.tres
PASS Exact same-value material copy baseline res://assets/reflection51b/clip_material_030.tres
PASS Exact same-value material copy baseline res://assets/reflection51b/clip_material_031.tres
PASS Exact same-value material copy baseline res://assets/reflection51b/clip_material_032.tres
PASS Exact same-value material copy baseline res://assets/reflection51b/clip_material_033.tres
PASS Exact same-value material copy baseline res://assets/reflection51b/clip_material_034.tres
PASS Exact same-value material copy baseline res://assets/reflection51b/clip_material_035.tres
PASS Exact same-value material copy baseline res://assets/reflection51b/clip_material_036.tres
PASS Exact same-value material copy baseline res://assets/reflection51b/clip_material_037.tres
PASS Exact same-value material copy baseline res://assets/reflection51b/clip_material_038.tres
PASS Exact same-value material copy baseline res://assets/reflection51b/clip_material_039.tres
PASS Exact same-value material copy baseline res://assets/reflection51b/clip_material_040.tres
PASS Exact same-value material copy baseline res://assets/reflection51b/clip_material_041.tres
PASS Exact same-value material copy baseline res://assets/reflection51b/clip_material_042.tres
PASS Exact same-value material copy baseline res://assets/reflection51b/clip_material_043.tres
PASS Exact same-value material copy baseline res://assets/reflection51b/clip_material_044.tres
PASS Exact same-value material copy baseline res://assets/reflection51b/clip_material_045.tres
PASS Exact same-value material copy baseline res://assets/reflection51b/clip_material_046.tres
PASS Exact same-value material copy baseline res://assets/reflection51b/clip_material_047.tres
PASS Exact same-value material copy baseline res://assets/reflection51b/clip_material_048.tres
PASS Exact same-value material copy baseline res://assets/reflection51b/clip_material_049.tres
PASS Exact same-value material copy baseline res://assets/reflection51b/clip_material_050.tres
PASS Exact same-value material copy baseline res://assets/reflection51b/clip_material_051.tres
PASS Exact same-value material copy baseline res://assets/reflection51b/clip_material_052.tres
PASS Exact same-value material copy baseline res://assets/reflection51b/clip_material_053.tres
PASS Exact same-value material copy baseline res://assets/reflection51b/clip_material_054.tres
PASS Exact same-value material copy baseline res://assets/reflection51b/clip_material_055.tres
PASS Exact same-value material copy baseline res://assets/reflection51b/clip_material_056.tres
PASS Exact same-value material copy baseline res://assets/reflection51b/clip_material_057.tres
PASS Exact same-value material copy baseline res://assets/reflection51b/clip_material_058.tres
PASS Exact same-value material copy baseline res://assets/reflection51b/clip_material_059.tres
PASS Exact same-value material copy baseline res://assets/reflection51b/clip_material_060.tres
PASS Exact same-value material copy baseline res://assets/reflection51b/clip_material_061.tres
PASS Exact same-value material copy baseline res://assets/reflection51b/clip_material_062.tres
PASS Exact same-value material copy baseline res://assets/reflection51b/clip_material_063.tres
PASS Exact same-value material copy baseline res://assets/reflection51b/clip_material_064.tres
PASS Exact same-value material copy baseline res://assets/reflection51b/clip_material_065.tres
PASS Exact same-value material copy baseline res://assets/reflection51b/clip_material_066.tres
PASS Exact same-value material copy baseline res://assets/reflection51b/clip_material_067.tres
PASS Exact same-value material copy baseline res://assets/reflection51b/clip_material_068.tres
PASS Exact same-value material copy baseline res://assets/reflection51b/clip_material_069.tres
PASS Exact same-value material copy baseline res://assets/reflection51b/clip_material_070.tres
PASS Exact same-value material copy baseline res://assets/reflection51b/clip_material_071.tres
PASS Exact same-value material copy baseline res://assets/reflection51b/clip_material_072.tres
PASS Exact same-value material copy baseline res://assets/reflection51b/clip_material_073.tres
PASS Exact same-value material copy baseline res://assets/reflection51b/clip_material_074.tres
PASS Exact same-value material copy baseline res://assets/reflection51b/clip_material_075.tres
PASS Exact same-value material copy baseline res://assets/reflection51b/clip_material_076.tres
PASS Exact same-value material copy baseline res://assets/reflection51b/clip_material_077.tres
PASS Exact same-value material copy baseline res://assets/reflection51b/clip_material_078.tres
PASS Exact same-value material copy baseline res://assets/reflection51b/clip_material_079.tres
PASS Exact same-value material copy baseline res://assets/reflection51b/clip_material_080.tres
PASS Exact same-value material copy baseline res://assets/reflection51b/clip_material_081.tres
PASS Exact same-value material copy baseline res://assets/reflection51b/clip_material_082.tres
PASS Exact same-value material copy baseline res://assets/reflection51b/clip_material_083.tres
PASS Exact same-value material copy baseline res://assets/reflection51b/clip_material_084.tres
PASS Exact same-value material copy baseline res://assets/reflection51b/clip_material_085.tres
PASS Exact same-value material copy baseline res://assets/reflection51b/clip_material_086.tres
PASS Exact same-value material copy baseline res://assets/reflection51b/clip_material_087.tres
PASS Exact same-value material copy baseline res://assets/reflection51b/clip_material_088.tres
PASS Exact same-value material copy baseline res://assets/reflection51b/clip_material_089.tres
PASS Exact same-value material copy baseline res://assets/reflection51b/clip_material_090.tres
PASS Exact same-value material copy baseline res://assets/reflection51b/clip_material_091.tres
PASS Exact same-value material copy baseline res://assets/reflection51b/clip_material_092.tres
PASS Exact same-value material copy baseline res://assets/reflection51b/clip_material_093.tres
PASS Exact same-value material copy baseline res://assets/reflection51b/clip_material_094.tres
PASS Exact same-value material copy baseline res://assets/reflection51b/clip_material_095.tres
PASS Exact same-value material copy baseline res://assets/reflection51b/clip_material_096.tres
PASS Exact same-value material copy baseline res://assets/reflection51b/clip_material_097.tres
PASS Exact same-value material copy baseline res://assets/reflection51b/clip_material_098.tres
PASS Exact same-value material copy baseline res://assets/reflection51b/clip_material_099.tres
PASS Exact same-value material copy baseline res://assets/reflection51b/clip_material_100.tres
PASS Exact same-value material copy baseline res://assets/reflection51b/clip_material_101.tres
PASS Exact same-value material copy baseline res://assets/reflection51b/clip_material_102.tres
PASS Exact same-value material copy baseline res://assets/reflection51b/clip_material_103.tres
PASS Exact same-value material copy baseline res://assets/reflection51b/clip_material_104.tres
PASS Exact same-value material copy baseline res://assets/reflection51b/clip_material_105.tres
PASS Exact same-value material copy baseline res://assets/reflection51b/clip_material_106.tres
PASS Exact same-value material copy baseline res://assets/reflection51b/clip_material_107.tres
PASS Exact same-value material copy baseline res://assets/reflection51b/clip_material_108.tres
PASS Exact same-value material copy baseline res://assets/reflection51b/clip_material_109.tres
PASS Exact same-value material copy baseline res://assets/reflection51b/clip_material_110.tres
PASS Exact same-value material copy baseline res://assets/reflection51b/clip_material_111.tres
PASS Exact same-value material copy baseline res://assets/reflection51b/clip_material_112.tres
PASS Exact same-value material copy baseline res://assets/reflection51b/clip_material_113.tres
PASS Exact same-value material copy baseline Ocean
PASS All114 original materials plus Ocean have exact copy baselines
PASS Retained50 water cache targets current Ocean and all five identical textures
PASS Actual rendered main 1341--A50-original-bindings
PASS Live physics camera-clear 1341--A50-original-bindings
PASS Retained50 water cache targets current Ocean and all five identical textures
PASS Copy baseline preserves original camera/layers and current depth-controller five-texture cache
PASS Actual rendered main 1341--C50-identical-material-copies
PASS Live physics camera-clear 1341--C50-identical-material-copies
PASS Retained50 water cache targets current Ocean and all five identical textures
PASS Actual rendered main 1341--B51-converted-off
PASS Live physics camera-clear 1341--B51-converted-off
PASS Retained50 water cache targets current Ocean and all five identical textures
PASS Actual rendered main 1341--A50-original-restored
PASS Live physics camera-clear 1341--A50-original-restored
ORIGINAL_RESOURCE_DELTA 1341 original-vs-converted=0 original-vs-copies=0 copied-baseline-vs-converted=0
PASS Required whole-image zero-difference 1341/identical-original-copies-vs-converted-off
PASS Required whole-image zero-difference 1341/original-A-vs-A2
PASS Retained50 water cache targets current Ocean and all five identical textures
PASS Actual rendered main 1341--D51-clip-only
PASS Live physics camera-clear 1341--D51-clip-only
PASS Required whole-image zero-difference 1341/clip-only-main-and-shadow-no-change
PASS Actual rendered main 1341--B51-converted-off-restored
PASS Live physics camera-clear 1341--B51-converted-off-restored
PASS Required whole-image zero-difference 1341/converted-off-restored
PASS All original material properties and uniforms unchanged through controls 1341
PASS Primary camera optical pose unchanged across v2 controls 1341
PASS Retained50 water cache targets current Ocean and all five identical textures
PASS Every persisted scoped ready node uses expected converted material; invisible Rain/Snow included
PASS All original runtime shader uniforms and native albedos synchronized before full-binding A/B/A
PASS Exact same-value material copy baseline res://assets/reflection51b/clip_material_000.tres
PASS Exact same-value material copy baseline res://assets/reflection51b/clip_material_001.tres
PASS Exact same-value material copy baseline res://assets/reflection51b/clip_material_002.tres
PASS Exact same-value material copy baseline res://assets/reflection51b/clip_material_003.tres
PASS Exact same-value material copy baseline res://assets/reflection51b/clip_material_004.tres
PASS Exact same-value material copy baseline res://assets/reflection51b/clip_material_005.tres
PASS Exact same-value material copy baseline res://assets/reflection51b/clip_material_006.tres
PASS Exact same-value material copy baseline res://assets/reflection51b/clip_material_007.tres
PASS Exact same-value material copy baseline res://assets/reflection51b/clip_material_008.tres
PASS Exact same-value material copy baseline res://assets/reflection51b/clip_material_009.tres
PASS Exact same-value material copy baseline res://assets/reflection51b/clip_material_010.tres
PASS Exact same-value material copy baseline res://assets/reflection51b/clip_material_011.tres
PASS Exact same-value material copy baseline res://assets/reflection51b/clip_material_012.tres
PASS Exact same-value material copy baseline res://assets/reflection51b/clip_material_013.tres
PASS Exact same-value material copy baseline res://assets/reflection51b/clip_material_014.tres
PASS Exact same-value material copy baseline res://assets/reflection51b/clip_material_015.tres
PASS Exact same-value material copy baseline res://assets/reflection51b/clip_material_016.tres
PASS Exact same-value material copy baseline res://assets/reflection51b/clip_material_017.tres
PASS Exact same-value material copy baseline res://assets/reflection51b/clip_material_018.tres
PASS Exact same-value material copy baseline res://assets/reflection51b/clip_material_019.tres
PASS Exact same-value material copy baseline res://assets/reflection51b/clip_material_020.tres
PASS Exact same-value material copy baseline res://assets/reflection51b/clip_material_021.tres
PASS Exact same-value material copy baseline res://assets/reflection51b/clip_material_022.tres
PASS Exact same-value material copy baseline res://assets/reflection51b/clip_material_023.tres
PASS Exact same-value material copy baseline res://assets/reflection51b/clip_material_024.tres
PASS Exact same-value material copy baseline res://assets/reflection51b/clip_material_025.tres
PASS Exact same-value material copy baseline res://assets/reflection51b/clip_material_026.tres
PASS Exact same-value material copy baseline res://assets/reflection51b/clip_material_027.tres
PASS Exact same-value material copy baseline res://assets/reflection51b/clip_material_028.tres
PASS Exact same-value material copy baseline res://assets/reflection51b/clip_material_029.tres
PASS Exact same-value material copy baseline res://assets/reflection51b/clip_material_030.tres
PASS Exact same-value material copy baseline res://assets/reflection51b/clip_material_031.tres
PASS Exact same-value material copy baseline res://assets/reflection51b/clip_material_032.tres
PASS Exact same-value material copy baseline res://assets/reflection51b/clip_material_033.tres
PASS Exact same-value material copy baseline res://assets/reflection51b/clip_material_034.tres
PASS Exact same-value material copy baseline res://assets/reflection51b/clip_material_035.tres
PASS Exact same-value material copy baseline res://assets/reflection51b/clip_material_036.tres
PASS Exact same-value material copy baseline res://assets/reflection51b/clip_material_037.tres
PASS Exact same-value material copy baseline res://assets/reflection51b/clip_material_038.tres
PASS Exact same-value material copy baseline res://assets/reflection51b/clip_material_039.tres
PASS Exact same-value material copy baseline res://assets/reflection51b/clip_material_040.tres
PASS Exact same-value material copy baseline res://assets/reflection51b/clip_material_041.tres
PASS Exact same-value material copy baseline res://assets/reflection51b/clip_material_042.tres
PASS Exact same-value material copy baseline res://assets/reflection51b/clip_material_043.tres
PASS Exact same-value material copy baseline res://assets/reflection51b/clip_material_044.tres
PASS Exact same-value material copy baseline res://assets/reflection51b/clip_material_045.tres
PASS Exact same-value material copy baseline res://assets/reflection51b/clip_material_046.tres
PASS Exact same-value material copy baseline res://assets/reflection51b/clip_material_047.tres
PASS Exact same-value material copy baseline res://assets/reflection51b/clip_material_048.tres
PASS Exact same-value material copy baseline res://assets/reflection51b/clip_material_049.tres
PASS Exact same-value material copy baseline res://assets/reflection51b/clip_material_050.tres
PASS Exact same-value material copy baseline res://assets/reflection51b/clip_material_051.tres
PASS Exact same-value material copy baseline res://assets/reflection51b/clip_material_052.tres
PASS Exact same-value material copy baseline res://assets/reflection51b/clip_material_053.tres
PASS Exact same-value material copy baseline res://assets/reflection51b/clip_material_054.tres
PASS Exact same-value material copy baseline res://assets/reflection51b/clip_material_055.tres
PASS Exact same-value material copy baseline res://assets/reflection51b/clip_material_056.tres
PASS Exact same-value material copy baseline res://assets/reflection51b/clip_material_057.tres
PASS Exact same-value material copy baseline res://assets/reflection51b/clip_material_058.tres
PASS Exact same-value material copy baseline res://assets/reflection51b/clip_material_059.tres
PASS Exact same-value material copy baseline res://assets/reflection51b/clip_material_060.tres
PASS Exact same-value material copy baseline res://assets/reflection51b/clip_material_061.tres
PASS Exact same-value material copy baseline res://assets/reflection51b/clip_material_062.tres
PASS Exact same-value material copy baseline res://assets/reflection51b/clip_material_063.tres
PASS Exact same-value material copy baseline res://assets/reflection51b/clip_material_064.tres
PASS Exact same-value material copy baseline res://assets/reflection51b/clip_material_065.tres
PASS Exact same-value material copy baseline res://assets/reflection51b/clip_material_066.tres
PASS Exact same-value material copy baseline res://assets/reflection51b/clip_material_067.tres
PASS Exact same-value material copy baseline res://assets/reflection51b/clip_material_068.tres
PASS Exact same-value material copy baseline res://assets/reflection51b/clip_material_069.tres
PASS Exact same-value material copy baseline res://assets/reflection51b/clip_material_070.tres
PASS Exact same-value material copy baseline res://assets/reflection51b/clip_material_071.tres
PASS Exact same-value material copy baseline res://assets/reflection51b/clip_material_072.tres
PASS Exact same-value material copy baseline res://assets/reflection51b/clip_material_073.tres
PASS Exact same-value material copy baseline res://assets/reflection51b/clip_material_074.tres
PASS Exact same-value material copy baseline res://assets/reflection51b/clip_material_075.tres
PASS Exact same-value material copy baseline res://assets/reflection51b/clip_material_076.tres
PASS Exact same-value material copy baseline res://assets/reflection51b/clip_material_077.tres
PASS Exact same-value material copy baseline res://assets/reflection51b/clip_material_078.tres
PASS Exact same-value material copy baseline res://assets/reflection51b/clip_material_079.tres
PASS Exact same-value material copy baseline res://assets/reflection51b/clip_material_080.tres
PASS Exact same-value material copy baseline res://assets/reflection51b/clip_material_081.tres
PASS Exact same-value material copy baseline res://assets/reflection51b/clip_material_082.tres
PASS Exact same-value material copy baseline res://assets/reflection51b/clip_material_083.tres
PASS Exact same-value material copy baseline res://assets/reflection51b/clip_material_084.tres
PASS Exact same-value material copy baseline res://assets/reflection51b/clip_material_085.tres
PASS Exact same-value material copy baseline res://assets/reflection51b/clip_material_086.tres
PASS Exact same-value material copy baseline res://assets/reflection51b/clip_material_087.tres
PASS Exact same-value material copy baseline res://assets/reflection51b/clip_material_088.tres
PASS Exact same-value material copy baseline res://assets/reflection51b/clip_material_089.tres
PASS Exact same-value material copy baseline res://assets/reflection51b/clip_material_090.tres
PASS Exact same-value material copy baseline res://assets/reflection51b/clip_material_091.tres
PASS Exact same-value material copy baseline res://assets/reflection51b/clip_material_092.tres
PASS Exact same-value material copy baseline res://assets/reflection51b/clip_material_093.tres
PASS Exact same-value material copy baseline res://assets/reflection51b/clip_material_094.tres
PASS Exact same-value material copy baseline res://assets/reflection51b/clip_material_095.tres
PASS Exact same-value material copy baseline res://assets/reflection51b/clip_material_096.tres
PASS Exact same-value material copy baseline res://assets/reflection51b/clip_material_097.tres
PASS Exact same-value material copy baseline res://assets/reflection51b/clip_material_098.tres
PASS Exact same-value material copy baseline res://assets/reflection51b/clip_material_099.tres
PASS Exact same-value material copy baseline res://assets/reflection51b/clip_material_100.tres
PASS Exact same-value material copy baseline res://assets/reflection51b/clip_material_101.tres
PASS Exact same-value material copy baseline res://assets/reflection51b/clip_material_102.tres
PASS Exact same-value material copy baseline res://assets/reflection51b/clip_material_103.tres
PASS Exact same-value material copy baseline res://assets/reflection51b/clip_material_104.tres
PASS Exact same-value material copy baseline res://assets/reflection51b/clip_material_105.tres
PASS Exact same-value material copy baseline res://assets/reflection51b/clip_material_106.tres
PASS Exact same-value material copy baseline res://assets/reflection51b/clip_material_107.tres
PASS Exact same-value material copy baseline res://assets/reflection51b/clip_material_108.tres
PASS Exact same-value material copy baseline res://assets/reflection51b/clip_material_109.tres
PASS Exact same-value material copy baseline res://assets/reflection51b/clip_material_110.tres
PASS Exact same-value material copy baseline res://assets/reflection51b/clip_material_111.tres
PASS Exact same-value material copy baseline res://assets/reflection51b/clip_material_112.tres
PASS Exact same-value material copy baseline res://assets/reflection51b/clip_material_113.tres
PASS Exact same-value material copy baseline Ocean
PASS All114 original materials plus Ocean have exact copy baselines
PASS Retained50 water cache targets current Ocean and all five identical textures
PASS Actual rendered main 1275--A50-original-bindings
PASS Live physics camera-clear 1275--A50-original-bindings
PASS Retained50 water cache targets current Ocean and all five identical textures
PASS Copy baseline preserves original camera/layers and current depth-controller five-texture cache
PASS Actual rendered main 1275--C50-identical-material-copies
PASS Live physics camera-clear 1275--C50-identical-material-copies
PASS Retained50 water cache targets current Ocean and all five identical textures
PASS Actual rendered main 1275--B51-converted-off
PASS Live physics camera-clear 1275--B51-converted-off
PASS Retained50 water cache targets current Ocean and all five identical textures
PASS Actual rendered main 1275--A50-original-restored
PASS Live physics camera-clear 1275--A50-original-restored
ORIGINAL_RESOURCE_DELTA 1275 original-vs-converted=0 original-vs-copies=0 copied-baseline-vs-converted=0
PASS Required whole-image zero-difference 1275/identical-original-copies-vs-converted-off
PASS Required whole-image zero-difference 1275/original-A-vs-A2
PASS Retained50 water cache targets current Ocean and all five identical textures
PASS Actual rendered main 1275--D51-clip-only
PASS Live physics camera-clear 1275--D51-clip-only
PASS Required whole-image zero-difference 1275/clip-only-main-and-shadow-no-change
PASS Actual rendered main 1275--B51-converted-off-restored
PASS Live physics camera-clear 1275--B51-converted-off-restored
PASS Required whole-image zero-difference 1275/converted-off-restored
PASS All original material properties and uniforms unchanged through controls 1275
PASS Primary camera optical pose unchanged across v2 controls 1275
PASS Retained50 water cache targets current Ocean and all five identical textures
PASS Every persisted scoped ready node uses expected converted material; invisible Rain/Snow included
PASS All original runtime shader uniforms and native albedos synchronized before full-binding A/B/A
PASS Exact same-value material copy baseline res://assets/reflection51b/clip_material_000.tres
PASS Exact same-value material copy baseline res://assets/reflection51b/clip_material_001.tres
PASS Exact same-value material copy baseline res://assets/reflection51b/clip_material_002.tres
PASS Exact same-value material copy baseline res://assets/reflection51b/clip_material_003.tres
PASS Exact same-value material copy baseline res://assets/reflection51b/clip_material_004.tres
PASS Exact same-value material copy baseline res://assets/reflection51b/clip_material_005.tres
PASS Exact same-value material copy baseline res://assets/reflection51b/clip_material_006.tres
PASS Exact same-value material copy baseline res://assets/reflection51b/clip_material_007.tres
PASS Exact same-value material copy baseline res://assets/reflection51b/clip_material_008.tres
PASS Exact same-value material copy baseline res://assets/reflection51b/clip_material_009.tres
PASS Exact same-value material copy baseline res://assets/reflection51b/clip_material_010.tres
PASS Exact same-value material copy baseline res://assets/reflection51b/clip_material_011.tres
PASS Exact same-value material copy baseline res://assets/reflection51b/clip_material_012.tres
PASS Exact same-value material copy baseline res://assets/reflection51b/clip_material_013.tres
PASS Exact same-value material copy baseline res://assets/reflection51b/clip_material_014.tres
PASS Exact same-value material copy baseline res://assets/reflection51b/clip_material_015.tres
PASS Exact same-value material copy baseline res://assets/reflection51b/clip_material_016.tres
PASS Exact same-value material copy baseline res://assets/reflection51b/clip_material_017.tres
PASS Exact same-value material copy baseline res://assets/reflection51b/clip_material_018.tres
PASS Exact same-value material copy baseline res://assets/reflection51b/clip_material_019.tres
PASS Exact same-value material copy baseline res://assets/reflection51b/clip_material_020.tres
PASS Exact same-value material copy baseline res://assets/reflection51b/clip_material_021.tres
PASS Exact same-value material copy baseline res://assets/reflection51b/clip_material_022.tres
PASS Exact same-value material copy baseline res://assets/reflection51b/clip_material_023.tres
PASS Exact same-value material copy baseline res://assets/reflection51b/clip_material_024.tres
PASS Exact same-value material copy baseline res://assets/reflection51b/clip_material_025.tres
PASS Exact same-value material copy baseline res://assets/reflection51b/clip_material_026.tres
PASS Exact same-value material copy baseline res://assets/reflection51b/clip_material_027.tres
PASS Exact same-value material copy baseline res://assets/reflection51b/clip_material_028.tres
PASS Exact same-value material copy baseline res://assets/reflection51b/clip_material_029.tres
PASS Exact same-value material copy baseline res://assets/reflection51b/clip_material_030.tres
PASS Exact same-value material copy baseline res://assets/reflection51b/clip_material_031.tres
PASS Exact same-value material copy baseline res://assets/reflection51b/clip_material_032.tres
PASS Exact same-value material copy baseline res://assets/reflection51b/clip_material_033.tres
PASS Exact same-value material copy baseline res://assets/reflection51b/clip_material_034.tres
PASS Exact same-value material copy baseline res://assets/reflection51b/clip_material_035.tres
PASS Exact same-value material copy baseline res://assets/reflection51b/clip_material_036.tres
PASS Exact same-value material copy baseline res://assets/reflection51b/clip_material_037.tres
PASS Exact same-value material copy baseline res://assets/reflection51b/clip_material_038.tres
PASS Exact same-value material copy baseline res://assets/reflection51b/clip_material_039.tres
PASS Exact same-value material copy baseline res://assets/reflection51b/clip_material_040.tres
PASS Exact same-value material copy baseline res://assets/reflection51b/clip_material_041.tres
PASS Exact same-value material copy baseline res://assets/reflection51b/clip_material_042.tres
PASS Exact same-value material copy baseline res://assets/reflection51b/clip_material_043.tres
PASS Exact same-value material copy baseline res://assets/reflection51b/clip_material_044.tres
PASS Exact same-value material copy baseline res://assets/reflection51b/clip_material_045.tres
PASS Exact same-value material copy baseline res://assets/reflection51b/clip_material_046.tres
PASS Exact same-value material copy baseline res://assets/reflection51b/clip_material_047.tres
PASS Exact same-value material copy baseline res://assets/reflection51b/clip_material_048.tres
PASS Exact same-value material copy baseline res://assets/reflection51b/clip_material_049.tres
PASS Exact same-value material copy baseline res://assets/reflection51b/clip_material_050.tres
PASS Exact same-value material copy baseline res://assets/reflection51b/clip_material_051.tres
PASS Exact same-value material copy baseline res://assets/reflection51b/clip_material_052.tres
PASS Exact same-value material copy baseline res://assets/reflection51b/clip_material_053.tres
PASS Exact same-value material copy baseline res://assets/reflection51b/clip_material_054.tres
PASS Exact same-value material copy baseline res://assets/reflection51b/clip_material_055.tres
PASS Exact same-value material copy baseline res://assets/reflection51b/clip_material_056.tres
PASS Exact same-value material copy baseline res://assets/reflection51b/clip_material_057.tres
PASS Exact same-value material copy baseline res://assets/reflection51b/clip_material_058.tres
PASS Exact same-value material copy baseline res://assets/reflection51b/clip_material_059.tres
PASS Exact same-value material copy baseline res://assets/reflection51b/clip_material_060.tres
PASS Exact same-value material copy baseline res://assets/reflection51b/clip_material_061.tres
PASS Exact same-value material copy baseline res://assets/reflection51b/clip_material_062.tres
PASS Exact same-value material copy baseline res://assets/reflection51b/clip_material_063.tres
PASS Exact same-value material copy baseline res://assets/reflection51b/clip_material_064.tres
PASS Exact same-value material copy baseline res://assets/reflection51b/clip_material_065.tres
PASS Exact same-value material copy baseline res://assets/reflection51b/clip_material_066.tres
PASS Exact same-value material copy baseline res://assets/reflection51b/clip_material_067.tres
PASS Exact same-value material copy baseline res://assets/reflection51b/clip_material_068.tres
PASS Exact same-value material copy baseline res://assets/reflection51b/clip_material_069.tres
PASS Exact same-value material copy baseline res://assets/reflection51b/clip_material_070.tres
PASS Exact same-value material copy baseline res://assets/reflection51b/clip_material_071.tres
PASS Exact same-value material copy baseline res://assets/reflection51b/clip_material_072.tres
PASS Exact same-value material copy baseline res://assets/reflection51b/clip_material_073.tres
PASS Exact same-value material copy baseline res://assets/reflection51b/clip_material_074.tres
PASS Exact same-value material copy baseline res://assets/reflection51b/clip_material_075.tres
PASS Exact same-value material copy baseline res://assets/reflection51b/clip_material_076.tres
PASS Exact same-value material copy baseline res://assets/reflection51b/clip_material_077.tres
PASS Exact same-value material copy baseline res://assets/reflection51b/clip_material_078.tres
PASS Exact same-value material copy baseline res://assets/reflection51b/clip_material_079.tres
PASS Exact same-value material copy baseline res://assets/reflection51b/clip_material_080.tres
PASS Exact same-value material copy baseline res://assets/reflection51b/clip_material_081.tres
PASS Exact same-value material copy baseline res://assets/reflection51b/clip_material_082.tres
PASS Exact same-value material copy baseline res://assets/reflection51b/clip_material_083.tres
PASS Exact same-value material copy baseline res://assets/reflection51b/clip_material_084.tres
PASS Exact same-value material copy baseline res://assets/reflection51b/clip_material_085.tres
PASS Exact same-value material copy baseline res://assets/reflection51b/clip_material_086.tres
PASS Exact same-value material copy baseline res://assets/reflection51b/clip_material_087.tres
PASS Exact same-value material copy baseline res://assets/reflection51b/clip_material_088.tres
PASS Exact same-value material copy baseline res://assets/reflection51b/clip_material_089.tres
PASS Exact same-value material copy baseline res://assets/reflection51b/clip_material_090.tres
PASS Exact same-value material copy baseline res://assets/reflection51b/clip_material_091.tres
PASS Exact same-value material copy baseline res://assets/reflection51b/clip_material_092.tres
PASS Exact same-value material copy baseline res://assets/reflection51b/clip_material_093.tres
PASS Exact same-value material copy baseline res://assets/reflection51b/clip_material_094.tres
PASS Exact same-value material copy baseline res://assets/reflection51b/clip_material_095.tres
PASS Exact same-value material copy baseline res://assets/reflection51b/clip_material_096.tres
PASS Exact same-value material copy baseline res://assets/reflection51b/clip_material_097.tres
PASS Exact same-value material copy baseline res://assets/reflection51b/clip_material_098.tres
PASS Exact same-value material copy baseline res://assets/reflection51b/clip_material_099.tres
PASS Exact same-value material copy baseline res://assets/reflection51b/clip_material_100.tres
PASS Exact same-value material copy baseline res://assets/reflection51b/clip_material_101.tres
PASS Exact same-value material copy baseline res://assets/reflection51b/clip_material_102.tres
PASS Exact same-value material copy baseline res://assets/reflection51b/clip_material_103.tres
PASS Exact same-value material copy baseline res://assets/reflection51b/clip_material_104.tres
PASS Exact same-value material copy baseline res://assets/reflection51b/clip_material_105.tres
PASS Exact same-value material copy baseline res://assets/reflection51b/clip_material_106.tres
PASS Exact same-value material copy baseline res://assets/reflection51b/clip_material_107.tres
PASS Exact same-value material copy baseline res://assets/reflection51b/clip_material_108.tres
PASS Exact same-value material copy baseline res://assets/reflection51b/clip_material_109.tres
PASS Exact same-value material copy baseline res://assets/reflection51b/clip_material_110.tres
PASS Exact same-value material copy baseline res://assets/reflection51b/clip_material_111.tres
PASS Exact same-value material copy baseline res://assets/reflection51b/clip_material_112.tres
PASS Exact same-value material copy baseline res://assets/reflection51b/clip_material_113.tres
PASS Exact same-value material copy baseline Ocean
PASS All114 original materials plus Ocean have exact copy baselines
PASS Retained50 water cache targets current Ocean and all five identical textures
PASS Actual rendered main 1344--A50-original-bindings
PASS Live physics camera-clear 1344--A50-original-bindings
PASS Retained50 water cache targets current Ocean and all five identical textures
PASS Copy baseline preserves original camera/layers and current depth-controller five-texture cache
PASS Actual rendered main 1344--C50-identical-material-copies
PASS Live physics camera-clear 1344--C50-identical-material-copies
PASS Retained50 water cache targets current Ocean and all five identical textures
PASS Actual rendered main 1344--B51-converted-off
PASS Live physics camera-clear 1344--B51-converted-off
PASS Retained50 water cache targets current Ocean and all five identical textures
PASS Actual rendered main 1344--A50-original-restored
PASS Live physics camera-clear 1344--A50-original-restored
ORIGINAL_RESOURCE_DELTA 1344 original-vs-converted=2 original-vs-copies=0 copied-baseline-vs-converted=2
FAIL Required whole-image zero-difference 1344/identical-original-copies-vs-converted-off
PASS Required whole-image zero-difference 1344/original-A-vs-A2
REFLECTION51B STOP: whole-material normal/clip-only zero-diff gate failed; reflection visuals not accepted
PASS All saved50/51/51b scenes unchanged by verification
PASS 51b asset remains unchanged after runtime res://assets/reflection51b/clip_shader_000.tres
PASS 51b asset remains unchanged after runtime res://assets/reflection51b/clip_material_000.tres
PASS 51b asset remains unchanged after runtime res://assets/reflection51b/clip_material_001.tres
PASS 51b asset remains unchanged after runtime res://assets/reflection51b/clip_shader_001.tres
PASS 51b asset remains unchanged after runtime res://assets/reflection51b/clip_material_002.tres
PASS 51b asset remains unchanged after runtime res://assets/reflection51b/clip_material_003.tres
PASS 51b asset remains unchanged after runtime res://assets/reflection51b/clip_shader_002.tres
PASS 51b asset remains unchanged after runtime res://assets/reflection51b/clip_material_004.tres
PASS 51b asset remains unchanged after runtime res://assets/reflection51b/clip_shader_003.tres
PASS 51b asset remains unchanged after runtime res://assets/reflection51b/clip_material_005.tres
PASS 51b asset remains unchanged after runtime res://assets/reflection51b/clip_shader_004.tres
PASS 51b asset remains unchanged after runtime res://assets/reflection51b/clip_material_006.tres
PASS 51b asset remains unchanged after runtime res://assets/reflection51b/clip_material_007.tres
PASS 51b asset remains unchanged after runtime res://assets/reflection51b/clip_material_008.tres
PASS 51b asset remains unchanged after runtime res://assets/reflection51b/clip_material_009.tres
PASS 51b asset remains unchanged after runtime res://assets/reflection51b/clip_material_010.tres
PASS 51b asset remains unchanged after runtime res://assets/reflection51b/clip_material_011.tres
PASS 51b asset remains unchanged after runtime res://assets/reflection51b/clip_material_012.tres
PASS 51b asset remains unchanged after runtime res://assets/reflection51b/clip_material_013.tres
PASS 51b asset remains unchanged after runtime res://assets/reflection51b/clip_material_014.tres
PASS 51b asset remains unchanged after runtime res://assets/reflection51b/clip_material_015.tres
PASS 51b asset remains unchanged after runtime res://assets/reflection51b/clip_material_016.tres
PASS 51b asset remains unchanged after runtime res://assets/reflection51b/clip_material_017.tres
PASS 51b asset remains unchanged after runtime res://assets/reflection51b/clip_material_018.tres
PASS 51b asset remains unchanged after runtime res://assets/reflection51b/clip_material_019.tres
PASS 51b asset remains unchanged after runtime res://assets/reflection51b/clip_material_020.tres
PASS 51b asset remains unchanged after runtime res://assets/reflection51b/clip_material_021.tres
PASS 51b asset remains unchanged after runtime res://assets/reflection51b/clip_material_022.tres
PASS 51b asset remains unchanged after runtime res://assets/reflection51b/clip_material_023.tres
PASS 51b asset remains unchanged after runtime res://assets/reflection51b/clip_material_024.tres
PASS 51b asset remains unchanged after runtime res://assets/reflection51b/clip_material_025.tres
PASS 51b asset remains unchanged after runtime res://assets/reflection51b/clip_material_026.tres
PASS 51b asset remains unchanged after runtime res://assets/reflection51b/clip_material_027.tres
PASS 51b asset remains unchanged after runtime res://assets/reflection51b/clip_material_028.tres
PASS 51b asset remains unchanged after runtime res://assets/reflection51b/clip_material_029.tres
PASS 51b asset remains unchanged after runtime res://assets/reflection51b/clip_material_030.tres
PASS 51b asset remains unchanged after runtime res://assets/reflection51b/clip_material_031.tres
PASS 51b asset remains unchanged after runtime res://assets/reflection51b/clip_material_032.tres
PASS 51b asset remains unchanged after runtime res://assets/reflection51b/clip_material_033.tres
PASS 51b asset remains unchanged after runtime res://assets/reflection51b/clip_material_034.tres
PASS 51b asset remains unchanged after runtime res://assets/reflection51b/clip_material_035.tres
PASS 51b asset remains unchanged after runtime res://assets/reflection51b/clip_material_036.tres
PASS 51b asset remains unchanged after runtime res://assets/reflection51b/clip_material_037.tres
PASS 51b asset remains unchanged after runtime res://assets/reflection51b/clip_shader_005.tres
PASS 51b asset remains unchanged after runtime res://assets/reflection51b/clip_material_038.tres
PASS 51b asset remains unchanged after runtime res://assets/reflection51b/clip_material_039.tres
PASS 51b asset remains unchanged after runtime res://assets/reflection51b/clip_material_040.tres
PASS 51b asset remains unchanged after runtime res://assets/reflection51b/clip_material_041.tres
PASS 51b asset remains unchanged after runtime res://assets/reflection51b/clip_material_042.tres
PASS 51b asset remains unchanged after runtime res://assets/reflection51b/clip_material_043.tres
PASS 51b asset remains unchanged after runtime res://assets/reflection51b/clip_material_044.tres
PASS 51b asset remains unchanged after runtime res://assets/reflection51b/clip_material_045.tres
PASS 51b asset remains unchanged after runtime res://assets/reflection51b/clip_material_046.tres
PASS 51b asset remains unchanged after runtime res://assets/reflection51b/clip_material_047.tres
PASS 51b asset remains unchanged after runtime res://assets/reflection51b/clip_material_048.tres
PASS 51b asset remains unchanged after runtime res://assets/reflection51b/clip_material_049.tres
PASS 51b asset remains unchanged after runtime res://assets/reflection51b/clip_material_050.tres
PASS 51b asset remains unchanged after runtime res://assets/reflection51b/clip_material_051.tres
PASS 51b asset remains unchanged after runtime res://assets/reflection51b/clip_material_052.tres
PASS 51b asset remains unchanged after runtime res://assets/reflection51b/clip_material_053.tres
PASS 51b asset remains unchanged after runtime res://assets/reflection51b/clip_material_054.tres
PASS 51b asset remains unchanged after runtime res://assets/reflection51b/clip_material_055.tres
PASS 51b asset remains unchanged after runtime res://assets/reflection51b/clip_material_056.tres
PASS 51b asset remains unchanged after runtime res://assets/reflection51b/clip_material_057.tres
PASS 51b asset remains unchanged after runtime res://assets/reflection51b/clip_material_058.tres
PASS 51b asset remains unchanged after runtime res://assets/reflection51b/clip_material_059.tres
PASS 51b asset remains unchanged after runtime res://assets/reflection51b/clip_material_060.tres
PASS 51b asset remains unchanged after runtime res://assets/reflection51b/clip_material_061.tres
PASS 51b asset remains unchanged after runtime res://assets/reflection51b/clip_material_062.tres
PASS 51b asset remains unchanged after runtime res://assets/reflection51b/clip_material_063.tres
PASS 51b asset remains unchanged after runtime res://assets/reflection51b/clip_material_064.tres
PASS 51b asset remains unchanged after runtime res://assets/reflection51b/clip_material_065.tres
PASS 51b asset remains unchanged after runtime res://assets/reflection51b/clip_material_066.tres
PASS 51b asset remains unchanged after runtime res://assets/reflection51b/clip_material_067.tres
PASS 51b asset remains unchanged after runtime res://assets/reflection51b/clip_material_068.tres
PASS 51b asset remains unchanged after runtime res://assets/reflection51b/clip_material_069.tres
PASS 51b asset remains unchanged after runtime res://assets/reflection51b/clip_material_070.tres
PASS 51b asset remains unchanged after runtime res://assets/reflection51b/clip_material_071.tres
PASS 51b asset remains unchanged after runtime res://assets/reflection51b/clip_material_072.tres
PASS 51b asset remains unchanged after runtime res://assets/reflection51b/clip_material_073.tres
PASS 51b asset remains unchanged after runtime res://assets/reflection51b/clip_material_074.tres
PASS 51b asset remains unchanged after runtime res://assets/reflection51b/clip_material_075.tres
PASS 51b asset remains unchanged after runtime res://assets/reflection51b/clip_material_076.tres
PASS 51b asset remains unchanged after runtime res://assets/reflection51b/clip_material_077.tres
PASS 51b asset remains unchanged after runtime res://assets/reflection51b/clip_material_078.tres
PASS 51b asset remains unchanged after runtime res://assets/reflection51b/clip_material_079.tres
PASS 51b asset remains unchanged after runtime res://assets/reflection51b/clip_material_080.tres
PASS 51b asset remains unchanged after runtime res://assets/reflection51b/clip_material_081.tres
PASS 51b asset remains unchanged after runtime res://assets/reflection51b/clip_material_082.tres
PASS 51b asset remains unchanged after runtime res://assets/reflection51b/clip_material_083.tres
PASS 51b asset remains unchanged after runtime res://assets/reflection51b/clip_material_084.tres
PASS 51b asset remains unchanged after runtime res://assets/reflection51b/clip_material_085.tres
PASS 51b asset remains unchanged after runtime res://assets/reflection51b/clip_material_086.tres
PASS 51b asset remains unchanged after runtime res://assets/reflection51b/clip_material_087.tres
PASS 51b asset remains unchanged after runtime res://assets/reflection51b/clip_material_088.tres
PASS 51b asset remains unchanged after runtime res://assets/reflection51b/clip_material_089.tres
PASS 51b asset remains unchanged after runtime res://assets/reflection51b/clip_material_090.tres
PASS 51b asset remains unchanged after runtime res://assets/reflection51b/clip_material_091.tres
PASS 51b asset remains unchanged after runtime res://assets/reflection51b/clip_material_092.tres
PASS 51b asset remains unchanged after runtime res://assets/reflection51b/clip_material_093.tres
PASS 51b asset remains unchanged after runtime res://assets/reflection51b/clip_material_094.tres
PASS 51b asset remains unchanged after runtime res://assets/reflection51b/clip_material_095.tres
PASS 51b asset remains unchanged after runtime res://assets/reflection51b/clip_material_096.tres
PASS 51b asset remains unchanged after runtime res://assets/reflection51b/clip_material_097.tres
PASS 51b asset remains unchanged after runtime res://assets/reflection51b/clip_material_098.tres
PASS 51b asset remains unchanged after runtime res://assets/reflection51b/clip_material_099.tres
PASS 51b asset remains unchanged after runtime res://assets/reflection51b/clip_material_100.tres
PASS 51b asset remains unchanged after runtime res://assets/reflection51b/clip_material_101.tres
PASS 51b asset remains unchanged after runtime res://assets/reflection51b/clip_shader_006.tres
PASS 51b asset remains unchanged after runtime res://assets/reflection51b/clip_material_102.tres
PASS 51b asset remains unchanged after runtime res://assets/reflection51b/clip_shader_007.tres
PASS 51b asset remains unchanged after runtime res://assets/reflection51b/clip_material_103.tres
PASS 51b asset remains unchanged after runtime res://assets/reflection51b/clip_shader_008.tres
PASS 51b asset remains unchanged after runtime res://assets/reflection51b/clip_material_104.tres
PASS 51b asset remains unchanged after runtime res://assets/reflection51b/clip_material_105.tres
PASS 51b asset remains unchanged after runtime res://assets/reflection51b/clip_material_106.tres
PASS 51b asset remains unchanged after runtime res://assets/reflection51b/clip_material_107.tres
PASS 51b asset remains unchanged after runtime res://assets/reflection51b/clip_material_108.tres
PASS 51b asset remains unchanged after runtime res://assets/reflection51b/clip_material_109.tres
PASS 51b asset remains unchanged after runtime res://assets/reflection51b/clip_material_110.tres
PASS 51b asset remains unchanged after runtime res://assets/reflection51b/clip_shader_009.tres
PASS 51b asset remains unchanged after runtime res://assets/reflection51b/clip_material_111.tres
PASS 51b asset remains unchanged after runtime res://assets/reflection51b/clip_shader_010.tres
PASS 51b asset remains unchanged after runtime res://assets/reflection51b/clip_material_112.tres
PASS 51b asset remains unchanged after runtime res://assets/reflection51b/clip_shader_011.tres
PASS 51b asset remains unchanged after runtime res://assets/reflection51b/clip_material_113.tres
PASS 51b asset remains unchanged after runtime res://assets/reflection51b/ocean_reflection_shader51b.tres
PASS 51b asset remains unchanged after runtime res://assets/reflection51b/ocean_reflection_material51b.tres
PASS 51 asset remains unchanged after runtime res://assets/reflection51/clip_shader_000.tres
PASS 51 asset remains unchanged after runtime res://assets/reflection51/clip_shader_001.tres
PASS 51 asset remains unchanged after runtime res://assets/reflection51/clip_shader_002.tres
PASS 51 asset remains unchanged after runtime res://assets/reflection51/clip_shader_003.tres
PASS 51 asset remains unchanged after runtime res://assets/reflection51/clip_shader_004.tres
PASS 51 asset remains unchanged after runtime res://assets/reflection51/clip_shader_005.tres
PASS 51 asset remains unchanged after runtime res://assets/reflection51/clip_shader_006.tres
PASS 51 asset remains unchanged after runtime res://assets/reflection51/clip_shader_007.tres
PASS 51 asset remains unchanged after runtime res://assets/reflection51/clip_shader_008.tres
PASS 51 asset remains unchanged after runtime res://assets/reflection51/clip_shader_009.tres
PASS 51 asset remains unchanged after runtime res://assets/reflection51/clip_shader_010.tres
PASS 51 asset remains unchanged after runtime res://assets/reflection51/clip_shader_011.tres
PASS 51 asset remains unchanged after runtime res://assets/reflection51/clip_material_000.tres
PASS 51 asset remains unchanged after runtime res://assets/reflection51/clip_material_001.tres
PASS 51 asset remains unchanged after runtime res://assets/reflection51/clip_material_002.tres
PASS 51 asset remains unchanged after runtime res://assets/reflection51/clip_material_003.tres
PASS 51 asset remains unchanged after runtime res://assets/reflection51/clip_material_004.tres
PASS 51 asset remains unchanged after runtime res://assets/reflection51/clip_material_005.tres
PASS 51 asset remains unchanged after runtime res://assets/reflection51/clip_material_006.tres
PASS 51 asset remains unchanged after runtime res://assets/reflection51/clip_material_007.tres
PASS 51 asset remains unchanged after runtime res://assets/reflection51/clip_material_008.tres
PASS 51 asset remains unchanged after runtime res://assets/reflection51/clip_material_009.tres
PASS 51 asset remains unchanged after runtime res://assets/reflection51/clip_material_010.tres
PASS 51 asset remains unchanged after runtime res://assets/reflection51/clip_material_011.tres
PASS 51 asset remains unchanged after runtime res://assets/reflection51/clip_material_012.tres
PASS 51 asset remains unchanged after runtime res://assets/reflection51/clip_material_013.tres
PASS 51 asset remains unchanged after runtime res://assets/reflection51/clip_material_014.tres
PASS 51 asset remains unchanged after runtime res://assets/reflection51/clip_material_015.tres
PASS 51 asset remains unchanged after runtime res://assets/reflection51/clip_material_016.tres
PASS 51 asset remains unchanged after runtime res://assets/reflection51/clip_material_017.tres
PASS 51 asset remains unchanged after runtime res://assets/reflection51/clip_material_018.tres
PASS 51 asset remains unchanged after runtime res://assets/reflection51/clip_material_019.tres
PASS 51 asset remains unchanged after runtime res://assets/reflection51/clip_material_020.tres
PASS 51 asset remains unchanged after runtime res://assets/reflection51/clip_material_021.tres
PASS 51 asset remains unchanged after runtime res://assets/reflection51/clip_material_022.tres
PASS 51 asset remains unchanged after runtime res://assets/reflection51/clip_material_023.tres
PASS 51 asset remains unchanged after runtime res://assets/reflection51/clip_material_024.tres
PASS 51 asset remains unchanged after runtime res://assets/reflection51/clip_material_025.tres
PASS 51 asset remains unchanged after runtime res://assets/reflection51/clip_material_026.tres
PASS 51 asset remains unchanged after runtime res://assets/reflection51/clip_material_027.tres
PASS 51 asset remains unchanged after runtime res://assets/reflection51/clip_material_028.tres
PASS 51 asset remains unchanged after runtime res://assets/reflection51/clip_material_029.tres
PASS 51 asset remains unchanged after runtime res://assets/reflection51/clip_material_030.tres
PASS 51 asset remains unchanged after runtime res://assets/reflection51/clip_material_031.tres
PASS 51 asset remains unchanged after runtime res://assets/reflection51/clip_material_032.tres
PASS 51 asset remains unchanged after runtime res://assets/reflection51/clip_material_033.tres
PASS 51 asset remains unchanged after runtime res://assets/reflection51/clip_material_034.tres
PASS 51 asset remains unchanged after runtime res://assets/reflection51/clip_material_035.tres
PASS 51 asset remains unchanged after runtime res://assets/reflection51/clip_material_036.tres
PASS 51 asset remains unchanged after runtime res://assets/reflection51/clip_material_037.tres
PASS 51 asset remains unchanged after runtime res://assets/reflection51/clip_material_038.tres
PASS 51 asset remains unchanged after runtime res://assets/reflection51/clip_material_039.tres
PASS 51 asset remains unchanged after runtime res://assets/reflection51/clip_material_040.tres
PASS 51 asset remains unchanged after runtime res://assets/reflection51/clip_material_041.tres
PASS 51 asset remains unchanged after runtime res://assets/reflection51/clip_material_042.tres
PASS 51 asset remains unchanged after runtime res://assets/reflection51/clip_material_043.tres
PASS 51 asset remains unchanged after runtime res://assets/reflection51/clip_material_044.tres
PASS 51 asset remains unchanged after runtime res://assets/reflection51/clip_material_045.tres
PASS 51 asset remains unchanged after runtime res://assets/reflection51/clip_material_046.tres
PASS 51 asset remains unchanged after runtime res://assets/reflection51/clip_material_047.tres
PASS 51 asset remains unchanged after runtime res://assets/reflection51/clip_material_048.tres
PASS 51 asset remains unchanged after runtime res://assets/reflection51/clip_material_049.tres
PASS 51 asset remains unchanged after runtime res://assets/reflection51/clip_material_050.tres
PASS 51 asset remains unchanged after runtime res://assets/reflection51/clip_material_051.tres
PASS 51 asset remains unchanged after runtime res://assets/reflection51/clip_material_052.tres
PASS 51 asset remains unchanged after runtime res://assets/reflection51/clip_material_053.tres
PASS 51 asset remains unchanged after runtime res://assets/reflection51/clip_material_054.tres
PASS 51 asset remains unchanged after runtime res://assets/reflection51/clip_material_055.tres
PASS 51 asset remains unchanged after runtime res://assets/reflection51/clip_material_056.tres
PASS 51 asset remains unchanged after runtime res://assets/reflection51/clip_material_057.tres
PASS 51 asset remains unchanged after runtime res://assets/reflection51/clip_material_058.tres
PASS 51 asset remains unchanged after runtime res://assets/reflection51/clip_material_059.tres
PASS 51 asset remains unchanged after runtime res://assets/reflection51/clip_material_060.tres
PASS 51 asset remains unchanged after runtime res://assets/reflection51/clip_material_061.tres
PASS 51 asset remains unchanged after runtime res://assets/reflection51/clip_material_062.tres
PASS 51 asset remains unchanged after runtime res://assets/reflection51/clip_material_063.tres
PASS 51 asset remains unchanged after runtime res://assets/reflection51/clip_material_064.tres
PASS 51 asset remains unchanged after runtime res://assets/reflection51/clip_material_065.tres
PASS 51 asset remains unchanged after runtime res://assets/reflection51/clip_material_066.tres
PASS 51 asset remains unchanged after runtime res://assets/reflection51/clip_material_067.tres
PASS 51 asset remains unchanged after runtime res://assets/reflection51/clip_material_068.tres
PASS 51 asset remains unchanged after runtime res://assets/reflection51/clip_material_069.tres
PASS 51 asset remains unchanged after runtime res://assets/reflection51/clip_material_070.tres
PASS 51 asset remains unchanged after runtime res://assets/reflection51/clip_material_071.tres
PASS 51 asset remains unchanged after runtime res://assets/reflection51/clip_material_072.tres
PASS 51 asset remains unchanged after runtime res://assets/reflection51/clip_material_073.tres
PASS 51 asset remains unchanged after runtime res://assets/reflection51/clip_material_074.tres
PASS 51 asset remains unchanged after runtime res://assets/reflection51/clip_material_075.tres
PASS 51 asset remains unchanged after runtime res://assets/reflection51/clip_material_076.tres
PASS 51 asset remains unchanged after runtime res://assets/reflection51/clip_material_077.tres
PASS 51 asset remains unchanged after runtime res://assets/reflection51/clip_material_078.tres
PASS 51 asset remains unchanged after runtime res://assets/reflection51/clip_material_079.tres
PASS 51 asset remains unchanged after runtime res://assets/reflection51/clip_material_080.tres
PASS 51 asset remains unchanged after runtime res://assets/reflection51/clip_material_081.tres
PASS 51 asset remains unchanged after runtime res://assets/reflection51/clip_material_082.tres
PASS 51 asset remains unchanged after runtime res://assets/reflection51/clip_material_083.tres
PASS 51 asset remains unchanged after runtime res://assets/reflection51/clip_material_084.tres
PASS 51 asset remains unchanged after runtime res://assets/reflection51/clip_material_085.tres
PASS 51 asset remains unchanged after runtime res://assets/reflection51/clip_material_086.tres
PASS 51 asset remains unchanged after runtime res://assets/reflection51/clip_material_087.tres
PASS 51 asset remains unchanged after runtime res://assets/reflection51/clip_material_088.tres
PASS 51 asset remains unchanged after runtime res://assets/reflection51/clip_material_089.tres
PASS 51 asset remains unchanged after runtime res://assets/reflection51/clip_material_090.tres
PASS 51 asset remains unchanged after runtime res://assets/reflection51/clip_material_091.tres
PASS 51 asset remains unchanged after runtime res://assets/reflection51/clip_material_092.tres
PASS 51 asset remains unchanged after runtime res://assets/reflection51/clip_material_093.tres
PASS 51 asset remains unchanged after runtime res://assets/reflection51/clip_material_094.tres
PASS 51 asset remains unchanged after runtime res://assets/reflection51/clip_material_095.tres
PASS 51 asset remains unchanged after runtime res://assets/reflection51/clip_material_096.tres
PASS 51 asset remains unchanged after runtime res://assets/reflection51/clip_material_097.tres
PASS 51 asset remains unchanged after runtime res://assets/reflection51/clip_material_098.tres
PASS 51 asset remains unchanged after runtime res://assets/reflection51/clip_material_099.tres
PASS 51 asset remains unchanged after runtime res://assets/reflection51/clip_material_100.tres
PASS 51 asset remains unchanged after runtime res://assets/reflection51/clip_material_101.tres
PASS 51 asset remains unchanged after runtime res://assets/reflection51/clip_material_102.tres
PASS 51 asset remains unchanged after runtime res://assets/reflection51/clip_material_103.tres
PASS 51 asset remains unchanged after runtime res://assets/reflection51/clip_material_104.tres
PASS 51 asset remains unchanged after runtime res://assets/reflection51/clip_material_105.tres
PASS 51 asset remains unchanged after runtime res://assets/reflection51/clip_material_106.tres
PASS 51 asset remains unchanged after runtime res://assets/reflection51/clip_material_107.tres
PASS 51 asset remains unchanged after runtime res://assets/reflection51/clip_material_108.tres
PASS 51 asset remains unchanged after runtime res://assets/reflection51/clip_material_109.tres
PASS 51 asset remains unchanged after runtime res://assets/reflection51/clip_material_110.tres
PASS 51 asset remains unchanged after runtime res://assets/reflection51/clip_material_111.tres
PASS 51 asset remains unchanged after runtime res://assets/reflection51/clip_material_112.tres
PASS 51 asset remains unchanged after runtime res://assets/reflection51/clip_material_113.tres
PASS 51 asset remains unchanged after runtime res://assets/reflection51/ocean_reflection_shader.tres
PASS 51 asset remains unchanged after runtime res://assets/reflection51/ocean_reflection_material.tres
REFLECTION51B VERIFIED scoped=false copied_baseline_zero_diff=false original_zero_diff=false clip_only_zero_diff=false required_motion=false total=false
